<?xml version="1.0" encoding="utf-8" ?>
<build_mac>
    <build_id>860100010110300001</build_id>
    <mac_range>
        <mac>
            <mac_min>C91A005F0064</mac_min>
            <mac_max>C91A005F006C</mac_max>
        </mac>
        <mac>
            <mac_min>C91A005F006E</mac_min>
            <mac_max>C91A005F0095</mac_max>
        </mac>
        <mac>
            <mac_min>C91A005F0320</mac_min>
            <mac_max>C91A005F0324</mac_max>
        </mac>
        <mac>
            <mac_min>C91A005F0326</mac_min>
            <mac_max>C91A005F0328</mac_max>
        </mac>
        <mac>
            <mac_min>C91A005F0331</mac_min>
            <mac_max>C91A005F0340</mac_max>
        </mac>
        <mac>
            <mac_min>C91A005F0344</mac_min>
            <mac_max>C91A005F0345</mac_max>
        </mac>
        <mac>
            <mac_min>C91A005F0347</mac_min>
            <mac_max>C91A005F0348</mac_max>
        </mac>
        <mac>
            <mac_min>C91A005F034A</mac_min>
            <mac_max>C91A005F034D</mac_max>
        </mac>
        <mac>
            <mac_min>C91A005F034F</mac_min>
            <mac_max>C91A005F0351</mac_max>
        </mac>
        <mac>
            <mac_min>C91A005F03B8</mac_min>
            <mac_max>C91A005F03C1</mac_max>
        </mac>
        <mac>
            <mac_min>C91A005F03C3</mac_min>
            <mac_max>C91A005F03C9</mac_max>
        </mac>
        <mac>
            <mac_min>C91A005F03CC</mac_min>
            <mac_max>C91A005F03D5</mac_max>
        </mac>
        <mac>
            <mac_min>C91A005F03D7</mac_min>
            <mac_max>C91A005F03D9</mac_max>
        </mac>
        <mac>
            <mac_min>C91A005F03DB</mac_min>
            <mac_max>C91A005F03DC</mac_max>
        </mac>
        <mac>
            <mac_min>C91A005F03DE</mac_min>
            <mac_max>C91A005F03E1</mac_max>
        </mac>
        <mac>
            <mac_min>C91A005F03E3</mac_min>
            <mac_max>C91A005F03E7</mac_max>
        </mac>
        <mac>
            <mac_min>C91A006B4CF4</mac_min>
            <mac_max>C91A006B4D25</mac_max>
        </mac>
        <mac>
            <mac_min>C91A006B4DBC</mac_min>
            <mac_max>C91A006B4DC5</mac_max>
        </mac>
        <mac>
            <mac_min>C91A006B4DC7</mac_min>
            <mac_max>C91A006B4DD5</mac_max>
        </mac>
        <mac>
            <mac_min>C91A006B4DD7</mac_min>
            <mac_max>C91A006B4DED</mac_max>
        </mac>
        <mac>
            <mac_min>C91A006D35E8</mac_min>
            <mac_max>C91A006D360E</mac_max>
        </mac>
        <mac>
            <mac_min>C91A006D3612</mac_min>
            <mac_max>C91A006D3619</mac_max>
        </mac>
        <mac>
            <mac_min>FDA5271A1273</mac_min>
            <mac_max>FDA5271A127B</mac_max>
        </mac>
        <mac>
            <mac_min>FDA5271A127D</mac_min>
            <mac_max>FDA5271A12A4</mac_max>
        </mac>
        <mac>
            <mac_min>FDA5271A1C1C</mac_min>
            <mac_max>FDA5271A1C20</mac_max>
        </mac>
        <mac>
            <mac_min>FDA5271A1C22</mac_min>
            <mac_max>FDA5271A1C24</mac_max>
        </mac>
        <mac>
            <mac_min>FDA5271A1C2D</mac_min>
            <mac_max>FDA5271A1C3C</mac_max>
        </mac>
        <mac>
            <mac_min>FDA5271A1C40</mac_min>
            <mac_max>FDA5271A1C41</mac_max>
        </mac>
        <mac>
            <mac_min>FDA5271A1C43</mac_min>
            <mac_max>FDA5271A1C44</mac_max>
        </mac>
        <mac>
            <mac_min>FDA5271A1C46</mac_min>
            <mac_max>FDA5271A1C49</mac_max>
        </mac>
        <mac>
            <mac_min>FDA5271A1C4B</mac_min>
            <mac_max>FDA5271A1C4D</mac_max>
        </mac>
        <mac>
            <mac_min>FDA5271A1CB4</mac_min>
            <mac_max>FDA5271A1CBD</mac_max>
        </mac>
        <mac>
            <mac_min>FDA5271A1CBF</mac_min>
            <mac_max>FDA5271A1CC5</mac_max>
        </mac>
        <mac>
            <mac_min>FDA5271A1CC8</mac_min>
            <mac_max>FDA5271A1CD1</mac_max>
        </mac>
        <mac>
            <mac_min>FDA5271A1CD3</mac_min>
            <mac_max>FDA5271A1CD5</mac_max>
        </mac>
        <mac>
            <mac_min>FDA5271A1CD7</mac_min>
            <mac_max>FDA5271A1CD8</mac_max>
        </mac>
        <mac>
            <mac_min>FDA5271A1CDA</mac_min>
            <mac_max>FDA5271A1CDD</mac_max>
        </mac>
        <mac>
            <mac_min>FDA5271A1CDF</mac_min>
            <mac_max>FDA5271A1CE3</mac_max>
        </mac>
        <mac>
            <mac_min>FDA527297900</mac_min>
            <mac_max>FDA527297916</mac_max>
        </mac>
        <mac>
            <mac_min>FDA527297918</mac_min>
            <mac_max>FDA527297926</mac_max>
        </mac>
        <mac>
            <mac_min>FDA527297928</mac_min>
            <mac_max>FDA527297931</mac_max>
        </mac>
        <mac>
            <mac_min>FDA5272979C8</mac_min>
            <mac_max>FDA5272979F9</mac_max>
        </mac>
        <mac>
            <mac_min>FDA5272AF6C2</mac_min>
            <mac_max>FDA5272AF6E8</mac_max>
        </mac>
        <mac>
            <mac_min>FDA5272AF6EC</mac_min>
            <mac_max>FDA5272AF6F3</mac_max>
        </mac>
    </mac_range>
    <mac_single>
        <mac>C91A005F032B</mac>
        <mac>C91A005F032D</mac>
        <mac>C91A005F032F</mac>
        <mac>C91A005F03B6</mac>
        <mac>C91A006D3610</mac>
        <mac>FDA5271A1C27</mac>
        <mac>FDA5271A1C29</mac>
        <mac>FDA5271A1C2B</mac>
        <mac>FDA5271A1CB2</mac>
        <mac>FDA5272AF6EA</mac>
    </mac_single>
    <mac_warn />
</build_mac>
