<?xml version="1.0" encoding="utf-8" ?>
<build_mac>
    <build_id>860100010030500022</build_id>
    <mac_range>
        <mac>
            <mac_min>C91A006D361A</mac_min>
            <mac_max>C91A006D361B</mac_max>
        </mac>
        <mac>
            <mac_min>C91A006D361D</mac_min>
            <mac_max>C91A006D3621</mac_max>
        </mac>
        <mac>
            <mac_min>C91A006D3629</mac_min>
            <mac_max>C91A006D362B</mac_max>
        </mac>
        <mac>
            <mac_min>C91A006D3639</mac_min>
            <mac_max>C91A006D363A</mac_max>
        </mac>
        <mac>
            <mac_min>C91A006D3641</mac_min>
            <mac_max>C91A006D3642</mac_max>
        </mac>
        <mac>
            <mac_min>C91A006D364A</mac_min>
            <mac_max>C91A006D364B</mac_max>
        </mac>
        <mac>
            <mac_min>C91A006F3DEA</mac_min>
            <mac_max>C91A006F3DED</mac_max>
        </mac>
        <mac>
            <mac_min>C91A006F3DF3</mac_min>
            <mac_max>C91A006F3DF4</mac_max>
        </mac>
        <mac>
            <mac_min>C91A006F3DFB</mac_min>
            <mac_max>C91A006F3DFD</mac_max>
        </mac>
        <mac>
            <mac_min>C91A006F3E07</mac_min>
            <mac_max>C91A006F3E08</mac_max>
        </mac>
        <mac>
            <mac_min>C91A006F3E0A</mac_min>
            <mac_max>C91A006F3E0B</mac_max>
        </mac>
        <mac>
            <mac_min>C91A006F3E0E</mac_min>
            <mac_max>C91A006F3E0F</mac_max>
        </mac>
        <mac>
            <mac_min>C91A006F3E19</mac_min>
            <mac_max>C91A006F3E1B</mac_max>
        </mac>
        <mac>
            <mac_min>FDA5272AF6F4</mac_min>
            <mac_max>FDA5272AF6F5</mac_max>
        </mac>
        <mac>
            <mac_min>FDA5272AF6F7</mac_min>
            <mac_max>FDA5272AF6FB</mac_max>
        </mac>
        <mac>
            <mac_min>FDA5272AF703</mac_min>
            <mac_max>FDA5272AF705</mac_max>
        </mac>
        <mac>
            <mac_min>FDA5272AF713</mac_min>
            <mac_max>FDA5272AF714</mac_max>
        </mac>
        <mac>
            <mac_min>FDA5272AF71B</mac_min>
            <mac_max>FDA5272AF71C</mac_max>
        </mac>
        <mac>
            <mac_min>FDA5272AF724</mac_min>
            <mac_max>FDA5272AF725</mac_max>
        </mac>
        <mac>
            <mac_min>FDA5272C6367</mac_min>
            <mac_max>FDA5272C636A</mac_max>
        </mac>
        <mac>
            <mac_min>FDA5272C6370</mac_min>
            <mac_max>FDA5272C6371</mac_max>
        </mac>
        <mac>
            <mac_min>FDA5272C6378</mac_min>
            <mac_max>FDA5272C637A</mac_max>
        </mac>
        <mac>
            <mac_min>FDA5272C6384</mac_min>
            <mac_max>FDA5272C6385</mac_max>
        </mac>
        <mac>
            <mac_min>FDA5272C6387</mac_min>
            <mac_max>FDA5272C6388</mac_max>
        </mac>
        <mac>
            <mac_min>FDA5272C638B</mac_min>
            <mac_max>FDA5272C638C</mac_max>
        </mac>
        <mac>
            <mac_min>FDA5272C6396</mac_min>
            <mac_max>FDA5272C6398</mac_max>
        </mac>
    </mac_range>
    <mac_single>
        <mac>C91A006D3627</mac>
        <mac>C91A006D362D</mac>
        <mac>C91A006D3631</mac>
        <mac>C91A006D3633</mac>
        <mac>C91A006D3635</mac>
        <mac>C91A006D3647</mac>
        <mac>C91A006F3DEF</mac>
        <mac>C91A006F3DF1</mac>
        <mac>C91A006F3DF8</mac>
        <mac>C91A006F3DFF</mac>
        <mac>C91A006F3E01</mac>
        <mac>C91A006F3E03</mac>
        <mac>C91A006F3E05</mac>
        <mac>C91A006F3E11</mac>
        <mac>C91A006F3E14</mac>
        <mac>C91A006F3E17</mac>
        <mac>FDA5272AF701</mac>
        <mac>FDA5272AF707</mac>
        <mac>FDA5272AF70B</mac>
        <mac>FDA5272AF70D</mac>
        <mac>FDA5272AF70F</mac>
        <mac>FDA5272AF721</mac>
        <mac>FDA5272C636C</mac>
        <mac>FDA5272C636E</mac>
        <mac>FDA5272C6375</mac>
        <mac>FDA5272C637C</mac>
        <mac>FDA5272C637E</mac>
        <mac>FDA5272C6380</mac>
        <mac>FDA5272C6382</mac>
        <mac>FDA5272C638E</mac>
        <mac>FDA5272C6391</mac>
        <mac>FDA5272C6394</mac>
    </mac_single>
    <mac_warn />
</build_mac>
