<?xml version="1.0" encoding="utf-8" ?>
<build_mac>
    <build_id>860100010030500015</build_id>
    <mac_range>
        <mac>
            <mac_min>C91A00736784</mac_min>
            <mac_max>C91A00736785</mac_max>
        </mac>
        <mac>
            <mac_min>C91A0073678C</mac_min>
            <mac_max>C91A0073678D</mac_max>
        </mac>
        <mac>
            <mac_min>C91A00736796</mac_min>
            <mac_max>C91A00736797</mac_max>
        </mac>
        <mac>
            <mac_min>C91A007367A4</mac_min>
            <mac_max>C91A007367A6</mac_max>
        </mac>
        <mac>
            <mac_min>C91A007367A8</mac_min>
            <mac_max>C91A007367A9</mac_max>
        </mac>
        <mac>
            <mac_min>C91A007367AB</mac_min>
            <mac_max>C91A007367AC</mac_max>
        </mac>
    </mac_range>
    <mac_single>
        <mac>C91A00736787</mac>
        <mac>C91A00736791</mac>
        <mac>C91A00736793</mac>
        <mac>C91A00736799</mac>
        <mac>C91A0073679B</mac>
        <mac>C91A0073679E</mac>
        <mac>C91A007367A0</mac>
    </mac_single>
    <mac_warn />
</build_mac>
