<?xml version="1.0" encoding="utf-8" ?>
<build_mac>
    <build_id>860100010020300013</build_id>
    <mac_range>
        <mac>
            <mac_min>C91A00590032</mac_min>
            <mac_max>C91A00590033</mac_max>
        </mac>
        <mac>
            <mac_min>C91A0059003A</mac_min>
            <mac_max>C91A0059003B</mac_max>
        </mac>
        <mac>
            <mac_min>C91A0059004B</mac_min>
            <mac_max>C91A0059004C</mac_max>
        </mac>
        <mac>
            <mac_min>C91A0059004E</mac_min>
            <mac_max>C91A0059004F</mac_max>
        </mac>
        <mac>
            <mac_min>C91A00590051</mac_min>
            <mac_max>C91A00590052</mac_max>
        </mac>
        <mac>
            <mac_min>C91A00590057</mac_min>
            <mac_max>C91A00590058</mac_max>
        </mac>
        <mac>
            <mac_min>C91A005900C8</mac_min>
            <mac_max>C91A005900DE</mac_max>
        </mac>
        <mac>
            <mac_min>C91A005900E0</mac_min>
            <mac_max>C91A005900FE</mac_max>
        </mac>
        <mac>
            <mac_min>C91A00590100</mac_min>
            <mac_max>C91A00590109</mac_max>
        </mac>
        <mac>
            <mac_min>C91A0059010B</mac_min>
            <mac_max>C91A00590115</mac_max>
        </mac>
        <mac>
            <mac_min>C91A00590117</mac_min>
            <mac_max>C91A0059012F</mac_max>
        </mac>
        <mac>
            <mac_min>C91A00590131</mac_min>
            <mac_max>C91A00590142</mac_max>
        </mac>
        <mac>
            <mac_min>C91A00590144</mac_min>
            <mac_max>C91A0059015D</mac_max>
        </mac>
        <mac>
            <mac_min>C91A005901F4</mac_min>
            <mac_max>C91A005901FC</mac_max>
        </mac>
        <mac>
            <mac_min>C91A00590201</mac_min>
            <mac_max>C91A00590202</mac_max>
        </mac>
        <mac>
            <mac_min>C91A00590205</mac_min>
            <mac_max>C91A00590207</mac_max>
        </mac>
        <mac>
            <mac_min>C91A0059020D</mac_min>
            <mac_max>C91A0059020E</mac_max>
        </mac>
        <mac>
            <mac_min>C91A00590216</mac_min>
            <mac_max>C91A0059021A</mac_max>
        </mac>
        <mac>
            <mac_min>C91A0059025D</mac_min>
            <mac_max>C91A0059025E</mac_max>
        </mac>
        <mac>
            <mac_min>C91A005A0098</mac_min>
            <mac_max>C91A005A00A3</mac_max>
        </mac>
        <mac>
            <mac_min>C91A005A00A5</mac_min>
            <mac_max>C91A005A00A8</mac_max>
        </mac>
        <mac>
            <mac_min>C91A005A00AA</mac_min>
            <mac_max>C91A005A00AC</mac_max>
        </mac>
        <mac>
            <mac_min>C91A005A00AE</mac_min>
            <mac_max>C91A005A00B4</mac_max>
        </mac>
        <mac>
            <mac_min>C91A005A00B6</mac_min>
            <mac_max>C91A005A00B7</mac_max>
        </mac>
        <mac>
            <mac_min>C91A005A00B9</mac_min>
            <mac_max>C91A005A00BF</mac_max>
        </mac>
        <mac>
            <mac_min>C91A005A00C1</mac_min>
            <mac_max>C91A005A00C7</mac_max>
        </mac>
        <mac>
            <mac_min>C91A005A015E</mac_min>
            <mac_max>C91A005A015F</mac_max>
        </mac>
        <mac>
            <mac_min>C91A005A0164</mac_min>
            <mac_max>C91A005A0166</mac_max>
        </mac>
        <mac>
            <mac_min>C91A005A0168</mac_min>
            <mac_max>C91A005A0169</mac_max>
        </mac>
        <mac>
            <mac_min>C91A005A016B</mac_min>
            <mac_max>C91A005A0172</mac_max>
        </mac>
        <mac>
            <mac_min>C91A005A0174</mac_min>
            <mac_max>C91A005A0177</mac_max>
        </mac>
        <mac>
            <mac_min>C91A005A0179</mac_min>
            <mac_max>C91A005A017A</mac_max>
        </mac>
        <mac>
            <mac_min>C91A005A0180</mac_min>
            <mac_max>C91A005A0181</mac_max>
        </mac>
        <mac>
            <mac_min>C91A005A0185</mac_min>
            <mac_max>C91A005A0186</mac_max>
        </mac>
        <mac>
            <mac_min>C91A005A0188</mac_min>
            <mac_max>C91A005A0189</mac_max>
        </mac>
        <mac>
            <mac_min>C91A005A018C</mac_min>
            <mac_max>C91A005A018D</mac_max>
        </mac>
        <mac>
            <mac_min>C91A00600744</mac_min>
            <mac_max>C91A00600745</mac_max>
        </mac>
        <mac>
            <mac_min>C91A006E4014</mac_min>
            <mac_max>C91A006E4015</mac_max>
        </mac>
        <mac>
            <mac_min>FDA52717F873</mac_min>
            <mac_max>FDA52717F874</mac_max>
        </mac>
        <mac>
            <mac_min>FDA52717F877</mac_min>
            <mac_max>FDA52717F878</mac_max>
        </mac>
        <mac>
            <mac_min>FDA52717F87A</mac_min>
            <mac_max>FDA52717F87B</mac_max>
        </mac>
        <mac>
            <mac_min>FDA52717F87F</mac_min>
            <mac_max>FDA52717F880</mac_max>
        </mac>
        <mac>
            <mac_min>FDA52717F886</mac_min>
            <mac_max>FDA52717F887</mac_max>
        </mac>
        <mac>
            <mac_min>FDA52717F889</mac_min>
            <mac_max>FDA52717F88C</mac_max>
        </mac>
        <mac>
            <mac_min>FDA52717F88E</mac_min>
            <mac_max>FDA52717F895</mac_max>
        </mac>
        <mac>
            <mac_min>FDA52717F897</mac_min>
            <mac_max>FDA52717F898</mac_max>
        </mac>
        <mac>
            <mac_min>FDA52717F89A</mac_min>
            <mac_max>FDA52717F89C</mac_max>
        </mac>
        <mac>
            <mac_min>FDA52717F8A1</mac_min>
            <mac_max>FDA52717F8A2</mac_max>
        </mac>
        <mac>
            <mac_min>FDA52717F93A</mac_min>
            <mac_max>FDA52717F940</mac_max>
        </mac>
        <mac>
            <mac_min>FDA52717F942</mac_min>
            <mac_max>FDA52717F948</mac_max>
        </mac>
        <mac>
            <mac_min>FDA52717F94A</mac_min>
            <mac_max>FDA52717F94B</mac_max>
        </mac>
        <mac>
            <mac_min>FDA52717F94D</mac_min>
            <mac_max>FDA52717F953</mac_max>
        </mac>
        <mac>
            <mac_min>FDA52717F955</mac_min>
            <mac_max>FDA52717F957</mac_max>
        </mac>
        <mac>
            <mac_min>FDA52717F959</mac_min>
            <mac_max>FDA52717F95C</mac_max>
        </mac>
        <mac>
            <mac_min>FDA52717F95E</mac_min>
            <mac_max>FDA52717F969</mac_max>
        </mac>
        <mac>
            <mac_min>FDA5271A2133</mac_min>
            <mac_max>FDA5271A2134</mac_max>
        </mac>
        <mac>
            <mac_min>FDA5272B6827</mac_min>
            <mac_max>FDA5272B6828</mac_max>
        </mac>
    </mac_range>
    <mac_single>
        <mac>C91A00590036</mac>
        <mac>C91A0059003F</mac>
        <mac>C91A00590041</mac>
        <mac>C91A00590046</mac>
        <mac>C91A00590048</mac>
        <mac>C91A00590055</mac>
        <mac>C91A0059005D</mac>
        <mac>C91A00590061</mac>
        <mac>C91A00590174</mac>
        <mac>C91A005901BD</mac>
        <mac>C91A005901FE</mac>
        <mac>C91A0059020B</mac>
        <mac>C91A00590214</mac>
        <mac>C91A0059021C</mac>
        <mac>C91A0059021E</mac>
        <mac>C91A00590221</mac>
        <mac>C91A00590224</mac>
        <mac>C91A00590260</mac>
        <mac>C91A00590263</mac>
        <mac>C91A0059026F</mac>
        <mac>C91A00590272</mac>
        <mac>C91A00590274</mac>
        <mac>C91A00590277</mac>
        <mac>C91A0059027D</mac>
        <mac>C91A00590280</mac>
        <mac>C91A00590282</mac>
        <mac>C91A0059031B</mac>
        <mac>C91A005A0075</mac>
        <mac>C91A005A007F</mac>
        <mac>C91A005A0096</mac>
        <mac>C91A005A017C</mac>
        <mac>C91A005A018F</mac>
        <mac>C91A005A01DA</mac>
        <mac>C91A005A035E</mac>
        <mac>C91A0060038B</mac>
        <mac>C91A006003A8</mac>
        <mac>C91A006003AE</mac>
        <mac>C91A0060073A</mac>
        <mac>C91A0060074B</mac>
        <mac>C91A00600752</mac>
        <mac>C91A0060075F</mac>
        <mac>C91A00600761</mac>
        <mac>C91A006E4019</mac>
        <mac>C91A006E401D</mac>
        <mac>C91A006E4025</mac>
        <mac>C91A006E402C</mac>
        <mac>C91A006E4030</mac>
        <mac>C91A006E4032</mac>
        <mac>C91A006E403C</mac>
        <mac>C91A006F3ED4</mac>
        <mac>FDA52717D2F1</mac>
        <mac>FDA52717F826</mac>
        <mac>FDA52717F871</mac>
        <mac>FDA52717F884</mac>
        <mac>FDA52717F96B</mac>
        <mac>FDA52717F982</mac>
        <mac>FDA52717F98C</mac>
        <mac>FDA5271A11CC</mac>
        <mac>FDA5271A11E9</mac>
        <mac>FDA5271A11EF</mac>
        <mac>FDA5271A2129</mac>
        <mac>FDA5271A213A</mac>
        <mac>FDA5271A2141</mac>
        <mac>FDA5271A214E</mac>
        <mac>FDA5271A2150</mac>
        <mac>FDA5272B682C</mac>
        <mac>FDA5272B6830</mac>
        <mac>FDA5272B6838</mac>
        <mac>FDA5272B683F</mac>
        <mac>FDA5272B6843</mac>
        <mac>FDA5272B6845</mac>
        <mac>FDA5272B684F</mac>
        <mac>FDA5272C6452</mac>
    </mac_single>
    <mac_warn />
</build_mac>
