<?xml version="1.0" encoding="utf-8" ?>
<build_mac>
    <build_id>860100010030300006</build_id>
    <mac_range>
        <mac>
            <mac_min>C91A003E0000</mac_min>
            <mac_max>C91A003E0060</mac_max>
        </mac>
        <mac>
            <mac_min>C91A003E0062</mac_min>
            <mac_max>C91A003E0095</mac_max>
        </mac>
        <mac>
            <mac_min>C91A003E01C2</mac_min>
            <mac_max>C91A003E01C3</mac_max>
        </mac>
        <mac>
            <mac_min>C91A003E01C8</mac_min>
            <mac_max>C91A003E01CB</mac_max>
        </mac>
        <mac>
            <mac_min>C91A003E01D5</mac_min>
            <mac_max>C91A003E01D8</mac_max>
        </mac>
        <mac>
            <mac_min>C91A003E01E0</mac_min>
            <mac_max>C91A003E01E1</mac_max>
        </mac>
        <mac>
            <mac_min>C91A003E01EF</mac_min>
            <mac_max>C91A003E01F3</mac_max>
        </mac>
        <mac>
            <mac_min>C91A003E0258</mac_min>
            <mac_max>C91A003E025D</mac_max>
        </mac>
        <mac>
            <mac_min>C91A003E025F</mac_min>
            <mac_max>C91A003E0261</mac_max>
        </mac>
        <mac>
            <mac_min>C91A003E0263</mac_min>
            <mac_max>C91A003E0268</mac_max>
        </mac>
        <mac>
            <mac_min>C91A003E026B</mac_min>
            <mac_max>C91A003E0272</mac_max>
        </mac>
        <mac>
            <mac_min>C91A003E0275</mac_min>
            <mac_max>C91A003E027C</mac_max>
        </mac>
        <mac>
            <mac_min>C91A003E0280</mac_min>
            <mac_max>C91A003E0285</mac_max>
        </mac>
        <mac>
            <mac_min>C91A003E0287</mac_min>
            <mac_max>C91A003E0289</mac_max>
        </mac>
        <mac>
            <mac_min>C91A003E02BC</mac_min>
            <mac_max>C91A003E02EC</mac_max>
        </mac>
        <mac>
            <mac_min>C91A003E0384</mac_min>
            <mac_max>C91A003E0385</mac_max>
        </mac>
        <mac>
            <mac_min>C91A003E038A</mac_min>
            <mac_max>C91A003E038D</mac_max>
        </mac>
        <mac>
            <mac_min>C91A003E038F</mac_min>
            <mac_max>C91A003E0393</mac_max>
        </mac>
        <mac>
            <mac_min>C91A003E039B</mac_min>
            <mac_max>C91A003E039D</mac_max>
        </mac>
        <mac>
            <mac_min>C91A003E03A3</mac_min>
            <mac_max>C91A003E03A5</mac_max>
        </mac>
        <mac>
            <mac_min>C91A003E03AA</mac_min>
            <mac_max>C91A003E03AF</mac_max>
        </mac>
    </mac_range>
    <mac_single>
        <mac>C91A003E01B4</mac>
        <mac>C91A003E01C6</mac>
        <mac>C91A003E01D1</mac>
        <mac>C91A003E01DE</mac>
        <mac>C91A003E01E5</mac>
        <mac>C91A003E01E8</mac>
        <mac>C91A003E01EA</mac>
        <mac>C91A003E027E</mac>
        <mac>C91A003E0397</mac>
        <mac>C91A003E039F</mac>
        <mac>C91A003E03B1</mac>
        <mac>C91A003E03B3</mac>
        <mac>C91A003E03B5</mac>
    </mac_single>
    <mac_warn />
</build_mac>
