<?xml version="1.0" encoding="utf-8" ?>
<build_mac>
    <build_id>860100010080300003</build_id>
    <mac_range>
        <mac>
            <mac_min>C91A006D4A38</mac_min>
            <mac_max>C91A006D4A56</mac_max>
        </mac>
        <mac>
            <mac_min>C91A006D4A58</mac_min>
            <mac_max>C91A006D4AAB</mac_max>
        </mac>
        <mac>
            <mac_min>C91A006D4AAD</mac_min>
            <mac_max>C91A006D4AC0</mac_max>
        </mac>
        <mac>
            <mac_min>C91A006D4AC2</mac_min>
            <mac_max>C91A006D4B9A</mac_max>
        </mac>
        <mac>
            <mac_min>C91A006D4B9C</mac_min>
            <mac_max>C91A006D4BAD</mac_max>
        </mac>
        <mac>
            <mac_min>C91A006D4BAF</mac_min>
            <mac_max>C91A006D4BD5</mac_max>
        </mac>
        <mac>
            <mac_min>C91A006D4BD7</mac_min>
            <mac_max>C91A006D4BF9</mac_max>
        </mac>
        <mac>
            <mac_min>C91A006D4BFB</mac_min>
            <mac_max>C91A006D4BFD</mac_max>
        </mac>
        <mac>
            <mac_min>C91A006D4C00</mac_min>
            <mac_max>C91A006D4C03</mac_max>
        </mac>
        <mac>
            <mac_min>C91A006D4C09</mac_min>
            <mac_max>C91A006D4C17</mac_max>
        </mac>
        <mac>
            <mac_min>C91A006D4C19</mac_min>
            <mac_max>C91A006D4C1B</mac_max>
        </mac>
        <mac>
            <mac_min>C91A006D4C1D</mac_min>
            <mac_max>C91A006D4C26</mac_max>
        </mac>
        <mac>
            <mac_min>C91A006D4C29</mac_min>
            <mac_max>C91A006D4C2B</mac_max>
        </mac>
        <mac>
            <mac_min>C91A006E429A</mac_min>
            <mac_max>C91A006E429F</mac_max>
        </mac>
        <mac>
            <mac_min>C91A006E42A1</mac_min>
            <mac_max>C91A006E42A3</mac_max>
        </mac>
        <mac>
            <mac_min>C91A006E42A5</mac_min>
            <mac_max>C91A006E42BB</mac_max>
        </mac>
        <mac>
            <mac_min>C91A006E42BD</mac_min>
            <mac_max>C91A006E42F5</mac_max>
        </mac>
        <mac>
            <mac_min>C91A006E42F7</mac_min>
            <mac_max>C91A006E42FB</mac_max>
        </mac>
        <mac>
            <mac_min>C91A006E42FD</mac_min>
            <mac_max>C91A006E4301</mac_max>
        </mac>
        <mac>
            <mac_min>C91A006E4303</mac_min>
            <mac_max>C91A006E4335</mac_max>
        </mac>
        <mac>
            <mac_min>C91A006E4337</mac_min>
            <mac_max>C91A006E434F</mac_max>
        </mac>
        <mac>
            <mac_min>C91A006E4351</mac_min>
            <mac_max>C91A006E439C</mac_max>
        </mac>
        <mac>
            <mac_min>C91A006E439E</mac_min>
            <mac_max>C91A006E43A2</mac_max>
        </mac>
        <mac>
            <mac_min>C91A006E43A4</mac_min>
            <mac_max>C91A006E43AE</mac_max>
        </mac>
        <mac>
            <mac_min>C91A006E43B0</mac_min>
            <mac_max>C91A006E43F7</mac_max>
        </mac>
        <mac>
            <mac_min>C91A006E4403</mac_min>
            <mac_max>C91A006E4408</mac_max>
        </mac>
        <mac>
            <mac_min>C91A006E440D</mac_min>
            <mac_max>C91A006E440F</mac_max>
        </mac>
        <mac>
            <mac_min>C91A006E4414</mac_min>
            <mac_max>C91A006E4417</mac_max>
        </mac>
        <mac>
            <mac_min>C91A006E441B</mac_min>
            <mac_max>C91A006E441F</mac_max>
        </mac>
        <mac>
            <mac_min>C91A006E4429</mac_min>
            <mac_max>C91A006E4438</mac_max>
        </mac>
        <mac>
            <mac_min>C91A006E443A</mac_min>
            <mac_max>C91A006E445B</mac_max>
        </mac>
        <mac>
            <mac_min>FDA5272B0D06</mac_min>
            <mac_max>FDA5272B0D24</mac_max>
        </mac>
        <mac>
            <mac_min>FDA5272B0D26</mac_min>
            <mac_max>FDA5272B0D79</mac_max>
        </mac>
        <mac>
            <mac_min>FDA5272B0D7B</mac_min>
            <mac_max>FDA5272B0D8E</mac_max>
        </mac>
        <mac>
            <mac_min>FDA5272B0D90</mac_min>
            <mac_max>FDA5272B0E68</mac_max>
        </mac>
        <mac>
            <mac_min>FDA5272B0E6A</mac_min>
            <mac_max>FDA5272B0E7B</mac_max>
        </mac>
        <mac>
            <mac_min>FDA5272B0E7D</mac_min>
            <mac_max>FDA5272B0EA3</mac_max>
        </mac>
        <mac>
            <mac_min>FDA5272B0EA5</mac_min>
            <mac_max>FDA5272B0EC7</mac_max>
        </mac>
        <mac>
            <mac_min>FDA5272B0EC9</mac_min>
            <mac_max>FDA5272B0ECB</mac_max>
        </mac>
        <mac>
            <mac_min>FDA5272B0ECE</mac_min>
            <mac_max>FDA5272B0ED1</mac_max>
        </mac>
        <mac>
            <mac_min>FDA5272B0ED7</mac_min>
            <mac_max>FDA5272B0EE5</mac_max>
        </mac>
        <mac>
            <mac_min>FDA5272B0EE7</mac_min>
            <mac_max>FDA5272B0EE9</mac_max>
        </mac>
        <mac>
            <mac_min>FDA5272B0EEB</mac_min>
            <mac_max>FDA5272B0EF4</mac_max>
        </mac>
        <mac>
            <mac_min>FDA5272B0EF7</mac_min>
            <mac_max>FDA5272B0EF9</mac_max>
        </mac>
        <mac>
            <mac_min>FDA5272B6AB5</mac_min>
            <mac_max>FDA5272B6ABA</mac_max>
        </mac>
        <mac>
            <mac_min>FDA5272B6ABC</mac_min>
            <mac_max>FDA5272B6ABE</mac_max>
        </mac>
        <mac>
            <mac_min>FDA5272B6AC0</mac_min>
            <mac_max>FDA5272B6AD6</mac_max>
        </mac>
        <mac>
            <mac_min>FDA5272B6AD8</mac_min>
            <mac_max>FDA5272B6B10</mac_max>
        </mac>
        <mac>
            <mac_min>FDA5272B6B12</mac_min>
            <mac_max>FDA5272B6B16</mac_max>
        </mac>
        <mac>
            <mac_min>FDA5272B6B18</mac_min>
            <mac_max>FDA5272B6B1C</mac_max>
        </mac>
        <mac>
            <mac_min>FDA5272B6B1E</mac_min>
            <mac_max>FDA5272B6B50</mac_max>
        </mac>
        <mac>
            <mac_min>FDA5272B6B52</mac_min>
            <mac_max>FDA5272B6B6A</mac_max>
        </mac>
        <mac>
            <mac_min>FDA5272B6B6C</mac_min>
            <mac_max>FDA5272B6BB7</mac_max>
        </mac>
        <mac>
            <mac_min>FDA5272B6BB9</mac_min>
            <mac_max>FDA5272B6BBD</mac_max>
        </mac>
        <mac>
            <mac_min>FDA5272B6BBF</mac_min>
            <mac_max>FDA5272B6BC9</mac_max>
        </mac>
        <mac>
            <mac_min>FDA5272B6BCB</mac_min>
            <mac_max>FDA5272B6C12</mac_max>
        </mac>
        <mac>
            <mac_min>FDA5272B6C1E</mac_min>
            <mac_max>FDA5272B6C23</mac_max>
        </mac>
        <mac>
            <mac_min>FDA5272B6C28</mac_min>
            <mac_max>FDA5272B6C2A</mac_max>
        </mac>
        <mac>
            <mac_min>FDA5272B6C2F</mac_min>
            <mac_max>FDA5272B6C32</mac_max>
        </mac>
        <mac>
            <mac_min>FDA5272B6C36</mac_min>
            <mac_max>FDA5272B6C3A</mac_max>
        </mac>
        <mac>
            <mac_min>FDA5272B6C44</mac_min>
            <mac_max>FDA5272B6C53</mac_max>
        </mac>
        <mac>
            <mac_min>FDA5272B6C55</mac_min>
            <mac_max>FDA5272B6C76</mac_max>
        </mac>
    </mac_range>
    <mac_single>
        <mac>C91A006D4C05</mac>
        <mac>C91A006D4C07</mac>
        <mac>C91A006E43FB</mac>
        <mac>C91A006E43FD</mac>
        <mac>C91A006E4401</mac>
        <mac>C91A006E440B</mac>
        <mac>C91A006E4412</mac>
        <mac>C91A006E4421</mac>
        <mac>C91A006E4423</mac>
        <mac>C91A006E4425</mac>
        <mac>FDA5272B0ED3</mac>
        <mac>FDA5272B0ED5</mac>
        <mac>FDA5272B6C16</mac>
        <mac>FDA5272B6C18</mac>
        <mac>FDA5272B6C1C</mac>
        <mac>FDA5272B6C26</mac>
        <mac>FDA5272B6C2D</mac>
        <mac>FDA5272B6C3C</mac>
        <mac>FDA5272B6C3E</mac>
        <mac>FDA5272B6C40</mac>
    </mac_single>
    <mac_warn />
</build_mac>
