<?xml version="1.0" encoding="utf-8" ?>
<build_mac>
    <build_id>860100010040300056</build_id>
    <mac_range>
        <mac>
            <mac_min>C91A006E5DC0</mac_min>
            <mac_max>C91A006E5DD9</mac_max>
        </mac>
        <mac>
            <mac_min>C91A006E5DDB</mac_min>
            <mac_max>C91A006E5DDC</mac_max>
        </mac>
        <mac>
            <mac_min>C91A006E5DE1</mac_min>
            <mac_max>C91A006E5E23</mac_max>
        </mac>
        <mac>
            <mac_min>C91A006E5E88</mac_min>
            <mac_max>C91A006E5EB6</mac_max>
        </mac>
        <mac>
            <mac_min>C91A006E5F50</mac_min>
            <mac_max>C91A006E5F72</mac_max>
        </mac>
        <mac>
            <mac_min>C91A006E5F82</mac_min>
            <mac_max>C91A006E5FB1</mac_max>
        </mac>
        <mac>
            <mac_min>C91A006F3E80</mac_min>
            <mac_max>C91A006F3EB1</mac_max>
        </mac>
        <mac>
            <mac_min>C91A006F3F16</mac_min>
            <mac_max>C91A006F3F47</mac_max>
        </mac>
        <mac>
            <mac_min>C91A00726F54</mac_min>
            <mac_max>C91A00726F7F</mac_max>
        </mac>
        <mac>
            <mac_min>C91A00726F81</mac_min>
            <mac_max>C91A00726F85</mac_max>
        </mac>
        <mac>
            <mac_min>C91A00727080</mac_min>
            <mac_max>C91A00727147</mac_max>
        </mac>
        <mac>
            <mac_min>FDA5272B8646</mac_min>
            <mac_max>FDA5272B865F</mac_max>
        </mac>
        <mac>
            <mac_min>FDA5272B8661</mac_min>
            <mac_max>FDA5272B8662</mac_max>
        </mac>
        <mac>
            <mac_min>FDA5272B8667</mac_min>
            <mac_max>FDA5272B86A9</mac_max>
        </mac>
        <mac>
            <mac_min>FDA5272B870E</mac_min>
            <mac_max>FDA5272B873C</mac_max>
        </mac>
        <mac>
            <mac_min>FDA5272B87D6</mac_min>
            <mac_max>FDA5272B87F8</mac_max>
        </mac>
        <mac>
            <mac_min>FDA5272B8808</mac_min>
            <mac_max>FDA5272B8837</mac_max>
        </mac>
        <mac>
            <mac_min>FDA5272C63FE</mac_min>
            <mac_max>FDA5272C642F</mac_max>
        </mac>
        <mac>
            <mac_min>FDA5272C6494</mac_min>
            <mac_max>FDA5272C64C5</mac_max>
        </mac>
        <mac>
            <mac_min>FDA52730BFD0</mac_min>
            <mac_max>FDA52730BFFB</mac_max>
        </mac>
        <mac>
            <mac_min>FDA52730BFFD</mac_min>
            <mac_max>FDA52730C001</mac_max>
        </mac>
        <mac>
            <mac_min>FDA52730C0FC</mac_min>
            <mac_max>FDA52730C1C3</mac_max>
        </mac>
    </mac_range>
    <mac_single>
        <mac>C91A00725040</mac>
        <mac>C91A00725DDA</mac>
        <mac>FDA5272FEE5C</mac>
        <mac>FDA5272FFBF6</mac>
    </mac_single>
    <mac_warn />
</build_mac>
