<?xml version="1.0" encoding="utf-8" ?>
<build_mac>
    <build_id>860100010030100001</build_id>
    <mac_range>
        <mac>
            <mac_min>C91A005A02EE</mac_min>
            <mac_max>C91A005A02F1</mac_max>
        </mac>
        <mac>
            <mac_min>C91A005A0303</mac_min>
            <mac_max>C91A005A0304</mac_max>
        </mac>
        <mac>
            <mac_min>C91A005A030A</mac_min>
            <mac_max>C91A005A030B</mac_max>
        </mac>
        <mac>
            <mac_min>C91A005B0002</mac_min>
            <mac_max>C91A005B0004</mac_max>
        </mac>
        <mac>
            <mac_min>C91A005B0006</mac_min>
            <mac_max>C91A005B000A</mac_max>
        </mac>
        <mac>
            <mac_min>C91A005B000C</mac_min>
            <mac_max>C91A005B0010</mac_max>
        </mac>
        <mac>
            <mac_min>C91A005B0013</mac_min>
            <mac_max>C91A005B0014</mac_max>
        </mac>
        <mac>
            <mac_min>C91A005B0018</mac_min>
            <mac_max>C91A005B0019</mac_max>
        </mac>
        <mac>
            <mac_min>C91A005B001B</mac_min>
            <mac_max>C91A005B0020</mac_max>
        </mac>
        <mac>
            <mac_min>C91A005B0022</mac_min>
            <mac_max>C91A005B0026</mac_max>
        </mac>
        <mac>
            <mac_min>C91A005B0028</mac_min>
            <mac_max>C91A005B0031</mac_max>
        </mac>
        <mac>
            <mac_min>C91A005B02CB</mac_min>
            <mac_max>C91A005B02CC</mac_max>
        </mac>
        <mac>
            <mac_min>C91A005B02D2</mac_min>
            <mac_max>C91A005B02D5</mac_max>
        </mac>
        <mac>
            <mac_min>C91A005B02E1</mac_min>
            <mac_max>C91A005B02E2</mac_max>
        </mac>
        <mac>
            <mac_min>C91A005B02E7</mac_min>
            <mac_max>C91A005B02E8</mac_max>
        </mac>
        <mac>
            <mac_min>C91A005B033C</mac_min>
            <mac_max>C91A005B033D</mac_max>
        </mac>
        <mac>
            <mac_min>C91A005B034E</mac_min>
            <mac_max>C91A005B0351</mac_max>
        </mac>
        <mac>
            <mac_min>FDA52717D344</mac_min>
            <mac_max>FDA52717D345</mac_max>
        </mac>
        <mac>
            <mac_min>FDA52717D34B</mac_min>
            <mac_max>FDA52717D34C</mac_max>
        </mac>
        <mac>
            <mac_min>FDA52717D35E</mac_min>
            <mac_max>FDA52717D361</mac_max>
        </mac>
        <mac>
            <mac_min>FDA52717F1D6</mac_min>
            <mac_max>FDA52717F1D8</mac_max>
        </mac>
        <mac>
            <mac_min>FDA52717F1DA</mac_min>
            <mac_max>FDA52717F1DE</mac_max>
        </mac>
        <mac>
            <mac_min>FDA52717F1E0</mac_min>
            <mac_max>FDA52717F1E4</mac_max>
        </mac>
        <mac>
            <mac_min>FDA52717F1E7</mac_min>
            <mac_max>FDA52717F1E8</mac_max>
        </mac>
        <mac>
            <mac_min>FDA52717F1EC</mac_min>
            <mac_max>FDA52717F1ED</mac_max>
        </mac>
        <mac>
            <mac_min>FDA52717F1EF</mac_min>
            <mac_max>FDA52717F1F4</mac_max>
        </mac>
        <mac>
            <mac_min>FDA52717F1F6</mac_min>
            <mac_max>FDA52717F1FA</mac_max>
        </mac>
        <mac>
            <mac_min>FDA52717F1FC</mac_min>
            <mac_max>FDA52717F205</mac_max>
        </mac>
        <mac>
            <mac_min>FDA5271804D3</mac_min>
            <mac_max>FDA5271804D4</mac_max>
        </mac>
        <mac>
            <mac_min>FDA5271804DA</mac_min>
            <mac_max>FDA5271804DD</mac_max>
        </mac>
        <mac>
            <mac_min>FDA5271804E9</mac_min>
            <mac_max>FDA5271804EA</mac_max>
        </mac>
        <mac>
            <mac_min>FDA5271804EF</mac_min>
            <mac_max>FDA5271804F0</mac_max>
        </mac>
        <mac>
            <mac_min>FDA527180544</mac_min>
            <mac_max>FDA527180545</mac_max>
        </mac>
        <mac>
            <mac_min>FDA527180556</mac_min>
            <mac_max>FDA527180559</mac_max>
        </mac>
    </mac_range>
    <mac_single>
        <mac>C91A005A02F7</mac>
        <mac>C91A005A02FA</mac>
        <mac>C91A005A02FC</mac>
        <mac>C91A005A02FF</mac>
        <mac>C91A005A0301</mac>
        <mac>C91A005A0308</mac>
        <mac>C91A005A0311</mac>
        <mac>C91A005A0319</mac>
        <mac>C91A005A031B</mac>
        <mac>C91A005B0000</mac>
        <mac>C91A005B0016</mac>
        <mac>C91A005B01FA</mac>
        <mac>C91A005B0207</mac>
        <mac>C91A005B020F</mac>
        <mac>C91A005B0212</mac>
        <mac>C91A005B0215</mac>
        <mac>C91A005B021A</mac>
        <mac>C91A005B021F</mac>
        <mac>C91A005B02C0</mac>
        <mac>C91A005B02C2</mac>
        <mac>C91A005B02C6</mac>
        <mac>C91A005B02D9</mac>
        <mac>C91A005B02DE</mac>
        <mac>C91A005B02E5</mac>
        <mac>C91A005B02EC</mac>
        <mac>C91A005B0322</mac>
        <mac>C91A005B0329</mac>
        <mac>C91A005B032D</mac>
        <mac>C91A005B032F</mac>
        <mac>C91A005B0334</mac>
        <mac>C91A005B0337</mac>
        <mac>C91A005B0342</mac>
        <mac>C91A005B0346</mac>
        <mac>C91A005B0348</mac>
        <mac>C91A005D0085</mac>
        <mac>FDA52717D334</mac>
        <mac>FDA52717D336</mac>
        <mac>FDA52717D33E</mac>
        <mac>FDA52717D347</mac>
        <mac>FDA52717D34E</mac>
        <mac>FDA52717D350</mac>
        <mac>FDA52717D353</mac>
        <mac>FDA52717D355</mac>
        <mac>FDA52717D358</mac>
        <mac>FDA52717F1D3</mac>
        <mac>FDA52717F1EA</mac>
        <mac>FDA527180402</mac>
        <mac>FDA52718040F</mac>
        <mac>FDA527180417</mac>
        <mac>FDA52718041A</mac>
        <mac>FDA52718041D</mac>
        <mac>FDA527180422</mac>
        <mac>FDA527180427</mac>
        <mac>FDA5271804C8</mac>
        <mac>FDA5271804CA</mac>
        <mac>FDA5271804CE</mac>
        <mac>FDA5271804E1</mac>
        <mac>FDA5271804E6</mac>
        <mac>FDA5271804ED</mac>
        <mac>FDA5271804F4</mac>
        <mac>FDA52718052A</mac>
        <mac>FDA527180531</mac>
        <mac>FDA527180535</mac>
        <mac>FDA527180537</mac>
        <mac>FDA52718053C</mac>
        <mac>FDA52718053F</mac>
        <mac>FDA52718054A</mac>
        <mac>FDA52718054E</mac>
        <mac>FDA527180550</mac>
        <mac>FDA52719D703</mac>
    </mac_single>
    <mac_warn />
</build_mac>
