<?xml version="1.0" encoding="utf-8" ?>
<build_mac>
    <build_id>860100010030300127</build_id>
    <mac_range>
        <mac>
            <mac_min>C91A0061012C</mac_min>
            <mac_max>C91A00610135</mac_max>
        </mac>
        <mac>
            <mac_min>C91A00610137</mac_min>
            <mac_max>C91A0061014D</mac_max>
        </mac>
        <mac>
            <mac_min>C91A00610150</mac_min>
            <mac_max>C91A0061015D</mac_max>
        </mac>
        <mac>
            <mac_min>C91A0061076D</mac_min>
            <mac_max>C91A00610789</mac_max>
        </mac>
        <mac>
            <mac_min>C91A0061078B</mac_min>
            <mac_max>C91A0061079D</mac_max>
        </mac>
        <mac>
            <mac_min>C91A0061081E</mac_min>
            <mac_max>C91A0061081F</mac_max>
        </mac>
        <mac>
            <mac_min>C91A00610821</mac_min>
            <mac_max>C91A00610822</mac_max>
        </mac>
        <mac>
            <mac_min>C91A00610825</mac_min>
            <mac_max>C91A00610826</mac_max>
        </mac>
        <mac>
            <mac_min>C91A0061082F</mac_min>
            <mac_max>C91A00610830</mac_max>
        </mac>
        <mac>
            <mac_min>C91A006108E9</mac_min>
            <mac_max>C91A006108EA</mac_max>
        </mac>
        <mac>
            <mac_min>C91A006108EE</mac_min>
            <mac_max>C91A006108EF</mac_max>
        </mac>
        <mac>
            <mac_min>C91A00610A28</mac_min>
            <mac_max>C91A00610A29</mac_max>
        </mac>
        <mac>
            <mac_min>C91A00610A2C</mac_min>
            <mac_max>C91A00610A2D</mac_max>
        </mac>
        <mac>
            <mac_min>C91A00610A39</mac_min>
            <mac_max>C91A00610A3A</mac_max>
        </mac>
        <mac>
            <mac_min>C91A00610A44</mac_min>
            <mac_max>C91A00610A46</mac_max>
        </mac>
        <mac>
            <mac_min>C91A00610A49</mac_min>
            <mac_max>C91A00610A4A</mac_max>
        </mac>
        <mac>
            <mac_min>C91A00610A4C</mac_min>
            <mac_max>C91A00610A4D</mac_max>
        </mac>
        <mac>
            <mac_min>C91A00610A4F</mac_min>
            <mac_max>C91A00610A50</mac_max>
        </mac>
        <mac>
            <mac_min>C91A0061154A</mac_min>
            <mac_max>C91A0061157B</mac_max>
        </mac>
        <mac>
            <mac_min>C91A006118CE</mac_min>
            <mac_max>C91A006118D3</mac_max>
        </mac>
        <mac>
            <mac_min>C91A006118DA</mac_min>
            <mac_max>C91A006118DD</mac_max>
        </mac>
        <mac>
            <mac_min>C91A006118DF</mac_min>
            <mac_max>C91A006118E5</mac_max>
        </mac>
        <mac>
            <mac_min>C91A006118E8</mac_min>
            <mac_max>C91A006118F4</mac_max>
        </mac>
        <mac>
            <mac_min>C91A006118F6</mac_min>
            <mac_max>C91A006118FB</mac_max>
        </mac>
        <mac>
            <mac_min>C91A006119BE</mac_min>
            <mac_max>C91A006119BF</mac_max>
        </mac>
        <mac>
            <mac_min>FDA527229740</mac_min>
            <mac_max>FDA527229741</mac_max>
        </mac>
        <mac>
            <mac_min>FDA527229805</mac_min>
            <mac_max>FDA52722980A</mac_max>
        </mac>
        <mac>
            <mac_min>FDA52722980C</mac_min>
            <mac_max>FDA527229818</mac_max>
        </mac>
        <mac>
            <mac_min>FDA52722981B</mac_min>
            <mac_max>FDA527229821</mac_max>
        </mac>
        <mac>
            <mac_min>FDA527229823</mac_min>
            <mac_max>FDA527229826</mac_max>
        </mac>
        <mac>
            <mac_min>FDA52722982D</mac_min>
            <mac_max>FDA527229832</mac_max>
        </mac>
        <mac>
            <mac_min>FDA527229B86</mac_min>
            <mac_max>FDA527229BB7</mac_max>
        </mac>
        <mac>
            <mac_min>FDA52722A6B2</mac_min>
            <mac_max>FDA52722A6B3</mac_max>
        </mac>
        <mac>
            <mac_min>FDA52722A6B5</mac_min>
            <mac_max>FDA52722A6B6</mac_max>
        </mac>
        <mac>
            <mac_min>FDA52722A6B8</mac_min>
            <mac_max>FDA52722A6B9</mac_max>
        </mac>
        <mac>
            <mac_min>FDA52722A6BC</mac_min>
            <mac_max>FDA52722A6BE</mac_max>
        </mac>
        <mac>
            <mac_min>FDA52722A6C8</mac_min>
            <mac_max>FDA52722A6C9</mac_max>
        </mac>
        <mac>
            <mac_min>FDA52722A6D5</mac_min>
            <mac_max>FDA52722A6D6</mac_max>
        </mac>
        <mac>
            <mac_min>FDA52722A6D9</mac_min>
            <mac_max>FDA52722A6DA</mac_max>
        </mac>
        <mac>
            <mac_min>FDA52722A813</mac_min>
            <mac_max>FDA52722A814</mac_max>
        </mac>
        <mac>
            <mac_min>FDA52722A818</mac_min>
            <mac_max>FDA52722A819</mac_max>
        </mac>
        <mac>
            <mac_min>FDA52722A8D2</mac_min>
            <mac_max>FDA52722A8D3</mac_max>
        </mac>
        <mac>
            <mac_min>FDA52722A8DC</mac_min>
            <mac_max>FDA52722A8DD</mac_max>
        </mac>
        <mac>
            <mac_min>FDA52722A8E0</mac_min>
            <mac_max>FDA52722A8E1</mac_max>
        </mac>
        <mac>
            <mac_min>FDA52722A8E3</mac_min>
            <mac_max>FDA52722A8E4</mac_max>
        </mac>
        <mac>
            <mac_min>FDA52722A965</mac_min>
            <mac_max>FDA52722A977</mac_max>
        </mac>
        <mac>
            <mac_min>FDA52722A979</mac_min>
            <mac_max>FDA52722A995</mac_max>
        </mac>
        <mac>
            <mac_min>FDA52722AFA5</mac_min>
            <mac_max>FDA52722AFB2</mac_max>
        </mac>
        <mac>
            <mac_min>FDA52722AFB5</mac_min>
            <mac_max>FDA52722AFCB</mac_max>
        </mac>
        <mac>
            <mac_min>FDA52722AFCD</mac_min>
            <mac_max>FDA52722AFD6</mac_max>
        </mac>
    </mac_range>
    <mac_single>
        <mac>C91A00610803</mac>
        <mac>C91A00610818</mac>
        <mac>C91A0061081B</mac>
        <mac>C91A006108A1</mac>
        <mac>C91A006108AE</mac>
        <mac>C91A006108C3</mac>
        <mac>C91A006108D0</mac>
        <mac>C91A006108D2</mac>
        <mac>C91A006108E5</mac>
        <mac>C91A006108E7</mac>
        <mac>C91A006108F2</mac>
        <mac>C91A00610A2F</mac>
        <mac>C91A00610A36</mac>
        <mac>C91A00610A3C</mac>
        <mac>C91A00610A3E</mac>
        <mac>C91A00610A52</mac>
        <mac>C91A00610A56</mac>
        <mac>C91A00610BF8</mac>
        <mac>C91A00610BFE</mac>
        <mac>C91A00610C0B</mac>
        <mac>C91A00610C14</mac>
        <mac>C91A006118D6</mac>
        <mac>C91A006118D8</mac>
        <mac>C91A006118FF</mac>
        <mac>C91A006119C7</mac>
        <mac>FDA50061078A</mac>
        <mac>FDA527229738</mac>
        <mac>FDA527229801</mac>
        <mac>FDA527229828</mac>
        <mac>FDA52722982A</mac>
        <mac>FDA52722A4ED</mac>
        <mac>FDA52722A4F6</mac>
        <mac>FDA52722A503</mac>
        <mac>FDA52722A509</mac>
        <mac>FDA52722A6AC</mac>
        <mac>FDA52722A6B0</mac>
        <mac>FDA52722A6C4</mac>
        <mac>FDA52722A6C6</mac>
        <mac>FDA52722A6CC</mac>
        <mac>FDA52722A6D3</mac>
        <mac>FDA52722A810</mac>
        <mac>FDA52722A81B</mac>
        <mac>FDA52722A81D</mac>
        <mac>FDA52722A830</mac>
        <mac>FDA52722A832</mac>
        <mac>FDA52722A83F</mac>
        <mac>FDA52722A854</mac>
        <mac>FDA52722A861</mac>
        <mac>FDA52722A8E7</mac>
        <mac>FDA52722A8EA</mac>
        <mac>FDA52722A8FF</mac>
    </mac_single>
    <mac_warn />
</build_mac>
