<?xml version="1.0" encoding="utf-8" ?>
<build_mac>
    <build_id>860100010020300001</build_id>
    <mac_range>
        <mac>
            <mac_min>C91A00470068</mac_min>
            <mac_max>C91A0047006B</mac_max>
        </mac>
        <mac>
            <mac_min>C91A0047006D</mac_min>
            <mac_max>C91A00470070</mac_max>
        </mac>
        <mac>
            <mac_min>C91A00470079</mac_min>
            <mac_max>C91A0047007A</mac_max>
        </mac>
        <mac>
            <mac_min>C91A0047007E</mac_min>
            <mac_max>C91A0047007F</mac_max>
        </mac>
        <mac>
            <mac_min>C91A00470086</mac_min>
            <mac_max>C91A00470087</mac_max>
        </mac>
        <mac>
            <mac_min>C91A0047008A</mac_min>
            <mac_max>C91A0047008B</mac_max>
        </mac>
        <mac>
            <mac_min>C91A0047008D</mac_min>
            <mac_max>C91A00470090</mac_max>
        </mac>
        <mac>
            <mac_min>C91A005C015E</mac_min>
            <mac_max>C91A005C0160</mac_max>
        </mac>
        <mac>
            <mac_min>C91A005C0162</mac_min>
            <mac_max>C91A005C016A</mac_max>
        </mac>
        <mac>
            <mac_min>C91A005C016C</mac_min>
            <mac_max>C91A005C016F</mac_max>
        </mac>
        <mac>
            <mac_min>C91A005C0171</mac_min>
            <mac_max>C91A005C0177</mac_max>
        </mac>
        <mac>
            <mac_min>C91A005C017A</mac_min>
            <mac_max>C91A005C017B</mac_max>
        </mac>
        <mac>
            <mac_min>C91A005C017D</mac_min>
            <mac_max>C91A005C017F</mac_max>
        </mac>
        <mac>
            <mac_min>C91A005C0181</mac_min>
            <mac_max>C91A005C018D</mac_max>
        </mac>
        <mac>
            <mac_min>C91A00610CFB</mac_min>
            <mac_max>C91A00610CFC</mac_max>
        </mac>
        <mac>
            <mac_min>C91A006E3EE4</mac_min>
            <mac_max>C91A006E3EE7</mac_max>
        </mac>
        <mac>
            <mac_min>C91A006E3EE9</mac_min>
            <mac_max>C91A006E3EF0</mac_max>
        </mac>
        <mac>
            <mac_min>C91A006E3EF2</mac_min>
            <mac_max>C91A006E3EF7</mac_max>
        </mac>
        <mac>
            <mac_min>C91A006E3EF9</mac_min>
            <mac_max>C91A006E3EFA</mac_max>
        </mac>
        <mac>
            <mac_min>C91A006E3EFE</mac_min>
            <mac_max>C91A006E3F00</mac_max>
        </mac>
        <mac>
            <mac_min>C91A006E3F02</mac_min>
            <mac_max>C91A006E3F05</mac_max>
        </mac>
        <mac>
            <mac_min>C91A006E3F09</mac_min>
            <mac_max>C91A006E3F0A</mac_max>
        </mac>
        <mac>
            <mac_min>C91A006E3F0C</mac_min>
            <mac_max>C91A006E3F0D</mac_max>
        </mac>
        <mac>
            <mac_min>C91A006E3F0F</mac_min>
            <mac_max>C91A006E3F10</mac_max>
        </mac>
        <mac>
            <mac_min>C91A006E3F12</mac_min>
            <mac_max>C91A006E3F13</mac_max>
        </mac>
        <mac>
            <mac_min>C91A00714691</mac_min>
            <mac_max>C91A00714695</mac_max>
        </mac>
        <mac>
            <mac_min>C91A00714697</mac_min>
            <mac_max>C91A00714699</mac_max>
        </mac>
        <mac>
            <mac_min>C91A0071469B</mac_min>
            <mac_max>C91A0071469C</mac_max>
        </mac>
        <mac>
            <mac_min>C91A007146A7</mac_min>
            <mac_max>C91A007146AA</mac_max>
        </mac>
        <mac>
            <mac_min>C91A007146AC</mac_min>
            <mac_max>C91A007146B3</mac_max>
        </mac>
        <mac>
            <mac_min>C91A0071477F</mac_min>
            <mac_max>C91A00714786</mac_max>
        </mac>
        <mac>
            <mac_min>C91A0071478A</mac_min>
            <mac_max>C91A0071478B</mac_max>
        </mac>
        <mac>
            <mac_min>C91A0071479B</mac_min>
            <mac_max>C91A0071479D</mac_max>
        </mac>
        <mac>
            <mac_min>C91A0071479F</mac_min>
            <mac_max>C91A007147A0</mac_max>
        </mac>
        <mac>
            <mac_min>C91A007147A5</mac_min>
            <mac_max>C91A007147A9</mac_max>
        </mac>
        <mac>
            <mac_min>FDA527126773</mac_min>
            <mac_max>FDA527126780</mac_max>
        </mac>
        <mac>
            <mac_min>FDA527126785</mac_min>
            <mac_max>FDA527126793</mac_max>
        </mac>
        <mac>
            <mac_min>FDA527126795</mac_min>
            <mac_max>FDA52712679B</mac_max>
        </mac>
        <mac>
            <mac_min>FDA52712679D</mac_min>
            <mac_max>FDA5271267A1</mac_max>
        </mac>
        <mac>
            <mac_min>FDA5271267A3</mac_min>
            <mac_max>FDA5271267AB</mac_max>
        </mac>
        <mac>
            <mac_min>FDA5271267AD</mac_min>
            <mac_max>FDA5271267BA</mac_max>
        </mac>
        <mac>
            <mac_min>FDA5271267BC</mac_min>
            <mac_max>FDA5271267C4</mac_max>
        </mac>
        <mac>
            <mac_min>FDA5271267C8</mac_min>
            <mac_max>FDA5271267C9</mac_max>
        </mac>
        <mac>
            <mac_min>FDA5271267E2</mac_min>
            <mac_max>FDA5271267E7</mac_max>
        </mac>
        <mac>
            <mac_min>FDA5271267E9</mac_min>
            <mac_max>FDA5271267EA</mac_max>
        </mac>
        <mac>
            <mac_min>FDA527126831</mac_min>
            <mac_max>FDA527126835</mac_max>
        </mac>
        <mac>
            <mac_min>FDA527126837</mac_min>
            <mac_max>FDA52712683D</mac_max>
        </mac>
        <mac>
            <mac_min>FDA52712683F</mac_min>
            <mac_max>FDA527126841</mac_max>
        </mac>
        <mac>
            <mac_min>FDA527126843</mac_min>
            <mac_max>FDA527126848</mac_max>
        </mac>
        <mac>
            <mac_min>FDA52712684A</mac_min>
            <mac_max>FDA52712684B</mac_max>
        </mac>
        <mac>
            <mac_min>FDA52712684D</mac_min>
            <mac_max>FDA52712685D</mac_max>
        </mac>
        <mac>
            <mac_min>FDA52712685F</mac_min>
            <mac_max>FDA527126868</mac_max>
        </mac>
        <mac>
            <mac_min>FDA52712686E</mac_min>
            <mac_max>FDA52712686F</mac_max>
        </mac>
        <mac>
            <mac_min>FDA527126873</mac_min>
            <mac_max>FDA527126878</mac_max>
        </mac>
        <mac>
            <mac_min>FDA52712687D</mac_min>
            <mac_max>FDA52712687E</mac_max>
        </mac>
        <mac>
            <mac_min>FDA527126880</mac_min>
            <mac_max>FDA527126887</mac_max>
        </mac>
        <mac>
            <mac_min>FDA52712688D</mac_min>
            <mac_max>FDA527126891</mac_max>
        </mac>
        <mac>
            <mac_min>FDA527126893</mac_min>
            <mac_max>FDA5271268A6</mac_max>
        </mac>
        <mac>
            <mac_min>FDA5271268AA</mac_min>
            <mac_max>FDA5271268B2</mac_max>
        </mac>
        <mac>
            <mac_min>FDA5271268B6</mac_min>
            <mac_max>FDA5271268BE</mac_max>
        </mac>
        <mac>
            <mac_min>FDA5271268C0</mac_min>
            <mac_max>FDA5271268C4</mac_max>
        </mac>
        <mac>
            <mac_min>FDA5271268C6</mac_min>
            <mac_max>FDA5271268CA</mac_max>
        </mac>
        <mac>
            <mac_min>FDA5271268CC</mac_min>
            <mac_max>FDA5271268D0</mac_max>
        </mac>
        <mac>
            <mac_min>FDA5271268D2</mac_min>
            <mac_max>FDA5271268E3</mac_max>
        </mac>
        <mac>
            <mac_min>FDA5271268E7</mac_min>
            <mac_max>FDA5271268F0</mac_max>
        </mac>
        <mac>
            <mac_min>FDA5271268F2</mac_min>
            <mac_max>FDA5271268F3</mac_max>
        </mac>
        <mac>
            <mac_min>FDA5271268F7</mac_min>
            <mac_max>FDA5271268FF</mac_max>
        </mac>
        <mac>
            <mac_min>FDA527126901</mac_min>
            <mac_max>FDA527126902</mac_max>
        </mac>
        <mac>
            <mac_min>FDA527126904</mac_min>
            <mac_max>FDA527126907</mac_max>
        </mac>
        <mac>
            <mac_min>FDA527126909</mac_min>
            <mac_max>FDA52712690A</mac_max>
        </mac>
        <mac>
            <mac_min>FDA52712690C</mac_min>
            <mac_max>FDA52712690F</mac_max>
        </mac>
        <mac>
            <mac_min>FDA527126915</mac_min>
            <mac_max>FDA52712691D</mac_max>
        </mac>
        <mac>
            <mac_min>FDA52712691F</mac_min>
            <mac_max>FDA527126923</mac_max>
        </mac>
        <mac>
            <mac_min>FDA527126925</mac_min>
            <mac_max>FDA527126927</mac_max>
        </mac>
        <mac>
            <mac_min>FDA527126929</mac_min>
            <mac_max>FDA527126936</mac_max>
        </mac>
        <mac>
            <mac_min>FDA527126938</mac_min>
            <mac_max>FDA52712693C</mac_max>
        </mac>
        <mac>
            <mac_min>FDA52712693E</mac_min>
            <mac_max>FDA52712694B</mac_max>
        </mac>
        <mac>
            <mac_min>FDA52712694D</mac_min>
            <mac_max>FDA52712694E</mac_max>
        </mac>
        <mac>
            <mac_min>FDA527126952</mac_min>
            <mac_max>FDA527126959</mac_max>
        </mac>
        <mac>
            <mac_min>FDA52712695B</mac_min>
            <mac_max>FDA527126969</mac_max>
        </mac>
        <mac>
            <mac_min>FDA52712696B</mac_min>
            <mac_max>FDA527126977</mac_max>
        </mac>
        <mac>
            <mac_min>FDA527126979</mac_min>
            <mac_max>FDA52712697B</mac_max>
        </mac>
        <mac>
            <mac_min>FDA52712697E</mac_min>
            <mac_max>FDA527126982</mac_max>
        </mac>
        <mac>
            <mac_min>FDA527126986</mac_min>
            <mac_max>FDA527126988</mac_max>
        </mac>
        <mac>
            <mac_min>FDA52712698A</mac_min>
            <mac_max>FDA52712698E</mac_max>
        </mac>
        <mac>
            <mac_min>FDA5271269C2</mac_min>
            <mac_max>FDA5271269CB</mac_max>
        </mac>
        <mac>
            <mac_min>FDA5271269CD</mac_min>
            <mac_max>FDA5271269D2</mac_max>
        </mac>
        <mac>
            <mac_min>FDA5271269D4</mac_min>
            <mac_max>FDA5271269E0</mac_max>
        </mac>
        <mac>
            <mac_min>FDA5271269E2</mac_min>
            <mac_max>FDA5271269EB</mac_max>
        </mac>
        <mac>
            <mac_min>FDA5271269ED</mac_min>
            <mac_max>FDA5271269F5</mac_max>
        </mac>
        <mac>
            <mac_min>FDA5271269F7</mac_min>
            <mac_max>FDA527126A0A</mac_max>
        </mac>
        <mac>
            <mac_min>FDA527126A0C</mac_min>
            <mac_max>FDA527126A12</mac_max>
        </mac>
        <mac>
            <mac_min>FDA527126A14</mac_min>
            <mac_max>FDA527126A16</mac_max>
        </mac>
        <mac>
            <mac_min>FDA527126A19</mac_min>
            <mac_max>FDA527126A20</mac_max>
        </mac>
        <mac>
            <mac_min>FDA527126A22</mac_min>
            <mac_max>FDA527126A25</mac_max>
        </mac>
        <mac>
            <mac_min>FDA527126A58</mac_min>
            <mac_max>FDA527126A5B</mac_max>
        </mac>
        <mac>
            <mac_min>FDA527126A5F</mac_min>
            <mac_max>FDA527126A6A</mac_max>
        </mac>
        <mac>
            <mac_min>FDA527126A6C</mac_min>
            <mac_max>FDA527126A76</mac_max>
        </mac>
        <mac>
            <mac_min>FDA527126A78</mac_min>
            <mac_max>FDA527126A88</mac_max>
        </mac>
        <mac>
            <mac_min>FDA527126A8A</mac_min>
            <mac_max>FDA527126A8F</mac_max>
        </mac>
        <mac>
            <mac_min>FDA527126A91</mac_min>
            <mac_max>FDA527126AA0</mac_max>
        </mac>
        <mac>
            <mac_min>FDA527126AA2</mac_min>
            <mac_max>FDA527126AA5</mac_max>
        </mac>
        <mac>
            <mac_min>FDA527126AA7</mac_min>
            <mac_max>FDA527126AB8</mac_max>
        </mac>
        <mac>
            <mac_min>FDA527126ABA</mac_min>
            <mac_max>FDA527126AD1</mac_max>
        </mac>
        <mac>
            <mac_min>FDA527126AD3</mac_min>
            <mac_max>FDA527126AE1</mac_max>
        </mac>
        <mac>
            <mac_min>FDA527126AE3</mac_min>
            <mac_max>FDA527126AF8</mac_max>
        </mac>
        <mac>
            <mac_min>FDA527126AFC</mac_min>
            <mac_max>FDA527126B04</mac_max>
        </mac>
        <mac>
            <mac_min>FDA527126B06</mac_min>
            <mac_max>FDA527126B08</mac_max>
        </mac>
        <mac>
            <mac_min>FDA527126B0A</mac_min>
            <mac_max>FDA527126B17</mac_max>
        </mac>
        <mac>
            <mac_min>FDA527126B19</mac_min>
            <mac_max>FDA527126B26</mac_max>
        </mac>
        <mac>
            <mac_min>FDA527126B28</mac_min>
            <mac_max>FDA527126B49</mac_max>
        </mac>
        <mac>
            <mac_min>FDA527126B4C</mac_min>
            <mac_max>FDA527126B78</mac_max>
        </mac>
        <mac>
            <mac_min>FDA527126B7A</mac_min>
            <mac_max>FDA527126B83</mac_max>
        </mac>
        <mac>
            <mac_min>FDA527126BB6</mac_min>
            <mac_max>FDA527126BBD</mac_max>
        </mac>
        <mac>
            <mac_min>FDA527126BD2</mac_min>
            <mac_max>FDA527126BE5</mac_max>
        </mac>
        <mac>
            <mac_min>FDA527126BE7</mac_min>
            <mac_max>FDA527126BE8</mac_max>
        </mac>
        <mac>
            <mac_min>FDA527126BEA</mac_min>
            <mac_max>FDA527126BF6</mac_max>
        </mac>
        <mac>
            <mac_min>FDA527126BF8</mac_min>
            <mac_max>FDA527126C03</mac_max>
        </mac>
        <mac>
            <mac_min>FDA527126C05</mac_min>
            <mac_max>FDA527126C09</mac_max>
        </mac>
        <mac>
            <mac_min>FDA527126C0B</mac_min>
            <mac_max>FDA527126C19</mac_max>
        </mac>
        <mac>
            <mac_min>FDA527126C1B</mac_min>
            <mac_max>FDA527126C22</mac_max>
        </mac>
        <mac>
            <mac_min>FDA527126C24</mac_min>
            <mac_max>FDA527126C2B</mac_max>
        </mac>
        <mac>
            <mac_min>FDA527126C2D</mac_min>
            <mac_max>FDA527126C4F</mac_max>
        </mac>
        <mac>
            <mac_min>FDA527126C51</mac_min>
            <mac_max>FDA527126C62</mac_max>
        </mac>
        <mac>
            <mac_min>FDA527126C64</mac_min>
            <mac_max>FDA527126C6E</mac_max>
        </mac>
        <mac>
            <mac_min>FDA527126C70</mac_min>
            <mac_max>FDA527126C82</mac_max>
        </mac>
        <mac>
            <mac_min>FDA527126C84</mac_min>
            <mac_max>FDA527126C92</mac_max>
        </mac>
        <mac>
            <mac_min>FDA527126C94</mac_min>
            <mac_max>FDA527126C95</mac_max>
        </mac>
        <mac>
            <mac_min>FDA527126C9A</mac_min>
            <mac_max>FDA527126C9D</mac_max>
        </mac>
        <mac>
            <mac_min>FDA527126CA2</mac_min>
            <mac_max>FDA527126CA3</mac_max>
        </mac>
        <mac>
            <mac_min>FDA527126CA5</mac_min>
            <mac_max>FDA527126CA8</mac_max>
        </mac>
        <mac>
            <mac_min>FDA527126CAA</mac_min>
            <mac_max>FDA527126CAB</mac_max>
        </mac>
        <mac>
            <mac_min>FDA527126CAD</mac_min>
            <mac_max>FDA527126CAE</mac_max>
        </mac>
        <mac>
            <mac_min>FDA527126CB0</mac_min>
            <mac_max>FDA527126CC7</mac_max>
        </mac>
        <mac>
            <mac_min>FDA527126CC9</mac_min>
            <mac_max>FDA527126CCA</mac_max>
        </mac>
        <mac>
            <mac_min>FDA527126CCC</mac_min>
            <mac_max>FDA527126CCF</mac_max>
        </mac>
        <mac>
            <mac_min>FDA527126CD3</mac_min>
            <mac_max>FDA527126CD5</mac_max>
        </mac>
        <mac>
            <mac_min>FDA527126CD7</mac_min>
            <mac_max>FDA527126CD8</mac_max>
        </mac>
        <mac>
            <mac_min>FDA527126CDC</mac_min>
            <mac_max>FDA527126CDD</mac_max>
        </mac>
        <mac>
            <mac_min>FDA527126CE0</mac_min>
            <mac_max>FDA527126CE4</mac_max>
        </mac>
        <mac>
            <mac_min>FDA527126CFA</mac_min>
            <mac_max>FDA527126CFD</mac_max>
        </mac>
        <mac>
            <mac_min>FDA527126D00</mac_min>
            <mac_max>FDA527126D1E</mac_max>
        </mac>
        <mac>
            <mac_min>FDA527126D20</mac_min>
            <mac_max>FDA527126D23</mac_max>
        </mac>
        <mac>
            <mac_min>FDA527126D25</mac_min>
            <mac_max>FDA527126D3B</mac_max>
        </mac>
        <mac>
            <mac_min>FDA52722A405</mac_min>
            <mac_max>FDA52722A406</mac_max>
        </mac>
        <mac>
            <mac_min>FDA5272916C5</mac_min>
            <mac_max>FDA5272916C6</mac_max>
        </mac>
        <mac>
            <mac_min>FDA5272916CB</mac_min>
            <mac_max>FDA5272916CF</mac_max>
        </mac>
        <mac>
            <mac_min>FDA5272916D4</mac_min>
            <mac_max>FDA5272916D9</mac_max>
        </mac>
        <mac>
            <mac_min>FDA5272916E2</mac_min>
            <mac_max>FDA5272916E5</mac_max>
        </mac>
        <mac>
            <mac_min>FDA5272916E8</mac_min>
            <mac_max>FDA5272916E9</mac_max>
        </mac>
        <mac>
            <mac_min>FDA5272916EC</mac_min>
            <mac_max>FDA5272916F4</mac_max>
        </mac>
        <mac>
            <mac_min>FDA5272916F6</mac_min>
            <mac_max>FDA5272916F7</mac_max>
        </mac>
        <mac>
            <mac_min>FDA5272916FE</mac_min>
            <mac_max>FDA527291700</mac_max>
        </mac>
        <mac>
            <mac_min>FDA527291702</mac_min>
            <mac_max>FDA527291703</mac_max>
        </mac>
        <mac>
            <mac_min>FDA52729170B</mac_min>
            <mac_max>FDA52729170F</mac_max>
        </mac>
        <mac>
            <mac_min>FDA527291715</mac_min>
            <mac_max>FDA527291716</mac_max>
        </mac>
        <mac>
            <mac_min>FDA527291718</mac_min>
            <mac_max>FDA527291719</mac_max>
        </mac>
        <mac>
            <mac_min>FDA52729171B</mac_min>
            <mac_max>FDA52729171C</mac_max>
        </mac>
        <mac>
            <mac_min>FDA52729171E</mac_min>
            <mac_max>FDA527291721</mac_max>
        </mac>
        <mac>
            <mac_min>FDA52729172F</mac_min>
            <mac_max>FDA527291733</mac_max>
        </mac>
        <mac>
            <mac_min>FDA527291737</mac_min>
            <mac_max>FDA52729173A</mac_max>
        </mac>
        <mac>
            <mac_min>FDA52729173C</mac_min>
            <mac_max>FDA52729173D</mac_max>
        </mac>
        <mac>
            <mac_min>FDA527291744</mac_min>
            <mac_max>FDA527291745</mac_max>
        </mac>
        <mac>
            <mac_min>FDA52729174C</mac_min>
            <mac_max>FDA52729174D</mac_max>
        </mac>
        <mac>
            <mac_min>FDA527291753</mac_min>
            <mac_max>FDA527291754</mac_max>
        </mac>
        <mac>
            <mac_min>FDA52729175C</mac_min>
            <mac_max>FDA52729175D</mac_max>
        </mac>
        <mac>
            <mac_min>FDA527291767</mac_min>
            <mac_max>FDA52729176A</mac_max>
        </mac>
        <mac>
            <mac_min>FDA52729176E</mac_min>
            <mac_max>FDA52729176F</mac_max>
        </mac>
        <mac>
            <mac_min>FDA527291771</mac_min>
            <mac_max>FDA527291772</mac_max>
        </mac>
        <mac>
            <mac_min>FDA527291779</mac_min>
            <mac_max>FDA52729177A</mac_max>
        </mac>
        <mac>
            <mac_min>FDA527291783</mac_min>
            <mac_max>FDA527291784</mac_max>
        </mac>
        <mac>
            <mac_min>FDA527291786</mac_min>
            <mac_max>FDA52729178A</mac_max>
        </mac>
        <mac>
            <mac_min>FDA52729178E</mac_min>
            <mac_max>FDA52729178F</mac_max>
        </mac>
        <mac>
            <mac_min>FDA52729179D</mac_min>
            <mac_max>FDA5272917A0</mac_max>
        </mac>
        <mac>
            <mac_min>FDA5272917A2</mac_min>
            <mac_max>FDA5272917A4</mac_max>
        </mac>
        <mac>
            <mac_min>FDA5272917AD</mac_min>
            <mac_max>FDA5272917AE</mac_max>
        </mac>
        <mac>
            <mac_min>FDA5272917BA</mac_min>
            <mac_max>FDA5272917BB</mac_max>
        </mac>
        <mac>
            <mac_min>FDA5272917BD</mac_min>
            <mac_max>FDA5272917BE</mac_max>
        </mac>
        <mac>
            <mac_min>FDA5272917C1</mac_min>
            <mac_max>FDA5272917C2</mac_max>
        </mac>
        <mac>
            <mac_min>FDA5272917C8</mac_min>
            <mac_max>FDA5272917CB</mac_max>
        </mac>
        <mac>
            <mac_min>FDA5272917E0</mac_min>
            <mac_max>FDA5272917E3</mac_max>
        </mac>
        <mac>
            <mac_min>FDA5272917EE</mac_min>
            <mac_max>FDA5272917F0</mac_max>
        </mac>
        <mac>
            <mac_min>FDA5272917F4</mac_min>
            <mac_max>FDA5272917F5</mac_max>
        </mac>
        <mac>
            <mac_min>FDA527291806</mac_min>
            <mac_max>FDA527291807</mac_max>
        </mac>
        <mac>
            <mac_min>FDA52729180B</mac_min>
            <mac_max>FDA52729180D</mac_max>
        </mac>
        <mac>
            <mac_min>FDA527291812</mac_min>
            <mac_max>FDA527291815</mac_max>
        </mac>
        <mac>
            <mac_min>FDA52729181C</mac_min>
            <mac_max>FDA52729181E</mac_max>
        </mac>
        <mac>
            <mac_min>FDA527291820</mac_min>
            <mac_max>FDA527291821</mac_max>
        </mac>
        <mac>
            <mac_min>FDA52729182B</mac_min>
            <mac_max>FDA52729182F</mac_max>
        </mac>
        <mac>
            <mac_min>FDA527291832</mac_min>
            <mac_max>FDA527291833</mac_max>
        </mac>
        <mac>
            <mac_min>FDA527291836</mac_min>
            <mac_max>FDA527291837</mac_max>
        </mac>
        <mac>
            <mac_min>FDA52729183B</mac_min>
            <mac_max>FDA52729183E</mac_max>
        </mac>
        <mac>
            <mac_min>FDA527291841</mac_min>
            <mac_max>FDA527291846</mac_max>
        </mac>
        <mac>
            <mac_min>FDA5272B66F7</mac_min>
            <mac_max>FDA5272B66FA</mac_max>
        </mac>
        <mac>
            <mac_min>FDA5272B66FC</mac_min>
            <mac_max>FDA5272B6703</mac_max>
        </mac>
        <mac>
            <mac_min>FDA5272B6705</mac_min>
            <mac_max>FDA5272B670A</mac_max>
        </mac>
        <mac>
            <mac_min>FDA5272B670C</mac_min>
            <mac_max>FDA5272B670D</mac_max>
        </mac>
        <mac>
            <mac_min>FDA5272B6711</mac_min>
            <mac_max>FDA5272B6713</mac_max>
        </mac>
        <mac>
            <mac_min>FDA5272B6715</mac_min>
            <mac_max>FDA5272B6718</mac_max>
        </mac>
        <mac>
            <mac_min>FDA5272B671C</mac_min>
            <mac_max>FDA5272B671D</mac_max>
        </mac>
        <mac>
            <mac_min>FDA5272B671F</mac_min>
            <mac_max>FDA5272B6720</mac_max>
        </mac>
        <mac>
            <mac_min>FDA5272B6722</mac_min>
            <mac_max>FDA5272B6723</mac_max>
        </mac>
        <mac>
            <mac_min>FDA5272B6725</mac_min>
            <mac_max>FDA5272B6726</mac_max>
        </mac>
        <mac>
            <mac_min>FDA5272E30B4</mac_min>
            <mac_max>FDA5272E30B8</mac_max>
        </mac>
        <mac>
            <mac_min>FDA5272E30BA</mac_min>
            <mac_max>FDA5272E30BC</mac_max>
        </mac>
        <mac>
            <mac_min>FDA5272E30BE</mac_min>
            <mac_max>FDA5272E30BF</mac_max>
        </mac>
        <mac>
            <mac_min>FDA5272E30CA</mac_min>
            <mac_max>FDA5272E30CD</mac_max>
        </mac>
        <mac>
            <mac_min>FDA5272E30CF</mac_min>
            <mac_max>FDA5272E30D6</mac_max>
        </mac>
        <mac>
            <mac_min>FDA5272E31A2</mac_min>
            <mac_max>FDA5272E31A9</mac_max>
        </mac>
        <mac>
            <mac_min>FDA5272E31AD</mac_min>
            <mac_max>FDA5272E31AE</mac_max>
        </mac>
        <mac>
            <mac_min>FDA5272E31BE</mac_min>
            <mac_max>FDA5272E31C0</mac_max>
        </mac>
        <mac>
            <mac_min>FDA5272E31C2</mac_min>
            <mac_max>FDA5272E31C3</mac_max>
        </mac>
        <mac>
            <mac_min>FDA5272E31C8</mac_min>
            <mac_max>FDA5272E31CC</mac_max>
        </mac>
    </mac_range>
    <mac_single>
        <mac>C91A00470066</mac>
        <mac>C91A00470073</mac>
        <mac>C91A00470077</mac>
        <mac>C91A0047007C</mac>
        <mac>C91A00470081</mac>
        <mac>C91A00470083</mac>
        <mac>C91A00470092</mac>
        <mac>C91A00470094</mac>
        <mac>C91A005C018F</mac>
        <mac>C91A00610CE5</mac>
        <mac>C91A00610D01</mac>
        <mac>C91A00610D05</mac>
        <mac>C91A00610D0A</mac>
        <mac>C91A006E3EFC</mac>
        <mac>C91A006E3F07</mac>
        <mac>C91A00714682</mac>
        <mac>C91A0071468C</mac>
        <mac>C91A0071468E</mac>
        <mac>C91A007146A2</mac>
        <mac>C91A007146A5</mac>
        <mac>C91A0071477D</mac>
        <mac>C91A0071478F</mac>
        <mac>C91A00714791</mac>
        <mac>C91A00714796</mac>
        <mac>C91A00714799</mac>
        <mac>C91A007147A2</mac>
        <mac>C91A007147AB</mac>
        <mac>FDA527126783</mac>
        <mac>FDA5271267C6</mac>
        <mac>FDA5271267CC</mac>
        <mac>FDA527126822</mac>
        <mac>FDA52712686C</mac>
        <mac>FDA527126871</mac>
        <mac>FDA527126889</mac>
        <mac>FDA52712688B</mac>
        <mac>FDA5271268A8</mac>
        <mac>FDA5271268B4</mac>
        <mac>FDA5271268F5</mac>
        <mac>FDA527126912</mac>
        <mac>FDA527126984</mac>
        <mac>FDA527126A5D</mac>
        <mac>FDA527126AFA</mac>
        <mac>FDA527126B9F</mac>
        <mac>FDA527126BA9</mac>
        <mac>FDA527126C98</mac>
        <mac>FDA527126C9F</mac>
        <mac>FDA527126CD1</mac>
        <mac>FDA527126CDA</mac>
        <mac>FDA52722A3F7</mac>
        <mac>FDA52722A3FC</mac>
        <mac>FDA52722A400</mac>
        <mac>FDA52722A41C</mac>
        <mac>FDA5272916C3</mac>
        <mac>FDA5272916C9</mac>
        <mac>FDA5272916DC</mac>
        <mac>FDA5272916E0</mac>
        <mac>FDA5272916FA</mac>
        <mac>FDA527291705</mac>
        <mac>FDA527291707</mac>
        <mac>FDA527291711</mac>
        <mac>FDA527291723</mac>
        <mac>FDA527291725</mac>
        <mac>FDA527291729</mac>
        <mac>FDA52729172B</mac>
        <mac>FDA52729173F</mac>
        <mac>FDA527291742</mac>
        <mac>FDA52729174F</mac>
        <mac>FDA527291759</mac>
        <mac>FDA527291760</mac>
        <mac>FDA527291763</mac>
        <mac>FDA527291765</mac>
        <mac>FDA527291775</mac>
        <mac>FDA52729177D</mac>
        <mac>FDA527291781</mac>
        <mac>FDA527291792</mac>
        <mac>FDA527291794</mac>
        <mac>FDA52729179B</mac>
        <mac>FDA5272917B1</mac>
        <mac>FDA5272917B4</mac>
        <mac>FDA5272917B6</mac>
        <mac>FDA5272917C4</mac>
        <mac>FDA5272917D5</mac>
        <mac>FDA5272917D7</mac>
        <mac>FDA5272917DA</mac>
        <mac>FDA5272917DE</mac>
        <mac>FDA5272917E7</mac>
        <mac>FDA5272917E9</mac>
        <mac>FDA5272917EB</mac>
        <mac>FDA5272917F2</mac>
        <mac>FDA5272917F8</mac>
        <mac>FDA5272917FC</mac>
        <mac>FDA527291804</mac>
        <mac>FDA527291819</mac>
        <mac>FDA527291823</mac>
        <mac>FDA527291825</mac>
        <mac>FDA527291839</mac>
        <mac>FDA527291849</mac>
        <mac>FDA52729184B</mac>
        <mac>FDA527291852</mac>
        <mac>FDA5272B670F</mac>
        <mac>FDA5272B671A</mac>
        <mac>FDA5272E30A5</mac>
        <mac>FDA5272E30AF</mac>
        <mac>FDA5272E30B1</mac>
        <mac>FDA5272E30C5</mac>
        <mac>FDA5272E30C8</mac>
        <mac>FDA5272E31A0</mac>
        <mac>FDA5272E31B2</mac>
        <mac>FDA5272E31B4</mac>
        <mac>FDA5272E31B9</mac>
        <mac>FDA5272E31BC</mac>
        <mac>FDA5272E31C5</mac>
        <mac>FDA5272E31CE</mac>
    </mac_single>
    <mac_warn />
</build_mac>
