<?xml version="1.0" encoding="utf-8" ?>
<build_mac>
    <build_id>860100010040500017</build_id>
    <mac_range>
        <mac>
            <mac_min>C91A00651386</mac_min>
            <mac_max>C91A00651387</mac_max>
        </mac>
        <mac>
            <mac_min>C91A007367AD</mac_min>
            <mac_max>C91A007367B1</mac_max>
        </mac>
        <mac>
            <mac_min>FDA52725E2E0</mac_min>
            <mac_max>FDA52725E2E1</mac_max>
        </mac>
        <mac>
            <mac_min>FDA52731FB3E</mac_min>
            <mac_max>FDA52731FB42</mac_max>
        </mac>
    </mac_range>
    <mac_single>
        <mac>C91A006008FD</mac>
        <mac>C91A00610CEB</mac>
        <mac>C91A0065123B</mac>
        <mac>C91A00651241</mac>
        <mac>C91A00651255</mac>
        <mac>C91A006512E7</mac>
        <mac>C91A0065135E</mac>
        <mac>C91A00651360</mac>
        <mac>C91A00651365</mac>
        <mac>C91A00651372</mac>
        <mac>C91A006F15B8</mac>
        <mac>C91A00736786</mac>
        <mac>C91A00736792</mac>
        <mac>C91A00736798</mac>
        <mac>C91A0073679A</mac>
        <mac>C91A0073679C</mac>
        <mac>C91A0073679F</mac>
        <mac>C91A007367A1</mac>
        <mac>C91A007367B3</mac>
        <mac>C91A007367B5</mac>
        <mac>C91A00736851</mac>
        <mac>C91A00736873</mac>
        <mac>C91A007368A2</mac>
        <mac>FDA5271A2B9A</mac>
        <mac>FDA52722A416</mac>
        <mac>FDA52725E2F5</mac>
        <mac>FDA52725E302</mac>
        <mac>FDA52725E307</mac>
        <mac>FDA52725E309</mac>
        <mac>FDA52725E380</mac>
        <mac>FDA52725E412</mac>
        <mac>FDA52725E426</mac>
        <mac>FDA52725E42C</mac>
        <mac>FDA5272BB56C</mac>
        <mac>FDA52731FB17</mac>
        <mac>FDA52731FB23</mac>
        <mac>FDA52731FB29</mac>
        <mac>FDA52731FB2B</mac>
        <mac>FDA52731FB2D</mac>
        <mac>FDA52731FB30</mac>
        <mac>FDA52731FB32</mac>
        <mac>FDA52731FB44</mac>
        <mac>FDA52731FB46</mac>
        <mac>FDA52731FBE2</mac>
        <mac>FDA52731FC04</mac>
        <mac>FDA52731FC33</mac>
    </mac_single>
    <mac_warn />
</build_mac>
