<?xml version="1.0" encoding="utf-8" ?>
<build_mac>
    <build_id>860100010040500020</build_id>
    <mac_range>
        <mac>
            <mac_min>C91A004B02F0</mac_min>
            <mac_max>C91A004B02F1</mac_max>
        </mac>
        <mac>
            <mac_min>C91A004B02FC</mac_min>
            <mac_max>C91A004B02FD</mac_max>
        </mac>
        <mac>
            <mac_min>C91A004B02FF</mac_min>
            <mac_max>C91A004B0300</mac_max>
        </mac>
        <mac>
            <mac_min>C91A004B0303</mac_min>
            <mac_max>C91A004B0304</mac_max>
        </mac>
    </mac_range>
    <mac_single>
        <mac>C91A004B02F4</mac>
        <mac>C91A004B0306</mac>
    </mac_single>
    <mac_warn />
</build_mac>
