<?xml version="1.0" encoding="utf-8" ?>
<build_mac>
    <build_id>860100010030300143</build_id>
    <mac_range>
        <mac>
            <mac_min>C91A006E3E81</mac_min>
            <mac_max>C91A006E3E83</mac_max>
        </mac>
        <mac>
            <mac_min>C91A006E3E85</mac_min>
            <mac_max>C91A006E3E87</mac_max>
        </mac>
        <mac>
            <mac_min>C91A006E3E8A</mac_min>
            <mac_max>C91A006E3E8B</mac_max>
        </mac>
        <mac>
            <mac_min>C91A006E3E8E</mac_min>
            <mac_max>C91A006E3E93</mac_max>
        </mac>
        <mac>
            <mac_min>C91A006E3E96</mac_min>
            <mac_max>C91A006E3E99</mac_max>
        </mac>
        <mac>
            <mac_min>C91A006E3E9B</mac_min>
            <mac_max>C91A006E3E9C</mac_max>
        </mac>
        <mac>
            <mac_min>C91A006E3E9E</mac_min>
            <mac_max>C91A006E3E9F</mac_max>
        </mac>
        <mac>
            <mac_min>C91A006E3EA3</mac_min>
            <mac_max>C91A006E3EA5</mac_max>
        </mac>
        <mac>
            <mac_min>C91A006E3EAA</mac_min>
            <mac_max>C91A006E3EAB</mac_max>
        </mac>
        <mac>
            <mac_min>C91A006E3EAE</mac_min>
            <mac_max>C91A006E3EB2</mac_max>
        </mac>
        <mac>
            <mac_min>C91A006E3EB4</mac_min>
            <mac_max>C91A006E3EE3</mac_max>
        </mac>
        <mac>
            <mac_min>C91A006E3F16</mac_min>
            <mac_max>C91A006E3FDD</mac_max>
        </mac>
        <mac>
            <mac_min>C91A006E4042</mac_min>
            <mac_max>C91A006E4043</mac_max>
        </mac>
        <mac>
            <mac_min>C91A006E4045</mac_min>
            <mac_max>C91A006E4046</mac_max>
        </mac>
        <mac>
            <mac_min>C91A006E404E</mac_min>
            <mac_max>C91A006E4051</mac_max>
        </mac>
        <mac>
            <mac_min>C91A006E4053</mac_min>
            <mac_max>C91A006E4055</mac_max>
        </mac>
        <mac>
            <mac_min>C91A006E4059</mac_min>
            <mac_max>C91A006E405A</mac_max>
        </mac>
        <mac>
            <mac_min>C91A006E405E</mac_min>
            <mac_max>C91A006E405F</mac_max>
        </mac>
        <mac>
            <mac_min>FDA5272B6694</mac_min>
            <mac_max>FDA5272B6696</mac_max>
        </mac>
        <mac>
            <mac_min>FDA5272B6698</mac_min>
            <mac_max>FDA5272B669A</mac_max>
        </mac>
        <mac>
            <mac_min>FDA5272B669D</mac_min>
            <mac_max>FDA5272B669E</mac_max>
        </mac>
        <mac>
            <mac_min>FDA5272B66A1</mac_min>
            <mac_max>FDA5272B66A6</mac_max>
        </mac>
        <mac>
            <mac_min>FDA5272B66A9</mac_min>
            <mac_max>FDA5272B66AC</mac_max>
        </mac>
        <mac>
            <mac_min>FDA5272B66AE</mac_min>
            <mac_max>FDA5272B66AF</mac_max>
        </mac>
        <mac>
            <mac_min>FDA5272B66B1</mac_min>
            <mac_max>FDA5272B66B2</mac_max>
        </mac>
        <mac>
            <mac_min>FDA5272B66B6</mac_min>
            <mac_max>FDA5272B66B8</mac_max>
        </mac>
        <mac>
            <mac_min>FDA5272B66BD</mac_min>
            <mac_max>FDA5272B66BE</mac_max>
        </mac>
        <mac>
            <mac_min>FDA5272B66C1</mac_min>
            <mac_max>FDA5272B66C5</mac_max>
        </mac>
        <mac>
            <mac_min>FDA5272B66C7</mac_min>
            <mac_max>FDA5272B66F6</mac_max>
        </mac>
        <mac>
            <mac_min>FDA5272B6729</mac_min>
            <mac_max>FDA5272B67F0</mac_max>
        </mac>
        <mac>
            <mac_min>FDA5272B6855</mac_min>
            <mac_max>FDA5272B6856</mac_max>
        </mac>
        <mac>
            <mac_min>FDA5272B6858</mac_min>
            <mac_max>FDA5272B6859</mac_max>
        </mac>
        <mac>
            <mac_min>FDA5272B6861</mac_min>
            <mac_max>FDA5272B6864</mac_max>
        </mac>
        <mac>
            <mac_min>FDA5272B6866</mac_min>
            <mac_max>FDA5272B6868</mac_max>
        </mac>
        <mac>
            <mac_min>FDA5272B686C</mac_min>
            <mac_max>FDA5272B686D</mac_max>
        </mac>
        <mac>
            <mac_min>FDA5272B6871</mac_min>
            <mac_max>FDA5272B6872</mac_max>
        </mac>
    </mac_range>
    <mac_single>
        <mac>C91A006E3EA1</mac>
        <mac>C91A006E4049</mac>
        <mac>C91A006E404B</mac>
        <mac>C91A006E405C</mac>
        <mac>C91A006E4061</mac>
        <mac>C91A006E4063</mac>
        <mac>C91A006E4066</mac>
        <mac>C91A006E4069</mac>
        <mac>C91A006E4072</mac>
        <mac>FDA5272B66B4</mac>
        <mac>FDA5272B685C</mac>
        <mac>FDA5272B685E</mac>
        <mac>FDA5272B686F</mac>
        <mac>FDA5272B6874</mac>
        <mac>FDA5272B6876</mac>
        <mac>FDA5272B6879</mac>
        <mac>FDA5272B687C</mac>
        <mac>FDA5272B6885</mac>
    </mac_single>
    <mac_warn />
</build_mac>
