<?xml version="1.0" encoding="utf-8" ?>
<build_mac>
    <build_id>860100010030300032</build_id>
    <mac_range>
        <mac>
            <mac_min>C91A004900C8</mac_min>
            <mac_max>C91A004900C9</mac_max>
        </mac>
        <mac>
            <mac_min>C91A004900D7</mac_min>
            <mac_max>C91A004900DA</mac_max>
        </mac>
        <mac>
            <mac_min>C91A004900DC</mac_min>
            <mac_max>C91A004900DF</mac_max>
        </mac>
        <mac>
            <mac_min>C91A004900E1</mac_min>
            <mac_max>C91A004900E2</mac_max>
        </mac>
        <mac>
            <mac_min>C91A004900E5</mac_min>
            <mac_max>C91A004900E8</mac_max>
        </mac>
        <mac>
            <mac_min>C91A004900EA</mac_min>
            <mac_max>C91A004900EB</mac_max>
        </mac>
        <mac>
            <mac_min>C91A004900F0</mac_min>
            <mac_max>C91A004900F1</mac_max>
        </mac>
        <mac>
            <mac_min>C91A004900F3</mac_min>
            <mac_max>C91A004900F5</mac_max>
        </mac>
        <mac>
            <mac_min>C91A004900F7</mac_min>
            <mac_max>C91A0049012B</mac_max>
        </mac>
        <mac>
            <mac_min>C91A0049015E</mac_min>
            <mac_max>C91A00490171</mac_max>
        </mac>
        <mac>
            <mac_min>C91A00490173</mac_min>
            <mac_max>C91A00490183</mac_max>
        </mac>
        <mac>
            <mac_min>C91A00490185</mac_min>
            <mac_max>C91A0049018F</mac_max>
        </mac>
        <mac>
            <mac_min>C91A004902BC</mac_min>
            <mac_max>C91A004902D3</mac_max>
        </mac>
        <mac>
            <mac_min>C91A004902D5</mac_min>
            <mac_max>C91A004902ED</mac_max>
        </mac>
        <mac>
            <mac_min>C91A00490387</mac_min>
            <mac_max>C91A004903E7</mac_max>
        </mac>
        <mac>
            <mac_min>C91A0060041A</mac_min>
            <mac_max>C91A0060041B</mac_max>
        </mac>
        <mac>
            <mac_min>C91A0060041D</mac_min>
            <mac_max>C91A0060041E</mac_max>
        </mac>
        <mac>
            <mac_min>C91A00600421</mac_min>
            <mac_max>C91A00600423</mac_max>
        </mac>
        <mac>
            <mac_min>C91A00600425</mac_min>
            <mac_max>C91A00600426</mac_max>
        </mac>
        <mac>
            <mac_min>C91A0060042B</mac_min>
            <mac_max>C91A00600430</mac_max>
        </mac>
        <mac>
            <mac_min>C91A00600433</mac_min>
            <mac_max>C91A00600435</mac_max>
        </mac>
        <mac>
            <mac_min>C91A00600437</mac_min>
            <mac_max>C91A00600438</mac_max>
        </mac>
        <mac>
            <mac_min>C91A00600440</mac_min>
            <mac_max>C91A00600442</mac_max>
        </mac>
        <mac>
            <mac_min>C91A00600449</mac_min>
            <mac_max>C91A0060044B</mac_max>
        </mac>
        <mac>
            <mac_min>C91A00600DE0</mac_min>
            <mac_max>C91A00600DE3</mac_max>
        </mac>
        <mac>
            <mac_min>C91A00600DE5</mac_min>
            <mac_max>C91A00600DE6</mac_max>
        </mac>
        <mac>
            <mac_min>C91A00600DE8</mac_min>
            <mac_max>C91A00600DED</mac_max>
        </mac>
        <mac>
            <mac_min>C91A00600DFD</mac_min>
            <mac_max>C91A00600E00</mac_max>
        </mac>
        <mac>
            <mac_min>C91A00600E02</mac_min>
            <mac_max>C91A00600E03</mac_max>
        </mac>
        <mac>
            <mac_min>C91A00600E08</mac_min>
            <mac_max>C91A00600E0A</mac_max>
        </mac>
        <mac>
            <mac_min>C91A00601195</mac_min>
            <mac_max>C91A00601196</mac_max>
        </mac>
        <mac>
            <mac_min>C91A00601198</mac_min>
            <mac_max>C91A0060119A</mac_max>
        </mac>
        <mac>
            <mac_min>C91A0060119E</mac_min>
            <mac_max>C91A0060119F</mac_max>
        </mac>
        <mac>
            <mac_min>C91A006011A5</mac_min>
            <mac_max>C91A006011A6</mac_max>
        </mac>
        <mac>
            <mac_min>C91A006011AF</mac_min>
            <mac_max>C91A006011B0</mac_max>
        </mac>
        <mac>
            <mac_min>C91A006011C0</mac_min>
            <mac_max>C91A006011C3</mac_max>
        </mac>
        <mac>
            <mac_min>C91A006018A0</mac_min>
            <mac_max>C91A006018A1</mac_max>
        </mac>
        <mac>
            <mac_min>C91A006018A3</mac_min>
            <mac_max>C91A006018A4</mac_max>
        </mac>
        <mac>
            <mac_min>C91A006018A7</mac_min>
            <mac_max>C91A006018AA</mac_max>
        </mac>
        <mac>
            <mac_min>C91A006018B1</mac_min>
            <mac_max>C91A006018B2</mac_max>
        </mac>
        <mac>
            <mac_min>C91A006018B4</mac_min>
            <mac_max>C91A006018B9</mac_max>
        </mac>
        <mac>
            <mac_min>C91A006018BB</mac_min>
            <mac_max>C91A006018BD</mac_max>
        </mac>
        <mac>
            <mac_min>C91A006018BF</mac_min>
            <mac_max>C91A006018C0</mac_max>
        </mac>
        <mac>
            <mac_min>C91A006018C9</mac_min>
            <mac_max>C91A006018CB</mac_max>
        </mac>
        <mac>
            <mac_min>C91A00601AF4</mac_min>
            <mac_max>C91A00601B29</mac_max>
        </mac>
        <mac>
            <mac_min>C91A00601B2D</mac_min>
            <mac_max>C91A00601B30</mac_max>
        </mac>
        <mac>
            <mac_min>C91A00601B32</mac_min>
            <mac_max>C91A00601B3C</mac_max>
        </mac>
        <mac>
            <mac_min>C91A00601B3E</mac_min>
            <mac_max>C91A00601B45</mac_max>
        </mac>
        <mac>
            <mac_min>C91A00601B47</mac_min>
            <mac_max>C91A00601B50</mac_max>
        </mac>
        <mac>
            <mac_min>C91A00601B52</mac_min>
            <mac_max>C91A00601B57</mac_max>
        </mac>
        <mac>
            <mac_min>FDA5271A2575</mac_min>
            <mac_max>FDA5271A2576</mac_max>
        </mac>
        <mac>
            <mac_min>FDA5271A2578</mac_min>
            <mac_max>FDA5271A2579</mac_max>
        </mac>
        <mac>
            <mac_min>FDA5271A257C</mac_min>
            <mac_max>FDA5271A257E</mac_max>
        </mac>
        <mac>
            <mac_min>FDA5271A2580</mac_min>
            <mac_max>FDA5271A2581</mac_max>
        </mac>
        <mac>
            <mac_min>FDA5271A2586</mac_min>
            <mac_max>FDA5271A258B</mac_max>
        </mac>
        <mac>
            <mac_min>FDA5271A258E</mac_min>
            <mac_max>FDA5271A2590</mac_max>
        </mac>
        <mac>
            <mac_min>FDA5271A2592</mac_min>
            <mac_max>FDA5271A2593</mac_max>
        </mac>
        <mac>
            <mac_min>FDA5271A259B</mac_min>
            <mac_max>FDA5271A259D</mac_max>
        </mac>
        <mac>
            <mac_min>FDA5271A25A4</mac_min>
            <mac_max>FDA5271A25A6</mac_max>
        </mac>
        <mac>
            <mac_min>FDA5271BDF75</mac_min>
            <mac_max>FDA5271BDF76</mac_max>
        </mac>
        <mac>
            <mac_min>FDA5271BDF78</mac_min>
            <mac_max>FDA5271BDF79</mac_max>
        </mac>
        <mac>
            <mac_min>FDA5271BDF7C</mac_min>
            <mac_max>FDA5271BDF7F</mac_max>
        </mac>
        <mac>
            <mac_min>FDA5271BDF86</mac_min>
            <mac_max>FDA5271BDF87</mac_max>
        </mac>
        <mac>
            <mac_min>FDA5271BDF89</mac_min>
            <mac_max>FDA5271BDF8E</mac_max>
        </mac>
        <mac>
            <mac_min>FDA5271BDF90</mac_min>
            <mac_max>FDA5271BDF92</mac_max>
        </mac>
        <mac>
            <mac_min>FDA5271BDF94</mac_min>
            <mac_max>FDA5271BDF95</mac_max>
        </mac>
        <mac>
            <mac_min>FDA5271BDF9E</mac_min>
            <mac_max>FDA5271BDFA0</mac_max>
        </mac>
        <mac>
            <mac_min>FDA5271BE152</mac_min>
            <mac_max>FDA5271BE187</mac_max>
        </mac>
        <mac>
            <mac_min>FDA5271BE18B</mac_min>
            <mac_max>FDA5271BE18E</mac_max>
        </mac>
        <mac>
            <mac_min>FDA5271BE190</mac_min>
            <mac_max>FDA5271BE19A</mac_max>
        </mac>
        <mac>
            <mac_min>FDA5271BE19C</mac_min>
            <mac_max>FDA5271BE1A3</mac_max>
        </mac>
        <mac>
            <mac_min>FDA5271BE1A5</mac_min>
            <mac_max>FDA5271BE1AE</mac_max>
        </mac>
        <mac>
            <mac_min>FDA5271BE1B0</mac_min>
            <mac_max>FDA5271BE1B5</mac_max>
        </mac>
        <mac>
            <mac_min>FDA5271BE351</mac_min>
            <mac_max>FDA5271BE354</mac_max>
        </mac>
        <mac>
            <mac_min>FDA5271BE356</mac_min>
            <mac_max>FDA5271BE357</mac_max>
        </mac>
        <mac>
            <mac_min>FDA5271BE359</mac_min>
            <mac_max>FDA5271BE35A</mac_max>
        </mac>
        <mac>
            <mac_min>FDA5271BE54F</mac_min>
            <mac_max>FDA5271BE552</mac_max>
        </mac>
        <mac>
            <mac_min>FDA5271BE562</mac_min>
            <mac_max>FDA5271BE565</mac_max>
        </mac>
        <mac>
            <mac_min>FDA5271BE567</mac_min>
            <mac_max>FDA5271BE568</mac_max>
        </mac>
        <mac>
            <mac_min>FDA5271BE56D</mac_min>
            <mac_max>FDA5271BE56F</mac_max>
        </mac>
        <mac>
            <mac_min>FDA5271BE833</mac_min>
            <mac_max>FDA5271BE834</mac_max>
        </mac>
        <mac>
            <mac_min>FDA5271BE836</mac_min>
            <mac_max>FDA5271BE838</mac_max>
        </mac>
        <mac>
            <mac_min>FDA5271BE83C</mac_min>
            <mac_max>FDA5271BE83D</mac_max>
        </mac>
        <mac>
            <mac_min>FDA5271BE843</mac_min>
            <mac_max>FDA5271BE844</mac_max>
        </mac>
        <mac>
            <mac_min>FDA5271BE84D</mac_min>
            <mac_max>FDA5271BE84E</mac_max>
        </mac>
        <mac>
            <mac_min>FDA5271BE85E</mac_min>
            <mac_max>FDA5271BE861</mac_max>
        </mac>
    </mac_range>
    <mac_single>
        <mac>C91A004900CE</mac>
        <mac>C91A004900D0</mac>
        <mac>C91A004900D2</mac>
        <mac>C91A004900D4</mac>
        <mac>C91A00490269</mac>
        <mac>C91A00490271</mac>
        <mac>C91A00490385</mac>
        <mac>C91A00600429</mac>
        <mac>C91A0060043B</mac>
        <mac>C91A0060043E</mac>
        <mac>C91A00600446</mac>
        <mac>C91A00600DD1</mac>
        <mac>C91A00600DF1</mac>
        <mac>C91A00600DF3</mac>
        <mac>C91A00600DF6</mac>
        <mac>C91A00600DF8</mac>
        <mac>C91A00600DFA</mac>
        <mac>C91A00600E06</mac>
        <mac>C91A00600E0C</mac>
        <mac>C91A00601057</mac>
        <mac>C91A00601059</mac>
        <mac>C91A006011A1</mac>
        <mac>C91A006011A9</mac>
        <mac>C91A006011B4</mac>
        <mac>C91A006011B9</mac>
        <mac>C91A006011BD</mac>
        <mac>C91A006011C5</mac>
        <mac>C91A006016C6</mac>
        <mac>C91A0060189C</mac>
        <mac>C91A006018AC</mac>
        <mac>C91A006018AF</mac>
        <mac>C91A006018C2</mac>
        <mac>C91A006018C4</mac>
        <mac>C91A006018C6</mac>
        <mac>C91A006018CD</mac>
        <mac>C91A00601DAF</mac>
        <mac>FDA5271A2584</mac>
        <mac>FDA5271A2596</mac>
        <mac>FDA5271A2599</mac>
        <mac>FDA5271A25A1</mac>
        <mac>FDA5271BD67D</mac>
        <mac>FDA5271BD67F</mac>
        <mac>FDA5271BDF71</mac>
        <mac>FDA5271BDF81</mac>
        <mac>FDA5271BDF84</mac>
        <mac>FDA5271BDF97</mac>
        <mac>FDA5271BDF99</mac>
        <mac>FDA5271BDF9B</mac>
        <mac>FDA5271BDFA2</mac>
        <mac>FDA5271BE342</mac>
        <mac>FDA5271BE556</mac>
        <mac>FDA5271BE558</mac>
        <mac>FDA5271BE55B</mac>
        <mac>FDA5271BE55D</mac>
        <mac>FDA5271BE55F</mac>
        <mac>FDA5271BE56B</mac>
        <mac>FDA5271BE571</mac>
        <mac>FDA5271BE83F</mac>
        <mac>FDA5271BE847</mac>
        <mac>FDA5271BE852</mac>
        <mac>FDA5271BE857</mac>
        <mac>FDA5271BE85B</mac>
        <mac>FDA5271BE863</mac>
        <mac>FDA5271BED95</mac>
        <mac>FDA5271BEF8C</mac>
    </mac_single>
    <mac_warn />
</build_mac>
