<?xml version="1.0" encoding="utf-8" ?>
<build_mac>
    <build_id>860100010030100002</build_id>
    <mac_range>
        <mac>
            <mac_min>C91A005A012C</mac_min>
            <mac_max>C91A005A0131</mac_max>
        </mac>
        <mac>
            <mac_min>C91A005A0133</mac_min>
            <mac_max>C91A005A0135</mac_max>
        </mac>
        <mac>
            <mac_min>C91A005A013A</mac_min>
            <mac_max>C91A005A013D</mac_max>
        </mac>
        <mac>
            <mac_min>C91A005A013F</mac_min>
            <mac_max>C91A005A0143</mac_max>
        </mac>
        <mac>
            <mac_min>C91A005A0145</mac_min>
            <mac_max>C91A005A0148</mac_max>
        </mac>
        <mac>
            <mac_min>C91A005A014A</mac_min>
            <mac_max>C91A005A014B</mac_max>
        </mac>
        <mac>
            <mac_min>C91A005A014D</mac_min>
            <mac_max>C91A005A014E</mac_max>
        </mac>
        <mac>
            <mac_min>C91A005A0150</mac_min>
            <mac_max>C91A005A0151</mac_max>
        </mac>
        <mac>
            <mac_min>C91A005A0153</mac_min>
            <mac_max>C91A005A0155</mac_max>
        </mac>
        <mac>
            <mac_min>C91A005A0157</mac_min>
            <mac_max>C91A005A015C</mac_max>
        </mac>
        <mac>
            <mac_min>C91A005B0097</mac_min>
            <mac_max>C91A005B0098</mac_max>
        </mac>
        <mac>
            <mac_min>C91A005B009B</mac_min>
            <mac_max>C91A005B00B1</mac_max>
        </mac>
        <mac>
            <mac_min>C91A005B00B3</mac_min>
            <mac_max>C91A005B00B4</mac_max>
        </mac>
        <mac>
            <mac_min>C91A005B00B6</mac_min>
            <mac_max>C91A005B00B7</mac_max>
        </mac>
        <mac>
            <mac_min>C91A005B00B9</mac_min>
            <mac_max>C91A005B00C7</mac_max>
        </mac>
        <mac>
            <mac_min>C91A005B0202</mac_min>
            <mac_max>C91A005B0204</mac_max>
        </mac>
        <mac>
            <mac_min>C91A005B021C</mac_min>
            <mac_max>C91A005B021E</mac_max>
        </mac>
        <mac>
            <mac_min>C91A005B0221</mac_min>
            <mac_max>C91A005B0222</mac_max>
        </mac>
        <mac>
            <mac_min>C91A005B02CD</mac_min>
            <mac_max>C91A005B02CE</mac_max>
        </mac>
        <mac>
            <mac_min>C91A005B02EA</mac_min>
            <mac_max>C91A005B02EB</mac_max>
        </mac>
        <mac>
            <mac_min>C91A005B0325</mac_min>
            <mac_max>C91A005B0328</mac_max>
        </mac>
        <mac>
            <mac_min>C91A005B032A</mac_min>
            <mac_max>C91A005B032B</mac_max>
        </mac>
        <mac>
            <mac_min>C91A005B033F</mac_min>
            <mac_max>C91A005B0341</mac_max>
        </mac>
        <mac>
            <mac_min>C91A005D0064</mac_min>
            <mac_max>C91A005D0066</mac_max>
        </mac>
        <mac>
            <mac_min>C91A005D0069</mac_min>
            <mac_max>C91A005D006A</mac_max>
        </mac>
        <mac>
            <mac_min>C91A005D006C</mac_min>
            <mac_max>C91A005D0070</mac_max>
        </mac>
        <mac>
            <mac_min>C91A005D007C</mac_min>
            <mac_max>C91A005D007F</mac_max>
        </mac>
        <mac>
            <mac_min>C91A005D0081</mac_min>
            <mac_max>C91A005D0084</mac_max>
        </mac>
        <mac>
            <mac_min>C91A005D008C</mac_min>
            <mac_max>C91A005D0095</mac_max>
        </mac>
        <mac>
            <mac_min>C91A005D012C</mac_min>
            <mac_max>C91A005D012D</mac_max>
        </mac>
        <mac>
            <mac_min>C91A005D0135</mac_min>
            <mac_max>C91A005D0136</mac_max>
        </mac>
        <mac>
            <mac_min>C91A005D0138</mac_min>
            <mac_max>C91A005D0139</mac_max>
        </mac>
        <mac>
            <mac_min>C91A00600322</mac_min>
            <mac_max>C91A00600324</mac_max>
        </mac>
        <mac>
            <mac_min>C91A0060032C</mac_min>
            <mac_max>C91A0060032D</mac_max>
        </mac>
        <mac>
            <mac_min>C91A0060032F</mac_min>
            <mac_max>C91A00600333</mac_max>
        </mac>
        <mac>
            <mac_min>C91A00600335</mac_min>
            <mac_max>C91A00600338</mac_max>
        </mac>
        <mac>
            <mac_min>C91A0060033A</mac_min>
            <mac_max>C91A0060033C</mac_max>
        </mac>
        <mac>
            <mac_min>C91A0060033E</mac_min>
            <mac_max>C91A00600344</mac_max>
        </mac>
        <mac>
            <mac_min>C91A00600346</mac_min>
            <mac_max>C91A00600349</mac_max>
        </mac>
        <mac>
            <mac_min>C91A0060034B</mac_min>
            <mac_max>C91A0060034C</mac_max>
        </mac>
        <mac>
            <mac_min>C91A0060034E</mac_min>
            <mac_max>C91A00600351</mac_max>
        </mac>
        <mac>
            <mac_min>C91A006C1900</mac_min>
            <mac_max>C91A006C19F9</mac_max>
        </mac>
        <mac>
            <mac_min>C91A006C1A5E</mac_min>
            <mac_max>C91A006C1AC1</mac_max>
        </mac>
        <mac>
            <mac_min>C91A006E0320</mac_min>
            <mac_max>C91A006E0353</mac_max>
        </mac>
        <mac>
            <mac_min>C91A006E0355</mac_min>
            <mac_max>C91A006E03AD</mac_max>
        </mac>
        <mac>
            <mac_min>C91A006E03AF</mac_min>
            <mac_max>C91A006E03B5</mac_max>
        </mac>
        <mac>
            <mac_min>C91A006E041C</mac_min>
            <mac_max>C91A006E041D</mac_max>
        </mac>
        <mac>
            <mac_min>C91A006E0422</mac_min>
            <mac_max>C91A006E0424</mac_max>
        </mac>
        <mac>
            <mac_min>C91A006E042F</mac_min>
            <mac_max>C91A006E0431</mac_max>
        </mac>
        <mac>
            <mac_min>C91A006E0433</mac_min>
            <mac_max>C91A006E0436</mac_max>
        </mac>
        <mac>
            <mac_min>C91A006E0438</mac_min>
            <mac_max>C91A006E043B</mac_max>
        </mac>
        <mac>
            <mac_min>C91A006E043D</mac_min>
            <mac_max>C91A006E0441</mac_max>
        </mac>
        <mac>
            <mac_min>C91A006E0448</mac_min>
            <mac_max>C91A006E0449</mac_max>
        </mac>
        <mac>
            <mac_min>C91A006E04B0</mac_min>
            <mac_max>C91A006E04E1</mac_max>
        </mac>
        <mac>
            <mac_min>FDA52717F654</mac_min>
            <mac_max>FDA52717F655</mac_max>
        </mac>
        <mac>
            <mac_min>FDA52717F658</mac_min>
            <mac_max>FDA52717F66E</mac_max>
        </mac>
        <mac>
            <mac_min>FDA52717F670</mac_min>
            <mac_max>FDA52717F671</mac_max>
        </mac>
        <mac>
            <mac_min>FDA52717F673</mac_min>
            <mac_max>FDA52717F674</mac_max>
        </mac>
        <mac>
            <mac_min>FDA52717F676</mac_min>
            <mac_max>FDA52717F684</mac_max>
        </mac>
        <mac>
            <mac_min>FDA52717F8A4</mac_min>
            <mac_max>FDA52717F8A9</mac_max>
        </mac>
        <mac>
            <mac_min>FDA52717F8AB</mac_min>
            <mac_max>FDA52717F8AD</mac_max>
        </mac>
        <mac>
            <mac_min>FDA52717F8AF</mac_min>
            <mac_max>FDA52717F8B0</mac_max>
        </mac>
        <mac>
            <mac_min>FDA52717F8B2</mac_min>
            <mac_max>FDA52717F8B3</mac_max>
        </mac>
        <mac>
            <mac_min>FDA52717F8B5</mac_min>
            <mac_max>FDA52717F8B6</mac_max>
        </mac>
        <mac>
            <mac_min>FDA52717F8B8</mac_min>
            <mac_max>FDA52717F8BB</mac_max>
        </mac>
        <mac>
            <mac_min>FDA52717F8BD</mac_min>
            <mac_max>FDA52717F8C1</mac_max>
        </mac>
        <mac>
            <mac_min>FDA52717F8C3</mac_min>
            <mac_max>FDA52717F8C6</mac_max>
        </mac>
        <mac>
            <mac_min>FDA52717F8CB</mac_min>
            <mac_max>FDA52717F8CD</mac_max>
        </mac>
        <mac>
            <mac_min>FDA52717F8CF</mac_min>
            <mac_max>FDA52717F8D4</mac_max>
        </mac>
        <mac>
            <mac_min>FDA52718040A</mac_min>
            <mac_max>FDA52718040C</mac_max>
        </mac>
        <mac>
            <mac_min>FDA527180424</mac_min>
            <mac_max>FDA527180426</mac_max>
        </mac>
        <mac>
            <mac_min>FDA527180429</mac_min>
            <mac_max>FDA52718042A</mac_max>
        </mac>
        <mac>
            <mac_min>FDA5271804D5</mac_min>
            <mac_max>FDA5271804D6</mac_max>
        </mac>
        <mac>
            <mac_min>FDA5271804F2</mac_min>
            <mac_max>FDA5271804F3</mac_max>
        </mac>
        <mac>
            <mac_min>FDA52718052D</mac_min>
            <mac_max>FDA527180530</mac_max>
        </mac>
        <mac>
            <mac_min>FDA527180532</mac_min>
            <mac_max>FDA527180533</mac_max>
        </mac>
        <mac>
            <mac_min>FDA527180547</mac_min>
            <mac_max>FDA527180549</mac_max>
        </mac>
        <mac>
            <mac_min>FDA52719D6E1</mac_min>
            <mac_max>FDA52719D6E3</mac_max>
        </mac>
        <mac>
            <mac_min>FDA52719D6E6</mac_min>
            <mac_max>FDA52719D6E7</mac_max>
        </mac>
        <mac>
            <mac_min>FDA52719D6E9</mac_min>
            <mac_max>FDA52719D6ED</mac_max>
        </mac>
        <mac>
            <mac_min>FDA52719D6F9</mac_min>
            <mac_max>FDA52719D6FC</mac_max>
        </mac>
        <mac>
            <mac_min>FDA52719D6FE</mac_min>
            <mac_max>FDA52719D701</mac_max>
        </mac>
        <mac>
            <mac_min>FDA52719D70A</mac_min>
            <mac_max>FDA52719D713</mac_max>
        </mac>
        <mac>
            <mac_min>FDA52719D7D3</mac_min>
            <mac_max>FDA52719D7D4</mac_max>
        </mac>
        <mac>
            <mac_min>FDA52719D7DC</mac_min>
            <mac_max>FDA52719D7DD</mac_max>
        </mac>
        <mac>
            <mac_min>FDA52719D7DF</mac_min>
            <mac_max>FDA52719D7E0</mac_max>
        </mac>
        <mac>
            <mac_min>FDA5271A0D7B</mac_min>
            <mac_max>FDA5271A0D7D</mac_max>
        </mac>
        <mac>
            <mac_min>FDA5271A0D85</mac_min>
            <mac_max>FDA5271A0D86</mac_max>
        </mac>
        <mac>
            <mac_min>FDA5271A0D88</mac_min>
            <mac_max>FDA5271A0D8C</mac_max>
        </mac>
        <mac>
            <mac_min>FDA5271A0D8E</mac_min>
            <mac_max>FDA5271A0D91</mac_max>
        </mac>
        <mac>
            <mac_min>FDA5271A0D93</mac_min>
            <mac_max>FDA5271A0D95</mac_max>
        </mac>
        <mac>
            <mac_min>FDA5271A0D97</mac_min>
            <mac_max>FDA5271A0D9D</mac_max>
        </mac>
        <mac>
            <mac_min>FDA5271A0D9F</mac_min>
            <mac_max>FDA5271A0DA2</mac_max>
        </mac>
        <mac>
            <mac_min>FDA5271A0DA4</mac_min>
            <mac_max>FDA5271A0DA5</mac_max>
        </mac>
        <mac>
            <mac_min>FDA5271A0DA7</mac_min>
            <mac_max>FDA5271A0DAA</mac_max>
        </mac>
        <mac>
            <mac_min>FDA5272A81E2</mac_min>
            <mac_max>FDA5272A82DB</mac_max>
        </mac>
        <mac>
            <mac_min>FDA5272A8340</mac_min>
            <mac_max>FDA5272A83A3</mac_max>
        </mac>
        <mac>
            <mac_min>FDA5272B140E</mac_min>
            <mac_max>FDA5272B1441</mac_max>
        </mac>
        <mac>
            <mac_min>FDA5272B1443</mac_min>
            <mac_max>FDA5272B149B</mac_max>
        </mac>
        <mac>
            <mac_min>FDA5272B149D</mac_min>
            <mac_max>FDA5272B14A3</mac_max>
        </mac>
        <mac>
            <mac_min>FDA5272B150A</mac_min>
            <mac_max>FDA5272B150B</mac_max>
        </mac>
        <mac>
            <mac_min>FDA5272B1510</mac_min>
            <mac_max>FDA5272B1512</mac_max>
        </mac>
        <mac>
            <mac_min>FDA5272B151D</mac_min>
            <mac_max>FDA5272B151F</mac_max>
        </mac>
        <mac>
            <mac_min>FDA5272B1521</mac_min>
            <mac_max>FDA5272B1524</mac_max>
        </mac>
        <mac>
            <mac_min>FDA5272B1526</mac_min>
            <mac_max>FDA5272B1529</mac_max>
        </mac>
        <mac>
            <mac_min>FDA5272B152B</mac_min>
            <mac_max>FDA5272B152F</mac_max>
        </mac>
        <mac>
            <mac_min>FDA5272B1536</mac_min>
            <mac_max>FDA5272B1537</mac_max>
        </mac>
        <mac>
            <mac_min>FDA5272B159E</mac_min>
            <mac_max>FDA5272B15CF</mac_max>
        </mac>
    </mac_range>
    <mac_single>
        <mac>C91A005A0137</mac>
        <mac>C91A005A02FE</mac>
        <mac>C91A005B0005</mac>
        <mac>C91A005B000B</mac>
        <mac>C91A005B0011</mac>
        <mac>C91A005B0015</mac>
        <mac>C91A005B0017</mac>
        <mac>C91A005B006D</mac>
        <mac>C91A005B0075</mac>
        <mac>C91A005B007B</mac>
        <mac>C91A005B0080</mac>
        <mac>C91A005B0085</mac>
        <mac>C91A005B01F4</mac>
        <mac>C91A005B01FD</mac>
        <mac>C91A005B01FF</mac>
        <mac>C91A005B020B</mac>
        <mac>C91A005B020E</mac>
        <mac>C91A005B0216</mac>
        <mac>C91A005B02BC</mac>
        <mac>C91A005B02C3</mac>
        <mac>C91A005B02C5</mac>
        <mac>C91A005B02D1</mac>
        <mac>C91A005B02D6</mac>
        <mac>C91A005B02DC</mac>
        <mac>C91A005B02E0</mac>
        <mac>C91A005B02ED</mac>
        <mac>C91A005B0321</mac>
        <mac>C91A005B0323</mac>
        <mac>C91A005B0330</mac>
        <mac>C91A005B0336</mac>
        <mac>C91A005B033B</mac>
        <mac>C91A005B0343</mac>
        <mac>C91A005B0345</mac>
        <mac>C91A005B0347</mac>
        <mac>C91A005B034C</mac>
        <mac>C91A005D0074</mac>
        <mac>C91A005D0076</mac>
        <mac>C91A005D0079</mac>
        <mac>C91A005D0086</mac>
        <mac>C91A005D0088</mac>
        <mac>C91A005D0131</mac>
        <mac>C91A005D0140</mac>
        <mac>C91A005D0142</mac>
        <mac>C91A005D0144</mac>
        <mac>C91A005D0147</mac>
        <mac>C91A005D014A</mac>
        <mac>C91A005D0152</mac>
        <mac>C91A00600320</mac>
        <mac>C91A00600326</mac>
        <mac>C91A0060032A</mac>
        <mac>C91A006E041A</mac>
        <mac>C91A006E041F</mac>
        <mac>C91A006E0426</mac>
        <mac>C91A006E0428</mac>
        <mac>C91A006E042A</mac>
        <mac>C91A006E0444</mac>
        <mac>C91A006E0446</mac>
        <mac>C91A006E044B</mac>
        <mac>FDA52717D351</mac>
        <mac>FDA52717F1D9</mac>
        <mac>FDA52717F1DF</mac>
        <mac>FDA52717F1E5</mac>
        <mac>FDA52717F1E9</mac>
        <mac>FDA52717F1EB</mac>
        <mac>FDA52717F62A</mac>
        <mac>FDA52717F632</mac>
        <mac>FDA52717F638</mac>
        <mac>FDA52717F63D</mac>
        <mac>FDA52717F642</mac>
        <mac>FDA52717F8C9</mac>
        <mac>FDA5271803FC</mac>
        <mac>FDA527180405</mac>
        <mac>FDA527180407</mac>
        <mac>FDA527180413</mac>
        <mac>FDA527180416</mac>
        <mac>FDA52718041E</mac>
        <mac>FDA5271804C4</mac>
        <mac>FDA5271804CB</mac>
        <mac>FDA5271804CD</mac>
        <mac>FDA5271804D9</mac>
        <mac>FDA5271804DE</mac>
        <mac>FDA5271804E4</mac>
        <mac>FDA5271804E8</mac>
        <mac>FDA5271804F5</mac>
        <mac>FDA527180529</mac>
        <mac>FDA52718052B</mac>
        <mac>FDA527180538</mac>
        <mac>FDA52718053E</mac>
        <mac>FDA527180543</mac>
        <mac>FDA52718054B</mac>
        <mac>FDA52718054D</mac>
        <mac>FDA52718054F</mac>
        <mac>FDA527180554</mac>
        <mac>FDA52719D6F1</mac>
        <mac>FDA52719D6F3</mac>
        <mac>FDA52719D6F6</mac>
        <mac>FDA52719D704</mac>
        <mac>FDA52719D706</mac>
        <mac>FDA52719D7D8</mac>
        <mac>FDA52719D7E7</mac>
        <mac>FDA52719D7E9</mac>
        <mac>FDA52719D7EB</mac>
        <mac>FDA52719D7EE</mac>
        <mac>FDA52719D7F1</mac>
        <mac>FDA52719D7F9</mac>
        <mac>FDA5271A0D79</mac>
        <mac>FDA5271A0D7F</mac>
        <mac>FDA5271A0D83</mac>
        <mac>FDA5272B1508</mac>
        <mac>FDA5272B150D</mac>
        <mac>FDA5272B1514</mac>
        <mac>FDA5272B1516</mac>
        <mac>FDA5272B1518</mac>
        <mac>FDA5272B1532</mac>
        <mac>FDA5272B1534</mac>
        <mac>FDA5272B1539</mac>
    </mac_single>
    <mac_warn />
</build_mac>
