<?xml version="1.0" encoding="utf-8" ?>
<build_mac>
    <build_id>860100010030300147</build_id>
    <mac_range>
        <mac>
            <mac_min>C91A00736794</mac_min>
            <mac_max>C91A00736795</mac_max>
        </mac>
        <mac>
            <mac_min>FDA52731FB25</mac_min>
            <mac_max>FDA52731FB26</mac_max>
        </mac>
    </mac_range>
    <mac_single>
        <mac>C91A00736790</mac>
        <mac>C91A007367B2</mac>
        <mac>FDA52731FB21</mac>
        <mac>FDA52731FB43</mac>
    </mac_single>
    <mac_warn />
</build_mac>
