<?xml version="1.0" encoding="utf-8" ?>
<build_mac>
    <build_id>860100010040500018</build_id>
    <mac_range />
    <mac_single>
        <mac>C91A00460190</mac>
        <mac>C91A00460193</mac>
        <mac>C91A004601BC</mac>
        <mac>C91A0046021E</mac>
        <mac>C91A00460225</mac>
        <mac>C91A0046025F</mac>
        <mac>C91A00460269</mac>
        <mac>C91A00460273</mac>
        <mac>C91A00460281</mac>
        <mac>C91A00460329</mac>
        <mac>C91A0046032F</mac>
        <mac>C91A00460332</mac>
        <mac>C91A00460339</mac>
        <mac>C91A0046033C</mac>
    </mac_single>
    <mac_warn />
</build_mac>
