<?xml version="1.0" encoding="utf-8" ?>
<build_mac>
    <build_id>860100010020300015</build_id>
    <mac_range>
        <mac>
            <mac_min>C91A004B0000</mac_min>
            <mac_max>C91A004B0063</mac_max>
        </mac>
        <mac>
            <mac_min>C91A004B00C8</mac_min>
            <mac_max>C91A004B00F9</mac_max>
        </mac>
        <mac>
            <mac_min>C91A004B012C</mac_min>
            <mac_max>C91A004B015D</mac_max>
        </mac>
        <mac>
            <mac_min>C91A004B01F4</mac_min>
            <mac_max>C91A004B0203</mac_max>
        </mac>
        <mac>
            <mac_min>C91A004B0320</mac_min>
            <mac_max>C91A004B0351</mac_max>
        </mac>
        <mac>
            <mac_min>C91A004B0384</mac_min>
            <mac_max>C91A004B03B1</mac_max>
        </mac>
        <mac>
            <mac_min>C91A004B03B3</mac_min>
            <mac_max>C91A004B03E7</mac_max>
        </mac>
        <mac>
            <mac_min>C91A0060189D</mac_min>
            <mac_max>C91A0060189F</mac_max>
        </mac>
        <mac>
            <mac_min>C91A006018C7</mac_min>
            <mac_max>C91A006018C8</mac_max>
        </mac>
        <mac>
            <mac_min>FDA5271BDF72</mac_min>
            <mac_max>FDA5271BDF74</mac_max>
        </mac>
        <mac>
            <mac_min>FDA5271BDF9C</mac_min>
            <mac_max>FDA5271BDF9D</mac_max>
        </mac>
    </mac_range>
    <mac_single>
        <mac>C91A006018A2</mac>
        <mac>C91A006018AB</mac>
        <mac>C91A006018BE</mac>
        <mac>FDA5271BDF77</mac>
        <mac>FDA5271BDF80</mac>
        <mac>FDA5271BDF93</mac>
    </mac_single>
    <mac_warn />
</build_mac>
