<?xml version="1.0" encoding="utf-8" ?>
<build_mac>
    <build_id>860100010050300041</build_id>
    <mac_range>
        <mac>
            <mac_min>C91A007367E8</mac_min>
            <mac_max>C91A007367F5</mac_max>
        </mac>
        <mac>
            <mac_min>C91A007367F9</mac_min>
            <mac_max>C91A00736800</mac_max>
        </mac>
        <mac>
            <mac_min>C91A00736802</mac_min>
            <mac_max>C91A00736819</mac_max>
        </mac>
        <mac>
            <mac_min>FDA52731FB79</mac_min>
            <mac_max>FDA52731FB86</mac_max>
        </mac>
        <mac>
            <mac_min>FDA52731FB8A</mac_min>
            <mac_max>FDA52731FB91</mac_max>
        </mac>
        <mac>
            <mac_min>FDA52731FB93</mac_min>
            <mac_max>FDA52731FBAA</mac_max>
        </mac>
    </mac_range>
    <mac_single>
        <mac>C91A007367F7</mac>
        <mac>FDA52731FB88</mac>
    </mac_single>
    <mac_warn />
</build_mac>
