<?xml version="1.0" encoding="utf-8" ?>
<build_mac>
    <build_id>860100010050300001</build_id>
    <mac_range>
        <mac>
            <mac_min>C91A006F3D56</mac_min>
            <mac_max>C91A006F3D58</mac_max>
        </mac>
        <mac>
            <mac_min>C91A006F3D6A</mac_min>
            <mac_max>C91A006F3D6E</mac_max>
        </mac>
        <mac>
            <mac_min>C91A006F3D7D</mac_min>
            <mac_max>C91A006F3D82</mac_max>
        </mac>
        <mac>
            <mac_min>C91A006F3D84</mac_min>
            <mac_max>C91A006F3D85</mac_max>
        </mac>
        <mac>
            <mac_min>C91A006F3E1C</mac_min>
            <mac_max>C91A006F3E4F</mac_max>
        </mac>
        <mac>
            <mac_min>C91A006F3E57</mac_min>
            <mac_max>C91A006F3E58</mac_max>
        </mac>
        <mac>
            <mac_min>C91A006F3E61</mac_min>
            <mac_max>C91A006F3E63</mac_max>
        </mac>
        <mac>
            <mac_min>C91A006F3E65</mac_min>
            <mac_max>C91A006F3E69</mac_max>
        </mac>
        <mac>
            <mac_min>C91A006F3E6B</mac_min>
            <mac_max>C91A006F3E6C</mac_max>
        </mac>
        <mac>
            <mac_min>C91A006F3E6E</mac_min>
            <mac_max>C91A006F3E6F</mac_max>
        </mac>
        <mac>
            <mac_min>C91A006F3E71</mac_min>
            <mac_max>C91A006F3E73</mac_max>
        </mac>
        <mac>
            <mac_min>C91A006F3E75</mac_min>
            <mac_max>C91A006F3E77</mac_max>
        </mac>
        <mac>
            <mac_min>FDA5272C62D3</mac_min>
            <mac_max>FDA5272C62D5</mac_max>
        </mac>
        <mac>
            <mac_min>FDA5272C62E7</mac_min>
            <mac_max>FDA5272C62EB</mac_max>
        </mac>
        <mac>
            <mac_min>FDA5272C62FA</mac_min>
            <mac_max>FDA5272C62FF</mac_max>
        </mac>
        <mac>
            <mac_min>FDA5272C6301</mac_min>
            <mac_max>FDA5272C6302</mac_max>
        </mac>
        <mac>
            <mac_min>FDA5272C6399</mac_min>
            <mac_max>FDA5272C63CC</mac_max>
        </mac>
        <mac>
            <mac_min>FDA5272C63D4</mac_min>
            <mac_max>FDA5272C63D5</mac_max>
        </mac>
        <mac>
            <mac_min>FDA5272C63DE</mac_min>
            <mac_max>FDA5272C63E0</mac_max>
        </mac>
        <mac>
            <mac_min>FDA5272C63E2</mac_min>
            <mac_max>FDA5272C63E6</mac_max>
        </mac>
        <mac>
            <mac_min>FDA5272C63E8</mac_min>
            <mac_max>FDA5272C63E9</mac_max>
        </mac>
        <mac>
            <mac_min>FDA5272C63EB</mac_min>
            <mac_max>FDA5272C63EC</mac_max>
        </mac>
        <mac>
            <mac_min>FDA5272C63EE</mac_min>
            <mac_max>FDA5272C63F0</mac_max>
        </mac>
        <mac>
            <mac_min>FDA5272C63F2</mac_min>
            <mac_max>FDA5272C63F4</mac_max>
        </mac>
    </mac_range>
    <mac_single>
        <mac>C91A006F3D5E</mac>
        <mac>C91A006F3D62</mac>
        <mac>C91A006F3D64</mac>
        <mac>C91A006F3D66</mac>
        <mac>C91A006F3D68</mac>
        <mac>C91A006F3D7A</mac>
        <mac>C91A006F3E5B</mac>
        <mac>C91A006F3E5E</mac>
        <mac>C91A006F3E7A</mac>
        <mac>C91A006F3E7C</mac>
        <mac>C91A006F3E7E</mac>
        <mac>FDA5272C62DB</mac>
        <mac>FDA5272C62DF</mac>
        <mac>FDA5272C62E1</mac>
        <mac>FDA5272C62E3</mac>
        <mac>FDA5272C62E5</mac>
        <mac>FDA5272C62F7</mac>
        <mac>FDA5272C63D8</mac>
        <mac>FDA5272C63DB</mac>
        <mac>FDA5272C63F7</mac>
        <mac>FDA5272C63F9</mac>
        <mac>FDA5272C63FB</mac>
    </mac_single>
    <mac_warn />
</build_mac>
