<?xml version="1.0" encoding="utf-8" ?>
<build_mac>
    <build_id>860100010020500006</build_id>
    <mac_range />
    <mac_single>
        <mac>C91A006D410C</mac>
        <mac>C91A006D4114</mac>
        <mac>C91A006D4125</mac>
        <mac>C91A006D412C</mac>
        <mac>C91A006D413B</mac>
        <mac>FDA5272B03DA</mac>
        <mac>FDA5272B03E2</mac>
        <mac>FDA5272B03F3</mac>
        <mac>FDA5272B03FA</mac>
        <mac>FDA5272B0409</mac>
    </mac_single>
    <mac_warn />
</build_mac>
