<?xml version="1.0" encoding="utf-8" ?>
<build_mac>
    <build_id>860100010020300037</build_id>
    <mac_range>
        <mac>
            <mac_min>C91A006D410F</mac_min>
            <mac_max>C91A006D4110</mac_max>
        </mac>
        <mac>
            <mac_min>C91A006D4122</mac_min>
            <mac_max>C91A006D4124</mac_max>
        </mac>
        <mac>
            <mac_min>C91A006D4132</mac_min>
            <mac_max>C91A006D4134</mac_max>
        </mac>
        <mac>
            <mac_min>FDA5272B03DD</mac_min>
            <mac_max>FDA5272B03DE</mac_max>
        </mac>
        <mac>
            <mac_min>FDA5272B03F0</mac_min>
            <mac_max>FDA5272B03F2</mac_max>
        </mac>
        <mac>
            <mac_min>FDA5272B0400</mac_min>
            <mac_max>FDA5272B0402</mac_max>
        </mac>
    </mac_range>
    <mac_single>
        <mac>C91A006D4113</mac>
        <mac>C91A006D4117</mac>
        <mac>C91A006D4119</mac>
        <mac>C91A006D411D</mac>
        <mac>C91A006D4120</mac>
        <mac>C91A006D412A</mac>
        <mac>C91A006D412E</mac>
        <mac>C91A006D4130</mac>
        <mac>C91A006D4136</mac>
        <mac>FDA5272B03E1</mac>
        <mac>FDA5272B03E5</mac>
        <mac>FDA5272B03E7</mac>
        <mac>FDA5272B03EB</mac>
        <mac>FDA5272B03EE</mac>
        <mac>FDA5272B03F8</mac>
        <mac>FDA5272B03FC</mac>
        <mac>FDA5272B03FE</mac>
        <mac>FDA5272B0404</mac>
    </mac_single>
    <mac_warn />
</build_mac>
