<?xml version="1.0" encoding="utf-8" ?>
<build_mac>
    <build_id>860100010030300027</build_id>
    <mac_range>
        <mac>
            <mac_min>C91A005F0032</mac_min>
            <mac_max>C91A005F0039</mac_max>
        </mac>
        <mac>
            <mac_min>C91A005F003B</mac_min>
            <mac_max>C91A005F003D</mac_max>
        </mac>
        <mac>
            <mac_min>C91A005F0043</mac_min>
            <mac_max>C91A005F0044</mac_max>
        </mac>
        <mac>
            <mac_min>C91A005F004C</mac_min>
            <mac_max>C91A005F0052</mac_max>
        </mac>
        <mac>
            <mac_min>C91A005F0054</mac_min>
            <mac_max>C91A005F0055</mac_max>
        </mac>
        <mac>
            <mac_min>C91A005F005E</mac_min>
            <mac_max>C91A005F005F</mac_max>
        </mac>
        <mac>
            <mac_min>C91A006512F2</mac_min>
            <mac_max>C91A006512F3</mac_max>
        </mac>
        <mac>
            <mac_min>FDA5271A1241</mac_min>
            <mac_max>FDA5271A1248</mac_max>
        </mac>
        <mac>
            <mac_min>FDA5271A124A</mac_min>
            <mac_max>FDA5271A124C</mac_max>
        </mac>
        <mac>
            <mac_min>FDA5271A1252</mac_min>
            <mac_max>FDA5271A1253</mac_max>
        </mac>
        <mac>
            <mac_min>FDA5271A125B</mac_min>
            <mac_max>FDA5271A1261</mac_max>
        </mac>
        <mac>
            <mac_min>FDA5271A1263</mac_min>
            <mac_max>FDA5271A1264</mac_max>
        </mac>
        <mac>
            <mac_min>FDA5271A126D</mac_min>
            <mac_max>FDA5271A126E</mac_max>
        </mac>
        <mac>
            <mac_min>FDA52725E374</mac_min>
            <mac_max>FDA52725E375</mac_max>
        </mac>
    </mac_range>
    <mac_single>
        <mac>C91A005F0047</mac>
        <mac>C91A005F0049</mac>
        <mac>C91A005F0057</mac>
        <mac>C91A005F005B</mac>
        <mac>C91A005F0061</mac>
        <mac>C91A005F0063</mac>
        <mac>C91A00651300</mac>
        <mac>C91A0065130D</mac>
        <mac>C91A00651315</mac>
        <mac>C91A00651318</mac>
        <mac>C91A00651321</mac>
        <mac>FDA5271A1256</mac>
        <mac>FDA5271A1258</mac>
        <mac>FDA5271A1266</mac>
        <mac>FDA5271A126A</mac>
        <mac>FDA5271A1270</mac>
        <mac>FDA5271A1272</mac>
        <mac>FDA52725E346</mac>
        <mac>FDA52725E34F</mac>
        <mac>FDA52725E352</mac>
        <mac>FDA52725E35A</mac>
        <mac>FDA52725E367</mac>
    </mac_single>
    <mac_warn />
</build_mac>
