<?xml version="1.0" encoding="utf-8" ?>
<build_mac>
    <build_id>860100010040300004</build_id>
    <mac_range>
        <mac>
            <mac_min>C91A005D0032</mac_min>
            <mac_max>C91A005D003D</mac_max>
        </mac>
        <mac>
            <mac_min>C91A005D003F</mac_min>
            <mac_max>C91A005D0056</mac_max>
        </mac>
        <mac>
            <mac_min>C91A005D005A</mac_min>
            <mac_max>C91A005D005F</mac_max>
        </mac>
        <mac>
            <mac_min>C91A005D0061</mac_min>
            <mac_max>C91A005D0062</mac_max>
        </mac>
        <mac>
            <mac_min>C91A005D00C8</mac_min>
            <mac_max>C91A005D00D2</mac_max>
        </mac>
        <mac>
            <mac_min>C91A005D00D4</mac_min>
            <mac_max>C91A005D00F5</mac_max>
        </mac>
        <mac>
            <mac_min>C91A005D00F7</mac_min>
            <mac_max>C91A005D00F9</mac_max>
        </mac>
        <mac>
            <mac_min>C91A005D00FE</mac_min>
            <mac_max>C91A005D00FF</mac_max>
        </mac>
        <mac>
            <mac_min>C91A005D010A</mac_min>
            <mac_max>C91A005D010B</mac_max>
        </mac>
        <mac>
            <mac_min>C91A005D011F</mac_min>
            <mac_max>C91A005D0120</mac_max>
        </mac>
        <mac>
            <mac_min>C91A005D0123</mac_min>
            <mac_max>C91A005D0124</mac_max>
        </mac>
        <mac>
            <mac_min>C91A005D015E</mac_min>
            <mac_max>C91A005D0179</mac_max>
        </mac>
        <mac>
            <mac_min>C91A005D017B</mac_min>
            <mac_max>C91A005D017F</mac_max>
        </mac>
        <mac>
            <mac_min>C91A005D0181</mac_min>
            <mac_max>C91A005D01A7</mac_max>
        </mac>
        <mac>
            <mac_min>C91A005D01A9</mac_min>
            <mac_max>C91A005D01B0</mac_max>
        </mac>
        <mac>
            <mac_min>C91A005D01B2</mac_min>
            <mac_max>C91A005D01BB</mac_max>
        </mac>
        <mac>
            <mac_min>C91A005D01BD</mac_min>
            <mac_max>C91A005D01CD</mac_max>
        </mac>
        <mac>
            <mac_min>C91A005D01CF</mac_min>
            <mac_max>C91A005D01DB</mac_max>
        </mac>
        <mac>
            <mac_min>C91A005D01DD</mac_min>
            <mac_max>C91A005D01E5</mac_max>
        </mac>
        <mac>
            <mac_min>C91A005D01E7</mac_min>
            <mac_max>C91A005D01F3</mac_max>
        </mac>
        <mac>
            <mac_min>C91A006F3CC7</mac_min>
            <mac_max>C91A006F3CC8</mac_max>
        </mac>
        <mac>
            <mac_min>C91A006F3CCE</mac_min>
            <mac_max>C91A006F3CD0</mac_max>
        </mac>
        <mac>
            <mac_min>C91A006F3CE3</mac_min>
            <mac_max>C91A006F3CE5</mac_max>
        </mac>
        <mac>
            <mac_min>FDA52719D6AE</mac_min>
            <mac_max>FDA52719D6B9</mac_max>
        </mac>
        <mac>
            <mac_min>FDA52719D6BB</mac_min>
            <mac_max>FDA52719D6D2</mac_max>
        </mac>
        <mac>
            <mac_min>FDA52719D6D7</mac_min>
            <mac_max>FDA52719D6DC</mac_max>
        </mac>
        <mac>
            <mac_min>FDA52719D6DE</mac_min>
            <mac_max>FDA52719D6DF</mac_max>
        </mac>
        <mac>
            <mac_min>FDA52719D76F</mac_min>
            <mac_max>FDA52719D779</mac_max>
        </mac>
        <mac>
            <mac_min>FDA52719D77B</mac_min>
            <mac_max>FDA52719D79C</mac_max>
        </mac>
        <mac>
            <mac_min>FDA52719D79E</mac_min>
            <mac_max>FDA52719D7A0</mac_max>
        </mac>
        <mac>
            <mac_min>FDA52719D7A5</mac_min>
            <mac_max>FDA52719D7A6</mac_max>
        </mac>
        <mac>
            <mac_min>FDA52719D7B1</mac_min>
            <mac_max>FDA52719D7B2</mac_max>
        </mac>
        <mac>
            <mac_min>FDA52719D7C6</mac_min>
            <mac_max>FDA52719D7C7</mac_max>
        </mac>
        <mac>
            <mac_min>FDA52719D7CA</mac_min>
            <mac_max>FDA52719D7CB</mac_max>
        </mac>
        <mac>
            <mac_min>FDA52719D805</mac_min>
            <mac_max>FDA52719D820</mac_max>
        </mac>
        <mac>
            <mac_min>FDA52719D822</mac_min>
            <mac_max>FDA52719D826</mac_max>
        </mac>
        <mac>
            <mac_min>FDA52719D828</mac_min>
            <mac_max>FDA52719D84E</mac_max>
        </mac>
        <mac>
            <mac_min>FDA52719D850</mac_min>
            <mac_max>FDA52719D857</mac_max>
        </mac>
        <mac>
            <mac_min>FDA52719D859</mac_min>
            <mac_max>FDA52719D862</mac_max>
        </mac>
        <mac>
            <mac_min>FDA52719D864</mac_min>
            <mac_max>FDA52719D874</mac_max>
        </mac>
        <mac>
            <mac_min>FDA52719D876</mac_min>
            <mac_max>FDA52719D882</mac_max>
        </mac>
        <mac>
            <mac_min>FDA52719D884</mac_min>
            <mac_max>FDA52719D88C</mac_max>
        </mac>
        <mac>
            <mac_min>FDA52719D88E</mac_min>
            <mac_max>FDA52719D89A</mac_max>
        </mac>
        <mac>
            <mac_min>FDA5272C6244</mac_min>
            <mac_max>FDA5272C6245</mac_max>
        </mac>
        <mac>
            <mac_min>FDA5272C624B</mac_min>
            <mac_max>FDA5272C624D</mac_max>
        </mac>
        <mac>
            <mac_min>FDA5272C6260</mac_min>
            <mac_max>FDA5272C6262</mac_max>
        </mac>
    </mac_range>
    <mac_single>
        <mac>C91A005D0058</mac>
        <mac>C91A005D0112</mac>
        <mac>C91A005D0114</mac>
        <mac>C91A005D0119</mac>
        <mac>C91A005D011C</mac>
        <mac>C91A005D0127</mac>
        <mac>C91A005D0129</mac>
        <mac>C91A006F3CBF</mac>
        <mac>C91A006F3CC5</mac>
        <mac>C91A006F3CCA</mac>
        <mac>C91A006F3CCC</mac>
        <mac>C91A006F3CD6</mac>
        <mac>C91A006F3CE0</mac>
        <mac>C91A006F3CE9</mac>
        <mac>C91A006F3CED</mac>
        <mac>FDA52719D6D4</mac>
        <mac>FDA52719D7B9</mac>
        <mac>FDA52719D7BB</mac>
        <mac>FDA52719D7C0</mac>
        <mac>FDA52719D7C3</mac>
        <mac>FDA52719D7CE</mac>
        <mac>FDA52719D7D0</mac>
        <mac>FDA5272C623C</mac>
        <mac>FDA5272C6242</mac>
        <mac>FDA5272C6247</mac>
        <mac>FDA5272C6249</mac>
        <mac>FDA5272C6253</mac>
        <mac>FDA5272C625D</mac>
        <mac>FDA5272C6266</mac>
        <mac>FDA5272C626A</mac>
    </mac_single>
    <mac_warn />
</build_mac>
