<?xml version="1.0" encoding="utf-8" ?>
<build_mac>
    <build_id>860100010040300007</build_id>
    <mac_range>
        <mac>
            <mac_min>C91A006D3552</mac_min>
            <mac_max>C91A006D3583</mac_max>
        </mac>
        <mac>
            <mac_min>C91A006D413C</mac_min>
            <mac_max>C91A006D4150</mac_max>
        </mac>
        <mac>
            <mac_min>C91A006D4152</mac_min>
            <mac_max>C91A006D416D</mac_max>
        </mac>
        <mac>
            <mac_min>C91A006D41D2</mac_min>
            <mac_max>C91A006D41E6</mac_max>
        </mac>
        <mac>
            <mac_min>C91A006D41E8</mac_min>
            <mac_max>C91A006D41EB</mac_max>
        </mac>
        <mac>
            <mac_min>C91A006D41ED</mac_min>
            <mac_max>C91A006D41F5</mac_max>
        </mac>
        <mac>
            <mac_min>C91A006D41F7</mac_min>
            <mac_max>C91A006D4203</mac_max>
        </mac>
        <mac>
            <mac_min>FDA527258E87</mac_min>
            <mac_max>FDA527258E89</mac_max>
        </mac>
        <mac>
            <mac_min>FDA527258E8D</mac_min>
            <mac_max>FDA527258E8E</mac_max>
        </mac>
        <mac>
            <mac_min>FDA527258ECB</mac_min>
            <mac_max>FDA527258ECC</mac_max>
        </mac>
        <mac>
            <mac_min>FDA527258F47</mac_min>
            <mac_max>FDA527258F48</mac_max>
        </mac>
        <mac>
            <mac_min>FDA527258F5A</mac_min>
            <mac_max>FDA527258F5B</mac_max>
        </mac>
        <mac>
            <mac_min>FDA527259189</mac_min>
            <mac_max>FDA52725918A</mac_max>
        </mac>
        <mac>
            <mac_min>FDA5272AF62C</mac_min>
            <mac_max>FDA5272AF65D</mac_max>
        </mac>
        <mac>
            <mac_min>FDA5272B040A</mac_min>
            <mac_max>FDA5272B041E</mac_max>
        </mac>
        <mac>
            <mac_min>FDA5272B0420</mac_min>
            <mac_max>FDA5272B043B</mac_max>
        </mac>
        <mac>
            <mac_min>FDA5272B04A0</mac_min>
            <mac_max>FDA5272B04B4</mac_max>
        </mac>
        <mac>
            <mac_min>FDA5272B04B6</mac_min>
            <mac_max>FDA5272B04B9</mac_max>
        </mac>
        <mac>
            <mac_min>FDA5272B04BB</mac_min>
            <mac_max>FDA5272B04C3</mac_max>
        </mac>
        <mac>
            <mac_min>FDA5272B04C5</mac_min>
            <mac_max>FDA5272B04D1</mac_max>
        </mac>
    </mac_range>
    <mac_single>
        <mac>FDA527258E81</mac>
        <mac>FDA527258E93</mac>
        <mac>FDA527258E9A</mac>
        <mac>FDA527258EAA</mac>
        <mac>FDA527258EB4</mac>
        <mac>FDA527258EBA</mac>
        <mac>FDA527258F3C</mac>
        <mac>FDA527258F45</mac>
        <mac>FDA527258F4C</mac>
        <mac>FDA527258F4E</mac>
        <mac>FDA527258F56</mac>
        <mac>FDA527258F5D</mac>
        <mac>FDA527258F7C</mac>
        <mac>FDA52725901A</mac>
        <mac>FDA52725901E</mac>
        <mac>FDA527259187</mac>
        <mac>FDA527259193</mac>
        <mac>FDA52725919A</mac>
        <mac>FDA5272591A6</mac>
    </mac_single>
    <mac_warn />
</build_mac>
