<?xml version="1.0" encoding="utf-8" ?>
<build_mac>
    <build_id>860100010020300016</build_id>
    <mac_range>
        <mac>
            <mac_min>C91A00601036</mac_min>
            <mac_max>C91A00601038</mac_max>
        </mac>
        <mac>
            <mac_min>C91A0060103A</mac_min>
            <mac_max>C91A00601042</mac_max>
        </mac>
        <mac>
            <mac_min>C91A00601044</mac_min>
            <mac_max>C91A00601056</mac_max>
        </mac>
        <mac>
            <mac_min>C91A0060105A</mac_min>
            <mac_max>C91A0060105F</mac_max>
        </mac>
        <mac>
            <mac_min>C91A00601061</mac_min>
            <mac_max>C91A00601065</mac_max>
        </mac>
        <mac>
            <mac_min>C91A006011BA</mac_min>
            <mac_max>C91A006011BC</mac_max>
        </mac>
        <mac>
            <mac_min>C91A00601B2B</mac_min>
            <mac_max>C91A00601B2C</mac_max>
        </mac>
        <mac>
            <mac_min>C91A006512F6</mac_min>
            <mac_max>C91A006512F7</mac_max>
        </mac>
        <mac>
            <mac_min>C91A006512F9</mac_min>
            <mac_max>C91A006512FB</mac_max>
        </mac>
        <mac>
            <mac_min>C91A00651301</mac_min>
            <mac_max>C91A00651302</mac_max>
        </mac>
        <mac>
            <mac_min>C91A00651304</mac_min>
            <mac_max>C91A00651305</mac_max>
        </mac>
        <mac>
            <mac_min>C91A00651310</mac_min>
            <mac_max>C91A00651311</mac_max>
        </mac>
        <mac>
            <mac_min>C91A006F3B2E</mac_min>
            <mac_max>C91A006F3B5F</mac_max>
        </mac>
        <mac>
            <mac_min>C91A006F3B9C</mac_min>
            <mac_max>C91A006F3B9E</mac_max>
        </mac>
        <mac>
            <mac_min>C91A006F3BAA</mac_min>
            <mac_max>C91A006F3BAB</mac_max>
        </mac>
        <mac>
            <mac_min>C91A006F3BB4</mac_min>
            <mac_max>C91A006F3BB5</mac_max>
        </mac>
        <mac>
            <mac_min>C91A006F3BB7</mac_min>
            <mac_max>C91A006F3BB9</mac_max>
        </mac>
        <mac>
            <mac_min>C91A006F3BBB</mac_min>
            <mac_max>C91A006F3BBD</mac_max>
        </mac>
        <mac>
            <mac_min>C91A006F3BC1</mac_min>
            <mac_max>C91A006F3BC3</mac_max>
        </mac>
        <mac>
            <mac_min>C91A006F3BF6</mac_min>
            <mac_max>C91A006F3C27</mac_max>
        </mac>
        <mac>
            <mac_min>C91A006F3C5A</mac_min>
            <mac_max>C91A006F3C8B</mac_max>
        </mac>
        <mac>
            <mac_min>FDA5271BD65C</mac_min>
            <mac_max>FDA5271BD65E</mac_max>
        </mac>
        <mac>
            <mac_min>FDA5271BD660</mac_min>
            <mac_max>FDA5271BD668</mac_max>
        </mac>
        <mac>
            <mac_min>FDA5271BD66A</mac_min>
            <mac_max>FDA5271BD67C</mac_max>
        </mac>
        <mac>
            <mac_min>FDA5271BD680</mac_min>
            <mac_max>FDA5271BD685</mac_max>
        </mac>
        <mac>
            <mac_min>FDA5271BD687</mac_min>
            <mac_max>FDA5271BD68B</mac_max>
        </mac>
        <mac>
            <mac_min>FDA5271BE189</mac_min>
            <mac_max>FDA5271BE18A</mac_max>
        </mac>
        <mac>
            <mac_min>FDA5271BE858</mac_min>
            <mac_max>FDA5271BE85A</mac_max>
        </mac>
        <mac>
            <mac_min>FDA52725E356</mac_min>
            <mac_max>FDA52725E357</mac_max>
        </mac>
        <mac>
            <mac_min>FDA52725E362</mac_min>
            <mac_max>FDA52725E363</mac_max>
        </mac>
        <mac>
            <mac_min>FDA52725E365</mac_min>
            <mac_max>FDA52725E366</mac_max>
        </mac>
        <mac>
            <mac_min>FDA52725E36C</mac_min>
            <mac_max>FDA52725E36E</mac_max>
        </mac>
        <mac>
            <mac_min>FDA52725E370</mac_min>
            <mac_max>FDA52725E371</mac_max>
        </mac>
        <mac>
            <mac_min>FDA5272C60AB</mac_min>
            <mac_max>FDA5272C60DC</mac_max>
        </mac>
        <mac>
            <mac_min>FDA5272C6119</mac_min>
            <mac_max>FDA5272C611B</mac_max>
        </mac>
        <mac>
            <mac_min>FDA5272C6127</mac_min>
            <mac_max>FDA5272C6128</mac_max>
        </mac>
        <mac>
            <mac_min>FDA5272C6131</mac_min>
            <mac_max>FDA5272C6132</mac_max>
        </mac>
        <mac>
            <mac_min>FDA5272C6134</mac_min>
            <mac_max>FDA5272C6136</mac_max>
        </mac>
        <mac>
            <mac_min>FDA5272C6138</mac_min>
            <mac_max>FDA5272C613A</mac_max>
        </mac>
        <mac>
            <mac_min>FDA5272C613E</mac_min>
            <mac_max>FDA5272C6140</mac_max>
        </mac>
        <mac>
            <mac_min>FDA5272C6173</mac_min>
            <mac_max>FDA5272C61A4</mac_max>
        </mac>
        <mac>
            <mac_min>FDA5272C61D7</mac_min>
            <mac_max>FDA5272C6208</mac_max>
        </mac>
    </mac_range>
    <mac_single>
        <mac>C91A00601067</mac>
        <mac>C91A0060119D</mac>
        <mac>C91A006011A8</mac>
        <mac>C91A006011AC</mac>
        <mac>C91A006011AE</mac>
        <mac>C91A006011B5</mac>
        <mac>C91A006011BF</mac>
        <mac>C91A006011C4</mac>
        <mac>C91A00601698</mac>
        <mac>C91A006019CA</mac>
        <mac>C91A006019D1</mac>
        <mac>C91A006019E3</mac>
        <mac>C91A006019E5</mac>
        <mac>C91A006019EC</mac>
        <mac>C91A00601B31</mac>
        <mac>C91A00601B3D</mac>
        <mac>C91A00601B51</mac>
        <mac>C91A00601D7E</mac>
        <mac>C91A00601D90</mac>
        <mac>C91A00601D95</mac>
        <mac>C91A00601D98</mac>
        <mac>C91A00601DA0</mac>
        <mac>C91A00601DA3</mac>
        <mac>C91A00601DA5</mac>
        <mac>C91A00601DAE</mac>
        <mac>C91A006512F4</mac>
        <mac>C91A006512FE</mac>
        <mac>C91A00651308</mac>
        <mac>C91A0065130A</mac>
        <mac>C91A0065130E</mac>
        <mac>C91A00651314</mac>
        <mac>C91A00651319</mac>
        <mac>C91A00651323</mac>
        <mac>C91A006F3B92</mac>
        <mac>C91A006F3B94</mac>
        <mac>C91A006F3B96</mac>
        <mac>C91A006F3B98</mac>
        <mac>C91A006F3B9A</mac>
        <mac>C91A006F3BA2</mac>
        <mac>C91A006F3BA4</mac>
        <mac>C91A006F3BA7</mac>
        <mac>C91A006F3BAD</mac>
        <mac>C91A006F3BAF</mac>
        <mac>C91A006F3BBF</mac>
        <mac>FDA5271BD68D</mac>
        <mac>FDA5271BDA75</mac>
        <mac>FDA5271BDE3B</mac>
        <mac>FDA5271BE041</mac>
        <mac>FDA5271BE043</mac>
        <mac>FDA5271BE04A</mac>
        <mac>FDA5271BE18F</mac>
        <mac>FDA5271BE19B</mac>
        <mac>FDA5271BE1AF</mac>
        <mac>FDA5271BE83B</mac>
        <mac>FDA5271BE846</mac>
        <mac>FDA5271BE84A</mac>
        <mac>FDA5271BE84C</mac>
        <mac>FDA5271BE853</mac>
        <mac>FDA5271BE85D</mac>
        <mac>FDA5271BE862</mac>
        <mac>FDA5271BED64</mac>
        <mac>FDA5271BED76</mac>
        <mac>FDA5271BED7B</mac>
        <mac>FDA5271BED7E</mac>
        <mac>FDA5271BED86</mac>
        <mac>FDA5271BED89</mac>
        <mac>FDA5271BED8B</mac>
        <mac>FDA5271BED94</mac>
        <mac>FDA5271BEF5E</mac>
        <mac>FDA52725E344</mac>
        <mac>FDA52725E34E</mac>
        <mac>FDA52725E353</mac>
        <mac>FDA52725E359</mac>
        <mac>FDA52725E35D</mac>
        <mac>FDA52725E35F</mac>
        <mac>FDA52725E369</mac>
        <mac>FDA52725E373</mac>
        <mac>FDA5272C610F</mac>
        <mac>FDA5272C6111</mac>
        <mac>FDA5272C6113</mac>
        <mac>FDA5272C6115</mac>
        <mac>FDA5272C6117</mac>
        <mac>FDA5272C611F</mac>
        <mac>FDA5272C6121</mac>
        <mac>FDA5272C6124</mac>
        <mac>FDA5272C612A</mac>
        <mac>FDA5272C612C</mac>
        <mac>FDA5272C613C</mac>
    </mac_single>
    <mac_warn />
</build_mac>
