<?xml version="1.0" encoding="utf-8" ?>
<build_mac>
    <build_id>860100010050300034</build_id>
    <mac_range />
    <mac_single>
        <mac>C91A00601614</mac>
        <mac>C91A00601956</mac>
        <mac>C91A006021A5</mac>
        <mac>C91A006021C0</mac>
        <mac>C91A00610FBF</mac>
        <mac>C91A00611998</mac>
        <mac>C91A006119BD</mac>
        <mac>C91A006119C1</mac>
        <mac>C91A006119C6</mac>
        <mac>C91A00611A12</mac>
        <mac>C91A00611A1D</mac>
        <mac>C91A00611A27</mac>
        <mac>FDA5271BE02B</mac>
        <mac>FDA5271BEEDA</mac>
        <mac>FDA5271BF9AB</mac>
        <mac>FDA5271BF9C6</mac>
        <mac>FDA5272296D8</mac>
        <mac>FDA5272296E2</mac>
        <mac>FDA5272296ED</mac>
        <mac>FDA527229739</mac>
        <mac>FDA52722973E</mac>
        <mac>FDA527229742</mac>
        <mac>FDA527229767</mac>
        <mac>FDA52722A142</mac>
    </mac_single>
    <mac_warn />
</build_mac>
