<?xml version="1.0" encoding="utf-8" ?>
<build_mac>
    <build_id>860100010030100007</build_id>
    <mac_range>
        <mac>
            <mac_min>C91A003D0000</mac_min>
            <mac_max>C91A003D0031</mac_max>
        </mac>
        <mac>
            <mac_min>C91A003D009A</mac_min>
            <mac_max>C91A003D009B</mac_max>
        </mac>
        <mac>
            <mac_min>C91A003D009E</mac_min>
            <mac_max>C91A003D00A1</mac_max>
        </mac>
        <mac>
            <mac_min>C91A003D00A9</mac_min>
            <mac_max>C91A003D00AD</mac_max>
        </mac>
        <mac>
            <mac_min>C91A003D00B2</mac_min>
            <mac_max>C91A003D00BA</mac_max>
        </mac>
        <mac>
            <mac_min>C91A003D00BE</mac_min>
            <mac_max>C91A003D00C0</mac_max>
        </mac>
        <mac>
            <mac_min>C91A003D00C5</mac_min>
            <mac_max>C91A003D00C7</mac_max>
        </mac>
        <mac>
            <mac_min>C91A0046015E</mac_min>
            <mac_max>C91A0046017C</mac_max>
        </mac>
        <mac>
            <mac_min>C91A0046017E</mac_min>
            <mac_max>C91A0046018F</mac_max>
        </mac>
        <mac>
            <mac_min>C91A00470032</mac_min>
            <mac_max>C91A00470063</mac_max>
        </mac>
        <mac>
            <mac_min>C91A004700A2</mac_min>
            <mac_max>C91A004700A4</mac_max>
        </mac>
        <mac>
            <mac_min>C91A004700A6</mac_min>
            <mac_max>C91A004700A8</mac_max>
        </mac>
        <mac>
            <mac_min>C91A004700B5</mac_min>
            <mac_max>C91A004700B6</mac_max>
        </mac>
        <mac>
            <mac_min>C91A004700BB</mac_min>
            <mac_max>C91A004700BD</mac_max>
        </mac>
        <mac>
            <mac_min>C91A004700BF</mac_min>
            <mac_max>C91A004700C3</mac_max>
        </mac>
        <mac>
            <mac_min>C91A004700C5</mac_min>
            <mac_max>C91A004700C7</mac_max>
        </mac>
        <mac>
            <mac_min>C91A0047012C</mac_min>
            <mac_max>C91A0047012D</mac_max>
        </mac>
        <mac>
            <mac_min>C91A00470130</mac_min>
            <mac_max>C91A00470133</mac_max>
        </mac>
        <mac>
            <mac_min>C91A00470137</mac_min>
            <mac_max>C91A0047013A</mac_max>
        </mac>
        <mac>
            <mac_min>C91A0047013D</mac_min>
            <mac_max>C91A0047013F</mac_max>
        </mac>
        <mac>
            <mac_min>C91A00470142</mac_min>
            <mac_max>C91A00470148</mac_max>
        </mac>
        <mac>
            <mac_min>C91A0047014B</mac_min>
            <mac_max>C91A00470153</mac_max>
        </mac>
        <mac>
            <mac_min>C91A00470155</mac_min>
            <mac_max>C91A00470158</mac_max>
        </mac>
        <mac>
            <mac_min>C91A00470258</mac_min>
            <mac_max>C91A00470261</mac_max>
        </mac>
        <mac>
            <mac_min>C91A00470263</mac_min>
            <mac_max>C91A00470266</mac_max>
        </mac>
        <mac>
            <mac_min>C91A00470268</mac_min>
            <mac_max>C91A00470275</mac_max>
        </mac>
        <mac>
            <mac_min>C91A00470277</mac_min>
            <mac_max>C91A0047027A</mac_max>
        </mac>
        <mac>
            <mac_min>C91A0047027C</mac_min>
            <mac_max>C91A00470288</mac_max>
        </mac>
        <mac>
            <mac_min>C91A0047028A</mac_min>
            <mac_max>C91A004702A9</mac_max>
        </mac>
        <mac>
            <mac_min>C91A004702AB</mac_min>
            <mac_max>C91A004702ED</mac_max>
        </mac>
        <mac>
            <mac_min>C91A004702F6</mac_min>
            <mac_max>C91A004702F7</mac_max>
        </mac>
        <mac>
            <mac_min>C91A004702FB</mac_min>
            <mac_max>C91A004702FE</mac_max>
        </mac>
        <mac>
            <mac_min>C91A00470303</mac_min>
            <mac_max>C91A00470305</mac_max>
        </mac>
        <mac>
            <mac_min>C91A00470312</mac_min>
            <mac_max>C91A00470313</mac_max>
        </mac>
        <mac>
            <mac_min>C91A00470315</mac_min>
            <mac_max>C91A00470317</mac_max>
        </mac>
        <mac>
            <mac_min>C91A005B0067</mac_min>
            <mac_max>C91A005B006A</mac_max>
        </mac>
        <mac>
            <mac_min>C91A005B0079</mac_min>
            <mac_max>C91A005B007A</mac_max>
        </mac>
        <mac>
            <mac_min>C91A005B007E</mac_min>
            <mac_max>C91A005B007F</mac_max>
        </mac>
        <mac>
            <mac_min>FDA52717F624</mac_min>
            <mac_max>FDA52717F627</mac_max>
        </mac>
        <mac>
            <mac_min>FDA52717F636</mac_min>
            <mac_max>FDA52717F637</mac_max>
        </mac>
        <mac>
            <mac_min>FDA52717F63B</mac_min>
            <mac_max>FDA52717F63C</mac_max>
        </mac>
    </mac_range>
    <mac_single>
        <mac>C91A003D0096</mac>
        <mac>C91A003D0098</mac>
        <mac>C91A003D00A3</mac>
        <mac>C91A003D00A5</mac>
        <mac>C91A003D00A7</mac>
        <mac>C91A003D0326</mac>
        <mac>C91A00470096</mac>
        <mac>C91A00470099</mac>
        <mac>C91A0047009E</mac>
        <mac>C91A004700B0</mac>
        <mac>C91A004700B2</mac>
        <mac>C91A00470135</mac>
        <mac>C91A0047015B</mac>
        <mac>C91A0047015D</mac>
        <mac>C91A004702EF</mac>
        <mac>C91A004702F2</mac>
        <mac>C91A004702F4</mac>
        <mac>C91A00470301</mac>
        <mac>C91A00470307</mac>
        <mac>C91A00470309</mac>
        <mac>C91A0047030B</mac>
        <mac>C91A0047030D</mac>
        <mac>C91A0047031D</mac>
        <mac>C91A005B0065</mac>
        <mac>C91A005B006C</mac>
        <mac>C91A005B0081</mac>
        <mac>C91A005B0087</mac>
        <mac>C91A005B008B</mac>
        <mac>C91A005B008E</mac>
        <mac>C91A005B0090</mac>
        <mac>C91A005B0094</mac>
        <mac>C91A005B0096</mac>
        <mac>C91A005B0099</mac>
        <mac>C91A005B00B2</mac>
        <mac>C91A005B00B5</mac>
        <mac>FDA52717F622</mac>
        <mac>FDA52717F629</mac>
        <mac>FDA52717F63E</mac>
        <mac>FDA52717F644</mac>
        <mac>FDA52717F648</mac>
        <mac>FDA52717F64B</mac>
        <mac>FDA52717F64D</mac>
        <mac>FDA52717F651</mac>
        <mac>FDA52717F653</mac>
        <mac>FDA52717F656</mac>
        <mac>FDA52717F66F</mac>
        <mac>FDA52717F672</mac>
    </mac_single>
    <mac_warn />
</build_mac>
