<?xml version="1.0" encoding="utf-8" ?>
<build_mac>
    <build_id>860100010010300006</build_id>
    <mac_range>
        <mac>
            <mac_min>C91A003E0098</mac_min>
            <mac_max>C91A003E009E</mac_max>
        </mac>
        <mac>
            <mac_min>C91A003E00A0</mac_min>
            <mac_max>C91A003E00A2</mac_max>
        </mac>
        <mac>
            <mac_min>C91A003E00A4</mac_min>
            <mac_max>C91A003E00A6</mac_max>
        </mac>
        <mac>
            <mac_min>C91A003E00A8</mac_min>
            <mac_max>C91A003E00A9</mac_max>
        </mac>
        <mac>
            <mac_min>C91A003E00AB</mac_min>
            <mac_max>C91A003E00C2</mac_max>
        </mac>
        <mac>
            <mac_min>C91A003E00C4</mac_min>
            <mac_max>C91A003E00DD</mac_max>
        </mac>
        <mac>
            <mac_min>C91A003E00DF</mac_min>
            <mac_max>C91A003E00FC</mac_max>
        </mac>
        <mac>
            <mac_min>C91A003E00FE</mac_min>
            <mac_max>C91A003E0115</mac_max>
        </mac>
        <mac>
            <mac_min>C91A003E0117</mac_min>
            <mac_max>C91A003E012A</mac_max>
        </mac>
        <mac>
            <mac_min>C91A003E012C</mac_min>
            <mac_max>C91A003E0162</mac_max>
        </mac>
        <mac>
            <mac_min>C91A003E0164</mac_min>
            <mac_max>C91A003E0165</mac_max>
        </mac>
        <mac>
            <mac_min>C91A003E0167</mac_min>
            <mac_max>C91A003E01B0</mac_max>
        </mac>
        <mac>
            <mac_min>C91A003E01B2</mac_min>
            <mac_max>C91A003E01B3</mac_max>
        </mac>
        <mac>
            <mac_min>C91A003E01B5</mac_min>
            <mac_max>C91A003E01B6</mac_max>
        </mac>
        <mac>
            <mac_min>C91A003E01B9</mac_min>
            <mac_max>C91A003E01C1</mac_max>
        </mac>
        <mac>
            <mac_min>C91A003E01C4</mac_min>
            <mac_max>C91A003E01C5</mac_max>
        </mac>
        <mac>
            <mac_min>C91A003E01CC</mac_min>
            <mac_max>C91A003E01D0</mac_max>
        </mac>
        <mac>
            <mac_min>C91A003E01D9</mac_min>
            <mac_max>C91A003E01DD</mac_max>
        </mac>
        <mac>
            <mac_min>C91A003E01E2</mac_min>
            <mac_max>C91A003E01E4</mac_max>
        </mac>
        <mac>
            <mac_min>C91A003E01EB</mac_min>
            <mac_max>C91A003E01EE</mac_max>
        </mac>
        <mac>
            <mac_min>C91A003E01F4</mac_min>
            <mac_max>C91A003E01FD</mac_max>
        </mac>
        <mac>
            <mac_min>C91A003E01FF</mac_min>
            <mac_max>C91A003E0217</mac_max>
        </mac>
        <mac>
            <mac_min>C91A003E0219</mac_min>
            <mac_max>C91A003E021B</mac_max>
        </mac>
        <mac>
            <mac_min>C91A003E021D</mac_min>
            <mac_max>C91A003E0228</mac_max>
        </mac>
        <mac>
            <mac_min>C91A003E022A</mac_min>
            <mac_max>C91A003E0251</mac_max>
        </mac>
        <mac>
            <mac_min>C91A003E0253</mac_min>
            <mac_max>C91A003E0257</mac_max>
        </mac>
        <mac>
            <mac_min>C91A003E028A</mac_min>
            <mac_max>C91A003E028F</mac_max>
        </mac>
        <mac>
            <mac_min>C91A003E0291</mac_min>
            <mac_max>C91A003E02BB</mac_max>
        </mac>
        <mac>
            <mac_min>C91A003E0320</mac_min>
            <mac_max>C91A003E0345</mac_max>
        </mac>
        <mac>
            <mac_min>C91A003E0347</mac_min>
            <mac_max>C91A003E034F</mac_max>
        </mac>
        <mac>
            <mac_min>C91A003E03B6</mac_min>
            <mac_max>C91A003E03E3</mac_max>
        </mac>
        <mac>
            <mac_min>C91A003E03E5</mac_min>
            <mac_max>C91A003E03E7</mac_max>
        </mac>
    </mac_range>
    <mac_single>
        <mac>C91A003E01C7</mac>
        <mac>C91A003E01D2</mac>
        <mac>C91A003E01D4</mac>
        <mac>C91A003E01DF</mac>
        <mac>C91A003E01E6</mac>
        <mac>C91A003E01E9</mac>
        <mac>C91A003E0351</mac>
        <mac>C91A003E036A</mac>
        <mac>C91A003E0378</mac>
    </mac_single>
    <mac_warn />
</build_mac>
