<?xml version="1.0" encoding="utf-8" ?>
<build_mac>
    <build_id>860100010120300010</build_id>
    <mac_range>
        <mac>
            <mac_min>C91A006C16DA</mac_min>
            <mac_max>C91A006C173D</mac_max>
        </mac>
        <mac>
            <mac_min>C91A006C1A2C</mac_min>
            <mac_max>C91A006C1A39</mac_max>
        </mac>
        <mac>
            <mac_min>C91A006C1A3B</mac_min>
            <mac_max>C91A006C1A5D</mac_max>
        </mac>
        <mac>
            <mac_min>FDA5272A7FBC</mac_min>
            <mac_max>FDA5272A801F</mac_max>
        </mac>
        <mac>
            <mac_min>FDA5272A830E</mac_min>
            <mac_max>FDA5272A831B</mac_max>
        </mac>
        <mac>
            <mac_min>FDA5272A831D</mac_min>
            <mac_max>FDA5272A833F</mac_max>
        </mac>
    </mac_range>
    <mac_single />
    <mac_warn />
</build_mac>
