<?xml version="1.0" encoding="utf-8" ?>
<build_mac>
    <build_id>860100010040900005</build_id>
    <mac_range>
        <mac>
            <mac_min>C91A003E03A1</mac_min>
            <mac_max>C91A003E03A2</mac_max>
        </mac>
    </mac_range>
    <mac_single>
        <mac>C91A003E0387</mac>
        <mac>C91A003E0394</mac>
        <mac>C91A003E0396</mac>
        <mac>C91A003E039A</mac>
        <mac>C91A003E039E</mac>
        <mac>C91A003E03A9</mac>
        <mac>C91A003E03B0</mac>
        <mac>C91A003E03B4</mac>
    </mac_single>
    <mac_warn />
</build_mac>
