<?xml version="1.0" encoding="utf-8" ?>
<build_mac>
    <build_id>860100010040300005</build_id>
    <mac_range>
        <mac>
            <mac_min>C91A006F3ACE</mac_min>
            <mac_max>C91A006F3ACF</mac_max>
        </mac>
        <mac>
            <mac_min>C91A006F3AD1</mac_min>
            <mac_max>C91A006F3AD2</mac_max>
        </mac>
        <mac>
            <mac_min>C91A006F3AD5</mac_min>
            <mac_max>C91A006F3AD6</mac_max>
        </mac>
        <mac>
            <mac_min>C91A006F3AE8</mac_min>
            <mac_max>C91A006F3AE9</mac_max>
        </mac>
        <mac>
            <mac_min>C91A006F3AF7</mac_min>
            <mac_max>C91A006F3AF8</mac_max>
        </mac>
        <mac>
            <mac_min>C91A006F3EB2</mac_min>
            <mac_max>C91A006F3EB4</mac_max>
        </mac>
        <mac>
            <mac_min>C91A006F3EB6</mac_min>
            <mac_max>C91A006F3EBA</mac_max>
        </mac>
        <mac>
            <mac_min>C91A006F3EBD</mac_min>
            <mac_max>C91A006F3EBF</mac_max>
        </mac>
        <mac>
            <mac_min>C91A006F3EC1</mac_min>
            <mac_max>C91A006F3EC4</mac_max>
        </mac>
        <mac>
            <mac_min>C91A006F3EC6</mac_min>
            <mac_max>C91A006F3EC8</mac_max>
        </mac>
        <mac>
            <mac_min>C91A006F3ECA</mac_min>
            <mac_max>C91A006F3ED0</mac_max>
        </mac>
        <mac>
            <mac_min>C91A006F3ED2</mac_min>
            <mac_max>C91A006F3ED3</mac_max>
        </mac>
        <mac>
            <mac_min>C91A006F3ED6</mac_min>
            <mac_max>C91A006F3EE1</mac_max>
        </mac>
        <mac>
            <mac_min>C91A006F3EE3</mac_min>
            <mac_max>C91A006F3F15</mac_max>
        </mac>
        <mac>
            <mac_min>FDA5272C604B</mac_min>
            <mac_max>FDA5272C604C</mac_max>
        </mac>
        <mac>
            <mac_min>FDA5272C604E</mac_min>
            <mac_max>FDA5272C604F</mac_max>
        </mac>
        <mac>
            <mac_min>FDA5272C6052</mac_min>
            <mac_max>FDA5272C6053</mac_max>
        </mac>
        <mac>
            <mac_min>FDA5272C6065</mac_min>
            <mac_max>FDA5272C6066</mac_max>
        </mac>
        <mac>
            <mac_min>FDA5272C6074</mac_min>
            <mac_max>FDA5272C6075</mac_max>
        </mac>
        <mac>
            <mac_min>FDA5272C6430</mac_min>
            <mac_max>FDA5272C6432</mac_max>
        </mac>
        <mac>
            <mac_min>FDA5272C6434</mac_min>
            <mac_max>FDA5272C6438</mac_max>
        </mac>
        <mac>
            <mac_min>FDA5272C643B</mac_min>
            <mac_max>FDA5272C643D</mac_max>
        </mac>
        <mac>
            <mac_min>FDA5272C643F</mac_min>
            <mac_max>FDA5272C6442</mac_max>
        </mac>
        <mac>
            <mac_min>FDA5272C6444</mac_min>
            <mac_max>FDA5272C6446</mac_max>
        </mac>
        <mac>
            <mac_min>FDA5272C6448</mac_min>
            <mac_max>FDA5272C644E</mac_max>
        </mac>
        <mac>
            <mac_min>FDA5272C6450</mac_min>
            <mac_max>FDA5272C6451</mac_max>
        </mac>
        <mac>
            <mac_min>FDA5272C6454</mac_min>
            <mac_max>FDA5272C645F</mac_max>
        </mac>
        <mac>
            <mac_min>FDA5272C6461</mac_min>
            <mac_max>FDA5272C6493</mac_max>
        </mac>
    </mac_range>
    <mac_single>
        <mac>C91A006F3ACB</mac>
        <mac>C91A006F3AD8</mac>
        <mac>C91A006F3AE2</mac>
        <mac>C91A006F3AF1</mac>
        <mac>C91A006F3AF5</mac>
        <mac>C91A006F3AFA</mac>
        <mac>FDA5272C6048</mac>
        <mac>FDA5272C6055</mac>
        <mac>FDA5272C605F</mac>
        <mac>FDA5272C606E</mac>
        <mac>FDA5272C6072</mac>
        <mac>FDA5272C6077</mac>
    </mac_single>
    <mac_warn />
</build_mac>
