<?xml version="1.0" encoding="utf-8" ?>
<build_mac>
    <build_id>860100010040500026</build_id>
    <mac_range>
        <mac>
            <mac_min>FDA5273020F2</mac_min>
            <mac_max>FDA5273020F5</mac_max>
        </mac>
        <mac>
            <mac_min>FDA5273020F7</mac_min>
            <mac_max>FDA5273020F8</mac_max>
        </mac>
        <mac>
            <mac_min>FDA527302107</mac_min>
            <mac_max>FDA527302108</mac_max>
        </mac>
        <mac>
            <mac_min>FDA52730210A</mac_min>
            <mac_max>FDA52730210F</mac_max>
        </mac>
    </mac_range>
    <mac_single>
        <mac>FDA5273020FA</mac>
        <mac>FDA5273020FC</mac>
        <mac>FDA5273020FE</mac>
    </mac_single>
    <mac_warn />
</build_mac>
