<?xml version="1.0" encoding="utf-8" ?>
<build_mac>
    <build_id>860100010030100003</build_id>
    <mac_range>
        <mac>
            <mac_min>C91A003D012C</mac_min>
            <mac_max>C91A003D012E</mac_max>
        </mac>
        <mac>
            <mac_min>C91A003D0130</mac_min>
            <mac_max>C91A003D013F</mac_max>
        </mac>
        <mac>
            <mac_min>C91A003D0141</mac_min>
            <mac_max>C91A003D0149</mac_max>
        </mac>
        <mac>
            <mac_min>C91A003D014B</mac_min>
            <mac_max>C91A003D014C</mac_max>
        </mac>
        <mac>
            <mac_min>C91A003D014E</mac_min>
            <mac_max>C91A003D015D</mac_max>
        </mac>
        <mac>
            <mac_min>C91A003D0194</mac_min>
            <mac_max>C91A003D0198</mac_max>
        </mac>
        <mac>
            <mac_min>C91A003D019D</mac_min>
            <mac_max>C91A003D019E</mac_max>
        </mac>
        <mac>
            <mac_min>C91A003D01A8</mac_min>
            <mac_max>C91A003D01AB</mac_max>
        </mac>
        <mac>
            <mac_min>C91A003D01AD</mac_min>
            <mac_max>C91A003D01AE</mac_max>
        </mac>
        <mac>
            <mac_min>C91A003D01B1</mac_min>
            <mac_max>C91A003D01B2</mac_max>
        </mac>
        <mac>
            <mac_min>C91A003D01B4</mac_min>
            <mac_max>C91A003D01B5</mac_max>
        </mac>
        <mac>
            <mac_min>C91A003D01B7</mac_min>
            <mac_max>C91A003D01BA</mac_max>
        </mac>
        <mac>
            <mac_min>C91A003D01BF</mac_min>
            <mac_max>C91A003D01D1</mac_max>
        </mac>
        <mac>
            <mac_min>C91A003D01D3</mac_min>
            <mac_max>C91A003D01F2</mac_max>
        </mac>
        <mac>
            <mac_min>C91A003D01F4</mac_min>
            <mac_max>C91A003D0225</mac_max>
        </mac>
        <mac>
            <mac_min>C91A003D028A</mac_min>
            <mac_max>C91A003D02C9</mac_max>
        </mac>
        <mac>
            <mac_min>C91A003D02CB</mac_min>
            <mac_max>C91A003D031F</mac_max>
        </mac>
        <mac>
            <mac_min>C91A003D0352</mac_min>
            <mac_max>C91A003D0384</mac_max>
        </mac>
        <mac>
            <mac_min>C91A003D0387</mac_min>
            <mac_max>C91A003D038A</mac_max>
        </mac>
        <mac>
            <mac_min>C91A003D0395</mac_min>
            <mac_max>C91A003D0398</mac_max>
        </mac>
        <mac>
            <mac_min>C91A003D039E</mac_min>
            <mac_max>C91A003D039F</mac_max>
        </mac>
        <mac>
            <mac_min>C91A003D03B1</mac_min>
            <mac_max>C91A003D03B2</mac_max>
        </mac>
        <mac>
            <mac_min>C91A003D03C2</mac_min>
            <mac_max>C91A003D03C4</mac_max>
        </mac>
        <mac>
            <mac_min>C91A00470097</mac_min>
            <mac_max>C91A00470098</mac_max>
        </mac>
        <mac>
            <mac_min>C91A0047009A</mac_min>
            <mac_max>C91A0047009D</mac_max>
        </mac>
        <mac>
            <mac_min>C91A0047009F</mac_min>
            <mac_max>C91A004700A1</mac_max>
        </mac>
        <mac>
            <mac_min>C91A004700A9</mac_min>
            <mac_max>C91A004700AB</mac_max>
        </mac>
        <mac>
            <mac_min>C91A004700AD</mac_min>
            <mac_max>C91A004700AF</mac_max>
        </mac>
        <mac>
            <mac_min>C91A004700B3</mac_min>
            <mac_max>C91A004700B4</mac_max>
        </mac>
        <mac>
            <mac_min>C91A004700B7</mac_min>
            <mac_max>C91A004700BA</mac_max>
        </mac>
        <mac>
            <mac_min>C91A004700C8</mac_min>
            <mac_max>C91A004700D2</mac_max>
        </mac>
        <mac>
            <mac_min>C91A004700D4</mac_min>
            <mac_max>C91A004700E2</mac_max>
        </mac>
        <mac>
            <mac_min>C91A004700E4</mac_min>
            <mac_max>C91A004700EF</mac_max>
        </mac>
        <mac>
            <mac_min>C91A004700F1</mac_min>
            <mac_max>C91A004700F9</mac_max>
        </mac>
        <mac>
            <mac_min>C91A0047012E</mac_min>
            <mac_max>C91A0047012F</mac_max>
        </mac>
        <mac>
            <mac_min>C91A0047013B</mac_min>
            <mac_max>C91A0047013C</mac_max>
        </mac>
        <mac>
            <mac_min>C91A00470140</mac_min>
            <mac_max>C91A00470141</mac_max>
        </mac>
        <mac>
            <mac_min>C91A00470149</mac_min>
            <mac_max>C91A0047014A</mac_max>
        </mac>
        <mac>
            <mac_min>C91A00470159</mac_min>
            <mac_max>C91A0047015A</mac_max>
        </mac>
        <mac>
            <mac_min>C91A0047015E</mac_min>
            <mac_max>C91A0047016A</mac_max>
        </mac>
        <mac>
            <mac_min>C91A0047016C</mac_min>
            <mac_max>C91A004701C1</mac_max>
        </mac>
        <mac>
            <mac_min>C91A004702F0</mac_min>
            <mac_max>C91A004702F1</mac_max>
        </mac>
        <mac>
            <mac_min>C91A004702F8</mac_min>
            <mac_max>C91A004702FA</mac_max>
        </mac>
        <mac>
            <mac_min>C91A004702FF</mac_min>
            <mac_max>C91A00470300</mac_max>
        </mac>
        <mac>
            <mac_min>C91A0047030E</mac_min>
            <mac_max>C91A00470310</mac_max>
        </mac>
        <mac>
            <mac_min>C91A00470318</mac_min>
            <mac_max>C91A0047031C</mac_max>
        </mac>
        <mac>
            <mac_min>C91A0047031E</mac_min>
            <mac_max>C91A00470327</mac_max>
        </mac>
        <mac>
            <mac_min>C91A00470329</mac_min>
            <mac_max>C91A0047033B</mac_max>
        </mac>
        <mac>
            <mac_min>C91A0047033F</mac_min>
            <mac_max>C91A00470341</mac_max>
        </mac>
        <mac>
            <mac_min>C91A00470343</mac_min>
            <mac_max>C91A0047034A</mac_max>
        </mac>
        <mac>
            <mac_min>C91A0047034C</mac_min>
            <mac_max>C91A00470351</mac_max>
        </mac>
        <mac>
            <mac_min>C91A004703B6</mac_min>
            <mac_max>C91A004703E7</mac_max>
        </mac>
        <mac>
            <mac_min>C91A005A02F3</mac_min>
            <mac_max>C91A005A02F6</mac_max>
        </mac>
        <mac>
            <mac_min>C91A005A02F8</mac_min>
            <mac_max>C91A005A02F9</mac_max>
        </mac>
        <mac>
            <mac_min>C91A005A0305</mac_min>
            <mac_max>C91A005A0307</mac_max>
        </mac>
        <mac>
            <mac_min>C91A005A030C</mac_min>
            <mac_max>C91A005A0310</mac_max>
        </mac>
        <mac>
            <mac_min>C91A005A0312</mac_min>
            <mac_max>C91A005A0316</mac_max>
        </mac>
        <mac>
            <mac_min>C91A005A03D9</mac_min>
            <mac_max>C91A005A03DA</mac_max>
        </mac>
        <mac>
            <mac_min>C91A005B006E</mac_min>
            <mac_max>C91A005B006F</mac_max>
        </mac>
        <mac>
            <mac_min>C91A005B0083</mac_min>
            <mac_max>C91A005B0084</mac_max>
        </mac>
        <mac>
            <mac_min>C91A005B0089</mac_min>
            <mac_max>C91A005B008A</mac_max>
        </mac>
        <mac>
            <mac_min>C91A005B0091</mac_min>
            <mac_max>C91A005B0093</mac_max>
        </mac>
        <mac>
            <mac_min>C91A005B0136</mac_min>
            <mac_max>C91A005B0137</mac_max>
        </mac>
        <mac>
            <mac_min>C91A005B0144</mac_min>
            <mac_max>C91A005B0146</mac_max>
        </mac>
        <mac>
            <mac_min>C91A005B0156</mac_min>
            <mac_max>C91A005B0158</mac_max>
        </mac>
        <mac>
            <mac_min>C91A005B0258</mac_min>
            <mac_max>C91A005B0263</mac_max>
        </mac>
        <mac>
            <mac_min>C91A005B0265</mac_min>
            <mac_max>C91A005B0289</mac_max>
        </mac>
        <mac>
            <mac_min>C91A005B02BD</mac_min>
            <mac_max>C91A005B02BF</mac_max>
        </mac>
        <mac>
            <mac_min>C91A005B02C7</mac_min>
            <mac_max>C91A005B02CA</mac_max>
        </mac>
        <mac>
            <mac_min>C91A005B02CF</mac_min>
            <mac_max>C91A005B02D0</mac_max>
        </mac>
        <mac>
            <mac_min>C91A005B02D7</mac_min>
            <mac_max>C91A005B02D8</mac_max>
        </mac>
        <mac>
            <mac_min>C91A005B02DA</mac_min>
            <mac_max>C91A005B02DB</mac_max>
        </mac>
        <mac>
            <mac_min>C91A005B02E3</mac_min>
            <mac_max>C91A005B02E4</mac_max>
        </mac>
        <mac>
            <mac_min>C91A005D0133</mac_min>
            <mac_max>C91A005D0134</mac_max>
        </mac>
        <mac>
            <mac_min>C91A005D013A</mac_min>
            <mac_max>C91A005D013F</mac_max>
        </mac>
        <mac>
            <mac_min>C91A005D0145</mac_min>
            <mac_max>C91A005D0146</mac_max>
        </mac>
        <mac>
            <mac_min>C91A005D0148</mac_min>
            <mac_max>C91A005D0149</mac_max>
        </mac>
        <mac>
            <mac_min>C91A005D014C</mac_min>
            <mac_max>C91A005D014D</mac_max>
        </mac>
        <mac>
            <mac_min>C91A005D014F</mac_min>
            <mac_max>C91A005D0151</mac_max>
        </mac>
        <mac>
            <mac_min>C91A005D0155</mac_min>
            <mac_max>C91A005D0159</mac_max>
        </mac>
        <mac>
            <mac_min>C91A00600327</mac_min>
            <mac_max>C91A00600329</mac_max>
        </mac>
        <mac>
            <mac_min>C91A006003E8</mac_min>
            <mac_max>C91A00600419</mac_max>
        </mac>
        <mac>
            <mac_min>C91A0060047E</mac_min>
            <mac_max>C91A0060048A</mac_max>
        </mac>
        <mac>
            <mac_min>C91A00600490</mac_min>
            <mac_max>C91A006004AF</mac_max>
        </mac>
        <mac>
            <mac_min>C91A00610CE6</mac_min>
            <mac_max>C91A00610CEA</mac_max>
        </mac>
        <mac>
            <mac_min>C91A00610CEC</mac_min>
            <mac_max>C91A00610CEE</mac_max>
        </mac>
        <mac>
            <mac_min>C91A00610CF0</mac_min>
            <mac_max>C91A00610CF1</mac_max>
        </mac>
        <mac>
            <mac_min>C91A00610CF3</mac_min>
            <mac_max>C91A00610CFA</mac_max>
        </mac>
        <mac>
            <mac_min>C91A00610CFF</mac_min>
            <mac_max>C91A00610D00</mac_max>
        </mac>
        <mac>
            <mac_min>C91A00610D07</mac_min>
            <mac_max>C91A00610D09</mac_max>
        </mac>
        <mac>
            <mac_min>C91A00610D0B</mac_min>
            <mac_max>C91A00610D15</mac_max>
        </mac>
        <mac>
            <mac_min>C91A00610DAC</mac_min>
            <mac_max>C91A00610DC9</mac_max>
        </mac>
        <mac>
            <mac_min>C91A00610DCB</mac_min>
            <mac_max>C91A00610DD2</mac_max>
        </mac>
        <mac>
            <mac_min>C91A00610DD4</mac_min>
            <mac_max>C91A00610DD8</mac_max>
        </mac>
        <mac>
            <mac_min>C91A00610DDA</mac_min>
            <mac_max>C91A00610DDD</mac_max>
        </mac>
        <mac>
            <mac_min>C91A00611356</mac_min>
            <mac_max>C91A0061135A</mac_max>
        </mac>
        <mac>
            <mac_min>C91A0061135C</mac_min>
            <mac_max>C91A00611365</mac_max>
        </mac>
        <mac>
            <mac_min>C91A00611367</mac_min>
            <mac_max>C91A00611387</mac_max>
        </mac>
        <mac>
            <mac_min>C91A006607B4</mac_min>
            <mac_max>C91A006607B6</mac_max>
        </mac>
        <mac>
            <mac_min>C91A006D35B6</mac_min>
            <mac_max>C91A006D35BB</mac_max>
        </mac>
        <mac>
            <mac_min>C91A006D35BD</mac_min>
            <mac_max>C91A006D35C1</mac_max>
        </mac>
        <mac>
            <mac_min>C91A006D35C8</mac_min>
            <mac_max>C91A006D35CB</mac_max>
        </mac>
        <mac>
            <mac_min>C91A006D35D2</mac_min>
            <mac_max>C91A006D35D3</mac_max>
        </mac>
        <mac>
            <mac_min>C91A006D35D6</mac_min>
            <mac_max>C91A006D35D7</mac_max>
        </mac>
        <mac>
            <mac_min>C91A006D35D9</mac_min>
            <mac_max>C91A006D35DB</mac_max>
        </mac>
        <mac>
            <mac_min>C91A006D35E1</mac_min>
            <mac_max>C91A006D35E2</mac_max>
        </mac>
        <mac>
            <mac_min>C91A006D35E5</mac_min>
            <mac_max>C91A006D35E7</mac_max>
        </mac>
        <mac>
            <mac_min>C91A006E5E32</mac_min>
            <mac_max>C91A006E5E36</mac_max>
        </mac>
        <mac>
            <mac_min>C91A006E5E3B</mac_min>
            <mac_max>C91A006E5E3D</mac_max>
        </mac>
        <mac>
            <mac_min>C91A006E5E4B</mac_min>
            <mac_max>C91A006E5E4C</mac_max>
        </mac>
        <mac>
            <mac_min>C91A006E5E4E</mac_min>
            <mac_max>C91A006E5E4F</mac_max>
        </mac>
        <mac>
            <mac_min>C91A006E5E52</mac_min>
            <mac_max>C91A006E5E53</mac_max>
        </mac>
        <mac>
            <mac_min>C91A006F39D1</mac_min>
            <mac_max>C91A006F39E2</mac_max>
        </mac>
        <mac>
            <mac_min>C91A006F39E4</mac_min>
            <mac_max>C91A006F39E8</mac_max>
        </mac>
        <mac>
            <mac_min>C91A006F39EA</mac_min>
            <mac_max>C91A006F39F4</mac_max>
        </mac>
        <mac>
            <mac_min>C91A006F39F6</mac_min>
            <mac_max>C91A006F39F8</mac_max>
        </mac>
        <mac>
            <mac_min>C91A006F39FC</mac_min>
            <mac_max>C91A006F39FE</mac_max>
        </mac>
        <mac>
            <mac_min>C91A006F3A00</mac_min>
            <mac_max>C91A006F3A01</mac_max>
        </mac>
        <mac>
            <mac_min>C91A007134BC</mac_min>
            <mac_max>C91A007134E6</mac_max>
        </mac>
        <mac>
            <mac_min>C91A007134E8</mac_min>
            <mac_max>C91A00713505</mac_max>
        </mac>
        <mac>
            <mac_min>C91A00713507</mac_min>
            <mac_max>C91A00713551</mac_max>
        </mac>
        <mac>
            <mac_min>C91A00713586</mac_min>
            <mac_max>C91A00713587</mac_max>
        </mac>
        <mac>
            <mac_min>C91A0071358E</mac_min>
            <mac_max>C91A00713590</mac_max>
        </mac>
        <mac>
            <mac_min>C91A00713593</mac_min>
            <mac_max>C91A00713596</mac_max>
        </mac>
        <mac>
            <mac_min>C91A0071359C</mac_min>
            <mac_max>C91A0071359D</mac_max>
        </mac>
        <mac>
            <mac_min>C91A007135A6</mac_min>
            <mac_max>C91A007135A8</mac_max>
        </mac>
        <mac>
            <mac_min>C91A007135AA</mac_min>
            <mac_max>C91A007135AD</mac_max>
        </mac>
        <mac>
            <mac_min>C91A007135BC</mac_min>
            <mac_max>C91A007135C1</mac_max>
        </mac>
        <mac>
            <mac_min>C91A007135C5</mac_min>
            <mac_max>C91A007135C9</mac_max>
        </mac>
        <mac>
            <mac_min>C91A007135CB</mac_min>
            <mac_max>C91A007135D2</mac_max>
        </mac>
        <mac>
            <mac_min>C91A007135D4</mac_min>
            <mac_max>C91A007135D7</mac_max>
        </mac>
        <mac>
            <mac_min>C91A007135D9</mac_min>
            <mac_max>C91A007135DA</mac_max>
        </mac>
        <mac>
            <mac_min>C91A007135DC</mac_min>
            <mac_max>C91A007135DF</mac_max>
        </mac>
        <mac>
            <mac_min>C91A007135E1</mac_min>
            <mac_max>C91A007135E2</mac_max>
        </mac>
        <mac>
            <mac_min>C91A007135E4</mac_min>
            <mac_max>C91A007135E6</mac_max>
        </mac>
        <mac>
            <mac_min>C91A0071367E</mac_min>
            <mac_max>C91A007136AF</mac_max>
        </mac>
        <mac>
            <mac_min>FDA52717D275</mac_min>
            <mac_max>FDA52717D276</mac_max>
        </mac>
        <mac>
            <mac_min>FDA52717D339</mac_min>
            <mac_max>FDA52717D33D</mac_max>
        </mac>
        <mac>
            <mac_min>FDA52717D33F</mac_min>
            <mac_max>FDA52717D343</mac_max>
        </mac>
        <mac>
            <mac_min>FDA52717D348</mac_min>
            <mac_max>FDA52717D34A</mac_max>
        </mac>
        <mac>
            <mac_min>FDA52717D356</mac_min>
            <mac_max>FDA52717D357</mac_max>
        </mac>
        <mac>
            <mac_min>FDA52717D359</mac_min>
            <mac_max>FDA52717D35C</mac_max>
        </mac>
        <mac>
            <mac_min>FDA52717F62B</mac_min>
            <mac_max>FDA52717F62C</mac_max>
        </mac>
        <mac>
            <mac_min>FDA52717F640</mac_min>
            <mac_max>FDA52717F641</mac_max>
        </mac>
        <mac>
            <mac_min>FDA52717F646</mac_min>
            <mac_max>FDA52717F647</mac_max>
        </mac>
        <mac>
            <mac_min>FDA52717F64E</mac_min>
            <mac_max>FDA52717F650</mac_max>
        </mac>
        <mac>
            <mac_min>FDA52717F6F3</mac_min>
            <mac_max>FDA52717F6F4</mac_max>
        </mac>
        <mac>
            <mac_min>FDA52717F701</mac_min>
            <mac_max>FDA52717F703</mac_max>
        </mac>
        <mac>
            <mac_min>FDA52717F713</mac_min>
            <mac_max>FDA52717F715</mac_max>
        </mac>
        <mac>
            <mac_min>FDA527180460</mac_min>
            <mac_max>FDA52718046B</mac_max>
        </mac>
        <mac>
            <mac_min>FDA52718046D</mac_min>
            <mac_max>FDA527180491</mac_max>
        </mac>
        <mac>
            <mac_min>FDA5271804C5</mac_min>
            <mac_max>FDA5271804C7</mac_max>
        </mac>
        <mac>
            <mac_min>FDA5271804CF</mac_min>
            <mac_max>FDA5271804D2</mac_max>
        </mac>
        <mac>
            <mac_min>FDA5271804D7</mac_min>
            <mac_max>FDA5271804D8</mac_max>
        </mac>
        <mac>
            <mac_min>FDA5271804DF</mac_min>
            <mac_max>FDA5271804E0</mac_max>
        </mac>
        <mac>
            <mac_min>FDA5271804E2</mac_min>
            <mac_max>FDA5271804E3</mac_max>
        </mac>
        <mac>
            <mac_min>FDA5271804EB</mac_min>
            <mac_max>FDA5271804EC</mac_max>
        </mac>
        <mac>
            <mac_min>FDA52719D7DA</mac_min>
            <mac_max>FDA52719D7DB</mac_max>
        </mac>
        <mac>
            <mac_min>FDA52719D7E1</mac_min>
            <mac_max>FDA52719D7E6</mac_max>
        </mac>
        <mac>
            <mac_min>FDA52719D7EC</mac_min>
            <mac_max>FDA52719D7ED</mac_max>
        </mac>
        <mac>
            <mac_min>FDA52719D7EF</mac_min>
            <mac_max>FDA52719D7F0</mac_max>
        </mac>
        <mac>
            <mac_min>FDA52719D7F3</mac_min>
            <mac_max>FDA52719D7F4</mac_max>
        </mac>
        <mac>
            <mac_min>FDA52719D7F6</mac_min>
            <mac_max>FDA52719D7F8</mac_max>
        </mac>
        <mac>
            <mac_min>FDA52719D7FC</mac_min>
            <mac_max>FDA52719D800</mac_max>
        </mac>
        <mac>
            <mac_min>FDA5271A0D80</mac_min>
            <mac_max>FDA5271A0D82</mac_max>
        </mac>
        <mac>
            <mac_min>FDA5271A2543</mac_min>
            <mac_max>FDA5271A2574</mac_max>
        </mac>
        <mac>
            <mac_min>FDA5271A25D9</mac_min>
            <mac_max>FDA5271A25E5</mac_max>
        </mac>
        <mac>
            <mac_min>FDA5271A25EB</mac_min>
            <mac_max>FDA5271A260A</mac_max>
        </mac>
        <mac>
            <mac_min>FDA527229D7A</mac_min>
            <mac_max>FDA527229D9A</mac_max>
        </mac>
        <mac>
            <mac_min>FDA527229D9C</mac_min>
            <mac_max>FDA527229DA5</mac_max>
        </mac>
        <mac>
            <mac_min>FDA527229DA7</mac_min>
            <mac_max>FDA527229DAB</mac_max>
        </mac>
        <mac>
            <mac_min>FDA52722A324</mac_min>
            <mac_max>FDA52722A327</mac_max>
        </mac>
        <mac>
            <mac_min>FDA52722A329</mac_min>
            <mac_max>FDA52722A32D</mac_max>
        </mac>
        <mac>
            <mac_min>FDA52722A32F</mac_min>
            <mac_max>FDA52722A336</mac_max>
        </mac>
        <mac>
            <mac_min>FDA52722A338</mac_min>
            <mac_max>FDA52722A355</mac_max>
        </mac>
        <mac>
            <mac_min>FDA52722A3EC</mac_min>
            <mac_max>FDA52722A3F6</mac_max>
        </mac>
        <mac>
            <mac_min>FDA52722A3F8</mac_min>
            <mac_max>FDA52722A3FA</mac_max>
        </mac>
        <mac>
            <mac_min>FDA52722A401</mac_min>
            <mac_max>FDA52722A402</mac_max>
        </mac>
        <mac>
            <mac_min>FDA52722A407</mac_min>
            <mac_max>FDA52722A40E</mac_max>
        </mac>
        <mac>
            <mac_min>FDA52722A410</mac_min>
            <mac_max>FDA52722A411</mac_max>
        </mac>
        <mac>
            <mac_min>FDA52722A413</mac_min>
            <mac_max>FDA52722A415</mac_max>
        </mac>
        <mac>
            <mac_min>FDA52722A417</mac_min>
            <mac_max>FDA52722A41B</mac_max>
        </mac>
        <mac>
            <mac_min>FDA52723C744</mac_min>
            <mac_max>FDA52723C746</mac_max>
        </mac>
        <mac>
            <mac_min>FDA5272AF690</mac_min>
            <mac_max>FDA5272AF695</mac_max>
        </mac>
        <mac>
            <mac_min>FDA5272AF697</mac_min>
            <mac_max>FDA5272AF69B</mac_max>
        </mac>
        <mac>
            <mac_min>FDA5272AF6A2</mac_min>
            <mac_max>FDA5272AF6A5</mac_max>
        </mac>
        <mac>
            <mac_min>FDA5272AF6AC</mac_min>
            <mac_max>FDA5272AF6AD</mac_max>
        </mac>
        <mac>
            <mac_min>FDA5272AF6B0</mac_min>
            <mac_max>FDA5272AF6B1</mac_max>
        </mac>
        <mac>
            <mac_min>FDA5272AF6B3</mac_min>
            <mac_max>FDA5272AF6B5</mac_max>
        </mac>
        <mac>
            <mac_min>FDA5272AF6BB</mac_min>
            <mac_max>FDA5272AF6BC</mac_max>
        </mac>
        <mac>
            <mac_min>FDA5272AF6BF</mac_min>
            <mac_max>FDA5272AF6C1</mac_max>
        </mac>
        <mac>
            <mac_min>FDA5272B86B8</mac_min>
            <mac_max>FDA5272B86BC</mac_max>
        </mac>
        <mac>
            <mac_min>FDA5272B86C1</mac_min>
            <mac_max>FDA5272B86C3</mac_max>
        </mac>
        <mac>
            <mac_min>FDA5272B86D1</mac_min>
            <mac_max>FDA5272B86D2</mac_max>
        </mac>
        <mac>
            <mac_min>FDA5272B86D4</mac_min>
            <mac_max>FDA5272B86D5</mac_max>
        </mac>
        <mac>
            <mac_min>FDA5272B86D8</mac_min>
            <mac_max>FDA5272B86D9</mac_max>
        </mac>
        <mac>
            <mac_min>FDA5272C5F4C</mac_min>
            <mac_max>FDA5272C5F5D</mac_max>
        </mac>
        <mac>
            <mac_min>FDA5272C5F5F</mac_min>
            <mac_max>FDA5272C5F63</mac_max>
        </mac>
        <mac>
            <mac_min>FDA5272C5F65</mac_min>
            <mac_max>FDA5272C5F6F</mac_max>
        </mac>
        <mac>
            <mac_min>FDA5272C5F71</mac_min>
            <mac_max>FDA5272C5F73</mac_max>
        </mac>
        <mac>
            <mac_min>FDA5272C5F77</mac_min>
            <mac_max>FDA5272C5F79</mac_max>
        </mac>
        <mac>
            <mac_min>FDA5272C5F7B</mac_min>
            <mac_max>FDA5272C5F7C</mac_max>
        </mac>
        <mac>
            <mac_min>FDA5272E1EDF</mac_min>
            <mac_max>FDA5272E1F09</mac_max>
        </mac>
        <mac>
            <mac_min>FDA5272E1F0B</mac_min>
            <mac_max>FDA5272E1F28</mac_max>
        </mac>
        <mac>
            <mac_min>FDA5272E1F2A</mac_min>
            <mac_max>FDA5272E1F74</mac_max>
        </mac>
        <mac>
            <mac_min>FDA5272E1FA9</mac_min>
            <mac_max>FDA5272E1FAA</mac_max>
        </mac>
        <mac>
            <mac_min>FDA5272E1FB1</mac_min>
            <mac_max>FDA5272E1FB3</mac_max>
        </mac>
        <mac>
            <mac_min>FDA5272E1FB6</mac_min>
            <mac_max>FDA5272E1FB9</mac_max>
        </mac>
        <mac>
            <mac_min>FDA5272E1FBF</mac_min>
            <mac_max>FDA5272E1FC0</mac_max>
        </mac>
        <mac>
            <mac_min>FDA5272E1FC9</mac_min>
            <mac_max>FDA5272E1FCB</mac_max>
        </mac>
        <mac>
            <mac_min>FDA5272E1FCD</mac_min>
            <mac_max>FDA5272E1FD0</mac_max>
        </mac>
        <mac>
            <mac_min>FDA5272E1FDF</mac_min>
            <mac_max>FDA5272E1FE4</mac_max>
        </mac>
        <mac>
            <mac_min>FDA5272E1FE8</mac_min>
            <mac_max>FDA5272E1FEC</mac_max>
        </mac>
        <mac>
            <mac_min>FDA5272E1FEE</mac_min>
            <mac_max>FDA5272E1FF5</mac_max>
        </mac>
        <mac>
            <mac_min>FDA5272E1FF7</mac_min>
            <mac_max>FDA5272E1FFA</mac_max>
        </mac>
        <mac>
            <mac_min>FDA5272E1FFC</mac_min>
            <mac_max>FDA5272E1FFD</mac_max>
        </mac>
        <mac>
            <mac_min>FDA5272E1FFF</mac_min>
            <mac_max>FDA5272E2002</mac_max>
        </mac>
        <mac>
            <mac_min>FDA5272E2004</mac_min>
            <mac_max>FDA5272E2005</mac_max>
        </mac>
        <mac>
            <mac_min>FDA5272E2007</mac_min>
            <mac_max>FDA5272E2009</mac_max>
        </mac>
        <mac>
            <mac_min>FDA5272E20A1</mac_min>
            <mac_max>FDA5272E20D2</mac_max>
        </mac>
    </mac_range>
    <mac_single>
        <mac>C91A003D0192</mac>
        <mac>C91A003D019A</mac>
        <mac>C91A003D01A2</mac>
        <mac>C91A003D01A6</mac>
        <mac>C91A003D01BC</mac>
        <mac>C91A003D0261</mac>
        <mac>C91A003D0263</mac>
        <mac>C91A003D0268</mac>
        <mac>C91A003D0272</mac>
        <mac>C91A003D0279</mac>
        <mac>C91A003D027E</mac>
        <mac>C91A003D0286</mac>
        <mac>C91A003D038D</mac>
        <mac>C91A003D0390</mac>
        <mac>C91A003D0392</mac>
        <mac>C91A003D039B</mac>
        <mac>C91A003D03A4</mac>
        <mac>C91A003D03A6</mac>
        <mac>C91A003D03A8</mac>
        <mac>C91A003D03AC</mac>
        <mac>C91A003D03AF</mac>
        <mac>C91A003D03B5</mac>
        <mac>C91A003D03BC</mac>
        <mac>C91A003D03BE</mac>
        <mac>C91A003D03CE</mac>
        <mac>C91A003D03D0</mac>
        <mac>C91A003D03D5</mac>
        <mac>C91A003D03E6</mac>
        <mac>C91A004700A5</mac>
        <mac>C91A004700B1</mac>
        <mac>C91A004700BE</mac>
        <mac>C91A004700C4</mac>
        <mac>C91A00470134</mac>
        <mac>C91A00470136</mac>
        <mac>C91A00470154</mac>
        <mac>C91A0047015C</mac>
        <mac>C91A004702EE</mac>
        <mac>C91A004702F3</mac>
        <mac>C91A004702F5</mac>
        <mac>C91A00470302</mac>
        <mac>C91A00470306</mac>
        <mac>C91A00470308</mac>
        <mac>C91A0047030A</mac>
        <mac>C91A0047030C</mac>
        <mac>C91A00470314</mac>
        <mac>C91A0047033D</mac>
        <mac>C91A005A02FB</mac>
        <mac>C91A005A02FD</mac>
        <mac>C91A005A0300</mac>
        <mac>C91A005A0302</mac>
        <mac>C91A005A0318</mac>
        <mac>C91A005A031A</mac>
        <mac>C91A005A031C</mac>
        <mac>C91A005A031F</mac>
        <mac>C91A005A03B9</mac>
        <mac>C91A005A03BF</mac>
        <mac>C91A005A03C1</mac>
        <mac>C91A005A03C4</mac>
        <mac>C91A005A03CA</mac>
        <mac>C91A005A03CC</mac>
        <mac>C91A005A03CE</mac>
        <mac>C91A005A03D5</mac>
        <mac>C91A005B0001</mac>
        <mac>C91A005B0021</mac>
        <mac>C91A005B0027</mac>
        <mac>C91A005B0066</mac>
        <mac>C91A005B006B</mac>
        <mac>C91A005B0077</mac>
        <mac>C91A005B0086</mac>
        <mac>C91A005B008D</mac>
        <mac>C91A005B0095</mac>
        <mac>C91A005B012F</mac>
        <mac>C91A005B013D</mac>
        <mac>C91A005B0140</mac>
        <mac>C91A005B0142</mac>
        <mac>C91A005B0148</mac>
        <mac>C91A005B014A</mac>
        <mac>C91A005B0150</mac>
        <mac>C91A005B0152</mac>
        <mac>C91A005B0154</mac>
        <mac>C91A005B02C1</mac>
        <mac>C91A005B02C4</mac>
        <mac>C91A005B02DD</mac>
        <mac>C91A005B02DF</mac>
        <mac>C91A005B02E6</mac>
        <mac>C91A005B02E9</mac>
        <mac>C91A005D0078</mac>
        <mac>C91A005D0087</mac>
        <mac>C91A005D008B</mac>
        <mac>C91A005D012E</mac>
        <mac>C91A005D0130</mac>
        <mac>C91A005D0137</mac>
        <mac>C91A005D0141</mac>
        <mac>C91A005D0143</mac>
        <mac>C91A005D0153</mac>
        <mac>C91A005D015B</mac>
        <mac>C91A005D015D</mac>
        <mac>C91A00600321</mac>
        <mac>C91A00600325</mac>
        <mac>C91A0060032B</mac>
        <mac>C91A0060032E</mac>
        <mac>C91A00600334</mac>
        <mac>C91A00600339</mac>
        <mac>C91A0060033D</mac>
        <mac>C91A00600345</mac>
        <mac>C91A0060034A</mac>
        <mac>C91A0060034D</mac>
        <mac>C91A0060048C</mac>
        <mac>C91A0060048E</mac>
        <mac>C91A006021B2</mac>
        <mac>C91A00610CE4</mac>
        <mac>C91A00610CFD</mac>
        <mac>C91A00610D02</mac>
        <mac>C91A00610D04</mac>
        <mac>C91A006607B2</mac>
        <mac>C91A006607BE</mac>
        <mac>C91A006607C2</mac>
        <mac>C91A006D35C4</mac>
        <mac>C91A006D35C6</mac>
        <mac>C91A006D35DD</mac>
        <mac>C91A006D35DF</mac>
        <mac>C91A006E5E26</mac>
        <mac>C91A006E5E29</mac>
        <mac>C91A006E5E2B</mac>
        <mac>C91A006E5E2E</mac>
        <mac>C91A006E5E3F</mac>
        <mac>C91A006E5E43</mac>
        <mac>C91A006E5E55</mac>
        <mac>C91A006E5F2E</mac>
        <mac>C91A006E5F38</mac>
        <mac>C91A006E5F40</mac>
        <mac>C91A006F39FA</mac>
        <mac>C91A00713598</mac>
        <mac>C91A0071359A</mac>
        <mac>C91A007135A4</mac>
        <mac>C91A007135B2</mac>
        <mac>C91A007135B8</mac>
        <mac>C91A007135BA</mac>
        <mac>C91A007135C3</mac>
        <mac>C91A0071364D</mac>
        <mac>C91A0071416E</mac>
        <mac>C91A007239F5</mac>
        <mac>FDA52717D27A</mac>
        <mac>FDA52717D281</mac>
        <mac>FDA52717D283</mac>
        <mac>FDA52717D285</mac>
        <mac>FDA52717D28B</mac>
        <mac>FDA52717D28E</mac>
        <mac>FDA52717D290</mac>
        <mac>FDA52717D296</mac>
        <mac>FDA52717D330</mac>
        <mac>FDA52717D333</mac>
        <mac>FDA52717D335</mac>
        <mac>FDA52717D337</mac>
        <mac>FDA52717D34D</mac>
        <mac>FDA52717D34F</mac>
        <mac>FDA52717D352</mac>
        <mac>FDA52717D354</mac>
        <mac>FDA52717F1D5</mac>
        <mac>FDA52717F1F5</mac>
        <mac>FDA52717F1FB</mac>
        <mac>FDA52717F623</mac>
        <mac>FDA52717F628</mac>
        <mac>FDA52717F634</mac>
        <mac>FDA52717F643</mac>
        <mac>FDA52717F64A</mac>
        <mac>FDA52717F652</mac>
        <mac>FDA52717F6EC</mac>
        <mac>FDA52717F6FA</mac>
        <mac>FDA52717F6FD</mac>
        <mac>FDA52717F6FF</mac>
        <mac>FDA52717F705</mac>
        <mac>FDA52717F707</mac>
        <mac>FDA52717F70D</mac>
        <mac>FDA52717F70F</mac>
        <mac>FDA52717F711</mac>
        <mac>FDA5271804C9</mac>
        <mac>FDA5271804CC</mac>
        <mac>FDA5271804E5</mac>
        <mac>FDA5271804E7</mac>
        <mac>FDA5271804EE</mac>
        <mac>FDA5271804F1</mac>
        <mac>FDA52719D6F5</mac>
        <mac>FDA52719D705</mac>
        <mac>FDA52719D709</mac>
        <mac>FDA52719D7D5</mac>
        <mac>FDA52719D7D7</mac>
        <mac>FDA52719D7DE</mac>
        <mac>FDA52719D7E8</mac>
        <mac>FDA52719D7EA</mac>
        <mac>FDA52719D7FA</mac>
        <mac>FDA52719D802</mac>
        <mac>FDA52719D804</mac>
        <mac>FDA5271A0D7A</mac>
        <mac>FDA5271A0D7E</mac>
        <mac>FDA5271A0D84</mac>
        <mac>FDA5271A0D87</mac>
        <mac>FDA5271A0D8D</mac>
        <mac>FDA5271A0D92</mac>
        <mac>FDA5271A0D96</mac>
        <mac>FDA5271A0D9E</mac>
        <mac>FDA5271A0DA3</mac>
        <mac>FDA5271A0DA6</mac>
        <mac>FDA5271A25E7</mac>
        <mac>FDA5271A25E9</mac>
        <mac>FDA5271BF9B8</mac>
        <mac>FDA52722A3FD</mac>
        <mac>FDA52722A3FF</mac>
        <mac>FDA52722A404</mac>
        <mac>FDA52722A41D</mac>
        <mac>FDA52723C738</mac>
        <mac>FDA52723C73C</mac>
        <mac>FDA52723C748</mac>
        <mac>FDA5272AF69E</mac>
        <mac>FDA5272AF6A0</mac>
        <mac>FDA5272AF6B7</mac>
        <mac>FDA5272AF6B9</mac>
        <mac>FDA5272B86AC</mac>
        <mac>FDA5272B86AF</mac>
        <mac>FDA5272B86B1</mac>
        <mac>FDA5272B86B4</mac>
        <mac>FDA5272B86C5</mac>
        <mac>FDA5272B86C9</mac>
        <mac>FDA5272B86DB</mac>
        <mac>FDA5272B87B4</mac>
        <mac>FDA5272B87BE</mac>
        <mac>FDA5272B87C6</mac>
        <mac>FDA5272C5F75</mac>
        <mac>FDA5272E1FBB</mac>
        <mac>FDA5272E1FBD</mac>
        <mac>FDA5272E1FC7</mac>
        <mac>FDA5272E1FD5</mac>
        <mac>FDA5272E1FDB</mac>
        <mac>FDA5272E1FDD</mac>
        <mac>FDA5272E1FE6</mac>
        <mac>FDA5272E2070</mac>
        <mac>FDA5272E2B91</mac>
        <mac>FDA5272FD810</mac>
    </mac_single>
    <mac_warn />
</build_mac>
