<?xml version="1.0" encoding="utf-8" ?>
<build_mac>
    <build_id>860100010040300001</build_id>
    <mac_range>
        <mac>
            <mac_min>C91A00600911</mac_min>
            <mac_max>C91A00600917</mac_max>
        </mac>
        <mac>
            <mac_min>C91A0060091A</mac_min>
            <mac_max>C91A0060091B</mac_max>
        </mac>
        <mac>
            <mac_min>C91A00600921</mac_min>
            <mac_max>C91A00600922</mac_max>
        </mac>
        <mac>
            <mac_min>C91A00601618</mac_min>
            <mac_max>C91A0060161C</mac_max>
        </mac>
        <mac>
            <mac_min>C91A00601627</mac_min>
            <mac_max>C91A00601628</mac_max>
        </mac>
        <mac>
            <mac_min>C91A0060162A</mac_min>
            <mac_max>C91A0060162B</mac_max>
        </mac>
        <mac>
            <mac_min>C91A0060162E</mac_min>
            <mac_max>C91A00601630</mac_max>
        </mac>
        <mac>
            <mac_min>C91A00601633</mac_min>
            <mac_max>C91A00601634</mac_max>
        </mac>
        <mac>
            <mac_min>C91A0060163A</mac_min>
            <mac_max>C91A0060163C</mac_max>
        </mac>
        <mac>
            <mac_min>C91A00601640</mac_min>
            <mac_max>C91A00601641</mac_max>
        </mac>
        <mac>
            <mac_min>C91A006018AD</mac_min>
            <mac_max>C91A006018AE</mac_max>
        </mac>
        <mac>
            <mac_min>C91A00601F40</mac_min>
            <mac_max>C91A00601F70</mac_max>
        </mac>
        <mac>
            <mac_min>C91A0060209E</mac_min>
            <mac_max>C91A006020B7</mac_max>
        </mac>
        <mac>
            <mac_min>C91A006020B9</mac_min>
            <mac_max>C91A006020CF</mac_max>
        </mac>
        <mac>
            <mac_min>C91A00602117</mac_min>
            <mac_max>C91A00602118</mac_max>
        </mac>
        <mac>
            <mac_min>C91A00610000</mac_min>
            <mac_max>C91A00610012</mac_max>
        </mac>
        <mac>
            <mac_min>C91A00610014</mac_min>
            <mac_max>C91A00610031</mac_max>
        </mac>
        <mac>
            <mac_min>C91A006108CC</mac_min>
            <mac_max>C91A006108CD</mac_max>
        </mac>
        <mac>
            <mac_min>C91A006108FC</mac_min>
            <mac_max>C91A006108FE</mac_max>
        </mac>
        <mac>
            <mac_min>C91A00610900</mac_min>
            <mac_max>C91A0061095F</mac_max>
        </mac>
        <mac>
            <mac_min>C91A00610992</mac_min>
            <mac_max>C91A00610997</mac_max>
        </mac>
        <mac>
            <mac_min>C91A00610999</mac_min>
            <mac_max>C91A006109C3</mac_max>
        </mac>
        <mac>
            <mac_min>C91A006109F6</mac_min>
            <mac_max>C91A00610A27</mac_max>
        </mac>
        <mac>
            <mac_min>C91A00610ACC</mac_min>
            <mac_max>C91A00610ACE</mac_max>
        </mac>
        <mac>
            <mac_min>C91A00610AD0</mac_min>
            <mac_max>C91A00610AD3</mac_max>
        </mac>
        <mac>
            <mac_min>C91A00610AD5</mac_min>
            <mac_max>C91A00610AD7</mac_max>
        </mac>
        <mac>
            <mac_min>C91A00610ADA</mac_min>
            <mac_max>C91A00610ADB</mac_max>
        </mac>
        <mac>
            <mac_min>C91A00610AE4</mac_min>
            <mac_max>C91A00610AE5</mac_max>
        </mac>
        <mac>
            <mac_min>C91A00610B25</mac_min>
            <mac_max>C91A00610B26</mac_max>
        </mac>
        <mac>
            <mac_min>C91A00610BB8</mac_min>
            <mac_max>C91A00610BE9</mac_max>
        </mac>
        <mac>
            <mac_min>C91A00610C1C</mac_min>
            <mac_max>C91A00610C4D</mac_max>
        </mac>
        <mac>
            <mac_min>C91A00610C80</mac_min>
            <mac_max>C91A00610CB1</mac_max>
        </mac>
        <mac>
            <mac_min>C91A00610E10</mac_min>
            <mac_max>C91A00610E28</mac_max>
        </mac>
        <mac>
            <mac_min>C91A00610E2A</mac_min>
            <mac_max>C91A00610E41</mac_max>
        </mac>
        <mac>
            <mac_min>C91A00610EA6</mac_min>
            <mac_max>C91A00610F09</mac_max>
        </mac>
        <mac>
            <mac_min>C91A00610F6E</mac_min>
            <mac_max>C91A00610F79</mac_max>
        </mac>
        <mac>
            <mac_min>C91A00610F7B</mac_min>
            <mac_max>C91A00610FA0</mac_max>
        </mac>
        <mac>
            <mac_min>C91A00611036</mac_min>
            <mac_max>C91A00611057</mac_max>
        </mac>
        <mac>
            <mac_min>C91A00611059</mac_min>
            <mac_max>C91A006110CB</mac_max>
        </mac>
        <mac>
            <mac_min>C91A006110FE</mac_min>
            <mac_max>C91A0061111C</mac_max>
        </mac>
        <mac>
            <mac_min>C91A0061111E</mac_min>
            <mac_max>C91A00611136</mac_max>
        </mac>
        <mac>
            <mac_min>C91A00611138</mac_min>
            <mac_max>C91A0061114E</mac_max>
        </mac>
        <mac>
            <mac_min>C91A00611150</mac_min>
            <mac_max>C91A00611179</mac_max>
        </mac>
        <mac>
            <mac_min>C91A0061117B</mac_min>
            <mac_max>C91A0061117C</mac_max>
        </mac>
        <mac>
            <mac_min>C91A0061117E</mac_min>
            <mac_max>C91A00611193</mac_max>
        </mac>
        <mac>
            <mac_min>C91A006111F8</mac_min>
            <mac_max>C91A0061128D</mac_max>
        </mac>
        <mac>
            <mac_min>C91A006D4216</mac_min>
            <mac_max>C91A006D4217</mac_max>
        </mac>
        <mac>
            <mac_min>FDA5271A2BAE</mac_min>
            <mac_max>FDA5271A2BB4</mac_max>
        </mac>
        <mac>
            <mac_min>FDA5271A2BB7</mac_min>
            <mac_max>FDA5271A2BB8</mac_max>
        </mac>
        <mac>
            <mac_min>FDA5271A2BBE</mac_min>
            <mac_max>FDA5271A2BBF</mac_max>
        </mac>
        <mac>
            <mac_min>FDA5271BDF82</mac_min>
            <mac_max>FDA5271BDF83</mac_max>
        </mac>
        <mac>
            <mac_min>FDA5271BEEDE</mac_min>
            <mac_max>FDA5271BEEE2</mac_max>
        </mac>
        <mac>
            <mac_min>FDA5271BEEED</mac_min>
            <mac_max>FDA5271BEEEE</mac_max>
        </mac>
        <mac>
            <mac_min>FDA5271BEEF0</mac_min>
            <mac_max>FDA5271BEEF1</mac_max>
        </mac>
        <mac>
            <mac_min>FDA5271BEEF4</mac_min>
            <mac_max>FDA5271BEEF6</mac_max>
        </mac>
        <mac>
            <mac_min>FDA5271BEEF9</mac_min>
            <mac_max>FDA5271BEEFA</mac_max>
        </mac>
        <mac>
            <mac_min>FDA5271BEF00</mac_min>
            <mac_max>FDA5271BEF02</mac_max>
        </mac>
        <mac>
            <mac_min>FDA5271BEF06</mac_min>
            <mac_max>FDA5271BEF07</mac_max>
        </mac>
        <mac>
            <mac_min>FDA5271BF19E</mac_min>
            <mac_max>FDA5271BF1CE</mac_max>
        </mac>
        <mac>
            <mac_min>FDA5271BF2FC</mac_min>
            <mac_max>FDA5271BF315</mac_max>
        </mac>
        <mac>
            <mac_min>FDA5271BF317</mac_min>
            <mac_max>FDA5271BF32D</mac_max>
        </mac>
        <mac>
            <mac_min>FDA5271BF375</mac_min>
            <mac_max>FDA5271BF376</mac_max>
        </mac>
        <mac>
            <mac_min>FDA527229E74</mac_min>
            <mac_max>FDA527229F09</mac_max>
        </mac>
        <mac>
            <mac_min>FDA527229F6E</mac_min>
            <mac_max>FDA527229F83</mac_max>
        </mac>
        <mac>
            <mac_min>FDA527229F85</mac_min>
            <mac_max>FDA527229F86</mac_max>
        </mac>
        <mac>
            <mac_min>FDA527229F88</mac_min>
            <mac_max>FDA527229FB1</mac_max>
        </mac>
        <mac>
            <mac_min>FDA527229FB3</mac_min>
            <mac_max>FDA527229FC9</mac_max>
        </mac>
        <mac>
            <mac_min>FDA527229FCB</mac_min>
            <mac_max>FDA527229FE3</mac_max>
        </mac>
        <mac>
            <mac_min>FDA527229FE5</mac_min>
            <mac_max>FDA52722A003</mac_max>
        </mac>
        <mac>
            <mac_min>FDA52722A036</mac_min>
            <mac_max>FDA52722A0A8</mac_max>
        </mac>
        <mac>
            <mac_min>FDA52722A0AA</mac_min>
            <mac_max>FDA52722A0CB</mac_max>
        </mac>
        <mac>
            <mac_min>FDA52722A161</mac_min>
            <mac_max>FDA52722A186</mac_max>
        </mac>
        <mac>
            <mac_min>FDA52722A188</mac_min>
            <mac_max>FDA52722A193</mac_max>
        </mac>
        <mac>
            <mac_min>FDA52722A1F8</mac_min>
            <mac_max>FDA52722A25B</mac_max>
        </mac>
        <mac>
            <mac_min>FDA52722A2C0</mac_min>
            <mac_max>FDA52722A2D7</mac_max>
        </mac>
        <mac>
            <mac_min>FDA52722A2D9</mac_min>
            <mac_max>FDA52722A2F1</mac_max>
        </mac>
        <mac>
            <mac_min>FDA52722A450</mac_min>
            <mac_max>FDA52722A481</mac_max>
        </mac>
        <mac>
            <mac_min>FDA52722A4B4</mac_min>
            <mac_max>FDA52722A4E5</mac_max>
        </mac>
        <mac>
            <mac_min>FDA52722A518</mac_min>
            <mac_max>FDA52722A549</mac_max>
        </mac>
        <mac>
            <mac_min>FDA52722A5DC</mac_min>
            <mac_max>FDA52722A5DD</mac_max>
        </mac>
        <mac>
            <mac_min>FDA52722A61D</mac_min>
            <mac_max>FDA52722A61E</mac_max>
        </mac>
        <mac>
            <mac_min>FDA52722A627</mac_min>
            <mac_max>FDA52722A628</mac_max>
        </mac>
        <mac>
            <mac_min>FDA52722A62B</mac_min>
            <mac_max>FDA52722A62D</mac_max>
        </mac>
        <mac>
            <mac_min>FDA52722A62F</mac_min>
            <mac_max>FDA52722A632</mac_max>
        </mac>
        <mac>
            <mac_min>FDA52722A634</mac_min>
            <mac_max>FDA52722A636</mac_max>
        </mac>
        <mac>
            <mac_min>FDA52722A6DB</mac_min>
            <mac_max>FDA52722A70C</mac_max>
        </mac>
        <mac>
            <mac_min>FDA52722A73F</mac_min>
            <mac_max>FDA52722A769</mac_max>
        </mac>
        <mac>
            <mac_min>FDA52722A76B</mac_min>
            <mac_max>FDA52722A770</mac_max>
        </mac>
        <mac>
            <mac_min>FDA52722A7A3</mac_min>
            <mac_max>FDA52722A802</mac_max>
        </mac>
        <mac>
            <mac_min>FDA52722A804</mac_min>
            <mac_max>FDA52722A806</mac_max>
        </mac>
        <mac>
            <mac_min>FDA52722A835</mac_min>
            <mac_max>FDA52722A836</mac_max>
        </mac>
        <mac>
            <mac_min>FDA52722B0D1</mac_min>
            <mac_max>FDA52722B0EE</mac_max>
        </mac>
        <mac>
            <mac_min>FDA52722B0F0</mac_min>
            <mac_max>FDA52722B102</mac_max>
        </mac>
        <mac>
            <mac_min>FDA5272B04E4</mac_min>
            <mac_max>FDA5272B04E5</mac_max>
        </mac>
    </mac_range>
    <mac_single>
        <mac>C91A006006D0</mac>
        <mac>C91A006008FE</mac>
        <mac>C91A00600908</mac>
        <mac>C91A0060090C</mac>
        <mac>C91A0060091F</mac>
        <mac>C91A00600926</mac>
        <mac>C91A0060092C</mac>
        <mac>C91A00600DE7</mac>
        <mac>C91A00600DF0</mac>
        <mac>C91A00600DF2</mac>
        <mac>C91A00600E01</mac>
        <mac>C91A00600E04</mac>
        <mac>C91A00600E0B</mac>
        <mac>C91A0060119B</mac>
        <mac>C91A006011B2</mac>
        <mac>C91A00601613</mac>
        <mac>C91A00601615</mac>
        <mac>C91A00601621</mac>
        <mac>C91A00601637</mac>
        <mac>C91A006018BA</mac>
        <mac>C91A00601B2A</mac>
        <mac>C91A00602105</mac>
        <mac>C91A00602109</mac>
        <mac>C91A0060210C</mac>
        <mac>C91A00602115</mac>
        <mac>C91A00602123</mac>
        <mac>C91A0060212E</mac>
        <mac>C91A00602130</mac>
        <mac>C91A00610136</mac>
        <mac>C91A00610802</mac>
        <mac>C91A00610829</mac>
        <mac>C91A006108E2</mac>
        <mac>C91A00610A43</mac>
        <mac>C91A00610ABE</mac>
        <mac>C91A00610AC2</mac>
        <mac>C91A00610AC4</mac>
        <mac>C91A00610AC8</mac>
        <mac>C91A00610AE2</mac>
        <mac>C91A00610AE7</mac>
        <mac>C91A00610AEE</mac>
        <mac>C91A00610B30</mac>
        <mac>C91A00610B3B</mac>
        <mac>C91A00610B40</mac>
        <mac>C91A00610B44</mac>
        <mac>C91A00610B50</mac>
        <mac>C91A00610FB6</mac>
        <mac>C91A00610FC6</mac>
        <mac>C91A00611A01</mac>
        <mac>C91A00611A06</mac>
        <mac>C91A00611A2B</mac>
        <mac>C91A006D41E7</mac>
        <mac>C91A006D4212</mac>
        <mac>C91A006D422E</mac>
        <mac>FDA5271A20BF</mac>
        <mac>FDA5271A2B9B</mac>
        <mac>FDA5271A2BA5</mac>
        <mac>FDA5271A2BA9</mac>
        <mac>FDA5271A2BBC</mac>
        <mac>FDA5271A2BC3</mac>
        <mac>FDA5271A2BC9</mac>
        <mac>FDA5271BDF8F</mac>
        <mac>FDA5271BE188</mac>
        <mac>FDA5271BE358</mac>
        <mac>FDA5271BE555</mac>
        <mac>FDA5271BE557</mac>
        <mac>FDA5271BE566</mac>
        <mac>FDA5271BE569</mac>
        <mac>FDA5271BE570</mac>
        <mac>FDA5271BE839</mac>
        <mac>FDA5271BE850</mac>
        <mac>FDA5271BEED9</mac>
        <mac>FDA5271BEEDB</mac>
        <mac>FDA5271BEEE7</mac>
        <mac>FDA5271BEEFD</mac>
        <mac>FDA5271BF363</mac>
        <mac>FDA5271BF367</mac>
        <mac>FDA5271BF36A</mac>
        <mac>FDA5271BF373</mac>
        <mac>FDA5271BF381</mac>
        <mac>FDA5271BF38C</mac>
        <mac>FDA5271BF38E</mac>
        <mac>FDA5272296D4</mac>
        <mac>FDA5272296F9</mac>
        <mac>FDA5272296FE</mac>
        <mac>FDA52722A13B</mac>
        <mac>FDA52722A14B</mac>
        <mac>FDA52722A5B2</mac>
        <mac>FDA52722A5BE</mac>
        <mac>FDA52722A5C2</mac>
        <mac>FDA52722A5C7</mac>
        <mac>FDA52722A5D2</mac>
        <mac>FDA52722A614</mac>
        <mac>FDA52722A61B</mac>
        <mac>FDA52722A620</mac>
        <mac>FDA52722A63A</mac>
        <mac>FDA52722A63E</mac>
        <mac>FDA52722A640</mac>
        <mac>FDA52722A644</mac>
        <mac>FDA52722A6BF</mac>
        <mac>FDA52722A820</mac>
        <mac>FDA52722A8D9</mac>
        <mac>FDA52722A900</mac>
        <mac>FDA52722AFCC</mac>
        <mac>FDA5272B04B5</mac>
        <mac>FDA5272B04E0</mac>
        <mac>FDA5272B04FC</mac>
    </mac_single>
    <mac_warn />
</build_mac>
