<?xml version="1.0" encoding="utf-8" ?>
<build_mac>
    <build_id>860100010030500018</build_id>
    <mac_range>
        <mac>
            <mac_min>C91A0046021F</mac_min>
            <mac_max>C91A00460220</mac_max>
        </mac>
    </mac_range>
    <mac_single>
        <mac>C91A004601A2</mac>
        <mac>C91A004601A7</mac>
        <mac>C91A00460321</mac>
        <mac>C91A0046032C</mac>
        <mac>C91A00460330</mac>
        <mac>C91A00460347</mac>
        <mac>C91A0046034F</mac>
    </mac_single>
    <mac_warn />
</build_mac>
