<?xml version="1.0" encoding="utf-8" ?>
<build_mac>
    <build_id>860100010030300144</build_id>
    <mac_range>
        <mac>
            <mac_min>C91A006E3E88</mac_min>
            <mac_max>C91A006E3E89</mac_max>
        </mac>
        <mac>
            <mac_min>C91A006E3E8C</mac_min>
            <mac_max>C91A006E3E8D</mac_max>
        </mac>
        <mac>
            <mac_min>C91A006E3E94</mac_min>
            <mac_max>C91A006E3E95</mac_max>
        </mac>
        <mac>
            <mac_min>C91A006E3EA6</mac_min>
            <mac_max>C91A006E3EA9</mac_max>
        </mac>
        <mac>
            <mac_min>C91A006E3EAC</mac_min>
            <mac_max>C91A006E3EAD</mac_max>
        </mac>
        <mac>
            <mac_min>C91A006E4047</mac_min>
            <mac_max>C91A006E4048</mac_max>
        </mac>
        <mac>
            <mac_min>C91A006E404C</mac_min>
            <mac_max>C91A006E404D</mac_max>
        </mac>
        <mac>
            <mac_min>C91A006E4056</mac_min>
            <mac_max>C91A006E4058</mac_max>
        </mac>
        <mac>
            <mac_min>C91A006E4064</mac_min>
            <mac_max>C91A006E4065</mac_max>
        </mac>
        <mac>
            <mac_min>C91A006E4067</mac_min>
            <mac_max>C91A006E4068</mac_max>
        </mac>
        <mac>
            <mac_min>C91A006E406A</mac_min>
            <mac_max>C91A006E4071</mac_max>
        </mac>
        <mac>
            <mac_min>FDA5272B669B</mac_min>
            <mac_max>FDA5272B669C</mac_max>
        </mac>
        <mac>
            <mac_min>FDA5272B669F</mac_min>
            <mac_max>FDA5272B66A0</mac_max>
        </mac>
        <mac>
            <mac_min>FDA5272B66A7</mac_min>
            <mac_max>FDA5272B66A8</mac_max>
        </mac>
        <mac>
            <mac_min>FDA5272B66B9</mac_min>
            <mac_max>FDA5272B66BC</mac_max>
        </mac>
        <mac>
            <mac_min>FDA5272B66BF</mac_min>
            <mac_max>FDA5272B66C0</mac_max>
        </mac>
        <mac>
            <mac_min>FDA5272B685A</mac_min>
            <mac_max>FDA5272B685B</mac_max>
        </mac>
        <mac>
            <mac_min>FDA5272B685F</mac_min>
            <mac_max>FDA5272B6860</mac_max>
        </mac>
        <mac>
            <mac_min>FDA5272B6869</mac_min>
            <mac_max>FDA5272B686B</mac_max>
        </mac>
        <mac>
            <mac_min>FDA5272B6877</mac_min>
            <mac_max>FDA5272B6878</mac_max>
        </mac>
        <mac>
            <mac_min>FDA5272B687A</mac_min>
            <mac_max>FDA5272B687B</mac_max>
        </mac>
        <mac>
            <mac_min>FDA5272B687D</mac_min>
            <mac_max>FDA5272B6884</mac_max>
        </mac>
    </mac_range>
    <mac_single>
        <mac>C91A006E3E80</mac>
        <mac>C91A006E3E84</mac>
        <mac>C91A006E3E9A</mac>
        <mac>C91A006E3E9D</mac>
        <mac>C91A006E3EA0</mac>
        <mac>C91A006E3EA2</mac>
        <mac>C91A006E3EB3</mac>
        <mac>C91A006E4044</mac>
        <mac>C91A006E404A</mac>
        <mac>C91A006E4052</mac>
        <mac>C91A006E405B</mac>
        <mac>C91A006E405D</mac>
        <mac>C91A006E4060</mac>
        <mac>C91A006E4062</mac>
        <mac>C91A006E4073</mac>
        <mac>FDA5272B6693</mac>
        <mac>FDA5272B6697</mac>
        <mac>FDA5272B66AD</mac>
        <mac>FDA5272B66B0</mac>
        <mac>FDA5272B66B3</mac>
        <mac>FDA5272B66B5</mac>
        <mac>FDA5272B66C6</mac>
        <mac>FDA5272B6857</mac>
        <mac>FDA5272B685D</mac>
        <mac>FDA5272B6865</mac>
        <mac>FDA5272B686E</mac>
        <mac>FDA5272B6870</mac>
        <mac>FDA5272B6873</mac>
        <mac>FDA5272B6875</mac>
        <mac>FDA5272B6886</mac>
    </mac_single>
    <mac_warn />
</build_mac>
