<?xml version="1.0" encoding="utf-8" ?>
<build_mac>
    <build_id>860100010040500019</build_id>
    <mac_range>
        <mac>
            <mac_min>C91A004B01A9</mac_min>
            <mac_max>C91A004B01AB</mac_max>
        </mac>
    </mac_range>
    <mac_single>
        <mac>C91A004B01AE</mac>
        <mac>C91A004B01B0</mac>
        <mac>C91A004B01B3</mac>
        <mac>C91A004B01B9</mac>
        <mac>C91A004B01BB</mac>
        <mac>C91A004B01BE</mac>
        <mac>C91A005800F5</mac>
        <mac>FDA52717BFA4</mac>
    </mac_single>
    <mac_warn />
</build_mac>
