<?xml version="1.0" encoding="utf-8" ?>
<build_mac>
    <build_id>860100010040300046</build_id>
    <mac_range>
        <mac>
            <mac_min>C91A006D367E</mac_min>
            <mac_max>C91A006D3691</mac_max>
        </mac>
        <mac>
            <mac_min>C91A006D3693</mac_min>
            <mac_max>C91A006D36AF</mac_max>
        </mac>
        <mac>
            <mac_min>C91A006D41A6</mac_min>
            <mac_max>C91A006D41A7</mac_max>
        </mac>
        <mac>
            <mac_min>C91A006E3FDE</mac_min>
            <mac_max>C91A006E400F</mac_max>
        </mac>
        <mac>
            <mac_min>C91A006E510E</mac_min>
            <mac_max>C91A006E5118</mac_max>
        </mac>
        <mac>
            <mac_min>C91A006E511E</mac_min>
            <mac_max>C91A006E5123</mac_max>
        </mac>
        <mac>
            <mac_min>C91A006E5127</mac_min>
            <mac_max>C91A006E5131</mac_max>
        </mac>
        <mac>
            <mac_min>C91A006E5133</mac_min>
            <mac_max>C91A006E513A</mac_max>
        </mac>
        <mac>
            <mac_min>C91A006E513C</mac_min>
            <mac_max>C91A006E513F</mac_max>
        </mac>
        <mac>
            <mac_min>FDA5272AF758</mac_min>
            <mac_max>FDA5272AF76B</mac_max>
        </mac>
        <mac>
            <mac_min>FDA5272AF76D</mac_min>
            <mac_max>FDA5272AF789</mac_max>
        </mac>
        <mac>
            <mac_min>FDA5272B0474</mac_min>
            <mac_max>FDA5272B0475</mac_max>
        </mac>
        <mac>
            <mac_min>FDA5272B67F1</mac_min>
            <mac_max>FDA5272B6822</mac_max>
        </mac>
        <mac>
            <mac_min>FDA5272B797B</mac_min>
            <mac_max>FDA5272B7985</mac_max>
        </mac>
        <mac>
            <mac_min>FDA5272B798B</mac_min>
            <mac_max>FDA5272B7990</mac_max>
        </mac>
        <mac>
            <mac_min>FDA5272B7994</mac_min>
            <mac_max>FDA5272B799E</mac_max>
        </mac>
        <mac>
            <mac_min>FDA5272B79A0</mac_min>
            <mac_max>FDA5272B79A7</mac_max>
        </mac>
        <mac>
            <mac_min>FDA5272B79A9</mac_min>
            <mac_max>FDA5272B79AC</mac_max>
        </mac>
    </mac_range>
    <mac_single>
        <mac>C91A006D41C4</mac>
        <mac>C91A006E511A</mac>
        <mac>C91A006E511C</mac>
        <mac>C91A006E5125</mac>
        <mac>FDA5272B0492</mac>
        <mac>FDA5272B7987</mac>
        <mac>FDA5272B7989</mac>
        <mac>FDA5272B7992</mac>
    </mac_single>
    <mac_warn />
</build_mac>
