<?xml version="1.0" encoding="utf-8" ?>
<build_mac>
    <build_id>860100010120300002</build_id>
    <mac_range>
        <mac>
            <mac_min>C91A0059015E</mac_min>
            <mac_max>C91A00590173</mac_max>
        </mac>
        <mac>
            <mac_min>C91A00590175</mac_min>
            <mac_max>C91A00590191</mac_max>
        </mac>
        <mac>
            <mac_min>C91A00590193</mac_min>
            <mac_max>C91A00590196</mac_max>
        </mac>
        <mac>
            <mac_min>C91A0059019E</mac_min>
            <mac_max>C91A005901A0</mac_max>
        </mac>
        <mac>
            <mac_min>C91A005901A2</mac_min>
            <mac_max>C91A005901A3</mac_max>
        </mac>
        <mac>
            <mac_min>C91A005901A5</mac_min>
            <mac_max>C91A005901A8</mac_max>
        </mac>
        <mac>
            <mac_min>C91A005901AA</mac_min>
            <mac_max>C91A005901AD</mac_max>
        </mac>
        <mac>
            <mac_min>C91A005901AF</mac_min>
            <mac_max>C91A005901B0</mac_max>
        </mac>
        <mac>
            <mac_min>C91A005901B4</mac_min>
            <mac_max>C91A005901BC</mac_max>
        </mac>
        <mac>
            <mac_min>C91A005901BE</mac_min>
            <mac_max>C91A005901E2</mac_max>
        </mac>
        <mac>
            <mac_min>C91A005901E4</mac_min>
            <mac_max>C91A005901F3</mac_max>
        </mac>
        <mac>
            <mac_min>C91A00590258</mac_min>
            <mac_max>C91A0059025C</mac_max>
        </mac>
        <mac>
            <mac_min>C91A00590261</mac_min>
            <mac_max>C91A00590262</mac_max>
        </mac>
        <mac>
            <mac_min>C91A00590264</mac_min>
            <mac_max>C91A00590266</mac_max>
        </mac>
        <mac>
            <mac_min>C91A00590268</mac_min>
            <mac_max>C91A0059026E</mac_max>
        </mac>
        <mac>
            <mac_min>C91A00590270</mac_min>
            <mac_max>C91A00590271</mac_max>
        </mac>
        <mac>
            <mac_min>C91A00590275</mac_min>
            <mac_max>C91A00590276</mac_max>
        </mac>
        <mac>
            <mac_min>C91A00590278</mac_min>
            <mac_max>C91A0059027C</mac_max>
        </mac>
        <mac>
            <mac_min>C91A0059027E</mac_min>
            <mac_max>C91A0059027F</mac_max>
        </mac>
        <mac>
            <mac_min>C91A00590283</mac_min>
            <mac_max>C91A00590289</mac_max>
        </mac>
        <mac>
            <mac_min>C91A00590352</mac_min>
            <mac_max>C91A0059035E</mac_max>
        </mac>
        <mac>
            <mac_min>C91A00590360</mac_min>
            <mac_max>C91A00590383</mac_max>
        </mac>
        <mac>
            <mac_min>C91A005A0066</mac_min>
            <mac_max>C91A005A0067</mac_max>
        </mac>
        <mac>
            <mac_min>C91A005A0070</mac_min>
            <mac_max>C91A005A0073</mac_max>
        </mac>
        <mac>
            <mac_min>C91A005A0079</mac_min>
            <mac_max>C91A005A007D</mac_max>
        </mac>
        <mac>
            <mac_min>C91A005A0080</mac_min>
            <mac_max>C91A005A0081</mac_max>
        </mac>
        <mac>
            <mac_min>C91A005A0087</mac_min>
            <mac_max>C91A005A0088</mac_max>
        </mac>
        <mac>
            <mac_min>C91A005A008B</mac_min>
            <mac_max>C91A005A008C</mac_max>
        </mac>
        <mac>
            <mac_min>C91A005A0092</mac_min>
            <mac_max>C91A005A0093</mac_max>
        </mac>
        <mac>
            <mac_min>C91A005A01C2</mac_min>
            <mac_max>C91A005A01D9</mac_max>
        </mac>
        <mac>
            <mac_min>C91A005A01DB</mac_min>
            <mac_max>C91A005A01DD</mac_max>
        </mac>
        <mac>
            <mac_min>C91A005A01DF</mac_min>
            <mac_max>C91A005A01EF</mac_max>
        </mac>
        <mac>
            <mac_min>C91A005A01F1</mac_min>
            <mac_max>C91A005A01F3</mac_max>
        </mac>
        <mac>
            <mac_min>FDA52717F80D</mac_min>
            <mac_max>FDA52717F80F</mac_max>
        </mac>
        <mac>
            <mac_min>FDA52717F811</mac_min>
            <mac_max>FDA52717F821</mac_max>
        </mac>
        <mac>
            <mac_min>FDA52717F823</mac_min>
            <mac_max>FDA52717F825</mac_max>
        </mac>
        <mac>
            <mac_min>FDA52717F827</mac_min>
            <mac_max>FDA52717F83E</mac_max>
        </mac>
        <mac>
            <mac_min>FDA52717F96E</mac_min>
            <mac_max>FDA52717F96F</mac_max>
        </mac>
        <mac>
            <mac_min>FDA52717F975</mac_min>
            <mac_max>FDA52717F976</mac_max>
        </mac>
        <mac>
            <mac_min>FDA52717F979</mac_min>
            <mac_max>FDA52717F97A</mac_max>
        </mac>
        <mac>
            <mac_min>FDA52717F980</mac_min>
            <mac_max>FDA52717F981</mac_max>
        </mac>
        <mac>
            <mac_min>FDA52717F984</mac_min>
            <mac_max>FDA52717F988</mac_max>
        </mac>
        <mac>
            <mac_min>FDA52717F98E</mac_min>
            <mac_max>FDA52717F991</mac_max>
        </mac>
        <mac>
            <mac_min>FDA52717F99A</mac_min>
            <mac_max>FDA52717F99B</mac_max>
        </mac>
    </mac_range>
    <mac_single>
        <mac>C91A0059019A</mac>
        <mac>C91A0059019C</mac>
        <mac>C91A005901B2</mac>
        <mac>C91A0059025F</mac>
        <mac>C91A00590273</mac>
        <mac>C91A00590281</mac>
        <mac>C91A005A0064</mac>
        <mac>C91A005A006A</mac>
        <mac>C91A005A006D</mac>
        <mac>C91A005A0077</mac>
        <mac>C91A005A0085</mac>
        <mac>FDA52717F97C</mac>
        <mac>FDA52717F98A</mac>
        <mac>FDA52717F994</mac>
        <mac>FDA52717F997</mac>
        <mac>FDA52717F99D</mac>
    </mac_single>
    <mac_warn />
</build_mac>
