<?xml version="1.0" encoding="utf-8" ?>
<build_mac>
    <build_id>860100010020300033</build_id>
    <mac_range>
        <mac>
            <mac_min>C91A006D410A</mac_min>
            <mac_max>C91A006D410B</mac_max>
        </mac>
        <mac>
            <mac_min>C91A006D4111</mac_min>
            <mac_max>C91A006D4112</mac_max>
        </mac>
        <mac>
            <mac_min>C91A006D4115</mac_min>
            <mac_max>C91A006D4116</mac_max>
        </mac>
        <mac>
            <mac_min>C91A006D411B</mac_min>
            <mac_max>C91A006D411C</mac_max>
        </mac>
        <mac>
            <mac_min>C91A006D411E</mac_min>
            <mac_max>C91A006D411F</mac_max>
        </mac>
        <mac>
            <mac_min>C91A006D4126</mac_min>
            <mac_max>C91A006D4129</mac_max>
        </mac>
        <mac>
            <mac_min>C91A006D4137</mac_min>
            <mac_max>C91A006D413A</mac_max>
        </mac>
        <mac>
            <mac_min>C91A006D4204</mac_min>
            <mac_max>C91A006D4205</mac_max>
        </mac>
        <mac>
            <mac_min>C91A006D4209</mac_min>
            <mac_max>C91A006D420A</mac_max>
        </mac>
        <mac>
            <mac_min>C91A006D4213</mac_min>
            <mac_max>C91A006D4215</mac_max>
        </mac>
        <mac>
            <mac_min>C91A006D421B</mac_min>
            <mac_max>C91A006D421C</mac_max>
        </mac>
        <mac>
            <mac_min>C91A006D4222</mac_min>
            <mac_max>C91A006D4223</mac_max>
        </mac>
        <mac>
            <mac_min>C91A006D4226</mac_min>
            <mac_max>C91A006D422A</mac_max>
        </mac>
        <mac>
            <mac_min>FDA5272B03D8</mac_min>
            <mac_max>FDA5272B03D9</mac_max>
        </mac>
        <mac>
            <mac_min>FDA5272B03DF</mac_min>
            <mac_max>FDA5272B03E0</mac_max>
        </mac>
        <mac>
            <mac_min>FDA5272B03E3</mac_min>
            <mac_max>FDA5272B03E4</mac_max>
        </mac>
        <mac>
            <mac_min>FDA5272B03E9</mac_min>
            <mac_max>FDA5272B03EA</mac_max>
        </mac>
        <mac>
            <mac_min>FDA5272B03EC</mac_min>
            <mac_max>FDA5272B03ED</mac_max>
        </mac>
        <mac>
            <mac_min>FDA5272B03F4</mac_min>
            <mac_max>FDA5272B03F7</mac_max>
        </mac>
        <mac>
            <mac_min>FDA5272B0405</mac_min>
            <mac_max>FDA5272B0408</mac_max>
        </mac>
        <mac>
            <mac_min>FDA5272B04D2</mac_min>
            <mac_max>FDA5272B04D3</mac_max>
        </mac>
        <mac>
            <mac_min>FDA5272B04D7</mac_min>
            <mac_max>FDA5272B04D8</mac_max>
        </mac>
        <mac>
            <mac_min>FDA5272B04E1</mac_min>
            <mac_max>FDA5272B04E3</mac_max>
        </mac>
        <mac>
            <mac_min>FDA5272B04E9</mac_min>
            <mac_max>FDA5272B04EA</mac_max>
        </mac>
        <mac>
            <mac_min>FDA5272B04F0</mac_min>
            <mac_max>FDA5272B04F1</mac_max>
        </mac>
        <mac>
            <mac_min>FDA5272B04F4</mac_min>
            <mac_max>FDA5272B04F8</mac_max>
        </mac>
    </mac_range>
    <mac_single>
        <mac>C91A006D410E</mac>
        <mac>C91A006D4118</mac>
        <mac>C91A006D412B</mac>
        <mac>C91A006D412F</mac>
        <mac>C91A006D4131</mac>
        <mac>C91A006D4135</mac>
        <mac>C91A006D4207</mac>
        <mac>C91A006D420C</mac>
        <mac>C91A006D420E</mac>
        <mac>C91A006D4210</mac>
        <mac>C91A006D421E</mac>
        <mac>C91A006D4220</mac>
        <mac>C91A006D4230</mac>
        <mac>C91A006D4233</mac>
        <mac>C91A006D4235</mac>
        <mac>FDA5272B03DC</mac>
        <mac>FDA5272B03E6</mac>
        <mac>FDA5272B03F9</mac>
        <mac>FDA5272B03FD</mac>
        <mac>FDA5272B03FF</mac>
        <mac>FDA5272B0403</mac>
        <mac>FDA5272B04D5</mac>
        <mac>FDA5272B04DA</mac>
        <mac>FDA5272B04DC</mac>
        <mac>FDA5272B04DE</mac>
        <mac>FDA5272B04EC</mac>
        <mac>FDA5272B04EE</mac>
        <mac>FDA5272B04FE</mac>
        <mac>FDA5272B0501</mac>
        <mac>FDA5272B0503</mac>
    </mac_single>
    <mac_warn />
</build_mac>
