<?xml version="1.0" encoding="utf-8" ?>
<build_mac>
    <build_id>860100010050300032</build_id>
    <mac_range>
        <mac>
            <mac_min>C91A00600000</mac_min>
            <mac_max>C91A00600009</mac_max>
        </mac>
        <mac>
            <mac_min>C91A0060000B</mac_min>
            <mac_max>C91A00600029</mac_max>
        </mac>
        <mac>
            <mac_min>C91A0060002B</mac_min>
            <mac_max>C91A00600031</mac_max>
        </mac>
        <mac>
            <mac_min>C91A00600352</mac_min>
            <mac_max>C91A00600376</mac_max>
        </mac>
        <mac>
            <mac_min>C91A00600378</mac_min>
            <mac_max>C91A00600389</mac_max>
        </mac>
        <mac>
            <mac_min>C91A0060038E</mac_min>
            <mac_max>C91A0060038F</mac_max>
        </mac>
        <mac>
            <mac_min>C91A00600391</mac_min>
            <mac_max>C91A00600393</mac_max>
        </mac>
        <mac>
            <mac_min>C91A00600395</mac_min>
            <mac_max>C91A00600397</mac_max>
        </mac>
        <mac>
            <mac_min>C91A0060039E</mac_min>
            <mac_max>C91A006003A2</mac_max>
        </mac>
        <mac>
            <mac_min>C91A006003A4</mac_min>
            <mac_max>C91A006003A7</mac_max>
        </mac>
        <mac>
            <mac_min>C91A006003B5</mac_min>
            <mac_max>C91A006003E7</mac_max>
        </mac>
        <mac>
            <mac_min>C91A0060044C</mac_min>
            <mac_max>C91A0060047D</mac_max>
        </mac>
        <mac>
            <mac_min>C91A006005AA</mac_min>
            <mac_max>C91A006005C3</mac_max>
        </mac>
        <mac>
            <mac_min>C91A006005C5</mac_min>
            <mac_max>C91A006005DB</mac_max>
        </mac>
        <mac>
            <mac_min>FDA5271A0DAB</mac_min>
            <mac_max>FDA5271A0DB6</mac_max>
        </mac>
        <mac>
            <mac_min>FDA5271A119F</mac_min>
            <mac_max>FDA5271A11B7</mac_max>
        </mac>
        <mac>
            <mac_min>FDA5271A11B9</mac_min>
            <mac_max>FDA5271A11CA</mac_max>
        </mac>
        <mac>
            <mac_min>FDA5271A11CF</mac_min>
            <mac_max>FDA5271A11D0</mac_max>
        </mac>
        <mac>
            <mac_min>FDA5271A11D2</mac_min>
            <mac_max>FDA5271A11D4</mac_max>
        </mac>
        <mac>
            <mac_min>FDA5271A11D6</mac_min>
            <mac_max>FDA5271A11D8</mac_max>
        </mac>
        <mac>
            <mac_min>FDA5271A11DF</mac_min>
            <mac_max>FDA5271A11E3</mac_max>
        </mac>
        <mac>
            <mac_min>FDA5271A11E5</mac_min>
            <mac_max>FDA5271A11E8</mac_max>
        </mac>
        <mac>
            <mac_min>FDA5271A11F6</mac_min>
            <mac_max>FDA5271A120E</mac_max>
        </mac>
        <mac>
            <mac_min>FDA5271A1403</mac_min>
            <mac_max>FDA5271A141C</mac_max>
        </mac>
        <mac>
            <mac_min>FDA5271A1598</mac_min>
            <mac_max>FDA5271A15A1</mac_max>
        </mac>
        <mac>
            <mac_min>FDA5271A15A3</mac_min>
            <mac_max>FDA5271A15C1</mac_max>
        </mac>
        <mac>
            <mac_min>FDA5271A15C3</mac_min>
            <mac_max>FDA5271A15C9</mac_max>
        </mac>
        <mac>
            <mac_min>FDA5271A25A7</mac_min>
            <mac_max>FDA5271A25D8</mac_max>
        </mac>
        <mac>
            <mac_min>FDA5271A2705</mac_min>
            <mac_max>FDA5271A271E</mac_max>
        </mac>
        <mac>
            <mac_min>FDA5271A2720</mac_min>
            <mac_max>FDA5271A2736</mac_max>
        </mac>
    </mac_range>
    <mac_single>
        <mac>C91A0060038C</mac>
        <mac>C91A006003A9</mac>
        <mac>C91A006003AB</mac>
        <mac>C91A006003AD</mac>
        <mac>C91A006003AF</mac>
        <mac>C91A006003B3</mac>
        <mac>FDA5271A11CD</mac>
        <mac>FDA5271A11EA</mac>
        <mac>FDA5271A11EC</mac>
        <mac>FDA5271A11EE</mac>
        <mac>FDA5271A11F0</mac>
        <mac>FDA5271A11F4</mac>
    </mac_single>
    <mac_warn />
</build_mac>
