<?xml version="1.0" encoding="utf-8" ?>
<build_mac>
    <build_id>860100010030300034</build_id>
    <mac_range>
        <mac>
            <mac_min>C91A00651356</mac_min>
            <mac_max>C91A0065135D</mac_max>
        </mac>
        <mac>
            <mac_min>C91A00651362</mac_min>
            <mac_max>C91A00651364</mac_max>
        </mac>
        <mac>
            <mac_min>C91A0065136A</mac_min>
            <mac_max>C91A0065136F</mac_max>
        </mac>
        <mac>
            <mac_min>C91A00651373</mac_min>
            <mac_max>C91A00651374</mac_max>
        </mac>
        <mac>
            <mac_min>C91A0065137C</mac_min>
            <mac_max>C91A0065137D</mac_max>
        </mac>
        <mac>
            <mac_min>C91A0065137F</mac_min>
            <mac_max>C91A00651383</mac_max>
        </mac>
    </mac_range>
    <mac_single>
        <mac>C91A00651366</mac>
        <mac>C91A00651368</mac>
        <mac>C91A00651371</mac>
        <mac>C91A00651377</mac>
        <mac>C91A0065137A</mac>
        <mac>C91A00651385</mac>
    </mac_single>
    <mac_warn />
</build_mac>
