<?xml version="1.0" encoding="utf-8" ?>
<build_mac>
    <build_id>860100010030400001</build_id>
    <mac_range>
        <mac>
            <mac_min>C91A00602198</mac_min>
            <mac_max>C91A00602199</mac_max>
        </mac>
        <mac>
            <mac_min>C91A0060219B</mac_min>
            <mac_max>C91A0060219D</mac_max>
        </mac>
        <mac>
            <mac_min>C91A006021AB</mac_min>
            <mac_max>C91A006021AC</mac_max>
        </mac>
        <mac>
            <mac_min>C91A006021AE</mac_min>
            <mac_max>C91A006021AF</mac_max>
        </mac>
        <mac>
            <mac_min>C91A006021B3</mac_min>
            <mac_max>C91A006021B4</mac_max>
        </mac>
        <mac>
            <mac_min>C91A006021B6</mac_min>
            <mac_max>C91A006021BA</mac_max>
        </mac>
        <mac>
            <mac_min>C91A006021BC</mac_min>
            <mac_max>C91A006021BD</mac_max>
        </mac>
        <mac>
            <mac_min>FDA5271BF99E</mac_min>
            <mac_max>FDA5271BF99F</mac_max>
        </mac>
        <mac>
            <mac_min>FDA5271BF9A1</mac_min>
            <mac_max>FDA5271BF9A3</mac_max>
        </mac>
        <mac>
            <mac_min>FDA5271BF9B1</mac_min>
            <mac_max>FDA5271BF9B2</mac_max>
        </mac>
        <mac>
            <mac_min>FDA5271BF9B4</mac_min>
            <mac_max>FDA5271BF9B5</mac_max>
        </mac>
        <mac>
            <mac_min>FDA5271BF9B9</mac_min>
            <mac_max>FDA5271BF9BA</mac_max>
        </mac>
        <mac>
            <mac_min>FDA5271BF9BC</mac_min>
            <mac_max>FDA5271BF9C0</mac_max>
        </mac>
        <mac>
            <mac_min>FDA5271BF9C2</mac_min>
            <mac_max>FDA5271BF9C3</mac_max>
        </mac>
    </mac_range>
    <mac_single>
        <mac>C91A0060219F</mac>
        <mac>C91A006021A1</mac>
        <mac>C91A006021A3</mac>
        <mac>C91A006021A6</mac>
        <mac>C91A006021A9</mac>
        <mac>C91A006021B1</mac>
        <mac>C91A006021C2</mac>
        <mac>C91A006021C5</mac>
        <mac>C91A006021C7</mac>
        <mac>FDA5271BF9A5</mac>
        <mac>FDA5271BF9A7</mac>
        <mac>FDA5271BF9A9</mac>
        <mac>FDA5271BF9AC</mac>
        <mac>FDA5271BF9AF</mac>
        <mac>FDA5271BF9B7</mac>
        <mac>FDA5271BF9C8</mac>
        <mac>FDA5271BF9CB</mac>
        <mac>FDA5271BF9CD</mac>
    </mac_single>
    <mac_warn />
</build_mac>
