<?xml version="1.0" encoding="utf-8" ?>
<build_mac>
    <build_id>860100010080300002</build_id>
    <mac_range>
        <mac>
            <mac_min>C91A00590197</mac_min>
            <mac_max>C91A00590199</mac_max>
        </mac>
        <mac>
            <mac_min>C91A0059028A</mac_min>
            <mac_max>C91A0059029C</mac_max>
        </mac>
        <mac>
            <mac_min>C91A0059029E</mac_min>
            <mac_max>C91A005902AE</mac_max>
        </mac>
        <mac>
            <mac_min>C91A005902B0</mac_min>
            <mac_max>C91A005902BB</mac_max>
        </mac>
        <mac>
            <mac_min>C91A005902EE</mac_min>
            <mac_max>C91A0059031A</mac_max>
        </mac>
        <mac>
            <mac_min>C91A0059031C</mac_min>
            <mac_max>C91A0059031F</mac_max>
        </mac>
        <mac>
            <mac_min>C91A00590384</mac_min>
            <mac_max>C91A005903B5</mac_max>
        </mac>
        <mac>
            <mac_min>C91A005A006E</mac_min>
            <mac_max>C91A005A006F</mac_max>
        </mac>
        <mac>
            <mac_min>C91A005A0082</mac_min>
            <mac_max>C91A005A0084</mac_max>
        </mac>
        <mac>
            <mac_min>C91A005A0354</mac_min>
            <mac_max>C91A005A035D</mac_max>
        </mac>
        <mac>
            <mac_min>C91A005A035F</mac_min>
            <mac_max>C91A005A0366</mac_max>
        </mac>
        <mac>
            <mac_min>C91A005A0369</mac_min>
            <mac_max>C91A005A036C</mac_max>
        </mac>
        <mac>
            <mac_min>C91A005A036E</mac_min>
            <mac_max>C91A005A0372</mac_max>
        </mac>
        <mac>
            <mac_min>C91A005A0374</mac_min>
            <mac_max>C91A005A0383</mac_max>
        </mac>
        <mac>
            <mac_min>C91A006019D4</mac_min>
            <mac_max>C91A006019D6</mac_max>
        </mac>
        <mac>
            <mac_min>C91A006019EA</mac_min>
            <mac_max>C91A006019EB</mac_max>
        </mac>
        <mac>
            <mac_min>C91A00601D93</mac_min>
            <mac_max>C91A00601D94</mac_max>
        </mac>
        <mac>
            <mac_min>C91A00601D9B</mac_min>
            <mac_max>C91A00601D9D</mac_max>
        </mac>
        <mac>
            <mac_min>C91A00601DA9</mac_min>
            <mac_max>C91A00601DAB</mac_max>
        </mac>
        <mac>
            <mac_min>FDA52717D2CC</mac_min>
            <mac_max>FDA52717D2DB</mac_max>
        </mac>
        <mac>
            <mac_min>FDA52717D2DD</mac_min>
            <mac_max>FDA52717D2E1</mac_max>
        </mac>
        <mac>
            <mac_min>FDA52717D2E3</mac_min>
            <mac_max>FDA52717D2E6</mac_max>
        </mac>
        <mac>
            <mac_min>FDA52717D2E9</mac_min>
            <mac_max>FDA52717D2F0</mac_max>
        </mac>
        <mac>
            <mac_min>FDA52717D2F2</mac_min>
            <mac_max>FDA52717D2FB</mac_max>
        </mac>
        <mac>
            <mac_min>FDA52717F97D</mac_min>
            <mac_max>FDA52717F97F</mac_max>
        </mac>
        <mac>
            <mac_min>FDA52717F992</mac_min>
            <mac_max>FDA52717F993</mac_max>
        </mac>
        <mac>
            <mac_min>FDA5271BDE3E</mac_min>
            <mac_max>FDA5271BDE40</mac_max>
        </mac>
        <mac>
            <mac_min>FDA5271BE048</mac_min>
            <mac_max>FDA5271BE049</mac_max>
        </mac>
        <mac>
            <mac_min>FDA5271BED79</mac_min>
            <mac_max>FDA5271BED7A</mac_max>
        </mac>
        <mac>
            <mac_min>FDA5271BED81</mac_min>
            <mac_max>FDA5271BED83</mac_max>
        </mac>
        <mac>
            <mac_min>FDA5271BED8F</mac_min>
            <mac_max>FDA5271BED91</mac_max>
        </mac>
    </mac_range>
    <mac_single>
        <mac>C91A0059008C</mac>
        <mac>C91A00590192</mac>
        <mac>C91A0059019B</mac>
        <mac>C91A0059019D</mac>
        <mac>C91A005901A1</mac>
        <mac>C91A005901A4</mac>
        <mac>C91A005901A9</mac>
        <mac>C91A005901AE</mac>
        <mac>C91A005901B1</mac>
        <mac>C91A005901B3</mac>
        <mac>C91A0059035F</mac>
        <mac>C91A005903E0</mac>
        <mac>C91A005A0069</mac>
        <mac>C91A005A006C</mac>
        <mac>C91A005A0076</mac>
        <mac>C91A005A0078</mac>
        <mac>C91A005A0086</mac>
        <mac>C91A005A008D</mac>
        <mac>C91A005A008F</mac>
        <mac>C91A005A0091</mac>
        <mac>C91A005A0095</mac>
        <mac>C91A005A0352</mac>
        <mac>C91A00600F2A</mac>
        <mac>C91A00601039</mac>
        <mac>C91A00601058</mac>
        <mac>C91A00601066</mac>
        <mac>C91A006019C8</mac>
        <mac>C91A006019D0</mac>
        <mac>C91A006019D2</mac>
        <mac>C91A006019E0</mac>
        <mac>C91A006019E2</mac>
        <mac>C91A006019E7</mac>
        <mac>C91A006019ED</mac>
        <mac>C91A00601D8B</mac>
        <mac>C91A00601D8E</mac>
        <mac>C91A00601DA4</mac>
        <mac>FDA52717D2FD</mac>
        <mac>FDA52717F96C</mac>
        <mac>FDA52717F970</mac>
        <mac>FDA52717F972</mac>
        <mac>FDA52717F974</mac>
        <mac>FDA52717F97B</mac>
        <mac>FDA52717F989</mac>
        <mac>FDA52717F98B</mac>
        <mac>FDA52717F995</mac>
        <mac>FDA52717F998</mac>
        <mac>FDA5271BD65F</mac>
        <mac>FDA5271BD67E</mac>
        <mac>FDA5271BD68C</mac>
        <mac>FDA5271BDA73</mac>
        <mac>FDA5271BDE3A</mac>
        <mac>FDA5271BDE3C</mac>
        <mac>FDA5271BE03E</mac>
        <mac>FDA5271BE040</mac>
        <mac>FDA5271BE045</mac>
        <mac>FDA5271BE04B</mac>
        <mac>FDA5271BE68F</mac>
        <mac>FDA5271BED71</mac>
        <mac>FDA5271BED74</mac>
        <mac>FDA5271BED8A</mac>
    </mac_single>
    <mac_warn />
</build_mac>
