<?xml version="1.0" encoding="utf-8" ?>
<build_mac>
    <build_id>860100010020300029</build_id>
    <mac_range>
        <mac>
            <mac_min>C91A00650C1C</mac_min>
            <mac_max>C91A00650C4D</mac_max>
        </mac>
        <mac>
            <mac_min>C91A00650DAC</mac_min>
            <mac_max>C91A00650DB1</mac_max>
        </mac>
        <mac>
            <mac_min>C91A00650DB3</mac_min>
            <mac_max>C91A00650DBE</mac_max>
        </mac>
        <mac>
            <mac_min>C91A00650DC1</mac_min>
            <mac_max>C91A00650DC3</mac_max>
        </mac>
        <mac>
            <mac_min>C91A00650DC5</mac_min>
            <mac_max>C91A00650DC8</mac_max>
        </mac>
        <mac>
            <mac_min>C91A00650DCF</mac_min>
            <mac_max>C91A00650DD0</mac_max>
        </mac>
        <mac>
            <mac_min>C91A00650DD2</mac_min>
            <mac_max>C91A00650DD3</mac_max>
        </mac>
        <mac>
            <mac_min>C91A00650DD7</mac_min>
            <mac_max>C91A00650DDB</mac_max>
        </mac>
        <mac>
            <mac_min>C91A00650E74</mac_min>
            <mac_max>C91A00650EA5</mac_max>
        </mac>
        <mac>
            <mac_min>C91A006512C0</mac_min>
            <mac_max>C91A006512D5</mac_max>
        </mac>
        <mac>
            <mac_min>C91A006512D7</mac_min>
            <mac_max>C91A006512E2</mac_max>
        </mac>
        <mac>
            <mac_min>FDA52725E385</mac_min>
            <mac_max>FDA52725E390</mac_max>
        </mac>
        <mac>
            <mac_min>FDA52725E392</mac_min>
            <mac_max>FDA52725E3A7</mac_max>
        </mac>
        <mac>
            <mac_min>FDA52725E7C2</mac_min>
            <mac_max>FDA52725E7F3</mac_max>
        </mac>
        <mac>
            <mac_min>FDA52725E88C</mac_min>
            <mac_max>FDA52725E890</mac_max>
        </mac>
        <mac>
            <mac_min>FDA52725E894</mac_min>
            <mac_max>FDA52725E895</mac_max>
        </mac>
        <mac>
            <mac_min>FDA52725E897</mac_min>
            <mac_max>FDA52725E898</mac_max>
        </mac>
        <mac>
            <mac_min>FDA52725E89F</mac_min>
            <mac_max>FDA52725E8A2</mac_max>
        </mac>
        <mac>
            <mac_min>FDA52725E8A4</mac_min>
            <mac_max>FDA52725E8A6</mac_max>
        </mac>
        <mac>
            <mac_min>FDA52725E8A9</mac_min>
            <mac_max>FDA52725E8B4</mac_max>
        </mac>
        <mac>
            <mac_min>FDA52725E8B6</mac_min>
            <mac_max>FDA52725E8BB</mac_max>
        </mac>
        <mac>
            <mac_min>FDA52725EA1A</mac_min>
            <mac_max>FDA52725EA4B</mac_max>
        </mac>
    </mac_range>
    <mac_single>
        <mac>C91A00650DCA</mac>
        <mac>C91A00650DCD</mac>
        <mac>C91A00650DD5</mac>
        <mac>FDA52725E892</mac>
        <mac>FDA52725E89A</mac>
        <mac>FDA52725E89D</mac>
    </mac_single>
    <mac_warn />
</build_mac>
