<?xml version="1.0" encoding="utf-8" ?>
<build_mac>
    <build_id>860100010030300132</build_id>
    <mac_range>
        <mac>
            <mac_min>C91A006F3788</mac_min>
            <mac_max>C91A006F3789</mac_max>
        </mac>
        <mac>
            <mac_min>C91A006F3795</mac_min>
            <mac_max>C91A006F3796</mac_max>
        </mac>
        <mac>
            <mac_min>C91A006F396C</mac_min>
            <mac_max>C91A006F3974</mac_max>
        </mac>
        <mac>
            <mac_min>C91A006F3976</mac_min>
            <mac_max>C91A006F3983</mac_max>
        </mac>
        <mac>
            <mac_min>C91A006F3985</mac_min>
            <mac_max>C91A006F398A</mac_max>
        </mac>
        <mac>
            <mac_min>C91A006F398C</mac_min>
            <mac_max>C91A006F398E</mac_max>
        </mac>
        <mac>
            <mac_min>C91A006F3991</mac_min>
            <mac_max>C91A006F3993</mac_max>
        </mac>
        <mac>
            <mac_min>C91A006F3995</mac_min>
            <mac_max>C91A006F3998</mac_max>
        </mac>
        <mac>
            <mac_min>C91A006F399A</mac_min>
            <mac_max>C91A006F399B</mac_max>
        </mac>
        <mac>
            <mac_min>C91A006F3A02</mac_min>
            <mac_max>C91A006F3A33</mac_max>
        </mac>
        <mac>
            <mac_min>C91A006F3B60</mac_min>
            <mac_max>C91A006F3B61</mac_max>
        </mac>
        <mac>
            <mac_min>C91A006F3D22</mac_min>
            <mac_max>C91A006F3D4A</mac_max>
        </mac>
        <mac>
            <mac_min>C91A006F3D4C</mac_min>
            <mac_max>C91A006F3D55</mac_max>
        </mac>
        <mac>
            <mac_min>C91A006F3D59</mac_min>
            <mac_max>C91A006F3D5A</mac_max>
        </mac>
        <mac>
            <mac_min>C91A006F3D5C</mac_min>
            <mac_max>C91A006F3D5D</mac_max>
        </mac>
        <mac>
            <mac_min>C91A006F3D6F</mac_min>
            <mac_max>C91A006F3D78</mac_max>
        </mac>
        <mac>
            <mac_min>C91A006F3D7B</mac_min>
            <mac_max>C91A006F3D7C</mac_max>
        </mac>
        <mac>
            <mac_min>FDA5272C5D03</mac_min>
            <mac_max>FDA5272C5D04</mac_max>
        </mac>
        <mac>
            <mac_min>FDA5272C5D10</mac_min>
            <mac_max>FDA5272C5D11</mac_max>
        </mac>
        <mac>
            <mac_min>FDA5272C5EE7</mac_min>
            <mac_max>FDA5272C5EEF</mac_max>
        </mac>
        <mac>
            <mac_min>FDA5272C5EF1</mac_min>
            <mac_max>FDA5272C5EFE</mac_max>
        </mac>
        <mac>
            <mac_min>FDA5272C5F00</mac_min>
            <mac_max>FDA5272C5F05</mac_max>
        </mac>
        <mac>
            <mac_min>FDA5272C5F07</mac_min>
            <mac_max>FDA5272C5F09</mac_max>
        </mac>
        <mac>
            <mac_min>FDA5272C5F0C</mac_min>
            <mac_max>FDA5272C5F0E</mac_max>
        </mac>
        <mac>
            <mac_min>FDA5272C5F10</mac_min>
            <mac_max>FDA5272C5F13</mac_max>
        </mac>
        <mac>
            <mac_min>FDA5272C5F15</mac_min>
            <mac_max>FDA5272C5F16</mac_max>
        </mac>
        <mac>
            <mac_min>FDA5272C5F7D</mac_min>
            <mac_max>FDA5272C5FAE</mac_max>
        </mac>
        <mac>
            <mac_min>FDA5272C60DD</mac_min>
            <mac_max>FDA5272C60DE</mac_max>
        </mac>
        <mac>
            <mac_min>FDA5272C629F</mac_min>
            <mac_max>FDA5272C62C7</mac_max>
        </mac>
        <mac>
            <mac_min>FDA5272C62C9</mac_min>
            <mac_max>FDA5272C62D2</mac_max>
        </mac>
        <mac>
            <mac_min>FDA5272C62D6</mac_min>
            <mac_max>FDA5272C62D7</mac_max>
        </mac>
        <mac>
            <mac_min>FDA5272C62D9</mac_min>
            <mac_max>FDA5272C62DA</mac_max>
        </mac>
        <mac>
            <mac_min>FDA5272C62EC</mac_min>
            <mac_max>FDA5272C62F5</mac_max>
        </mac>
        <mac>
            <mac_min>FDA5272C62F8</mac_min>
            <mac_max>FDA5272C62F9</mac_max>
        </mac>
    </mac_range>
    <mac_single>
        <mac>C91A006F377C</mac>
        <mac>C91A006F377E</mac>
        <mac>C91A006F378B</mac>
        <mac>C91A006F378E</mac>
        <mac>C91A006F37A7</mac>
        <mac>C91A006F37A9</mac>
        <mac>C91A006F399D</mac>
        <mac>C91A006F3B66</mac>
        <mac>C91A006F3B6A</mac>
        <mac>C91A006F3B7B</mac>
        <mac>C91A006F3B86</mac>
        <mac>C91A006F3B88</mac>
        <mac>C91A006F3B90</mac>
        <mac>C91A006F3C2F</mac>
        <mac>C91A006F3C35</mac>
        <mac>C91A006F3C3B</mac>
        <mac>C91A006F3C3F</mac>
        <mac>C91A006F3C4B</mac>
        <mac>C91A006F3C4D</mac>
        <mac>C91A006F3D5F</mac>
        <mac>C91A006F3D61</mac>
        <mac>C91A006F3D63</mac>
        <mac>C91A006F3D65</mac>
        <mac>C91A006F3D67</mac>
        <mac>C91A006F3D69</mac>
        <mac>C91A006F3D83</mac>
        <mac>FDA5272C5CF7</mac>
        <mac>FDA5272C5CF9</mac>
        <mac>FDA5272C5D06</mac>
        <mac>FDA5272C5D09</mac>
        <mac>FDA5272C5D22</mac>
        <mac>FDA5272C5D24</mac>
        <mac>FDA5272C5F18</mac>
        <mac>FDA5272C60E3</mac>
        <mac>FDA5272C60E7</mac>
        <mac>FDA5272C60F8</mac>
        <mac>FDA5272C6103</mac>
        <mac>FDA5272C6105</mac>
        <mac>FDA5272C610D</mac>
        <mac>FDA5272C61AC</mac>
        <mac>FDA5272C61B2</mac>
        <mac>FDA5272C61B8</mac>
        <mac>FDA5272C61BC</mac>
        <mac>FDA5272C61C8</mac>
        <mac>FDA5272C61CA</mac>
        <mac>FDA5272C62DC</mac>
        <mac>FDA5272C62DE</mac>
        <mac>FDA5272C62E0</mac>
        <mac>FDA5272C62E2</mac>
        <mac>FDA5272C62E4</mac>
        <mac>FDA5272C62E6</mac>
        <mac>FDA5272C6300</mac>
    </mac_single>
    <mac_warn />
</build_mac>
