<?xml version="1.0" encoding="utf-8" ?>
<build_mac>
    <build_id>860100010050300011</build_id>
    <mac_range>
        <mac>
            <mac_min>C91A006011A2</mac_min>
            <mac_max>C91A006011A4</mac_max>
        </mac>
        <mac>
            <mac_min>C91A006011AA</mac_min>
            <mac_max>C91A006011AB</mac_max>
        </mac>
        <mac>
            <mac_min>C91A00601932</mac_min>
            <mac_max>C91A00601955</mac_max>
        </mac>
        <mac>
            <mac_min>C91A00601957</mac_min>
            <mac_max>C91A00601963</mac_max>
        </mac>
        <mac>
            <mac_min>C91A00601BBC</mac_min>
            <mac_max>C91A00601BED</mac_max>
        </mac>
        <mac>
            <mac_min>C91A00601C52</mac_min>
            <mac_max>C91A00601C83</mac_max>
        </mac>
        <mac>
            <mac_min>C91A00602134</mac_min>
            <mac_max>C91A0060213C</mac_max>
        </mac>
        <mac>
            <mac_min>C91A0060213E</mac_min>
            <mac_max>C91A0060213F</mac_max>
        </mac>
        <mac>
            <mac_min>C91A00602142</mac_min>
            <mac_max>C91A00602145</mac_max>
        </mac>
        <mac>
            <mac_min>C91A00602148</mac_min>
            <mac_max>C91A0060214A</mac_max>
        </mac>
        <mac>
            <mac_min>C91A0060214F</mac_min>
            <mac_max>C91A00602154</mac_max>
        </mac>
        <mac>
            <mac_min>C91A00602156</mac_min>
            <mac_max>C91A00602157</mac_max>
        </mac>
        <mac>
            <mac_min>C91A0060215D</mac_min>
            <mac_max>C91A0060215E</mac_max>
        </mac>
        <mac>
            <mac_min>C91A00602163</mac_min>
            <mac_max>C91A00602165</mac_max>
        </mac>
        <mac>
            <mac_min>C91A00602260</mac_min>
            <mac_max>C91A0060229D</mac_max>
        </mac>
        <mac>
            <mac_min>C91A0060229F</mac_min>
            <mac_max>C91A006022A6</mac_max>
        </mac>
        <mac>
            <mac_min>C91A006022A8</mac_min>
            <mac_max>C91A006022B2</mac_max>
        </mac>
        <mac>
            <mac_min>C91A006022B4</mac_min>
            <mac_max>C91A006022C3</mac_max>
        </mac>
        <mac>
            <mac_min>FDA5271BD865</mac_min>
            <mac_max>FDA5271BD87E</mac_max>
        </mac>
        <mac>
            <mac_min>FDA5271BE007</mac_min>
            <mac_max>FDA5271BE02A</mac_max>
        </mac>
        <mac>
            <mac_min>FDA5271BE02C</mac_min>
            <mac_max>FDA5271BE038</mac_max>
        </mac>
        <mac>
            <mac_min>FDA5271BE1B6</mac_min>
            <mac_max>FDA5271BE1CD</mac_max>
        </mac>
        <mac>
            <mac_min>FDA5271BE232</mac_min>
            <mac_max>FDA5271BE263</mac_max>
        </mac>
        <mac>
            <mac_min>FDA5271BE840</mac_min>
            <mac_max>FDA5271BE842</mac_max>
        </mac>
        <mac>
            <mac_min>FDA5271BE848</mac_min>
            <mac_max>FDA5271BE849</mac_max>
        </mac>
        <mac>
            <mac_min>FDA5271BF93A</mac_min>
            <mac_max>FDA5271BF942</mac_max>
        </mac>
        <mac>
            <mac_min>FDA5271BF944</mac_min>
            <mac_max>FDA5271BF945</mac_max>
        </mac>
        <mac>
            <mac_min>FDA5271BF948</mac_min>
            <mac_max>FDA5271BF94B</mac_max>
        </mac>
        <mac>
            <mac_min>FDA5271BF94E</mac_min>
            <mac_max>FDA5271BF950</mac_max>
        </mac>
        <mac>
            <mac_min>FDA5271BF955</mac_min>
            <mac_max>FDA5271BF95A</mac_max>
        </mac>
        <mac>
            <mac_min>FDA5271BF95C</mac_min>
            <mac_max>FDA5271BF95D</mac_max>
        </mac>
        <mac>
            <mac_min>FDA5271BF963</mac_min>
            <mac_max>FDA5271BF964</mac_max>
        </mac>
        <mac>
            <mac_min>FDA5271BF969</mac_min>
            <mac_max>FDA5271BF96B</mac_max>
        </mac>
        <mac>
            <mac_min>FDA5271BFA66</mac_min>
            <mac_max>FDA5271BFAA3</mac_max>
        </mac>
        <mac>
            <mac_min>FDA5271BFAA5</mac_min>
            <mac_max>FDA5271BFAAC</mac_max>
        </mac>
        <mac>
            <mac_min>FDA5271BFAAE</mac_min>
            <mac_max>FDA5271BFAB8</mac_max>
        </mac>
        <mac>
            <mac_min>FDA5271BFABA</mac_min>
            <mac_max>FDA5271BFAC9</mac_max>
        </mac>
    </mac_range>
    <mac_single>
        <mac>C91A005B035B</mac>
        <mac>C91A00600DEE</mac>
        <mac>C91A00600E07</mac>
        <mac>C91A00601060</mac>
        <mac>C91A00601194</mac>
        <mac>C91A00601197</mac>
        <mac>C91A0060119C</mac>
        <mac>C91A006011A0</mac>
        <mac>C91A006011AD</mac>
        <mac>C91A006011B1</mac>
        <mac>C91A006011B3</mac>
        <mac>C91A006011BE</mac>
        <mac>C91A006018C3</mac>
        <mac>C91A00601B46</mac>
        <mac>C91A0060214D</mac>
        <mac>C91A0060215B</mac>
        <mac>C91A00602161</mac>
        <mac>FDA527180563</mac>
        <mac>FDA5271BD686</mac>
        <mac>FDA5271BDF98</mac>
        <mac>FDA5271BE1A4</mac>
        <mac>FDA5271BE553</mac>
        <mac>FDA5271BE56C</mac>
        <mac>FDA5271BE832</mac>
        <mac>FDA5271BE835</mac>
        <mac>FDA5271BE83A</mac>
        <mac>FDA5271BE83E</mac>
        <mac>FDA5271BE84B</mac>
        <mac>FDA5271BE84F</mac>
        <mac>FDA5271BE851</mac>
        <mac>FDA5271BE85C</mac>
        <mac>FDA5271BF953</mac>
        <mac>FDA5271BF961</mac>
        <mac>FDA5271BF967</mac>
    </mac_single>
    <mac_warn />
</build_mac>
