<?xml version="1.0" encoding="utf-8" ?>
<build_mac>
    <build_id>860100010030300014</build_id>
    <mac_range>
        <mac>
            <mac_min>FDA52729D16C</mac_min>
            <mac_max>FDA52729D16E</mac_max>
        </mac>
        <mac>
            <mac_min>FDA52729D17A</mac_min>
            <mac_max>FDA52729D17B</mac_max>
        </mac>
        <mac>
            <mac_min>FDA52729D326</mac_min>
            <mac_max>FDA52729D329</mac_max>
        </mac>
        <mac>
            <mac_min>FDA52729D331</mac_min>
            <mac_max>FDA52729D334</mac_max>
        </mac>
        <mac>
            <mac_min>FDA52729D336</mac_min>
            <mac_max>FDA52729D338</mac_max>
        </mac>
        <mac>
            <mac_min>FDA52729D33C</mac_min>
            <mac_max>FDA52729D340</mac_max>
        </mac>
        <mac>
            <mac_min>FDA52729D342</mac_min>
            <mac_max>FDA52729D343</mac_max>
        </mac>
        <mac>
            <mac_min>FDA52729D345</mac_min>
            <mac_max>FDA52729D346</mac_max>
        </mac>
        <mac>
            <mac_min>FDA52729D348</mac_min>
            <mac_max>FDA52729D349</mac_max>
        </mac>
        <mac>
            <mac_min>FDA52729D358</mac_min>
            <mac_max>FDA52729D359</mac_max>
        </mac>
        <mac>
            <mac_min>FDA52729D35B</mac_min>
            <mac_max>FDA52729D35C</mac_max>
        </mac>
        <mac>
            <mac_min>FDA52729D364</mac_min>
            <mac_max>FDA52729D365</mac_max>
        </mac>
        <mac>
            <mac_min>FDA52729D369</mac_min>
            <mac_max>FDA52729D36A</mac_max>
        </mac>
        <mac>
            <mac_min>FDA52729D371</mac_min>
            <mac_max>FDA52729D372</mac_max>
        </mac>
        <mac>
            <mac_min>FDA52729D376</mac_min>
            <mac_max>FDA52729D37D</mac_max>
        </mac>
        <mac>
            <mac_min>FDA52729D37F</mac_min>
            <mac_max>FDA52729D384</mac_max>
        </mac>
        <mac>
            <mac_min>FDA52729D38A</mac_min>
            <mac_max>FDA52729D38B</mac_max>
        </mac>
        <mac>
            <mac_min>FDA52729D3AE</mac_min>
            <mac_max>FDA52729D3AF</mac_max>
        </mac>
        <mac>
            <mac_min>FDA52729D408</mac_min>
            <mac_max>FDA52729D409</mac_max>
        </mac>
        <mac>
            <mac_min>FDA52729D41A</mac_min>
            <mac_max>FDA52729D41E</mac_max>
        </mac>
        <mac>
            <mac_min>FDA52729D42A</mac_min>
            <mac_max>FDA52729D42D</mac_max>
        </mac>
    </mac_range>
    <mac_single>
        <mac>FDA52729D167</mac>
        <mac>FDA52729D17D</mac>
        <mac>FDA52729D32B</mac>
        <mac>FDA52729D32D</mac>
        <mac>FDA52729D32F</mac>
        <mac>FDA52729D33A</mac>
        <mac>FDA52729D34C</mac>
        <mac>FDA52729D350</mac>
        <mac>FDA52729D352</mac>
        <mac>FDA52729D356</mac>
        <mac>FDA52729D35F</mac>
        <mac>FDA52729D367</mac>
        <mac>FDA52729D36C</mac>
        <mac>FDA52729D36E</mac>
        <mac>FDA52729D387</mac>
        <mac>FDA52729D38E</mac>
        <mac>FDA52729D397</mac>
        <mac>FDA52729D39E</mac>
        <mac>FDA52729D3A1</mac>
        <mac>FDA52729D3A5</mac>
        <mac>FDA52729D3A8</mac>
        <mac>FDA52729D3AA</mac>
        <mac>FDA52729D3B2</mac>
        <mac>FDA52729D3B4</mac>
        <mac>FDA52729D3C1</mac>
        <mac>FDA52729D3C3</mac>
        <mac>FDA52729D3DE</mac>
        <mac>FDA52729D3EB</mac>
        <mac>FDA52729D3FF</mac>
        <mac>FDA52729D40F</mac>
        <mac>FDA52729D411</mac>
        <mac>FDA52729D416</mac>
        <mac>FDA52729D418</mac>
        <mac>FDA52729D420</mac>
        <mac>FDA52729D422</mac>
        <mac>FDA52729D425</mac>
        <mac>FDA52729D427</mac>
        <mac>FDA52729D443</mac>
        <mac>FDA52729D44D</mac>
        <mac>FDA52729D456</mac>
    </mac_single>
    <mac_warn />
</build_mac>
