<?xml version="1.0" encoding="utf-8" ?>
<build_mac>
    <build_id>860100010040300023</build_id>
    <mac_range>
        <mac>
            <mac_min>C91A005E0258</mac_min>
            <mac_max>C91A005E02EC</mac_max>
        </mac>
        <mac>
            <mac_min>C91A005E02EE</mac_min>
            <mac_max>C91A005E02EF</mac_max>
        </mac>
        <mac>
            <mac_min>C91A005E02F3</mac_min>
            <mac_max>C91A005E031F</mac_max>
        </mac>
        <mac>
            <mac_min>C91A005E04B0</mac_min>
            <mac_max>C91A005E0528</mac_max>
        </mac>
        <mac>
            <mac_min>C91A005E052A</mac_min>
            <mac_max>C91A005E0577</mac_max>
        </mac>
        <mac>
            <mac_min>C91A005E0672</mac_min>
            <mac_max>C91A005E0674</mac_max>
        </mac>
        <mac>
            <mac_min>C91A005E0678</mac_min>
            <mac_max>C91A005E068B</mac_max>
        </mac>
        <mac>
            <mac_min>C91A005E068D</mac_min>
            <mac_max>C91A005E0707</mac_max>
        </mac>
        <mac>
            <mac_min>C91A005E092E</mac_min>
            <mac_max>C91A005E0943</mac_max>
        </mac>
        <mac>
            <mac_min>C91A005E0945</mac_min>
            <mac_max>C91A005E095F</mac_max>
        </mac>
        <mac>
            <mac_min>C91A005F01F4</mac_min>
            <mac_max>C91A005F0217</mac_max>
        </mac>
        <mac>
            <mac_min>C91A005F0219</mac_min>
            <mac_max>C91A005F0230</mac_max>
        </mac>
        <mac>
            <mac_min>C91A005F0232</mac_min>
            <mac_max>C91A005F0257</mac_max>
        </mac>
        <mac>
            <mac_min>C91A005F028A</mac_min>
            <mac_max>C91A005F02BC</mac_max>
        </mac>
        <mac>
            <mac_min>C91A005F02C1</mac_min>
            <mac_max>C91A005F02C3</mac_max>
        </mac>
        <mac>
            <mac_min>C91A005F02CB</mac_min>
            <mac_max>C91A005F02CD</mac_max>
        </mac>
        <mac>
            <mac_min>C91A005F02D6</mac_min>
            <mac_max>C91A005F02D7</mac_max>
        </mac>
        <mac>
            <mac_min>C91A005F02DA</mac_min>
            <mac_max>C91A005F02DE</mac_max>
        </mac>
        <mac>
            <mac_min>C91A005F02E5</mac_min>
            <mac_max>C91A005F02EB</mac_max>
        </mac>
        <mac>
            <mac_min>C91A005F02ED</mac_min>
            <mac_max>C91A005F02EE</mac_max>
        </mac>
        <mac>
            <mac_min>C91A005F02FA</mac_min>
            <mac_max>C91A005F02FC</mac_max>
        </mac>
        <mac>
            <mac_min>C91A005F030A</mac_min>
            <mac_max>C91A005F030B</mac_max>
        </mac>
        <mac>
            <mac_min>C91A005F03E8</mac_min>
            <mac_max>C91A005F03EE</mac_max>
        </mac>
        <mac>
            <mac_min>C91A005F03F9</mac_min>
            <mac_max>C91A005F03FA</mac_max>
        </mac>
        <mac>
            <mac_min>C91A005F0400</mac_min>
            <mac_max>C91A005F0401</mac_max>
        </mac>
        <mac>
            <mac_min>C91A005F0403</mac_min>
            <mac_max>C91A005F0404</mac_max>
        </mac>
        <mac>
            <mac_min>C91A005F0406</mac_min>
            <mac_max>C91A005F0407</mac_max>
        </mac>
        <mac>
            <mac_min>C91A005F040B</mac_min>
            <mac_max>C91A005F040E</mac_max>
        </mac>
        <mac>
            <mac_min>C91A005F0413</mac_min>
            <mac_max>C91A005F0414</mac_max>
        </mac>
        <mac>
            <mac_min>C91A005F0418</mac_min>
            <mac_max>C91A005F0419</mac_max>
        </mac>
        <mac>
            <mac_min>C91A005F0661</mac_min>
            <mac_max>C91A005F0662</mac_max>
        </mac>
        <mac>
            <mac_min>C91A005F0670</mac_min>
            <mac_max>C91A005F0673</mac_max>
        </mac>
        <mac>
            <mac_min>C91A005F0676</mac_min>
            <mac_max>C91A005F0686</mac_max>
        </mac>
        <mac>
            <mac_min>C91A005F0688</mac_min>
            <mac_max>C91A005F068B</mac_max>
        </mac>
        <mac>
            <mac_min>C91A005F068F</mac_min>
            <mac_max>C91A005F0698</mac_max>
        </mac>
        <mac>
            <mac_min>C91A005F069A</mac_min>
            <mac_max>C91A005F069B</mac_max>
        </mac>
        <mac>
            <mac_min>C91A005F069D</mac_min>
            <mac_max>C91A005F069F</mac_max>
        </mac>
        <mac>
            <mac_min>C91A005F06A1</mac_min>
            <mac_max>C91A005F06A3</mac_max>
        </mac>
        <mac>
            <mac_min>FDA5271A1AF0</mac_min>
            <mac_max>FDA5271A1B13</mac_max>
        </mac>
        <mac>
            <mac_min>FDA5271A1B15</mac_min>
            <mac_max>FDA5271A1B2C</mac_max>
        </mac>
        <mac>
            <mac_min>FDA5271A1B2E</mac_min>
            <mac_max>FDA5271A1B53</mac_max>
        </mac>
        <mac>
            <mac_min>FDA5271A1B86</mac_min>
            <mac_max>FDA5271A1BB8</mac_max>
        </mac>
        <mac>
            <mac_min>FDA5271A1BBD</mac_min>
            <mac_max>FDA5271A1BBF</mac_max>
        </mac>
        <mac>
            <mac_min>FDA5271A1BC7</mac_min>
            <mac_max>FDA5271A1BC9</mac_max>
        </mac>
        <mac>
            <mac_min>FDA5271A1BD2</mac_min>
            <mac_max>FDA5271A1BD3</mac_max>
        </mac>
        <mac>
            <mac_min>FDA5271A1BD6</mac_min>
            <mac_max>FDA5271A1BDA</mac_max>
        </mac>
        <mac>
            <mac_min>FDA5271A1BE1</mac_min>
            <mac_max>FDA5271A1BE7</mac_max>
        </mac>
        <mac>
            <mac_min>FDA5271A1BE9</mac_min>
            <mac_max>FDA5271A1BEA</mac_max>
        </mac>
        <mac>
            <mac_min>FDA5271A1BF6</mac_min>
            <mac_max>FDA5271A1BF8</mac_max>
        </mac>
        <mac>
            <mac_min>FDA5271A1C06</mac_min>
            <mac_max>FDA5271A1C07</mac_max>
        </mac>
        <mac>
            <mac_min>FDA5271A1CF0</mac_min>
            <mac_max>FDA5271A1CF1</mac_max>
        </mac>
        <mac>
            <mac_min>FDA5271A1CFF</mac_min>
            <mac_max>FDA5271A1D02</mac_max>
        </mac>
        <mac>
            <mac_min>FDA5271A1D05</mac_min>
            <mac_max>FDA5271A1D15</mac_max>
        </mac>
        <mac>
            <mac_min>FDA5271A1D17</mac_min>
            <mac_max>FDA5271A1D1A</mac_max>
        </mac>
        <mac>
            <mac_min>FDA5271A1D1E</mac_min>
            <mac_max>FDA5271A1D27</mac_max>
        </mac>
        <mac>
            <mac_min>FDA5271A1D29</mac_min>
            <mac_max>FDA5271A1D2A</mac_max>
        </mac>
        <mac>
            <mac_min>FDA5271A1D2C</mac_min>
            <mac_max>FDA5271A1D2E</mac_max>
        </mac>
        <mac>
            <mac_min>FDA5271A1D30</mac_min>
            <mac_max>FDA5271A1D32</mac_max>
        </mac>
        <mac>
            <mac_min>FDA5271A1DED</mac_min>
            <mac_max>FDA5271A1DF3</mac_max>
        </mac>
        <mac>
            <mac_min>FDA5271A1DFE</mac_min>
            <mac_max>FDA5271A1DFF</mac_max>
        </mac>
        <mac>
            <mac_min>FDA5271A1E05</mac_min>
            <mac_max>FDA5271A1E06</mac_max>
        </mac>
        <mac>
            <mac_min>FDA5271A1E08</mac_min>
            <mac_max>FDA5271A1E09</mac_max>
        </mac>
        <mac>
            <mac_min>FDA5271A1E0B</mac_min>
            <mac_max>FDA5271A1E0C</mac_max>
        </mac>
        <mac>
            <mac_min>FDA5271A1E10</mac_min>
            <mac_max>FDA5271A1E13</mac_max>
        </mac>
        <mac>
            <mac_min>FDA5271A1E18</mac_min>
            <mac_max>FDA5271A1E19</mac_max>
        </mac>
        <mac>
            <mac_min>FDA5271A1E1D</mac_min>
            <mac_max>FDA5271A1E1E</mac_max>
        </mac>
    </mac_range>
    <mac_single>
        <mac>C91A005E02F1</mac>
        <mac>C91A005E05AA</mac>
        <mac>C91A005E0676</mac>
        <mac>C91A005E08F4</mac>
        <mac>C91A005F00A5</mac>
        <mac>C91A005F00AB</mac>
        <mac>C91A005F00C3</mac>
        <mac>C91A005F00FD</mac>
        <mac>C91A005F0125</mac>
        <mac>C91A005F02BF</mac>
        <mac>C91A005F02C5</mac>
        <mac>C91A005F02D1</mac>
        <mac>C91A005F02E0</mac>
        <mac>C91A005F02E3</mac>
        <mac>C91A005F02F6</mac>
        <mac>C91A005F02FE</mac>
        <mac>C91A005F0301</mac>
        <mac>C91A005F0303</mac>
        <mac>C91A005F0306</mac>
        <mac>C91A005F030D</mac>
        <mac>C91A005F0312</mac>
        <mac>C91A005F0315</mac>
        <mac>C91A005F0318</mac>
        <mac>C91A005F031A</mac>
        <mac>C91A005F031D</mac>
        <mac>C91A005F03F1</mac>
        <mac>C91A005F03F6</mac>
        <mac>C91A005F03FC</mac>
        <mac>C91A005F03FE</mac>
        <mac>C91A005F0409</mac>
        <mac>C91A005F0411</mac>
        <mac>C91A005F0416</mac>
        <mac>C91A005F064A</mac>
        <mac>C91A005F064C</mac>
        <mac>C91A005F0651</mac>
        <mac>C91A005F0658</mac>
        <mac>C91A005F065A</mac>
        <mac>C91A005F065C</mac>
        <mac>C91A005F0665</mac>
        <mac>C91A005F0668</mac>
        <mac>C91A005F066A</mac>
        <mac>C91A005F068D</mac>
        <mac>C91A005F06B2</mac>
        <mac>FDA5271A12B4</mac>
        <mac>FDA5271A12BA</mac>
        <mac>FDA5271A12D2</mac>
        <mac>FDA5271A130C</mac>
        <mac>FDA5271A1334</mac>
        <mac>FDA5271A1AE5</mac>
        <mac>FDA5271A1AE7</mac>
        <mac>FDA5271A1AEC</mac>
        <mac>FDA5271A1BBB</mac>
        <mac>FDA5271A1BC1</mac>
        <mac>FDA5271A1BCD</mac>
        <mac>FDA5271A1BDC</mac>
        <mac>FDA5271A1BDF</mac>
        <mac>FDA5271A1BF2</mac>
        <mac>FDA5271A1BFA</mac>
        <mac>FDA5271A1BFD</mac>
        <mac>FDA5271A1BFF</mac>
        <mac>FDA5271A1C02</mac>
        <mac>FDA5271A1C09</mac>
        <mac>FDA5271A1C0E</mac>
        <mac>FDA5271A1C11</mac>
        <mac>FDA5271A1C14</mac>
        <mac>FDA5271A1C16</mac>
        <mac>FDA5271A1C19</mac>
        <mac>FDA5271A1CE7</mac>
        <mac>FDA5271A1CE9</mac>
        <mac>FDA5271A1CEB</mac>
        <mac>FDA5271A1CF4</mac>
        <mac>FDA5271A1CF7</mac>
        <mac>FDA5271A1CF9</mac>
        <mac>FDA5271A1D1C</mac>
        <mac>FDA5271A1D41</mac>
        <mac>FDA5271A1DF6</mac>
        <mac>FDA5271A1DFB</mac>
        <mac>FDA5271A1E01</mac>
        <mac>FDA5271A1E03</mac>
        <mac>FDA5271A1E0E</mac>
        <mac>FDA5271A1E16</mac>
        <mac>FDA5271A1E1B</mac>
    </mac_single>
    <mac_warn />
</build_mac>
