<?xml version="1.0" encoding="utf-8" ?>
<build_mac>
    <build_id>860100010090300003</build_id>
    <mac_range>
        <mac>
            <mac_min>C91A00736946</mac_min>
            <mac_max>C91A00736977</mac_max>
        </mac>
        <mac>
            <mac_min>FDA52731FCD7</mac_min>
            <mac_max>FDA52731FD08</mac_max>
        </mac>
    </mac_range>
    <mac_single>
        <mac>C91A007367BF</mac>
        <mac>C91A007367C4</mac>
        <mac>C91A007367E6</mac>
        <mac>FDA52731FB50</mac>
        <mac>FDA52731FB55</mac>
        <mac>FDA52731FB77</mac>
    </mac_single>
    <mac_warn />
</build_mac>
