<?xml version="1.0" encoding="utf-8" ?>
<build_mac>
    <build_id>860100010040300049</build_id>
    <mac_range>
        <mac>
            <mac_min>C91A00660106</mac_min>
            <mac_max>C91A00660109</mac_max>
        </mac>
        <mac>
            <mac_min>C91A0066010F</mac_min>
            <mac_max>C91A00660110</mac_max>
        </mac>
        <mac>
            <mac_min>C91A0066011B</mac_min>
            <mac_max>C91A0066011C</mac_max>
        </mac>
        <mac>
            <mac_min>C91A00660125</mac_min>
            <mac_max>C91A00660127</mac_max>
        </mac>
        <mac>
            <mac_min>FDA52723CDD4</mac_min>
            <mac_max>FDA52723CDD6</mac_max>
        </mac>
        <mac>
            <mac_min>FDA52723CDDF</mac_min>
            <mac_max>FDA52723CDE0</mac_max>
        </mac>
        <mac>
            <mac_min>FDA52723CDEB</mac_min>
            <mac_max>FDA52723CDEC</mac_max>
        </mac>
        <mac>
            <mac_min>FDA52723CDF2</mac_min>
            <mac_max>FDA52723CDF5</mac_max>
        </mac>
    </mac_range>
    <mac_single>
        <mac>C91A006600FA</mac>
        <mac>C91A006600FC</mac>
        <mac>C91A006600FF</mac>
        <mac>C91A00660101</mac>
        <mac>C91A00660103</mac>
        <mac>C91A0066010B</mac>
        <mac>C91A0066010D</mac>
        <mac>C91A00660113</mac>
        <mac>C91A00660116</mac>
        <mac>C91A00660119</mac>
        <mac>C91A0066011E</mac>
        <mac>C91A00660120</mac>
        <mac>C91A00660122</mac>
        <mac>C91A00660129</mac>
        <mac>C91A0066012B</mac>
        <mac>FDA52723CDD0</mac>
        <mac>FDA52723CDD2</mac>
        <mac>FDA52723CDD9</mac>
        <mac>FDA52723CDDB</mac>
        <mac>FDA52723CDDD</mac>
        <mac>FDA52723CDE2</mac>
        <mac>FDA52723CDE5</mac>
        <mac>FDA52723CDE8</mac>
        <mac>FDA52723CDEE</mac>
        <mac>FDA52723CDF0</mac>
        <mac>FDA52723CDF8</mac>
        <mac>FDA52723CDFA</mac>
        <mac>FDA52723CDFC</mac>
        <mac>FDA52723CDFF</mac>
        <mac>FDA52723CE01</mac>
    </mac_single>
    <mac_warn />
</build_mac>
