<?xml version="1.0" encoding="utf-8" ?>
<build_mac>
    <build_id>860100010080300004</build_id>
    <mac_range>
        <mac>
            <mac_min>C91A00601004</mac_min>
            <mac_max>C91A00601035</mac_max>
        </mac>
        <mac>
            <mac_min>C91A00601645</mac_min>
            <mac_max>C91A00601646</mac_max>
        </mac>
        <mac>
            <mac_min>C91A00601648</mac_min>
            <mac_max>C91A0060164F</mac_max>
        </mac>
        <mac>
            <mac_min>C91A00601652</mac_min>
            <mac_max>C91A00601653</mac_max>
        </mac>
        <mac>
            <mac_min>C91A00601655</mac_min>
            <mac_max>C91A00601659</mac_max>
        </mac>
        <mac>
            <mac_min>C91A0060165D</mac_min>
            <mac_max>C91A00601663</mac_max>
        </mac>
        <mac>
            <mac_min>C91A00601666</mac_min>
            <mac_max>C91A0060166B</mac_max>
        </mac>
        <mac>
            <mac_min>C91A00601675</mac_min>
            <mac_max>C91A00601676</mac_max>
        </mac>
        <mac>
            <mac_min>C91A0060167B</mac_min>
            <mac_max>C91A0060167C</mac_max>
        </mac>
        <mac>
            <mac_min>C91A0060168E</mac_min>
            <mac_max>C91A00601690</mac_max>
        </mac>
        <mac>
            <mac_min>C91A00601694</mac_min>
            <mac_max>C91A00601695</mac_max>
        </mac>
        <mac>
            <mac_min>C91A00601D4C</mac_min>
            <mac_max>C91A00601D7D</mac_max>
        </mac>
        <mac>
            <mac_min>FDA5271BD62A</mac_min>
            <mac_max>FDA5271BD65B</mac_max>
        </mac>
        <mac>
            <mac_min>FDA5271BED32</mac_min>
            <mac_max>FDA5271BED63</mac_max>
        </mac>
        <mac>
            <mac_min>FDA5271BEF0B</mac_min>
            <mac_max>FDA5271BEF0C</mac_max>
        </mac>
        <mac>
            <mac_min>FDA5271BEF0E</mac_min>
            <mac_max>FDA5271BEF15</mac_max>
        </mac>
        <mac>
            <mac_min>FDA5271BEF18</mac_min>
            <mac_max>FDA5271BEF19</mac_max>
        </mac>
        <mac>
            <mac_min>FDA5271BEF1B</mac_min>
            <mac_max>FDA5271BEF1F</mac_max>
        </mac>
        <mac>
            <mac_min>FDA5271BEF23</mac_min>
            <mac_max>FDA5271BEF29</mac_max>
        </mac>
        <mac>
            <mac_min>FDA5271BEF2C</mac_min>
            <mac_max>FDA5271BEF31</mac_max>
        </mac>
        <mac>
            <mac_min>FDA5271BEF3B</mac_min>
            <mac_max>FDA5271BEF3C</mac_max>
        </mac>
        <mac>
            <mac_min>FDA5271BEF41</mac_min>
            <mac_max>FDA5271BEF42</mac_max>
        </mac>
        <mac>
            <mac_min>FDA5271BEF54</mac_min>
            <mac_max>FDA5271BEF56</mac_max>
        </mac>
        <mac>
            <mac_min>FDA5271BEF5A</mac_min>
            <mac_max>FDA5271BEF5B</mac_max>
        </mac>
    </mac_range>
    <mac_single>
        <mac>C91A0060165B</mac>
        <mac>C91A0060166E</mac>
        <mac>C91A00601678</mac>
        <mac>C91A0060169A</mac>
        <mac>C91A00601D8A</mac>
        <mac>C91A00601D8F</mac>
        <mac>FDA5271BED70</mac>
        <mac>FDA5271BED75</mac>
        <mac>FDA5271BEF21</mac>
        <mac>FDA5271BEF34</mac>
        <mac>FDA5271BEF3E</mac>
        <mac>FDA5271BEF60</mac>
    </mac_single>
    <mac_warn />
</build_mac>
