<?xml version="1.0" encoding="utf-8" ?>
<build_mac>
    <build_id>860100010020500005</build_id>
    <mac_range>
        <mac>
            <mac_min>C91A004B02D0</mac_min>
            <mac_max>C91A004B02D3</mac_max>
        </mac>
        <mac>
            <mac_min>C91A004B02D9</mac_min>
            <mac_max>C91A004B02DE</mac_max>
        </mac>
    </mac_range>
    <mac_single>
        <mac>C91A004B0113</mac>
        <mac>C91A004B0121</mac>
        <mac>C91A004B02C1</mac>
        <mac>C91A004B02CD</mac>
        <mac>C91A004B02D5</mac>
        <mac>C91A004B02E0</mac>
        <mac>C91A004B02E3</mac>
        <mac>C91A004B02E5</mac>
    </mac_single>
    <mac_warn />
</build_mac>
