<?xml version="1.0" encoding="utf-8" ?>
<build_mac>
    <build_id>860100010100300004</build_id>
    <mac_range>
        <mac>
            <mac_min>C91A006F3749</mac_min>
            <mac_max>C91A006F374A</mac_max>
        </mac>
        <mac>
            <mac_min>C91A006F3750</mac_min>
            <mac_max>C91A006F3751</mac_max>
        </mac>
        <mac>
            <mac_min>C91A006F3755</mac_min>
            <mac_max>C91A006F375B</mac_max>
        </mac>
        <mac>
            <mac_min>C91A006F375E</mac_min>
            <mac_max>C91A006F3762</mac_max>
        </mac>
        <mac>
            <mac_min>C91A006F376B</mac_min>
            <mac_max>C91A006F376E</mac_max>
        </mac>
        <mac>
            <mac_min>C91A006F3771</mac_min>
            <mac_max>C91A006F3773</mac_max>
        </mac>
        <mac>
            <mac_min>C91A006F3775</mac_min>
            <mac_max>C91A006F3777</mac_max>
        </mac>
        <mac>
            <mac_min>C91A006F37DF</mac_min>
            <mac_max>C91A006F37E4</mac_max>
        </mac>
        <mac>
            <mac_min>C91A006F37E8</mac_min>
            <mac_max>C91A006F37E9</mac_max>
        </mac>
        <mac>
            <mac_min>C91A006F37EB</mac_min>
            <mac_max>C91A006F37EC</mac_max>
        </mac>
        <mac>
            <mac_min>C91A006F37F0</mac_min>
            <mac_max>C91A006F37F1</mac_max>
        </mac>
        <mac>
            <mac_min>C91A006F37FB</mac_min>
            <mac_max>C91A006F37FE</mac_max>
        </mac>
        <mac>
            <mac_min>C91A006F3800</mac_min>
            <mac_max>C91A006F3801</mac_max>
        </mac>
        <mac>
            <mac_min>C91A006F3804</mac_min>
            <mac_max>C91A006F3805</mac_max>
        </mac>
        <mac>
            <mac_min>C91A006F3807</mac_min>
            <mac_max>C91A006F3808</mac_max>
        </mac>
        <mac>
            <mac_min>C91A006F380E</mac_min>
            <mac_max>C91A006F3820</mac_max>
        </mac>
        <mac>
            <mac_min>C91A006F3822</mac_min>
            <mac_max>C91A006F383F</mac_max>
        </mac>
        <mac>
            <mac_min>FDA5272C5CC4</mac_min>
            <mac_max>FDA5272C5CC5</mac_max>
        </mac>
        <mac>
            <mac_min>FDA5272C5CCB</mac_min>
            <mac_max>FDA5272C5CCC</mac_max>
        </mac>
        <mac>
            <mac_min>FDA5272C5CD0</mac_min>
            <mac_max>FDA5272C5CD6</mac_max>
        </mac>
        <mac>
            <mac_min>FDA5272C5CD9</mac_min>
            <mac_max>FDA5272C5CDD</mac_max>
        </mac>
        <mac>
            <mac_min>FDA5272C5CE6</mac_min>
            <mac_max>FDA5272C5CE9</mac_max>
        </mac>
        <mac>
            <mac_min>FDA5272C5CEC</mac_min>
            <mac_max>FDA5272C5CEE</mac_max>
        </mac>
        <mac>
            <mac_min>FDA5272C5CF0</mac_min>
            <mac_max>FDA5272C5CF2</mac_max>
        </mac>
        <mac>
            <mac_min>FDA5272C5D5A</mac_min>
            <mac_max>FDA5272C5D5F</mac_max>
        </mac>
        <mac>
            <mac_min>FDA5272C5D63</mac_min>
            <mac_max>FDA5272C5D64</mac_max>
        </mac>
        <mac>
            <mac_min>FDA5272C5D66</mac_min>
            <mac_max>FDA5272C5D67</mac_max>
        </mac>
        <mac>
            <mac_min>FDA5272C5D6B</mac_min>
            <mac_max>FDA5272C5D6C</mac_max>
        </mac>
        <mac>
            <mac_min>FDA5272C5D76</mac_min>
            <mac_max>FDA5272C5D79</mac_max>
        </mac>
        <mac>
            <mac_min>FDA5272C5D7B</mac_min>
            <mac_max>FDA5272C5D7C</mac_max>
        </mac>
        <mac>
            <mac_min>FDA5272C5D7F</mac_min>
            <mac_max>FDA5272C5D80</mac_max>
        </mac>
        <mac>
            <mac_min>FDA5272C5D82</mac_min>
            <mac_max>FDA5272C5D83</mac_max>
        </mac>
        <mac>
            <mac_min>FDA5272C5D89</mac_min>
            <mac_max>FDA5272C5D9B</mac_max>
        </mac>
        <mac>
            <mac_min>FDA5272C5D9D</mac_min>
            <mac_max>FDA5272C5DBA</mac_max>
        </mac>
    </mac_range>
    <mac_single>
        <mac>C91A006F3747</mac>
        <mac>C91A006F374C</mac>
        <mac>C91A006F374E</mac>
        <mac>C91A006F3753</mac>
        <mac>C91A006F3764</mac>
        <mac>C91A006F3767</mac>
        <mac>C91A006F3769</mac>
        <mac>C91A006F37DD</mac>
        <mac>C91A006F37F4</mac>
        <mac>C91A006F37F9</mac>
        <mac>C91A006F380A</mac>
        <mac>C91A006F380C</mac>
        <mac>C91A006F387A</mac>
        <mac>FDA5272C5CC2</mac>
        <mac>FDA5272C5CC7</mac>
        <mac>FDA5272C5CC9</mac>
        <mac>FDA5272C5CCE</mac>
        <mac>FDA5272C5CDF</mac>
        <mac>FDA5272C5CE2</mac>
        <mac>FDA5272C5CE4</mac>
        <mac>FDA5272C5D58</mac>
        <mac>FDA5272C5D6F</mac>
        <mac>FDA5272C5D74</mac>
        <mac>FDA5272C5D85</mac>
        <mac>FDA5272C5D87</mac>
        <mac>FDA5272C5DF5</mac>
    </mac_single>
    <mac_warn />
</build_mac>
