<?xml version="1.0" encoding="utf-8" ?>
<build_mac>
    <build_id>860100010010300002</build_id>
    <mac_range>
        <mac>
            <mac_min>C91A00726F86</mac_min>
            <mac_max>C91A00727061</mac_max>
        </mac>
        <mac>
            <mac_min>C91A00727063</mac_min>
            <mac_max>C91A0072707F</mac_max>
        </mac>
        <mac>
            <mac_min>FDA52730C002</mac_min>
            <mac_max>FDA52730C0DD</mac_max>
        </mac>
        <mac>
            <mac_min>FDA52730C0DF</mac_min>
            <mac_max>FDA52730C0FB</mac_max>
        </mac>
    </mac_range>
    <mac_single />
    <mac_warn />
</build_mac>
