<?xml version="1.0" encoding="utf-8" ?>
<build_mac>
    <build_id>860100010020300004</build_id>
    <mac_range>
        <mac>
            <mac_min>C91A00460064</mac_min>
            <mac_max>C91A004600C7</mac_max>
        </mac>
        <mac>
            <mac_min>C91A0046012C</mac_min>
            <mac_max>C91A00460134</mac_max>
        </mac>
        <mac>
            <mac_min>C91A00460136</mac_min>
            <mac_max>C91A00460152</mac_max>
        </mac>
        <mac>
            <mac_min>C91A00460154</mac_min>
            <mac_max>C91A0046015D</mac_max>
        </mac>
        <mac>
            <mac_min>C91A00460226</mac_min>
            <mac_max>C91A00460242</mac_max>
        </mac>
        <mac>
            <mac_min>C91A00460244</mac_min>
            <mac_max>C91A00460257</mac_max>
        </mac>
        <mac>
            <mac_min>C91A00460384</mac_min>
            <mac_max>C91A00460396</mac_max>
        </mac>
        <mac>
            <mac_min>C91A00460398</mac_min>
            <mac_max>C91A004603B2</mac_max>
        </mac>
        <mac>
            <mac_min>C91A004603B4</mac_min>
            <mac_max>C91A004603C9</mac_max>
        </mac>
        <mac>
            <mac_min>C91A004603CB</mac_min>
            <mac_max>C91A004603DA</mac_max>
        </mac>
        <mac>
            <mac_min>C91A004603DC</mac_min>
            <mac_max>C91A004603DF</mac_max>
        </mac>
        <mac>
            <mac_min>C91A004603E1</mac_min>
            <mac_max>C91A004603E7</mac_max>
        </mac>
        <mac>
            <mac_min>C91A004B015E</mac_min>
            <mac_max>C91A004B0163</mac_max>
        </mac>
        <mac>
            <mac_min>C91A004B0168</mac_min>
            <mac_max>C91A004B0178</mac_max>
        </mac>
        <mac>
            <mac_min>C91A004B017A</mac_min>
            <mac_max>C91A004B017B</mac_max>
        </mac>
        <mac>
            <mac_min>C91A004B017D</mac_min>
            <mac_max>C91A004B0184</mac_max>
        </mac>
        <mac>
            <mac_min>C91A004B0186</mac_min>
            <mac_max>C91A004B018F</mac_max>
        </mac>
        <mac>
            <mac_min>C91A005B0034</mac_min>
            <mac_max>C91A005B0043</mac_max>
        </mac>
        <mac>
            <mac_min>C91A005B0045</mac_min>
            <mac_max>C91A005B004C</mac_max>
        </mac>
        <mac>
            <mac_min>C91A005B004E</mac_min>
            <mac_max>C91A005B0061</mac_max>
        </mac>
        <mac>
            <mac_min>C91A005B00C8</mac_min>
            <mac_max>C91A005B00D0</mac_max>
        </mac>
        <mac>
            <mac_min>C91A005B00D3</mac_min>
            <mac_max>C91A005B00E0</mac_max>
        </mac>
        <mac>
            <mac_min>C91A005B00E4</mac_min>
            <mac_max>C91A005B00F3</mac_max>
        </mac>
        <mac>
            <mac_min>C91A005B00F5</mac_min>
            <mac_max>C91A005B00F9</mac_max>
        </mac>
        <mac>
            <mac_min>C91A005B019F</mac_min>
            <mac_max>C91A005B01A0</mac_max>
        </mac>
        <mac>
            <mac_min>C91A005B01AD</mac_min>
            <mac_max>C91A005B01AE</mac_max>
        </mac>
        <mac>
            <mac_min>C91A005B01B7</mac_min>
            <mac_max>C91A005B01B8</mac_max>
        </mac>
        <mac>
            <mac_min>C91A005B01BE</mac_min>
            <mac_max>C91A005B01C1</mac_max>
        </mac>
        <mac>
            <mac_min>C91A00602146</mac_min>
            <mac_max>C91A00602147</mac_max>
        </mac>
        <mac>
            <mac_min>C91A006E402D</mac_min>
            <mac_max>C91A006E402E</mac_max>
        </mac>
        <mac>
            <mac_min>C91A006E4036</mac_min>
            <mac_max>C91A006E4038</mac_max>
        </mac>
        <mac>
            <mac_min>C91A006F3EBB</mac_min>
            <mac_max>C91A006F3EBC</mac_max>
        </mac>
        <mac>
            <mac_min>FDA52717F208</mac_min>
            <mac_max>FDA52717F20E</mac_max>
        </mac>
        <mac>
            <mac_min>FDA52717F5F8</mac_min>
            <mac_max>FDA52717F600</mac_max>
        </mac>
        <mac>
            <mac_min>FDA52717F602</mac_min>
            <mac_max>FDA52717F609</mac_max>
        </mac>
        <mac>
            <mac_min>FDA52717F60B</mac_min>
            <mac_max>FDA52717F61E</mac_max>
        </mac>
        <mac>
            <mac_min>FDA52717F685</mac_min>
            <mac_max>FDA52717F68D</mac_max>
        </mac>
        <mac>
            <mac_min>FDA52717F690</mac_min>
            <mac_max>FDA52717F69D</mac_max>
        </mac>
        <mac>
            <mac_min>FDA52717F6A1</mac_min>
            <mac_max>FDA52717F6B0</mac_max>
        </mac>
        <mac>
            <mac_min>FDA52717F6B2</mac_min>
            <mac_max>FDA52717F6B6</mac_max>
        </mac>
        <mac>
            <mac_min>FDA52717F75C</mac_min>
            <mac_max>FDA52717F75D</mac_max>
        </mac>
        <mac>
            <mac_min>FDA52717F76A</mac_min>
            <mac_max>FDA52717F76B</mac_max>
        </mac>
        <mac>
            <mac_min>FDA52717F774</mac_min>
            <mac_max>FDA52717F775</mac_max>
        </mac>
        <mac>
            <mac_min>FDA52717F77C</mac_min>
            <mac_max>FDA52717F77F</mac_max>
        </mac>
        <mac>
            <mac_min>FDA5271BF94C</mac_min>
            <mac_max>FDA5271BF94D</mac_max>
        </mac>
        <mac>
            <mac_min>FDA5272B6840</mac_min>
            <mac_max>FDA5272B6841</mac_max>
        </mac>
        <mac>
            <mac_min>FDA5272B6849</mac_min>
            <mac_max>FDA5272B684B</mac_max>
        </mac>
        <mac>
            <mac_min>FDA5272C6439</mac_min>
            <mac_max>FDA5272C643A</mac_max>
        </mac>
    </mac_range>
    <mac_single>
        <mac>C91A004B0166</mac>
        <mac>C91A005B0032</mac>
        <mac>C91A005B0063</mac>
        <mac>C91A005B00E2</mac>
        <mac>C91A005B0197</mac>
        <mac>C91A005B01A5</mac>
        <mac>C91A005B01AA</mac>
        <mac>C91A005B01B4</mac>
        <mac>C91A005B01BC</mac>
        <mac>C91A0060203A</mac>
        <mac>C91A0060203F</mac>
        <mac>C91A00602049</mac>
        <mac>C91A00602058</mac>
        <mac>C91A0060214E</mac>
        <mac>C91A0060215C</mac>
        <mac>C91A0060215F</mac>
        <mac>C91A0060229E</mac>
        <mac>C91A006E4012</mac>
        <mac>C91A006E4018</mac>
        <mac>C91A006E401C</mac>
        <mac>C91A006E4024</mac>
        <mac>C91A006E4029</mac>
        <mac>C91A006E402B</mac>
        <mac>C91A006E4034</mac>
        <mac>C91A006F3EB5</mac>
        <mac>C91A006F3EC0</mac>
        <mac>C91A006F3EC5</mac>
        <mac>C91A006F3EC9</mac>
        <mac>C91A006F3ED1</mac>
        <mac>C91A006F3ED5</mac>
        <mac>C91A006F3EE2</mac>
        <mac>FDA52717F206</mac>
        <mac>FDA52717F620</mac>
        <mac>FDA52717F69F</mac>
        <mac>FDA52717F754</mac>
        <mac>FDA52717F762</mac>
        <mac>FDA52717F767</mac>
        <mac>FDA52717F771</mac>
        <mac>FDA52717F779</mac>
        <mac>FDA5271BF298</mac>
        <mac>FDA5271BF29D</mac>
        <mac>FDA5271BF2A7</mac>
        <mac>FDA5271BF2B6</mac>
        <mac>FDA5271BF954</mac>
        <mac>FDA5271BF962</mac>
        <mac>FDA5271BF965</mac>
        <mac>FDA5271BFAA4</mac>
        <mac>FDA5272B6825</mac>
        <mac>FDA5272B682B</mac>
        <mac>FDA5272B682F</mac>
        <mac>FDA5272B6837</mac>
        <mac>FDA5272B683C</mac>
        <mac>FDA5272B683E</mac>
        <mac>FDA5272B6847</mac>
        <mac>FDA5272C6433</mac>
        <mac>FDA5272C643E</mac>
        <mac>FDA5272C6443</mac>
        <mac>FDA5272C6447</mac>
        <mac>FDA5272C644F</mac>
        <mac>FDA5272C6453</mac>
        <mac>FDA5272C6460</mac>
    </mac_single>
    <mac_warn />
</build_mac>
