<?xml version="1.0" encoding="utf-8" ?>
<build_mac>
    <build_id>860100010030300126</build_id>
    <mac_range>
        <mac>
            <mac_min>C91A005F02BD</mac_min>
            <mac_max>C91A005F02BE</mac_max>
        </mac>
        <mac>
            <mac_min>C91A005F02C6</mac_min>
            <mac_max>C91A005F02CA</mac_max>
        </mac>
        <mac>
            <mac_min>C91A005F02CE</mac_min>
            <mac_max>C91A005F02D0</mac_max>
        </mac>
        <mac>
            <mac_min>C91A005F02D2</mac_min>
            <mac_max>C91A005F02D5</mac_max>
        </mac>
        <mac>
            <mac_min>C91A005F02D8</mac_min>
            <mac_max>C91A005F02D9</mac_max>
        </mac>
        <mac>
            <mac_min>C91A005F02E1</mac_min>
            <mac_max>C91A005F02E2</mac_max>
        </mac>
        <mac>
            <mac_min>C91A005F0329</mac_min>
            <mac_max>C91A005F032A</mac_max>
        </mac>
        <mac>
            <mac_min>C91A005F060E</mac_min>
            <mac_max>C91A005F063F</mac_max>
        </mac>
        <mac>
            <mac_min>FDA5271A1AA9</mac_min>
            <mac_max>FDA5271A1ADA</mac_max>
        </mac>
        <mac>
            <mac_min>FDA5271A1BB9</mac_min>
            <mac_max>FDA5271A1BBA</mac_max>
        </mac>
        <mac>
            <mac_min>FDA5271A1BC2</mac_min>
            <mac_max>FDA5271A1BC6</mac_max>
        </mac>
        <mac>
            <mac_min>FDA5271A1BCA</mac_min>
            <mac_max>FDA5271A1BCC</mac_max>
        </mac>
        <mac>
            <mac_min>FDA5271A1BCE</mac_min>
            <mac_max>FDA5271A1BD1</mac_max>
        </mac>
        <mac>
            <mac_min>FDA5271A1BD4</mac_min>
            <mac_max>FDA5271A1BD5</mac_max>
        </mac>
        <mac>
            <mac_min>FDA5271A1BDD</mac_min>
            <mac_max>FDA5271A1BDE</mac_max>
        </mac>
        <mac>
            <mac_min>FDA5271A1C25</mac_min>
            <mac_max>FDA5271A1C26</mac_max>
        </mac>
    </mac_range>
    <mac_single>
        <mac>C91A005F02C0</mac>
        <mac>C91A005F02C4</mac>
        <mac>C91A005F02DF</mac>
        <mac>C91A005F02E4</mac>
        <mac>C91A005F02EC</mac>
        <mac>C91A005F0325</mac>
        <mac>C91A005F032C</mac>
        <mac>C91A005F032E</mac>
        <mac>C91A005F0330</mac>
        <mac>C91A005F0349</mac>
        <mac>C91A005F034E</mac>
        <mac>C91A005F03C2</mac>
        <mac>C91A005F03DD</mac>
        <mac>FDA5271A1BBC</mac>
        <mac>FDA5271A1BC0</mac>
        <mac>FDA5271A1BDB</mac>
        <mac>FDA5271A1BE0</mac>
        <mac>FDA5271A1BE8</mac>
        <mac>FDA5271A1C21</mac>
        <mac>FDA5271A1C28</mac>
        <mac>FDA5271A1C2A</mac>
        <mac>FDA5271A1C2C</mac>
        <mac>FDA5271A1C45</mac>
        <mac>FDA5271A1C4A</mac>
        <mac>FDA5271A1CBE</mac>
        <mac>FDA5271A1CD9</mac>
    </mac_single>
    <mac_warn />
</build_mac>
