<?xml version="1.0" encoding="utf-8" ?>
<build_mac>
    <build_id>860100010100300010</build_id>
    <mac_range>
        <mac>
            <mac_min>C91A00480096</mac_min>
            <mac_max>C91A0048009B</mac_max>
        </mac>
        <mac>
            <mac_min>C91A0048009E</mac_min>
            <mac_max>C91A0048009F</mac_max>
        </mac>
        <mac>
            <mac_min>C91A004800A4</mac_min>
            <mac_max>C91A004800A8</mac_max>
        </mac>
        <mac>
            <mac_min>C91A004800AA</mac_min>
            <mac_max>C91A004800AC</mac_max>
        </mac>
        <mac>
            <mac_min>C91A004800AF</mac_min>
            <mac_max>C91A004800B1</mac_max>
        </mac>
        <mac>
            <mac_min>C91A004800B4</mac_min>
            <mac_max>C91A004800B6</mac_max>
        </mac>
        <mac>
            <mac_min>C91A004800B8</mac_min>
            <mac_max>C91A004800BF</mac_max>
        </mac>
        <mac>
            <mac_min>C91A00480166</mac_min>
            <mac_max>C91A00480167</mac_max>
        </mac>
        <mac>
            <mac_min>C91A0048018C</mac_min>
            <mac_max>C91A0048018F</mac_max>
        </mac>
        <mac>
            <mac_min>C91A004801F4</mac_min>
            <mac_max>C91A0048020B</mac_max>
        </mac>
        <mac>
            <mac_min>C91A0048020D</mac_min>
            <mac_max>C91A00480225</mac_max>
        </mac>
        <mac>
            <mac_min>C91A00480227</mac_min>
            <mac_max>C91A00480229</mac_max>
        </mac>
        <mac>
            <mac_min>C91A0048022D</mac_min>
            <mac_max>C91A00480231</mac_max>
        </mac>
        <mac>
            <mac_min>C91A00480233</mac_min>
            <mac_max>C91A00480235</mac_max>
        </mac>
        <mac>
            <mac_min>C91A00480237</mac_min>
            <mac_max>C91A0048023B</mac_max>
        </mac>
        <mac>
            <mac_min>C91A0048023D</mac_min>
            <mac_max>C91A0048023E</mac_max>
        </mac>
        <mac>
            <mac_min>C91A00480247</mac_min>
            <mac_max>C91A00480248</mac_max>
        </mac>
        <mac>
            <mac_min>C91A0048024C</mac_min>
            <mac_max>C91A00480250</mac_max>
        </mac>
        <mac>
            <mac_min>C91A00480256</mac_min>
            <mac_max>C91A00480257</mac_max>
        </mac>
        <mac>
            <mac_min>C91A0048028A</mac_min>
            <mac_max>C91A004802B3</mac_max>
        </mac>
        <mac>
            <mac_min>C91A004802B5</mac_min>
            <mac_max>C91A004802BB</mac_max>
        </mac>
        <mac>
            <mac_min>C91A00480307</mac_min>
            <mac_max>C91A00480308</mac_max>
        </mac>
        <mac>
            <mac_min>C91A00480352</mac_min>
            <mac_max>C91A00480367</mac_max>
        </mac>
        <mac>
            <mac_min>C91A00480369</mac_min>
            <mac_max>C91A00480372</mac_max>
        </mac>
        <mac>
            <mac_min>C91A00480374</mac_min>
            <mac_max>C91A00480378</mac_max>
        </mac>
        <mac>
            <mac_min>C91A0048037A</mac_min>
            <mac_max>C91A00480384</mac_max>
        </mac>
        <mac>
            <mac_min>C91A00480389</mac_min>
            <mac_max>C91A0048038B</mac_max>
        </mac>
        <mac>
            <mac_min>C91A004803A1</mac_min>
            <mac_max>C91A004803A2</mac_max>
        </mac>
        <mac>
            <mac_min>C91A004803AF</mac_min>
            <mac_max>C91A004803B0</mac_max>
        </mac>
    </mac_range>
    <mac_single>
        <mac>C91A0048001A</mac>
        <mac>C91A00480063</mac>
        <mac>C91A00480066</mac>
        <mac>C91A0048007C</mac>
        <mac>C91A004800C2</mac>
        <mac>C91A004800C7</mac>
        <mac>C91A00480116</mac>
        <mac>C91A0048012A</mac>
        <mac>C91A00480160</mac>
        <mac>C91A00480172</mac>
        <mac>C91A00480175</mac>
        <mac>C91A00480181</mac>
        <mac>C91A0048019F</mac>
        <mac>C91A004801A9</mac>
        <mac>C91A004801D9</mac>
        <mac>C91A00480241</mac>
        <mac>C91A00480243</mac>
        <mac>C91A00480245</mac>
        <mac>C91A00480252</mac>
        <mac>C91A004802CC</mac>
        <mac>C91A004802D5</mac>
        <mac>C91A004802D8</mac>
        <mac>C91A004802E0</mac>
        <mac>C91A004802F2</mac>
        <mac>C91A004802F6</mac>
        <mac>C91A00480305</mac>
        <mac>C91A0048031D</mac>
        <mac>C91A0048031F</mac>
        <mac>C91A00480386</mac>
        <mac>C91A0048038E</mac>
        <mac>C91A00480392</mac>
        <mac>C91A00480394</mac>
        <mac>C91A00480396</mac>
        <mac>C91A0048039A</mac>
        <mac>C91A004803A6</mac>
        <mac>C91A004803AB</mac>
    </mac_single>
    <mac_warn />
</build_mac>
