<?xml version="1.0" encoding="utf-8" ?>
<build_mac>
    <build_id>860100010030300059</build_id>
    <mac_range>
        <mac>
            <mac_min>C91A006C18CE</mac_min>
            <mac_max>C91A006C18CF</mac_max>
        </mac>
        <mac>
            <mac_min>C91A006C18D5</mac_min>
            <mac_max>C91A006C18D6</mac_max>
        </mac>
        <mac>
            <mac_min>C91A006C18D9</mac_min>
            <mac_max>C91A006C18DC</mac_max>
        </mac>
        <mac>
            <mac_min>C91A006C18DF</mac_min>
            <mac_max>C91A006C18E2</mac_max>
        </mac>
        <mac>
            <mac_min>C91A006C18E7</mac_min>
            <mac_max>C91A006C18EA</mac_max>
        </mac>
        <mac>
            <mac_min>C91A006C18ED</mac_min>
            <mac_max>C91A006C18EF</mac_max>
        </mac>
        <mac>
            <mac_min>C91A006C18F1</mac_min>
            <mac_max>C91A006C18F7</mac_max>
        </mac>
        <mac>
            <mac_min>C91A006C18FB</mac_min>
            <mac_max>C91A006C18FF</mac_max>
        </mac>
        <mac>
            <mac_min>C91A006C19FA</mac_min>
            <mac_max>C91A006C1A2B</mac_max>
        </mac>
        <mac>
            <mac_min>FDA5272A81B0</mac_min>
            <mac_max>FDA5272A81B1</mac_max>
        </mac>
        <mac>
            <mac_min>FDA5272A81B7</mac_min>
            <mac_max>FDA5272A81B8</mac_max>
        </mac>
        <mac>
            <mac_min>FDA5272A81BB</mac_min>
            <mac_max>FDA5272A81BE</mac_max>
        </mac>
        <mac>
            <mac_min>FDA5272A81C1</mac_min>
            <mac_max>FDA5272A81C4</mac_max>
        </mac>
        <mac>
            <mac_min>FDA5272A81C9</mac_min>
            <mac_max>FDA5272A81CC</mac_max>
        </mac>
        <mac>
            <mac_min>FDA5272A81CF</mac_min>
            <mac_max>FDA5272A81D1</mac_max>
        </mac>
        <mac>
            <mac_min>FDA5272A81D3</mac_min>
            <mac_max>FDA5272A81D9</mac_max>
        </mac>
        <mac>
            <mac_min>FDA5272A81DD</mac_min>
            <mac_max>FDA5272A81E1</mac_max>
        </mac>
        <mac>
            <mac_min>FDA5272A82DC</mac_min>
            <mac_max>FDA5272A830D</mac_max>
        </mac>
    </mac_range>
    <mac_single>
        <mac>C91A006C18D1</mac>
        <mac>C91A006C18E5</mac>
        <mac>C91A006C18F9</mac>
        <mac>FDA5272A81B3</mac>
        <mac>FDA5272A81C7</mac>
        <mac>FDA5272A81DB</mac>
    </mac_single>
    <mac_warn />
</build_mac>
