<?xml version="1.0" encoding="utf-8" ?>
<build_mac>
    <build_id>860100010060300004</build_id>
    <mac_range>
        <mac>
            <mac_min>C91A006F3A98</mac_min>
            <mac_max>C91A006F3AC9</mac_max>
        </mac>
        <mac>
            <mac_min>C91A006F3AFC</mac_min>
            <mac_max>C91A006F3B2D</mac_max>
        </mac>
        <mac>
            <mac_min>C91A006F3C28</mac_min>
            <mac_max>C91A006F3C2E</mac_max>
        </mac>
        <mac>
            <mac_min>C91A006F3C30</mac_min>
            <mac_max>C91A006F3C34</mac_max>
        </mac>
        <mac>
            <mac_min>C91A006F3C36</mac_min>
            <mac_max>C91A006F3C39</mac_max>
        </mac>
        <mac>
            <mac_min>C91A006F3C3C</mac_min>
            <mac_max>C91A006F3C3E</mac_max>
        </mac>
        <mac>
            <mac_min>C91A006F3C40</mac_min>
            <mac_max>C91A006F3C4A</mac_max>
        </mac>
        <mac>
            <mac_min>C91A006F3C4E</mac_min>
            <mac_max>C91A006F3C59</mac_max>
        </mac>
        <mac>
            <mac_min>FDA5272C6015</mac_min>
            <mac_max>FDA5272C6046</mac_max>
        </mac>
        <mac>
            <mac_min>FDA5272C6079</mac_min>
            <mac_max>FDA5272C60AA</mac_max>
        </mac>
        <mac>
            <mac_min>FDA5272C61A5</mac_min>
            <mac_max>FDA5272C61AB</mac_max>
        </mac>
        <mac>
            <mac_min>FDA5272C61AD</mac_min>
            <mac_max>FDA5272C61B1</mac_max>
        </mac>
        <mac>
            <mac_min>FDA5272C61B3</mac_min>
            <mac_max>FDA5272C61B6</mac_max>
        </mac>
        <mac>
            <mac_min>FDA5272C61B9</mac_min>
            <mac_max>FDA5272C61BB</mac_max>
        </mac>
        <mac>
            <mac_min>FDA5272C61BD</mac_min>
            <mac_max>FDA5272C61C7</mac_max>
        </mac>
        <mac>
            <mac_min>FDA5272C61CB</mac_min>
            <mac_max>FDA5272C61D6</mac_max>
        </mac>
    </mac_range>
    <mac_single>
        <mac>C91A006F3C4C</mac>
        <mac>FDA5272C61C9</mac>
    </mac_single>
    <mac_warn />
</build_mac>
