<?xml version="1.0" encoding="utf-8" ?>
<build_mac>
    <build_id>860100010030500020</build_id>
    <mac_range>
        <mac>
            <mac_min>C91A003D0040</mac_min>
            <mac_max>C91A003D0042</mac_max>
        </mac>
        <mac>
            <mac_min>C91A003D0046</mac_min>
            <mac_max>C91A003D0047</mac_max>
        </mac>
        <mac>
            <mac_min>C91A003D004B</mac_min>
            <mac_max>C91A003D004D</mac_max>
        </mac>
        <mac>
            <mac_min>C91A003D0058</mac_min>
            <mac_max>C91A003D005B</mac_max>
        </mac>
        <mac>
            <mac_min>C91A003D005D</mac_min>
            <mac_max>C91A003D005E</mac_max>
        </mac>
    </mac_range>
    <mac_single>
        <mac>C91A003D0032</mac>
        <mac>C91A003D0038</mac>
        <mac>C91A003D003A</mac>
        <mac>C91A003D003C</mac>
        <mac>C91A003D003E</mac>
        <mac>C91A003D0044</mac>
        <mac>C91A003D0049</mac>
        <mac>C91A003D0050</mac>
        <mac>C91A003D0053</mac>
        <mac>C91A003D0055</mac>
        <mac>C91A003D0060</mac>
        <mac>C91A003D0063</mac>
    </mac_single>
    <mac_warn />
</build_mac>
