<?xml version="1.0" encoding="utf-8" ?>
<build_mac>
    <build_id>860100010050300005</build_id>
    <mac_range>
        <mac>
            <mac_min>C91A00480003</mac_min>
            <mac_max>C91A00480004</mac_max>
        </mac>
        <mac>
            <mac_min>C91A00480006</mac_min>
            <mac_max>C91A00480009</mac_max>
        </mac>
        <mac>
            <mac_min>C91A0048000B</mac_min>
            <mac_max>C91A0048000D</mac_max>
        </mac>
        <mac>
            <mac_min>C91A00480011</mac_min>
            <mac_max>C91A00480013</mac_max>
        </mac>
        <mac>
            <mac_min>C91A0048001D</mac_min>
            <mac_max>C91A0048001E</mac_max>
        </mac>
        <mac>
            <mac_min>C91A00480023</mac_min>
            <mac_max>C91A00480025</mac_max>
        </mac>
        <mac>
            <mac_min>C91A0048002C</mac_min>
            <mac_max>C91A0048002D</mac_max>
        </mac>
        <mac>
            <mac_min>C91A00480032</mac_min>
            <mac_max>C91A00480062</mac_max>
        </mac>
        <mac>
            <mac_min>C91A00480088</mac_min>
            <mac_max>C91A00480089</mac_max>
        </mac>
        <mac>
            <mac_min>C91A004800C8</mac_min>
            <mac_max>C91A004800EE</mac_max>
        </mac>
        <mac>
            <mac_min>C91A004800F0</mac_min>
            <mac_max>C91A004800FB</mac_max>
        </mac>
        <mac>
            <mac_min>C91A004800FD</mac_min>
            <mac_max>C91A0048010E</mac_max>
        </mac>
        <mac>
            <mac_min>C91A00480110</mac_min>
            <mac_max>C91A00480111</mac_max>
        </mac>
        <mac>
            <mac_min>C91A00480113</mac_min>
            <mac_max>C91A00480115</mac_max>
        </mac>
        <mac>
            <mac_min>C91A00480117</mac_min>
            <mac_max>C91A0048011A</mac_max>
        </mac>
        <mac>
            <mac_min>C91A0048011C</mac_min>
            <mac_max>C91A0048011F</mac_max>
        </mac>
        <mac>
            <mac_min>C91A00480122</mac_min>
            <mac_max>C91A00480123</mac_max>
        </mac>
        <mac>
            <mac_min>C91A0048012F</mac_min>
            <mac_max>C91A00480132</mac_max>
        </mac>
        <mac>
            <mac_min>C91A00480134</mac_min>
            <mac_max>C91A00480138</mac_max>
        </mac>
        <mac>
            <mac_min>C91A0048013A</mac_min>
            <mac_max>C91A0048013C</mac_max>
        </mac>
        <mac>
            <mac_min>C91A0048013E</mac_min>
            <mac_max>C91A00480141</mac_max>
        </mac>
        <mac>
            <mac_min>C91A00480143</mac_min>
            <mac_max>C91A00480147</mac_max>
        </mac>
        <mac>
            <mac_min>C91A00480149</mac_min>
            <mac_max>C91A0048014A</mac_max>
        </mac>
        <mac>
            <mac_min>C91A0048014C</mac_min>
            <mac_max>C91A00480150</mac_max>
        </mac>
        <mac>
            <mac_min>C91A00480152</mac_min>
            <mac_max>C91A0048015B</mac_max>
        </mac>
        <mac>
            <mac_min>C91A0048015D</mac_min>
            <mac_max>C91A0048015F</mac_max>
        </mac>
        <mac>
            <mac_min>C91A00480161</mac_min>
            <mac_max>C91A00480165</mac_max>
        </mac>
        <mac>
            <mac_min>C91A00480168</mac_min>
            <mac_max>C91A00480169</mac_max>
        </mac>
        <mac>
            <mac_min>C91A0048016B</mac_min>
            <mac_max>C91A00480171</mac_max>
        </mac>
        <mac>
            <mac_min>C91A00480173</mac_min>
            <mac_max>C91A00480174</mac_max>
        </mac>
        <mac>
            <mac_min>C91A00480176</mac_min>
            <mac_max>C91A0048017D</mac_max>
        </mac>
        <mac>
            <mac_min>C91A0048017F</mac_min>
            <mac_max>C91A00480180</mac_max>
        </mac>
        <mac>
            <mac_min>C91A00480182</mac_min>
            <mac_max>C91A00480183</mac_max>
        </mac>
        <mac>
            <mac_min>C91A00480185</mac_min>
            <mac_max>C91A0048018B</mac_max>
        </mac>
        <mac>
            <mac_min>C91A00480190</mac_min>
            <mac_max>C91A0048019D</mac_max>
        </mac>
        <mac>
            <mac_min>C91A004801A0</mac_min>
            <mac_max>C91A004801A4</mac_max>
        </mac>
        <mac>
            <mac_min>C91A004801A6</mac_min>
            <mac_max>C91A004801A8</mac_max>
        </mac>
        <mac>
            <mac_min>C91A004801AA</mac_min>
            <mac_max>C91A004801D8</mac_max>
        </mac>
        <mac>
            <mac_min>C91A004801DA</mac_min>
            <mac_max>C91A004801F3</mac_max>
        </mac>
        <mac>
            <mac_min>C91A00480249</mac_min>
            <mac_max>C91A0048024B</mac_max>
        </mac>
        <mac>
            <mac_min>C91A004802BF</mac_min>
            <mac_max>C91A004802C1</mac_max>
        </mac>
        <mac>
            <mac_min>C91A004802EE</mac_min>
            <mac_max>C91A004802F1</mac_max>
        </mac>
        <mac>
            <mac_min>C91A004802F3</mac_min>
            <mac_max>C91A004802F5</mac_max>
        </mac>
        <mac>
            <mac_min>C91A004802F7</mac_min>
            <mac_max>C91A00480304</mac_max>
        </mac>
        <mac>
            <mac_min>C91A00480309</mac_min>
            <mac_max>C91A0048030E</mac_max>
        </mac>
        <mac>
            <mac_min>C91A00480312</mac_min>
            <mac_max>C91A0048031C</mac_max>
        </mac>
        <mac>
            <mac_min>C91A0048038F</mac_min>
            <mac_max>C91A00480391</mac_max>
        </mac>
        <mac>
            <mac_min>C91A004803A3</mac_min>
            <mac_max>C91A004803A5</mac_max>
        </mac>
        <mac>
            <mac_min>C91A004803B3</mac_min>
            <mac_max>C91A004803B5</mac_max>
        </mac>
    </mac_range>
    <mac_single>
        <mac>C91A00480001</mac>
        <mac>C91A00480016</mac>
        <mac>C91A00480019</mac>
        <mac>C91A0048001B</mac>
        <mac>C91A00480027</mac>
        <mac>C91A00480029</mac>
        <mac>C91A00480030</mac>
        <mac>C91A00480064</mac>
        <mac>C91A0048006F</mac>
        <mac>C91A0048007E</mac>
        <mac>C91A0048008C</mac>
        <mac>C91A004800A1</mac>
        <mac>C91A004800A9</mac>
        <mac>C91A004800AD</mac>
        <mac>C91A004800C0</mac>
        <mac>C91A00480125</mac>
        <mac>C91A00480127</mac>
        <mac>C91A00480129</mac>
        <mac>C91A0048012C</mac>
        <mac>C91A0048022C</mac>
        <mac>C91A00480232</mac>
        <mac>C91A0048023C</mac>
        <mac>C91A00480244</mac>
        <mac>C91A00480246</mac>
        <mac>C91A00480255</mac>
        <mac>C91A004802BC</mac>
        <mac>C91A004802C9</mac>
        <mac>C91A004802CF</mac>
        <mac>C91A004802DD</mac>
        <mac>C91A004802DF</mac>
        <mac>C91A004802E2</mac>
        <mac>C91A004802E4</mac>
        <mac>C91A004802E7</mac>
        <mac>C91A004802EB</mac>
        <mac>C91A00480306</mac>
        <mac>C91A00480310</mac>
        <mac>C91A0048031E</mac>
        <mac>C91A0048039C</mac>
        <mac>C91A0048039E</mac>
        <mac>C91A004803AC</mac>
        <mac>C91A004803AE</mac>
        <mac>C91A004803B1</mac>
        <mac>C91A00480BC2</mac>
        <mac>C91A0048102C</mac>
        <mac>C91A00481748</mac>
    </mac_single>
    <mac_warn />
</build_mac>
