<?xml version="1.0" encoding="utf-8" ?>
<build_mac>
    <build_id>860100010120300001</build_id>
    <mac_range>
        <mac>
            <mac_min>C91A005B011A</mac_min>
            <mac_max>C91A005B011B</mac_max>
        </mac>
        <mac>
            <mac_min>C91A005B0124</mac_min>
            <mac_max>C91A005B0125</mac_max>
        </mac>
        <mac>
            <mac_min>C91A005B015E</mac_min>
            <mac_max>C91A005B018F</mac_max>
        </mac>
        <mac>
            <mac_min>C91A005B02EE</mac_min>
            <mac_max>C91A005B02F7</mac_max>
        </mac>
        <mac>
            <mac_min>C91A005B02F9</mac_min>
            <mac_max>C91A005B0309</mac_max>
        </mac>
        <mac>
            <mac_min>C91A005B030B</mac_min>
            <mac_max>C91A005B0315</mac_max>
        </mac>
        <mac>
            <mac_min>C91A005B0317</mac_min>
            <mac_max>C91A005B031F</mac_max>
        </mac>
        <mac>
            <mac_min>C91A005B03B6</mac_min>
            <mac_max>C91A005B03B8</mac_max>
        </mac>
        <mac>
            <mac_min>C91A005B03BC</mac_min>
            <mac_max>C91A005B03C1</mac_max>
        </mac>
        <mac>
            <mac_min>C91A005B03C4</mac_min>
            <mac_max>C91A005B03C5</mac_max>
        </mac>
        <mac>
            <mac_min>C91A005B03C9</mac_min>
            <mac_max>C91A005B03CC</mac_max>
        </mac>
        <mac>
            <mac_min>C91A005B03CF</mac_min>
            <mac_max>C91A005B03D1</mac_max>
        </mac>
        <mac>
            <mac_min>C91A005B03D3</mac_min>
            <mac_max>C91A005B03D5</mac_max>
        </mac>
        <mac>
            <mac_min>C91A005B03D7</mac_min>
            <mac_max>C91A005B03D8</mac_max>
        </mac>
        <mac>
            <mac_min>C91A005B03DA</mac_min>
            <mac_max>C91A005B03DB</mac_max>
        </mac>
        <mac>
            <mac_min>C91A005B03DD</mac_min>
            <mac_max>C91A005B03DE</mac_max>
        </mac>
        <mac>
            <mac_min>C91A005B03E0</mac_min>
            <mac_max>C91A005B03E1</mac_max>
        </mac>
        <mac>
            <mac_min>C91A005B03E5</mac_min>
            <mac_max>C91A005B03E6</mac_max>
        </mac>
        <mac>
            <mac_min>FDA52717F6D7</mac_min>
            <mac_max>FDA52717F6D8</mac_max>
        </mac>
        <mac>
            <mac_min>FDA52717F6E1</mac_min>
            <mac_max>FDA52717F6E2</mac_max>
        </mac>
        <mac>
            <mac_min>FDA52717F71B</mac_min>
            <mac_max>FDA52717F74C</mac_max>
        </mac>
        <mac>
            <mac_min>FDA5271804F6</mac_min>
            <mac_max>FDA5271804FF</mac_max>
        </mac>
        <mac>
            <mac_min>FDA527180501</mac_min>
            <mac_max>FDA527180511</mac_max>
        </mac>
        <mac>
            <mac_min>FDA527180513</mac_min>
            <mac_max>FDA52718051D</mac_max>
        </mac>
        <mac>
            <mac_min>FDA52718051F</mac_min>
            <mac_max>FDA527180527</mac_max>
        </mac>
        <mac>
            <mac_min>FDA5271805BE</mac_min>
            <mac_max>FDA5271805C0</mac_max>
        </mac>
        <mac>
            <mac_min>FDA5271805C4</mac_min>
            <mac_max>FDA5271805C9</mac_max>
        </mac>
        <mac>
            <mac_min>FDA5271805CC</mac_min>
            <mac_max>FDA5271805CD</mac_max>
        </mac>
        <mac>
            <mac_min>FDA5271805D1</mac_min>
            <mac_max>FDA5271805D4</mac_max>
        </mac>
        <mac>
            <mac_min>FDA5271805D7</mac_min>
            <mac_max>FDA5271805D9</mac_max>
        </mac>
        <mac>
            <mac_min>FDA5271805DB</mac_min>
            <mac_max>FDA5271805DD</mac_max>
        </mac>
        <mac>
            <mac_min>FDA5271805DF</mac_min>
            <mac_max>FDA5271805E0</mac_max>
        </mac>
        <mac>
            <mac_min>FDA5271805E2</mac_min>
            <mac_max>FDA5271805E3</mac_max>
        </mac>
        <mac>
            <mac_min>FDA5271805E9</mac_min>
            <mac_max>FDA5271805EA</mac_max>
        </mac>
        <mac>
            <mac_min>FDA5271805EE</mac_min>
            <mac_max>FDA5271805EF</mac_max>
        </mac>
    </mac_range>
    <mac_single>
        <mac>C91A005B00FC</mac>
        <mac>C91A005B0101</mac>
        <mac>C91A005B0104</mac>
        <mac>C91A005B010A</mac>
        <mac>C91A005B0112</mac>
        <mac>C91A005B011F</mac>
        <mac>C91A005B0129</mac>
        <mac>C91A005B03BA</mac>
        <mac>C91A005B03E3</mac>
        <mac>FDA52717F6B9</mac>
        <mac>FDA52717F6BE</mac>
        <mac>FDA52717F6C1</mac>
        <mac>FDA52717F6C7</mac>
        <mac>FDA52717F6CF</mac>
        <mac>FDA52717F6DC</mac>
        <mac>FDA52717F6E6</mac>
        <mac>FDA5271805C2</mac>
        <mac>FDA5271805E5</mac>
        <mac>FDA5271805E7</mac>
        <mac>FDA5271805EC</mac>
    </mac_single>
    <mac_warn />
</build_mac>
