<?xml version="1.0" encoding="utf-8" ?>
<build_mac>
    <build_id>860100010030300123</build_id>
    <mac_range>
        <mac>
            <mac_min>C91A006E4027</mac_min>
            <mac_max>C91A006E4028</mac_max>
        </mac>
        <mac>
            <mac_min>C91A006E5DDD</mac_min>
            <mac_max>C91A006E5DE0</mac_max>
        </mac>
        <mac>
            <mac_min>C91A006E5E56</mac_min>
            <mac_max>C91A006E5E87</mac_max>
        </mac>
        <mac>
            <mac_min>C91A006E5EB7</mac_min>
            <mac_max>C91A006E5F2A</mac_max>
        </mac>
        <mac>
            <mac_min>C91A006E5F2C</mac_min>
            <mac_max>C91A006E5F2D</mac_max>
        </mac>
        <mac>
            <mac_min>C91A006E5F2F</mac_min>
            <mac_max>C91A006E5F37</mac_max>
        </mac>
        <mac>
            <mac_min>C91A006E5F39</mac_min>
            <mac_max>C91A006E5F3B</mac_max>
        </mac>
        <mac>
            <mac_min>C91A006E5F3D</mac_min>
            <mac_max>C91A006E5F3F</mac_max>
        </mac>
        <mac>
            <mac_min>C91A006E5F41</mac_min>
            <mac_max>C91A006E5F42</mac_max>
        </mac>
        <mac>
            <mac_min>C91A006E5F44</mac_min>
            <mac_max>C91A006E5F4F</mac_max>
        </mac>
        <mac>
            <mac_min>C91A006E5F73</mac_min>
            <mac_max>C91A006E5F81</mac_max>
        </mac>
        <mac>
            <mac_min>C91A006E5FB2</mac_min>
            <mac_max>C91A006E5FB3</mac_max>
        </mac>
        <mac>
            <mac_min>C91A006F3CDD</mac_min>
            <mac_max>C91A006F3CDE</mac_max>
        </mac>
        <mac>
            <mac_min>FDA5272B683A</mac_min>
            <mac_max>FDA5272B683B</mac_max>
        </mac>
        <mac>
            <mac_min>FDA5272B8663</mac_min>
            <mac_max>FDA5272B8666</mac_max>
        </mac>
        <mac>
            <mac_min>FDA5272B86DC</mac_min>
            <mac_max>FDA5272B870D</mac_max>
        </mac>
        <mac>
            <mac_min>FDA5272B873D</mac_min>
            <mac_max>FDA5272B87B0</mac_max>
        </mac>
        <mac>
            <mac_min>FDA5272B87B2</mac_min>
            <mac_max>FDA5272B87B3</mac_max>
        </mac>
        <mac>
            <mac_min>FDA5272B87B5</mac_min>
            <mac_max>FDA5272B87BD</mac_max>
        </mac>
        <mac>
            <mac_min>FDA5272B87BF</mac_min>
            <mac_max>FDA5272B87C1</mac_max>
        </mac>
        <mac>
            <mac_min>FDA5272B87C3</mac_min>
            <mac_max>FDA5272B87C5</mac_max>
        </mac>
        <mac>
            <mac_min>FDA5272B87C7</mac_min>
            <mac_max>FDA5272B87C8</mac_max>
        </mac>
        <mac>
            <mac_min>FDA5272B87CA</mac_min>
            <mac_max>FDA5272B87D5</mac_max>
        </mac>
        <mac>
            <mac_min>FDA5272B87F9</mac_min>
            <mac_max>FDA5272B8807</mac_max>
        </mac>
        <mac>
            <mac_min>FDA5272B8838</mac_min>
            <mac_max>FDA5272B8839</mac_max>
        </mac>
        <mac>
            <mac_min>FDA5272C625A</mac_min>
            <mac_max>FDA5272C625B</mac_max>
        </mac>
    </mac_range>
    <mac_single>
        <mac>C91A006E4023</mac>
        <mac>C91A006F3CC9</mac>
        <mac>C91A006F3CCB</mac>
        <mac>FDA5272B6836</mac>
        <mac>FDA5272C6246</mac>
        <mac>FDA5272C6248</mac>
    </mac_single>
    <mac_warn />
</build_mac>
