<?xml version="1.0" encoding="utf-8" ?>
<build_mac>
    <build_id>860100010050300033</build_id>
    <mac_range>
        <mac>
            <mac_min>C91A005D00FA</mac_min>
            <mac_max>C91A005D00FC</mac_max>
        </mac>
        <mac>
            <mac_min>C91A005D0100</mac_min>
            <mac_max>C91A005D0102</mac_max>
        </mac>
        <mac>
            <mac_min>C91A005D0104</mac_min>
            <mac_max>C91A005D0109</mac_max>
        </mac>
        <mac>
            <mac_min>C91A005D010E</mac_min>
            <mac_max>C91A005D0111</mac_max>
        </mac>
        <mac>
            <mac_min>C91A005D0115</mac_min>
            <mac_max>C91A005D0118</mac_max>
        </mac>
        <mac>
            <mac_min>C91A005D0121</mac_min>
            <mac_max>C91A005D0122</mac_max>
        </mac>
        <mac>
            <mac_min>C91A005D0125</mac_min>
            <mac_max>C91A005D0126</mac_max>
        </mac>
        <mac>
            <mac_min>C91A005D012A</mac_min>
            <mac_max>C91A005D012B</mac_max>
        </mac>
        <mac>
            <mac_min>C91A00600447</mac_min>
            <mac_max>C91A00600448</mac_max>
        </mac>
        <mac>
            <mac_min>C91A00600ED8</mac_min>
            <mac_max>C91A00600F0A</mac_max>
        </mac>
        <mac>
            <mac_min>C91A00600F1F</mac_min>
            <mac_max>C91A00600F20</mac_max>
        </mac>
        <mac>
            <mac_min>C91A00600F2C</mac_min>
            <mac_max>C91A00600F2E</mac_max>
        </mac>
        <mac>
            <mac_min>C91A00600F30</mac_min>
            <mac_max>C91A00600F31</mac_max>
        </mac>
        <mac>
            <mac_min>C91A006010FE</mac_min>
            <mac_max>C91A0060112F</mac_max>
        </mac>
        <mac>
            <mac_min>C91A006016AA</mac_min>
            <mac_max>C91A006016AC</mac_max>
        </mac>
        <mac>
            <mac_min>C91A006016C7</mac_min>
            <mac_max>C91A006016C9</mac_max>
        </mac>
        <mac>
            <mac_min>C91A006016CE</mac_min>
            <mac_max>C91A006016CF</mac_max>
        </mac>
        <mac>
            <mac_min>C91A006016D3</mac_min>
            <mac_max>C91A006016D9</mac_max>
        </mac>
        <mac>
            <mac_min>C91A006019CB</mac_min>
            <mac_max>C91A006019CF</mac_max>
        </mac>
        <mac>
            <mac_min>C91A006019D7</mac_min>
            <mac_max>C91A006019DF</mac_max>
        </mac>
        <mac>
            <mac_min>C91A006019E8</mac_min>
            <mac_max>C91A006019E9</mac_max>
        </mac>
        <mac>
            <mac_min>C91A006019EE</mac_min>
            <mac_max>C91A006019F9</mac_max>
        </mac>
        <mac>
            <mac_min>FDA52719D7A1</mac_min>
            <mac_max>FDA52719D7A3</mac_max>
        </mac>
        <mac>
            <mac_min>FDA52719D7A7</mac_min>
            <mac_max>FDA52719D7A9</mac_max>
        </mac>
        <mac>
            <mac_min>FDA52719D7AB</mac_min>
            <mac_max>FDA52719D7B0</mac_max>
        </mac>
        <mac>
            <mac_min>FDA52719D7B5</mac_min>
            <mac_max>FDA52719D7B8</mac_max>
        </mac>
        <mac>
            <mac_min>FDA52719D7BC</mac_min>
            <mac_max>FDA52719D7BF</mac_max>
        </mac>
        <mac>
            <mac_min>FDA52719D7C8</mac_min>
            <mac_max>FDA52719D7C9</mac_max>
        </mac>
        <mac>
            <mac_min>FDA52719D7CC</mac_min>
            <mac_max>FDA52719D7CD</mac_max>
        </mac>
        <mac>
            <mac_min>FDA52719D7D1</mac_min>
            <mac_max>FDA52719D7D2</mac_max>
        </mac>
        <mac>
            <mac_min>FDA5271A25A2</mac_min>
            <mac_max>FDA5271A25A3</mac_max>
        </mac>
        <mac>
            <mac_min>FDA5271BD724</mac_min>
            <mac_max>FDA5271BD755</mac_max>
        </mac>
        <mac>
            <mac_min>FDA5271BDA76</mac_min>
            <mac_max>FDA5271BDA78</mac_max>
        </mac>
        <mac>
            <mac_min>FDA5271BDE38</mac_min>
            <mac_max>FDA5271BDE39</mac_max>
        </mac>
        <mac>
            <mac_min>FDA5271BDE41</mac_min>
            <mac_max>FDA5271BDE44</mac_max>
        </mac>
        <mac>
            <mac_min>FDA5271BE039</mac_min>
            <mac_max>FDA5271BE03D</mac_max>
        </mac>
        <mac>
            <mac_min>FDA5271BE046</mac_min>
            <mac_max>FDA5271BE047</mac_max>
        </mac>
        <mac>
            <mac_min>FDA5271BE04C</mac_min>
            <mac_max>FDA5271BE057</mac_max>
        </mac>
        <mac>
            <mac_min>FDA5271BE63D</mac_min>
            <mac_max>FDA5271BE66F</mac_max>
        </mac>
        <mac>
            <mac_min>FDA5271BE684</mac_min>
            <mac_max>FDA5271BE685</mac_max>
        </mac>
        <mac>
            <mac_min>FDA5271BE691</mac_min>
            <mac_max>FDA5271BE693</mac_max>
        </mac>
        <mac>
            <mac_min>FDA5271BE695</mac_min>
            <mac_max>FDA5271BE696</mac_max>
        </mac>
        <mac>
            <mac_min>FDA5271BEF70</mac_min>
            <mac_max>FDA5271BEF72</mac_max>
        </mac>
        <mac>
            <mac_min>FDA5271BEF8D</mac_min>
            <mac_max>FDA5271BEF8F</mac_max>
        </mac>
        <mac>
            <mac_min>FDA5271BEF94</mac_min>
            <mac_max>FDA5271BEF95</mac_max>
        </mac>
        <mac>
            <mac_min>FDA5271BEF99</mac_min>
            <mac_max>FDA5271BEF9F</mac_max>
        </mac>
    </mac_range>
    <mac_single>
        <mac>C91A005D010C</mac>
        <mac>C91A005D0113</mac>
        <mac>C91A005D011A</mac>
        <mac>C91A005D011E</mac>
        <mac>C91A005D0128</mac>
        <mac>C91A005F0042</mac>
        <mac>C91A005F005C</mac>
        <mac>C91A005F064B</mac>
        <mac>C91A005F0660</mac>
        <mac>C91A005F0666</mac>
        <mac>C91A00600F0D</mac>
        <mac>C91A00600F0F</mac>
        <mac>C91A00600F11</mac>
        <mac>C91A00600F17</mac>
        <mac>C91A00600F22</mac>
        <mac>C91A00600F24</mac>
        <mac>C91A00600F29</mac>
        <mac>C91A00600F38</mac>
        <mac>C91A006016A8</mac>
        <mac>C91A006016AF</mac>
        <mac>C91A006016B4</mac>
        <mac>C91A006016BD</mac>
        <mac>C91A006016D1</mac>
        <mac>C91A006019C9</mac>
        <mac>C91A006019D3</mac>
        <mac>C91A006019E1</mac>
        <mac>C91A006019E4</mac>
        <mac>C91A006019E6</mac>
        <mac>C91A00601D97</mac>
        <mac>C91A00601DAD</mac>
        <mac>FDA52719D7B3</mac>
        <mac>FDA52719D7BA</mac>
        <mac>FDA52719D7C1</mac>
        <mac>FDA52719D7C5</mac>
        <mac>FDA52719D7CF</mac>
        <mac>FDA5271A1251</mac>
        <mac>FDA5271A126B</mac>
        <mac>FDA5271A1AE6</mac>
        <mac>FDA5271A1CEF</mac>
        <mac>FDA5271A1CF5</mac>
        <mac>FDA5271BDA74</mac>
        <mac>FDA5271BDE3D</mac>
        <mac>FDA5271BE03F</mac>
        <mac>FDA5271BE042</mac>
        <mac>FDA5271BE044</mac>
        <mac>FDA5271BE672</mac>
        <mac>FDA5271BE674</mac>
        <mac>FDA5271BE676</mac>
        <mac>FDA5271BE67C</mac>
        <mac>FDA5271BE687</mac>
        <mac>FDA5271BE689</mac>
        <mac>FDA5271BE68E</mac>
        <mac>FDA5271BE69D</mac>
        <mac>FDA5271BED7D</mac>
        <mac>FDA5271BED93</mac>
        <mac>FDA5271BEF6E</mac>
        <mac>FDA5271BEF75</mac>
        <mac>FDA5271BEF7A</mac>
        <mac>FDA5271BEF83</mac>
        <mac>FDA5271BEF97</mac>
    </mac_single>
    <mac_warn />
</build_mac>
