<?xml version="1.0" encoding="utf-8" ?>
<build_mac>
    <build_id>860100010080300005</build_id>
    <mac_range>
        <mac>
            <mac_min>C91A00600F0B</mac_min>
            <mac_max>C91A00600F0C</mac_max>
        </mac>
        <mac>
            <mac_min>C91A00600F12</mac_min>
            <mac_max>C91A00600F16</mac_max>
        </mac>
        <mac>
            <mac_min>C91A00600F18</mac_min>
            <mac_max>C91A00600F1C</mac_max>
        </mac>
        <mac>
            <mac_min>C91A00600F25</mac_min>
            <mac_max>C91A00600F28</mac_max>
        </mac>
        <mac>
            <mac_min>C91A00600F32</mac_min>
            <mac_max>C91A00600F37</mac_max>
        </mac>
        <mac>
            <mac_min>C91A00600F39</mac_min>
            <mac_max>C91A00600F3B</mac_max>
        </mac>
        <mac>
            <mac_min>C91A00601650</mac_min>
            <mac_max>C91A00601651</mac_max>
        </mac>
        <mac>
            <mac_min>C91A00601664</mac_min>
            <mac_max>C91A00601665</mac_max>
        </mac>
        <mac>
            <mac_min>C91A0060166C</mac_min>
            <mac_max>C91A0060166D</mac_max>
        </mac>
        <mac>
            <mac_min>C91A0060166F</mac_min>
            <mac_max>C91A00601674</mac_max>
        </mac>
        <mac>
            <mac_min>C91A00601679</mac_min>
            <mac_max>C91A0060167A</mac_max>
        </mac>
        <mac>
            <mac_min>C91A0060167D</mac_min>
            <mac_max>C91A0060168D</mac_max>
        </mac>
        <mac>
            <mac_min>C91A00601691</mac_min>
            <mac_max>C91A00601693</mac_max>
        </mac>
        <mac>
            <mac_min>C91A00601696</mac_min>
            <mac_max>C91A00601697</mac_max>
        </mac>
        <mac>
            <mac_min>C91A0060169B</mac_min>
            <mac_max>C91A006016A7</mac_max>
        </mac>
        <mac>
            <mac_min>C91A00601D80</mac_min>
            <mac_max>C91A00601D85</mac_max>
        </mac>
        <mac>
            <mac_min>C91A00601D87</mac_min>
            <mac_max>C91A00601D89</mac_max>
        </mac>
        <mac>
            <mac_min>C91A00601D8C</mac_min>
            <mac_max>C91A00601D8D</mac_max>
        </mac>
        <mac>
            <mac_min>C91A00601D91</mac_min>
            <mac_max>C91A00601D92</mac_max>
        </mac>
        <mac>
            <mac_min>C91A00601D9E</mac_min>
            <mac_max>C91A00601D9F</mac_max>
        </mac>
        <mac>
            <mac_min>C91A00601DA1</mac_min>
            <mac_max>C91A00601DA2</mac_max>
        </mac>
        <mac>
            <mac_min>FDA5271BE670</mac_min>
            <mac_max>FDA5271BE671</mac_max>
        </mac>
        <mac>
            <mac_min>FDA5271BE677</mac_min>
            <mac_max>FDA5271BE67B</mac_max>
        </mac>
        <mac>
            <mac_min>FDA5271BE67D</mac_min>
            <mac_max>FDA5271BE681</mac_max>
        </mac>
        <mac>
            <mac_min>FDA5271BE68A</mac_min>
            <mac_max>FDA5271BE68D</mac_max>
        </mac>
        <mac>
            <mac_min>FDA5271BE697</mac_min>
            <mac_max>FDA5271BE69C</mac_max>
        </mac>
        <mac>
            <mac_min>FDA5271BE69E</mac_min>
            <mac_max>FDA5271BE6A0</mac_max>
        </mac>
        <mac>
            <mac_min>FDA5271BED66</mac_min>
            <mac_max>FDA5271BED6B</mac_max>
        </mac>
        <mac>
            <mac_min>FDA5271BED6D</mac_min>
            <mac_max>FDA5271BED6F</mac_max>
        </mac>
        <mac>
            <mac_min>FDA5271BED72</mac_min>
            <mac_max>FDA5271BED73</mac_max>
        </mac>
        <mac>
            <mac_min>FDA5271BED77</mac_min>
            <mac_max>FDA5271BED78</mac_max>
        </mac>
        <mac>
            <mac_min>FDA5271BED84</mac_min>
            <mac_max>FDA5271BED85</mac_max>
        </mac>
        <mac>
            <mac_min>FDA5271BED87</mac_min>
            <mac_max>FDA5271BED88</mac_max>
        </mac>
        <mac>
            <mac_min>FDA5271BEF16</mac_min>
            <mac_max>FDA5271BEF17</mac_max>
        </mac>
        <mac>
            <mac_min>FDA5271BEF2A</mac_min>
            <mac_max>FDA5271BEF2B</mac_max>
        </mac>
        <mac>
            <mac_min>FDA5271BEF32</mac_min>
            <mac_max>FDA5271BEF33</mac_max>
        </mac>
        <mac>
            <mac_min>FDA5271BEF35</mac_min>
            <mac_max>FDA5271BEF3A</mac_max>
        </mac>
        <mac>
            <mac_min>FDA5271BEF3F</mac_min>
            <mac_max>FDA5271BEF40</mac_max>
        </mac>
        <mac>
            <mac_min>FDA5271BEF43</mac_min>
            <mac_max>FDA5271BEF53</mac_max>
        </mac>
        <mac>
            <mac_min>FDA5271BEF57</mac_min>
            <mac_max>FDA5271BEF59</mac_max>
        </mac>
        <mac>
            <mac_min>FDA5271BEF5C</mac_min>
            <mac_max>FDA5271BEF5D</mac_max>
        </mac>
        <mac>
            <mac_min>FDA5271BEF61</mac_min>
            <mac_max>FDA5271BEF6D</mac_max>
        </mac>
    </mac_range>
    <mac_single>
        <mac>C91A00600F0E</mac>
        <mac>C91A00600F10</mac>
        <mac>C91A00600F1E</mac>
        <mac>C91A00600F21</mac>
        <mac>C91A00600F23</mac>
        <mac>C91A00600F2B</mac>
        <mac>C91A00600F2F</mac>
        <mac>C91A00601644</mac>
        <mac>C91A00601647</mac>
        <mac>C91A00601654</mac>
        <mac>C91A0060165A</mac>
        <mac>C91A0060165C</mac>
        <mac>C91A00601677</mac>
        <mac>C91A00601699</mac>
        <mac>C91A00601D96</mac>
        <mac>C91A00601D99</mac>
        <mac>C91A00601DA6</mac>
        <mac>C91A00601DA8</mac>
        <mac>C91A00601DAC</mac>
        <mac>FDA5271BE673</mac>
        <mac>FDA5271BE675</mac>
        <mac>FDA5271BE683</mac>
        <mac>FDA5271BE686</mac>
        <mac>FDA5271BE688</mac>
        <mac>FDA5271BE690</mac>
        <mac>FDA5271BE694</mac>
        <mac>FDA5271BED7C</mac>
        <mac>FDA5271BED7F</mac>
        <mac>FDA5271BED8C</mac>
        <mac>FDA5271BED8E</mac>
        <mac>FDA5271BED92</mac>
        <mac>FDA5271BEF0A</mac>
        <mac>FDA5271BEF0D</mac>
        <mac>FDA5271BEF1A</mac>
        <mac>FDA5271BEF20</mac>
        <mac>FDA5271BEF22</mac>
        <mac>FDA5271BEF3D</mac>
        <mac>FDA5271BEF5F</mac>
    </mac_single>
    <mac_warn />
</build_mac>
