<?xml version="1.0" encoding="utf-8" ?>
<build_mac>
    <build_id>860100010040300040</build_id>
    <mac_range>
        <mac>
            <mac_min>C91A006D41A0</mac_min>
            <mac_max>C91A006D41A5</mac_max>
        </mac>
        <mac>
            <mac_min>C91A006D41A8</mac_min>
            <mac_max>C91A006D41C3</mac_max>
        </mac>
        <mac>
            <mac_min>C91A006D41C5</mac_min>
            <mac_max>C91A006D41D1</mac_max>
        </mac>
        <mac>
            <mac_min>C91A006F36B0</mac_min>
            <mac_max>C91A006F36E1</mac_max>
        </mac>
        <mac>
            <mac_min>C91A006F37E5</mac_min>
            <mac_max>C91A006F37E7</mac_max>
        </mac>
        <mac>
            <mac_min>C91A006F37ED</mac_min>
            <mac_max>C91A006F37EF</mac_max>
        </mac>
        <mac>
            <mac_min>C91A006F37F2</mac_min>
            <mac_max>C91A006F37F3</mac_max>
        </mac>
        <mac>
            <mac_min>C91A006F37F5</mac_min>
            <mac_max>C91A006F37F8</mac_max>
        </mac>
        <mac>
            <mac_min>C91A006F3802</mac_min>
            <mac_max>C91A006F3803</mac_max>
        </mac>
        <mac>
            <mac_min>C91A006F3872</mac_min>
            <mac_max>C91A006F3879</mac_max>
        </mac>
        <mac>
            <mac_min>C91A006F387B</mac_min>
            <mac_max>C91A006F38A3</mac_max>
        </mac>
        <mac>
            <mac_min>FDA5272B046E</mac_min>
            <mac_max>FDA5272B0473</mac_max>
        </mac>
        <mac>
            <mac_min>FDA5272B0476</mac_min>
            <mac_max>FDA5272B0491</mac_max>
        </mac>
        <mac>
            <mac_min>FDA5272B0493</mac_min>
            <mac_max>FDA5272B049F</mac_max>
        </mac>
        <mac>
            <mac_min>FDA5272C5C2B</mac_min>
            <mac_max>FDA5272C5C5C</mac_max>
        </mac>
        <mac>
            <mac_min>FDA5272C5D60</mac_min>
            <mac_max>FDA5272C5D62</mac_max>
        </mac>
        <mac>
            <mac_min>FDA5272C5D68</mac_min>
            <mac_max>FDA5272C5D6A</mac_max>
        </mac>
        <mac>
            <mac_min>FDA5272C5D6D</mac_min>
            <mac_max>FDA5272C5D6E</mac_max>
        </mac>
        <mac>
            <mac_min>FDA5272C5D70</mac_min>
            <mac_max>FDA5272C5D73</mac_max>
        </mac>
        <mac>
            <mac_min>FDA5272C5D7D</mac_min>
            <mac_max>FDA5272C5D7E</mac_max>
        </mac>
        <mac>
            <mac_min>FDA5272C5DED</mac_min>
            <mac_max>FDA5272C5DF4</mac_max>
        </mac>
        <mac>
            <mac_min>FDA5272C5DF6</mac_min>
            <mac_max>FDA5272C5E1E</mac_max>
        </mac>
    </mac_range>
    <mac_single>
        <mac>C91A006D3692</mac>
        <mac>C91A006F37DC</mac>
        <mac>C91A006F37DE</mac>
        <mac>C91A006F37EA</mac>
        <mac>C91A006F37FA</mac>
        <mac>C91A006F37FF</mac>
        <mac>C91A006F3806</mac>
        <mac>C91A006F3809</mac>
        <mac>C91A006F380B</mac>
        <mac>C91A006F380D</mac>
        <mac>FDA5272AF76C</mac>
        <mac>FDA5272C5D57</mac>
        <mac>FDA5272C5D59</mac>
        <mac>FDA5272C5D65</mac>
        <mac>FDA5272C5D75</mac>
        <mac>FDA5272C5D7A</mac>
        <mac>FDA5272C5D81</mac>
        <mac>FDA5272C5D84</mac>
        <mac>FDA5272C5D86</mac>
        <mac>FDA5272C5D88</mac>
    </mac_single>
    <mac_warn />
</build_mac>
