<?xml version="1.0" encoding="utf-8" ?>
<build_mac>
    <build_id>860100010040300009</build_id>
    <mac_range>
        <mac>
            <mac_min>C91A00580001</mac_min>
            <mac_max>C91A00580006</mac_max>
        </mac>
        <mac>
            <mac_min>C91A0058000A</mac_min>
            <mac_max>C91A00580018</mac_max>
        </mac>
        <mac>
            <mac_min>C91A0058001A</mac_min>
            <mac_max>C91A0058001F</mac_max>
        </mac>
        <mac>
            <mac_min>C91A00580021</mac_min>
            <mac_max>C91A00580078</mac_max>
        </mac>
        <mac>
            <mac_min>C91A0058007A</mac_min>
            <mac_max>C91A0058007F</mac_max>
        </mac>
        <mac>
            <mac_min>C91A00580081</mac_min>
            <mac_max>C91A00580087</mac_max>
        </mac>
        <mac>
            <mac_min>C91A00580089</mac_min>
            <mac_max>C91A0058008A</mac_max>
        </mac>
        <mac>
            <mac_min>C91A0058008C</mac_min>
            <mac_max>C91A0058008D</mac_max>
        </mac>
        <mac>
            <mac_min>C91A0058008F</mac_min>
            <mac_max>C91A00580096</mac_max>
        </mac>
        <mac>
            <mac_min>C91A0058009A</mac_min>
            <mac_max>C91A0058009B</mac_max>
        </mac>
        <mac>
            <mac_min>C91A0058009D</mac_min>
            <mac_max>C91A0058009F</mac_max>
        </mac>
        <mac>
            <mac_min>C91A005800A3</mac_min>
            <mac_max>C91A005800A4</mac_max>
        </mac>
        <mac>
            <mac_min>C91A005800A6</mac_min>
            <mac_max>C91A005800A7</mac_max>
        </mac>
        <mac>
            <mac_min>C91A005800AD</mac_min>
            <mac_max>C91A005800B0</mac_max>
        </mac>
        <mac>
            <mac_min>C91A005800BF</mac_min>
            <mac_max>C91A005800C0</mac_max>
        </mac>
        <mac>
            <mac_min>C91A005800C2</mac_min>
            <mac_max>C91A005800C4</mac_max>
        </mac>
        <mac>
            <mac_min>C91A005800FA</mac_min>
            <mac_max>C91A005800FC</mac_max>
        </mac>
        <mac>
            <mac_min>C91A00580100</mac_min>
            <mac_max>C91A00580105</mac_max>
        </mac>
        <mac>
            <mac_min>C91A00580107</mac_min>
            <mac_max>C91A0058010D</mac_max>
        </mac>
        <mac>
            <mac_min>C91A00580111</mac_min>
            <mac_max>C91A00580116</mac_max>
        </mac>
        <mac>
            <mac_min>C91A00580119</mac_min>
            <mac_max>C91A00580120</mac_max>
        </mac>
        <mac>
            <mac_min>C91A00580122</mac_min>
            <mac_max>C91A0058012D</mac_max>
        </mac>
        <mac>
            <mac_min>C91A00580130</mac_min>
            <mac_max>C91A00580131</mac_max>
        </mac>
        <mac>
            <mac_min>C91A00580133</mac_min>
            <mac_max>C91A0058014B</mac_max>
        </mac>
        <mac>
            <mac_min>C91A0058014D</mac_min>
            <mac_max>C91A0058015D</mac_max>
        </mac>
        <mac>
            <mac_min>C91A00580190</mac_min>
            <mac_max>C91A0058019F</mac_max>
        </mac>
        <mac>
            <mac_min>C91A005801A1</mac_min>
            <mac_max>C91A005801A4</mac_max>
        </mac>
        <mac>
            <mac_min>C91A005801A6</mac_min>
            <mac_max>C91A005801A7</mac_max>
        </mac>
        <mac>
            <mac_min>C91A005801A9</mac_min>
            <mac_max>C91A005801D0</mac_max>
        </mac>
        <mac>
            <mac_min>C91A005801D2</mac_min>
            <mac_max>C91A005801D8</mac_max>
        </mac>
        <mac>
            <mac_min>C91A005801DA</mac_min>
            <mac_max>C91A005801F4</mac_max>
        </mac>
        <mac>
            <mac_min>C91A006F3ACC</mac_min>
            <mac_max>C91A006F3ACD</mac_max>
        </mac>
        <mac>
            <mac_min>C91A006F3AD9</mac_min>
            <mac_max>C91A006F3ADE</mac_max>
        </mac>
        <mac>
            <mac_min>C91A006F3AE0</mac_min>
            <mac_max>C91A006F3AE1</mac_max>
        </mac>
        <mac>
            <mac_min>C91A006F3AE4</mac_min>
            <mac_max>C91A006F3AE5</mac_max>
        </mac>
        <mac>
            <mac_min>C91A006F3AEA</mac_min>
            <mac_max>C91A006F3AEC</mac_max>
        </mac>
        <mac>
            <mac_min>C91A006F3AF2</mac_min>
            <mac_max>C91A006F3AF4</mac_max>
        </mac>
        <mac>
            <mac_min>FDA52717BEA6</mac_min>
            <mac_max>FDA52717BEBF</mac_max>
        </mac>
        <mac>
            <mac_min>FDA52717BEC1</mac_min>
            <mac_max>FDA52717BEC7</mac_max>
        </mac>
        <mac>
            <mac_min>FDA52717BEC9</mac_min>
            <mac_max>FDA52717BEF0</mac_max>
        </mac>
        <mac>
            <mac_min>FDA52717BEF2</mac_min>
            <mac_max>FDA52717BEF3</mac_max>
        </mac>
        <mac>
            <mac_min>FDA52717BEF5</mac_min>
            <mac_max>FDA52717BEF8</mac_max>
        </mac>
        <mac>
            <mac_min>FDA52717BEFA</mac_min>
            <mac_max>FDA52717BF09</mac_max>
        </mac>
        <mac>
            <mac_min>FDA52717BF3C</mac_min>
            <mac_max>FDA52717BF4C</mac_max>
        </mac>
        <mac>
            <mac_min>FDA52717BF4E</mac_min>
            <mac_max>FDA52717BF66</mac_max>
        </mac>
        <mac>
            <mac_min>FDA52717BF68</mac_min>
            <mac_max>FDA52717BF69</mac_max>
        </mac>
        <mac>
            <mac_min>FDA52717BF6C</mac_min>
            <mac_max>FDA52717BF77</mac_max>
        </mac>
        <mac>
            <mac_min>FDA52717BF79</mac_min>
            <mac_max>FDA52717BF80</mac_max>
        </mac>
        <mac>
            <mac_min>FDA52717BF83</mac_min>
            <mac_max>FDA52717BF88</mac_max>
        </mac>
        <mac>
            <mac_min>FDA52717BF8C</mac_min>
            <mac_max>FDA52717BF92</mac_max>
        </mac>
        <mac>
            <mac_min>FDA52717BF94</mac_min>
            <mac_max>FDA52717BF99</mac_max>
        </mac>
        <mac>
            <mac_min>FDA52717BF9D</mac_min>
            <mac_max>FDA52717BF9F</mac_max>
        </mac>
        <mac>
            <mac_min>FDA52717BFD6</mac_min>
            <mac_max>FDA52717BFD8</mac_max>
        </mac>
        <mac>
            <mac_min>FDA52717BFDA</mac_min>
            <mac_max>FDA52717BFDB</mac_max>
        </mac>
        <mac>
            <mac_min>FDA52717BFEA</mac_min>
            <mac_max>FDA52717BFED</mac_max>
        </mac>
        <mac>
            <mac_min>FDA52717BFF3</mac_min>
            <mac_max>FDA52717BFF4</mac_max>
        </mac>
        <mac>
            <mac_min>FDA52717BFF6</mac_min>
            <mac_max>FDA52717BFF7</mac_max>
        </mac>
        <mac>
            <mac_min>FDA52717BFFB</mac_min>
            <mac_max>FDA52717BFFD</mac_max>
        </mac>
        <mac>
            <mac_min>FDA52717BFFF</mac_min>
            <mac_max>FDA52717C000</mac_max>
        </mac>
        <mac>
            <mac_min>FDA52717C004</mac_min>
            <mac_max>FDA52717C00B</mac_max>
        </mac>
        <mac>
            <mac_min>FDA52717C00D</mac_min>
            <mac_max>FDA52717C00E</mac_max>
        </mac>
        <mac>
            <mac_min>FDA52717C010</mac_min>
            <mac_max>FDA52717C011</mac_max>
        </mac>
        <mac>
            <mac_min>FDA52717C013</mac_min>
            <mac_max>FDA52717C019</mac_max>
        </mac>
        <mac>
            <mac_min>FDA52717C01B</mac_min>
            <mac_max>FDA52717C020</mac_max>
        </mac>
        <mac>
            <mac_min>FDA52717C022</mac_min>
            <mac_max>FDA52717C079</mac_max>
        </mac>
        <mac>
            <mac_min>FDA52717C07B</mac_min>
            <mac_max>FDA52717C080</mac_max>
        </mac>
        <mac>
            <mac_min>FDA52717C082</mac_min>
            <mac_max>FDA52717C090</mac_max>
        </mac>
        <mac>
            <mac_min>FDA52717C094</mac_min>
            <mac_max>FDA52717C099</mac_max>
        </mac>
        <mac>
            <mac_min>FDA5272C6049</mac_min>
            <mac_max>FDA5272C604A</mac_max>
        </mac>
        <mac>
            <mac_min>FDA5272C6056</mac_min>
            <mac_max>FDA5272C605B</mac_max>
        </mac>
        <mac>
            <mac_min>FDA5272C605D</mac_min>
            <mac_max>FDA5272C605E</mac_max>
        </mac>
        <mac>
            <mac_min>FDA5272C6061</mac_min>
            <mac_max>FDA5272C6062</mac_max>
        </mac>
        <mac>
            <mac_min>FDA5272C6067</mac_min>
            <mac_max>FDA5272C6069</mac_max>
        </mac>
        <mac>
            <mac_min>FDA5272C606F</mac_min>
            <mac_max>FDA5272C6071</mac_max>
        </mac>
    </mac_range>
    <mac_single>
        <mac>C91A00580008</mac>
        <mac>C91A005800A1</mac>
        <mac>C91A005800AA</mac>
        <mac>C91A005800B2</mac>
        <mac>C91A005800B4</mac>
        <mac>C91A005800B6</mac>
        <mac>C91A005800B8</mac>
        <mac>C91A005800BA</mac>
        <mac>C91A005800BD</mac>
        <mac>C91A005800C7</mac>
        <mac>C91A005800C9</mac>
        <mac>C91A005800D4</mac>
        <mac>C91A005800EC</mac>
        <mac>C91A005800F2</mac>
        <mac>C91A005800FE</mac>
        <mac>C91A0058010F</mac>
        <mac>C91A006F3ACA</mac>
        <mac>C91A006F3AD0</mac>
        <mac>C91A006F3AD7</mac>
        <mac>C91A006F3AEE</mac>
        <mac>C91A006F3AF6</mac>
        <mac>FDA52717BF8A</mac>
        <mac>FDA52717BF9B</mac>
        <mac>FDA52717BFA7</mac>
        <mac>FDA52717BFAD</mac>
        <mac>FDA52717BFC5</mac>
        <mac>FDA52717BFD1</mac>
        <mac>FDA52717BFD3</mac>
        <mac>FDA52717BFDD</mac>
        <mac>FDA52717BFE0</mac>
        <mac>FDA52717BFE2</mac>
        <mac>FDA52717BFE4</mac>
        <mac>FDA52717BFE6</mac>
        <mac>FDA52717BFE8</mac>
        <mac>FDA52717BFF0</mac>
        <mac>FDA52717BFF9</mac>
        <mac>FDA52717C092</mac>
        <mac>FDA5272C6047</mac>
        <mac>FDA5272C604D</mac>
        <mac>FDA5272C6054</mac>
        <mac>FDA5272C606B</mac>
        <mac>FDA5272C6073</mac>
    </mac_single>
    <mac_warn />
</build_mac>
