<?xml version="1.0" encoding="utf-8" ?>
<build_mac>
    <build_id>860100010010300015</build_id>
    <mac_range>
        <mac>
            <mac_min>C91A005B01C2</mac_min>
            <mac_max>C91A005B01D2</mac_max>
        </mac>
        <mac>
            <mac_min>C91A005B01D4</mac_min>
            <mac_max>C91A005B01E4</mac_max>
        </mac>
        <mac>
            <mac_min>C91A005B01E8</mac_min>
            <mac_max>C91A005B01ED</mac_max>
        </mac>
        <mac>
            <mac_min>C91A005B01EF</mac_min>
            <mac_max>C91A005B01F0</mac_max>
        </mac>
        <mac>
            <mac_min>C91A005B01F2</mac_min>
            <mac_max>C91A005B01F3</mac_max>
        </mac>
        <mac>
            <mac_min>C91A005B03C2</mac_min>
            <mac_max>C91A005B03C3</mac_max>
        </mac>
        <mac>
            <mac_min>C91A005B03C6</mac_min>
            <mac_max>C91A005B03C8</mac_max>
        </mac>
        <mac>
            <mac_min>C91A006F3CC3</mac_min>
            <mac_max>C91A006F3CC4</mac_max>
        </mac>
        <mac>
            <mac_min>FDA52717F780</mac_min>
            <mac_max>FDA52717F790</mac_max>
        </mac>
        <mac>
            <mac_min>FDA52717F792</mac_min>
            <mac_max>FDA52717F7A2</mac_max>
        </mac>
        <mac>
            <mac_min>FDA52717F7A6</mac_min>
            <mac_max>FDA52717F7AB</mac_max>
        </mac>
        <mac>
            <mac_min>FDA52717F7AD</mac_min>
            <mac_max>FDA52717F7AE</mac_max>
        </mac>
        <mac>
            <mac_min>FDA52717F7B0</mac_min>
            <mac_max>FDA52717F7B1</mac_max>
        </mac>
        <mac>
            <mac_min>FDA5271805CA</mac_min>
            <mac_max>FDA5271805CB</mac_max>
        </mac>
        <mac>
            <mac_min>FDA5271805CE</mac_min>
            <mac_max>FDA5271805D0</mac_max>
        </mac>
        <mac>
            <mac_min>FDA5272C6240</mac_min>
            <mac_max>FDA5272C6241</mac_max>
        </mac>
    </mac_range>
    <mac_single>
        <mac>C91A005B01E6</mac>
        <mac>C91A005B03B9</mac>
        <mac>C91A005B03BB</mac>
        <mac>C91A005B03CD</mac>
        <mac>C91A005B03D2</mac>
        <mac>C91A005B03D6</mac>
        <mac>C91A005B03D9</mac>
        <mac>C91A005B03DC</mac>
        <mac>C91A005B03DF</mac>
        <mac>C91A005B03E2</mac>
        <mac>C91A005B03E4</mac>
        <mac>C91A005B03E7</mac>
        <mac>C91A006F3CDB</mac>
        <mac>C91A006F3CDF</mac>
        <mac>C91A006F3CE7</mac>
        <mac>C91A006F3CEF</mac>
        <mac>FDA52717F7A4</mac>
        <mac>FDA5271805C1</mac>
        <mac>FDA5271805C3</mac>
        <mac>FDA5271805D5</mac>
        <mac>FDA5271805DA</mac>
        <mac>FDA5271805DE</mac>
        <mac>FDA5271805E1</mac>
        <mac>FDA5271805E4</mac>
        <mac>FDA5271805E8</mac>
        <mac>FDA5271805EB</mac>
        <mac>FDA5271805ED</mac>
        <mac>FDA5271805F0</mac>
        <mac>FDA5272C6258</mac>
        <mac>FDA5272C625C</mac>
        <mac>FDA5272C6264</mac>
        <mac>FDA5272C626C</mac>
    </mac_single>
    <mac_warn />
</build_mac>
