<?xml version="1.0" encoding="utf-8" ?>
<build_mac>
    <build_id>860100010040900006</build_id>
    <mac_range>
        <mac>
            <mac_min>C91A0046026C</mac_min>
            <mac_max>C91A0046026E</mac_max>
        </mac>
        <mac>
            <mac_min>C91A00460270</mac_min>
            <mac_max>C91A00460271</mac_max>
        </mac>
        <mac>
            <mac_min>C91A00460278</mac_min>
            <mac_max>C91A00460279</mac_max>
        </mac>
        <mac>
            <mac_min>C91A004B030D</mac_min>
            <mac_max>C91A004B030E</mac_max>
        </mac>
    </mac_range>
    <mac_single>
        <mac>C91A00460258</mac>
        <mac>C91A0046025A</mac>
        <mac>C91A0046025C</mac>
        <mac>C91A00460260</mac>
        <mac>C91A00460266</mac>
        <mac>C91A0046026A</mac>
        <mac>C91A00460274</mac>
        <mac>C91A00460276</mac>
        <mac>C91A0046027C</mac>
        <mac>C91A00460280</mac>
        <mac>C91A00460282</mac>
        <mac>C91A00460284</mac>
        <mac>C91A004B0317</mac>
    </mac_single>
    <mac_warn />
</build_mac>
