<?xml version="1.0" encoding="utf-8" ?>
<build_mac>
    <build_id>860100010120500003</build_id>
    <mac_range>
        <mac>
            <mac_min>C91A00490226</mac_min>
            <mac_max>C91A00490231</mac_max>
        </mac>
        <mac>
            <mac_min>C91A00490233</mac_min>
            <mac_max>C91A00490241</mac_max>
        </mac>
        <mac>
            <mac_min>C91A00490243</mac_min>
            <mac_max>C91A00490257</mac_max>
        </mac>
        <mac>
            <mac_min>C91A004B006B</mac_min>
            <mac_max>C91A004B006C</mac_max>
        </mac>
        <mac>
            <mac_min>C91A004B007B</mac_min>
            <mac_max>C91A004B007D</mac_max>
        </mac>
        <mac>
            <mac_min>C91A004B0084</mac_min>
            <mac_max>C91A004B0086</mac_max>
        </mac>
    </mac_range>
    <mac_single>
        <mac>C91A00490200</mac>
        <mac>C91A004B0065</mac>
        <mac>C91A004B0071</mac>
        <mac>C91A004B0073</mac>
        <mac>C91A004B0075</mac>
        <mac>C91A004B0077</mac>
        <mac>C91A004B0079</mac>
        <mac>C91A004B007F</mac>
        <mac>C91A004B0081</mac>
        <mac>C91A004B008A</mac>
        <mac>C91A004B0090</mac>
    </mac_single>
    <mac_warn />
</build_mac>
