<?xml version="1.0" encoding="utf-8" ?>
<build_mac>
    <build_id>860100010020300028</build_id>
    <mac_range>
        <mac>
            <mac_min>C91A006D4074</mac_min>
            <mac_max>C91A006D40B0</mac_max>
        </mac>
        <mac>
            <mac_min>C91A006D40B2</mac_min>
            <mac_max>C91A006D40B4</mac_max>
        </mac>
        <mac>
            <mac_min>C91A006D40B6</mac_min>
            <mac_max>C91A006D40BE</mac_max>
        </mac>
        <mac>
            <mac_min>C91A006D40C0</mac_min>
            <mac_max>C91A006D40C1</mac_max>
        </mac>
        <mac>
            <mac_min>C91A006D40C3</mac_min>
            <mac_max>C91A006D40C6</mac_max>
        </mac>
        <mac>
            <mac_min>C91A006D40C8</mac_min>
            <mac_max>C91A006D40C9</mac_max>
        </mac>
        <mac>
            <mac_min>C91A006D40CB</mac_min>
            <mac_max>C91A006D40D3</mac_max>
        </mac>
        <mac>
            <mac_min>C91A006D40D5</mac_min>
            <mac_max>C91A006D4109</mac_max>
        </mac>
        <mac>
            <mac_min>C91A006D416E</mac_min>
            <mac_max>C91A006D419F</mac_max>
        </mac>
        <mac>
            <mac_min>C91A006D4236</mac_min>
            <mac_max>C91A006D4267</mac_max>
        </mac>
        <mac>
            <mac_min>FDA5272B0342</mac_min>
            <mac_max>FDA5272B037E</mac_max>
        </mac>
        <mac>
            <mac_min>FDA5272B0380</mac_min>
            <mac_max>FDA5272B0382</mac_max>
        </mac>
        <mac>
            <mac_min>FDA5272B0384</mac_min>
            <mac_max>FDA5272B038C</mac_max>
        </mac>
        <mac>
            <mac_min>FDA5272B038E</mac_min>
            <mac_max>FDA5272B038F</mac_max>
        </mac>
        <mac>
            <mac_min>FDA5272B0391</mac_min>
            <mac_max>FDA5272B0394</mac_max>
        </mac>
        <mac>
            <mac_min>FDA5272B0396</mac_min>
            <mac_max>FDA5272B0397</mac_max>
        </mac>
        <mac>
            <mac_min>FDA5272B0399</mac_min>
            <mac_max>FDA5272B03A1</mac_max>
        </mac>
        <mac>
            <mac_min>FDA5272B03A3</mac_min>
            <mac_max>FDA5272B03D7</mac_max>
        </mac>
        <mac>
            <mac_min>FDA5272B043C</mac_min>
            <mac_max>FDA5272B046D</mac_max>
        </mac>
        <mac>
            <mac_min>FDA5272B0504</mac_min>
            <mac_max>FDA5272B0535</mac_max>
        </mac>
    </mac_range>
    <mac_single />
    <mac_warn />
</build_mac>
