<?xml version="1.0" encoding="utf-8" ?>
<build_mac>
    <build_id>860100010030500019</build_id>
    <mac_range>
        <mac>
            <mac_min>C91A004B0195</mac_min>
            <mac_max>C91A004B01A0</mac_max>
        </mac>
        <mac>
            <mac_min>C91A004B01A2</mac_min>
            <mac_max>C91A004B01A8</mac_max>
        </mac>
        <mac>
            <mac_min>C91A004B0204</mac_min>
            <mac_max>C91A004B0206</mac_max>
        </mac>
    </mac_range>
    <mac_single>
        <mac>C91A004B0193</mac>
    </mac_single>
    <mac_warn />
</build_mac>
