<?xml version="1.0" encoding="utf-8" ?>
<build_mac>
    <build_id>860100010010300001</build_id>
    <mac_range>
        <mac>
            <mac_min>C91A005A0138</mac_min>
            <mac_max>C91A005A0139</mac_max>
        </mac>
        <mac>
            <mac_min>C91A005A0162</mac_min>
            <mac_max>C91A005A0163</mac_max>
        </mac>
        <mac>
            <mac_min>C91A005A0182</mac_min>
            <mac_max>C91A005A0184</mac_max>
        </mac>
        <mac>
            <mac_min>C91A005A02C9</mac_min>
            <mac_max>C91A005A02CB</mac_max>
        </mac>
        <mac>
            <mac_min>C91A005A02E4</mac_min>
            <mac_max>C91A005A02E5</mac_max>
        </mac>
        <mac>
            <mac_min>C91A005A0367</mac_min>
            <mac_max>C91A005A0368</mac_max>
        </mac>
        <mac>
            <mac_min>C91A005A03D2</mac_min>
            <mac_max>C91A005A03D3</mac_max>
        </mac>
        <mac>
            <mac_min>C91A005A03E0</mac_min>
            <mac_max>C91A005A03E5</mac_max>
        </mac>
        <mac>
            <mac_min>C91A005B00FA</mac_min>
            <mac_max>C91A005B00FB</mac_max>
        </mac>
        <mac>
            <mac_min>C91A005B00FD</mac_min>
            <mac_max>C91A005B0100</mac_max>
        </mac>
        <mac>
            <mac_min>C91A005B0102</mac_min>
            <mac_max>C91A005B0103</mac_max>
        </mac>
        <mac>
            <mac_min>C91A005B0106</mac_min>
            <mac_max>C91A005B0109</mac_max>
        </mac>
        <mac>
            <mac_min>C91A005B010B</mac_min>
            <mac_max>C91A005B0111</mac_max>
        </mac>
        <mac>
            <mac_min>C91A005B0113</mac_min>
            <mac_max>C91A005B0119</mac_max>
        </mac>
        <mac>
            <mac_min>C91A005B0120</mac_min>
            <mac_max>C91A005B0123</mac_max>
        </mac>
        <mac>
            <mac_min>C91A005B012A</mac_min>
            <mac_max>C91A005B012B</mac_max>
        </mac>
        <mac>
            <mac_min>C91A005B0190</mac_min>
            <mac_max>C91A005B0196</mac_max>
        </mac>
        <mac>
            <mac_min>C91A005B0198</mac_min>
            <mac_max>C91A005B0199</mac_max>
        </mac>
        <mac>
            <mac_min>C91A005B019B</mac_min>
            <mac_max>C91A005B019E</mac_max>
        </mac>
        <mac>
            <mac_min>C91A005B01A1</mac_min>
            <mac_max>C91A005B01A4</mac_max>
        </mac>
        <mac>
            <mac_min>C91A005B01A6</mac_min>
            <mac_max>C91A005B01A7</mac_max>
        </mac>
        <mac>
            <mac_min>C91A005B01AB</mac_min>
            <mac_max>C91A005B01AC</mac_max>
        </mac>
        <mac>
            <mac_min>C91A005B01AF</mac_min>
            <mac_max>C91A005B01B3</mac_max>
        </mac>
        <mac>
            <mac_min>C91A005B01B5</mac_min>
            <mac_max>C91A005B01B6</mac_max>
        </mac>
        <mac>
            <mac_min>C91A005B01B9</mac_min>
            <mac_max>C91A005B01BA</mac_max>
        </mac>
        <mac>
            <mac_min>C91A005B0352</mac_min>
            <mac_max>C91A005B0359</mac_max>
        </mac>
        <mac>
            <mac_min>C91A005B035C</mac_min>
            <mac_max>C91A005B0362</mac_max>
        </mac>
        <mac>
            <mac_min>C91A005B0364</mac_min>
            <mac_max>C91A005B0372</mac_max>
        </mac>
        <mac>
            <mac_min>C91A005B0374</mac_min>
            <mac_max>C91A005B037D</mac_max>
        </mac>
        <mac>
            <mac_min>C91A005B037F</mac_min>
            <mac_max>C91A005B038A</mac_max>
        </mac>
        <mac>
            <mac_min>C91A005B038C</mac_min>
            <mac_max>C91A005B0394</mac_max>
        </mac>
        <mac>
            <mac_min>C91A005B0396</mac_min>
            <mac_max>C91A005B03A0</mac_max>
        </mac>
        <mac>
            <mac_min>C91A005B03A2</mac_min>
            <mac_max>C91A005B03B5</mac_max>
        </mac>
        <mac>
            <mac_min>C91A005B047E</mac_min>
            <mac_max>C91A005B04AF</mac_max>
        </mac>
        <mac>
            <mac_min>C91A005B04B7</mac_min>
            <mac_max>C91A005B04B8</mac_max>
        </mac>
        <mac>
            <mac_min>C91A005B04BA</mac_min>
            <mac_max>C91A005B04BC</mac_max>
        </mac>
        <mac>
            <mac_min>C91A005B04C3</mac_min>
            <mac_max>C91A005B04C4</mac_max>
        </mac>
        <mac>
            <mac_min>C91A005B04CE</mac_min>
            <mac_max>C91A005B04D0</mac_max>
        </mac>
        <mac>
            <mac_min>C91A005B04DD</mac_min>
            <mac_max>C91A005B04DE</mac_max>
        </mac>
        <mac>
            <mac_min>C91A005B0579</mac_min>
            <mac_max>C91A005B057A</mac_max>
        </mac>
        <mac>
            <mac_min>C91A005B057D</mac_min>
            <mac_max>C91A005B057E</mac_max>
        </mac>
        <mac>
            <mac_min>C91A005B0588</mac_min>
            <mac_max>C91A005B0589</mac_max>
        </mac>
        <mac>
            <mac_min>C91A005B059B</mac_min>
            <mac_max>C91A005B059D</mac_max>
        </mac>
        <mac>
            <mac_min>C91A005B05A5</mac_min>
            <mac_max>C91A005B05A6</mac_max>
        </mac>
        <mac>
            <mac_min>C91A005B0636</mac_min>
            <mac_max>C91A005B0637</mac_max>
        </mac>
        <mac>
            <mac_min>C91A005B063F</mac_min>
            <mac_max>C91A005B067D</mac_max>
        </mac>
        <mac>
            <mac_min>C91A005B067F</mac_min>
            <mac_max>C91A005B0691</mac_max>
        </mac>
        <mac>
            <mac_min>C91A005B0693</mac_min>
            <mac_max>C91A005B069D</mac_max>
        </mac>
        <mac>
            <mac_min>C91A005B069F</mac_min>
            <mac_max>C91A005B06C4</mac_max>
        </mac>
        <mac>
            <mac_min>C91A005B06C6</mac_min>
            <mac_max>C91A005B06D5</mac_max>
        </mac>
        <mac>
            <mac_min>C91A006F3CC0</mac_min>
            <mac_max>C91A006F3CC2</mac_max>
        </mac>
        <mac>
            <mac_min>C91A006F3CD1</mac_min>
            <mac_max>C91A006F3CD5</mac_max>
        </mac>
        <mac>
            <mac_min>C91A006F3CD7</mac_min>
            <mac_max>C91A006F3CD8</mac_max>
        </mac>
        <mac>
            <mac_min>C91A006F3CE1</mac_min>
            <mac_max>C91A006F3CE2</mac_max>
        </mac>
        <mac>
            <mac_min>C91A006F3CEA</mac_min>
            <mac_max>C91A006F3CEC</mac_max>
        </mac>
        <mac>
            <mac_min>FDA52717D26A</mac_min>
            <mac_max>FDA52717D26F</mac_max>
        </mac>
        <mac>
            <mac_min>FDA52717D27C</mac_min>
            <mac_max>FDA52717D27D</mac_max>
        </mac>
        <mac>
            <mac_min>FDA52717D2E7</mac_min>
            <mac_max>FDA52717D2E8</mac_max>
        </mac>
        <mac>
            <mac_min>FDA52717D36A</mac_min>
            <mac_max>FDA52717D36B</mac_max>
        </mac>
        <mac>
            <mac_min>FDA52717D384</mac_min>
            <mac_max>FDA52717D386</mac_max>
        </mac>
        <mac>
            <mac_min>FDA52717F6B7</mac_min>
            <mac_max>FDA52717F6B8</mac_max>
        </mac>
        <mac>
            <mac_min>FDA52717F6BA</mac_min>
            <mac_max>FDA52717F6BD</mac_max>
        </mac>
        <mac>
            <mac_min>FDA52717F6BF</mac_min>
            <mac_max>FDA52717F6C0</mac_max>
        </mac>
        <mac>
            <mac_min>FDA52717F6C3</mac_min>
            <mac_max>FDA52717F6C6</mac_max>
        </mac>
        <mac>
            <mac_min>FDA52717F6C8</mac_min>
            <mac_max>FDA52717F6CE</mac_max>
        </mac>
        <mac>
            <mac_min>FDA52717F6D0</mac_min>
            <mac_max>FDA52717F6D6</mac_max>
        </mac>
        <mac>
            <mac_min>FDA52717F6DD</mac_min>
            <mac_max>FDA52717F6E0</mac_max>
        </mac>
        <mac>
            <mac_min>FDA52717F6E7</mac_min>
            <mac_max>FDA52717F6E8</mac_max>
        </mac>
        <mac>
            <mac_min>FDA52717F74D</mac_min>
            <mac_max>FDA52717F753</mac_max>
        </mac>
        <mac>
            <mac_min>FDA52717F755</mac_min>
            <mac_max>FDA52717F756</mac_max>
        </mac>
        <mac>
            <mac_min>FDA52717F758</mac_min>
            <mac_max>FDA52717F75B</mac_max>
        </mac>
        <mac>
            <mac_min>FDA52717F75E</mac_min>
            <mac_max>FDA52717F761</mac_max>
        </mac>
        <mac>
            <mac_min>FDA52717F763</mac_min>
            <mac_max>FDA52717F764</mac_max>
        </mac>
        <mac>
            <mac_min>FDA52717F768</mac_min>
            <mac_max>FDA52717F769</mac_max>
        </mac>
        <mac>
            <mac_min>FDA52717F76C</mac_min>
            <mac_max>FDA52717F770</mac_max>
        </mac>
        <mac>
            <mac_min>FDA52717F772</mac_min>
            <mac_max>FDA52717F773</mac_max>
        </mac>
        <mac>
            <mac_min>FDA52717F776</mac_min>
            <mac_max>FDA52717F777</mac_max>
        </mac>
        <mac>
            <mac_min>FDA52717F87C</mac_min>
            <mac_max>FDA52717F87E</mac_max>
        </mac>
        <mac>
            <mac_min>FDA52717F89D</mac_min>
            <mac_max>FDA52717F89E</mac_max>
        </mac>
        <mac>
            <mac_min>FDA52717F8C7</mac_min>
            <mac_max>FDA52717F8C8</mac_max>
        </mac>
        <mac>
            <mac_min>FDA52717FF67</mac_min>
            <mac_max>FDA52717FF68</mac_max>
        </mac>
        <mac>
            <mac_min>FDA52717FF70</mac_min>
            <mac_max>FDA52717FFAE</mac_max>
        </mac>
        <mac>
            <mac_min>FDA52717FFB0</mac_min>
            <mac_max>FDA52717FFC2</mac_max>
        </mac>
        <mac>
            <mac_min>FDA52717FFC4</mac_min>
            <mac_max>FDA52717FFCE</mac_max>
        </mac>
        <mac>
            <mac_min>FDA52717FFD0</mac_min>
            <mac_max>FDA52717FFF5</mac_max>
        </mac>
        <mac>
            <mac_min>FDA52717FFF7</mac_min>
            <mac_max>FDA527180006</mac_max>
        </mac>
        <mac>
            <mac_min>FDA527180203</mac_min>
            <mac_max>FDA527180234</mac_max>
        </mac>
        <mac>
            <mac_min>FDA52718023C</mac_min>
            <mac_max>FDA52718023D</mac_max>
        </mac>
        <mac>
            <mac_min>FDA52718023F</mac_min>
            <mac_max>FDA527180241</mac_max>
        </mac>
        <mac>
            <mac_min>FDA527180248</mac_min>
            <mac_max>FDA527180249</mac_max>
        </mac>
        <mac>
            <mac_min>FDA527180253</mac_min>
            <mac_max>FDA527180255</mac_max>
        </mac>
        <mac>
            <mac_min>FDA527180262</mac_min>
            <mac_max>FDA527180263</mac_max>
        </mac>
        <mac>
            <mac_min>FDA5271802FE</mac_min>
            <mac_max>FDA5271802FF</mac_max>
        </mac>
        <mac>
            <mac_min>FDA527180302</mac_min>
            <mac_max>FDA527180303</mac_max>
        </mac>
        <mac>
            <mac_min>FDA527180321</mac_min>
            <mac_max>FDA527180323</mac_max>
        </mac>
        <mac>
            <mac_min>FDA52718032B</mac_min>
            <mac_max>FDA52718032C</mac_max>
        </mac>
        <mac>
            <mac_min>FDA52718055A</mac_min>
            <mac_max>FDA527180561</mac_max>
        </mac>
        <mac>
            <mac_min>FDA527180564</mac_min>
            <mac_max>FDA52718056A</mac_max>
        </mac>
        <mac>
            <mac_min>FDA52718056C</mac_min>
            <mac_max>FDA52718057A</mac_max>
        </mac>
        <mac>
            <mac_min>FDA52718057C</mac_min>
            <mac_max>FDA527180585</mac_max>
        </mac>
        <mac>
            <mac_min>FDA527180587</mac_min>
            <mac_max>FDA527180592</mac_max>
        </mac>
        <mac>
            <mac_min>FDA527180594</mac_min>
            <mac_max>FDA52718059C</mac_max>
        </mac>
        <mac>
            <mac_min>FDA52718059E</mac_min>
            <mac_max>FDA5271805A8</mac_max>
        </mac>
        <mac>
            <mac_min>FDA5271805AA</mac_min>
            <mac_max>FDA5271805BD</mac_max>
        </mac>
        <mac>
            <mac_min>FDA5272C623D</mac_min>
            <mac_max>FDA5272C623F</mac_max>
        </mac>
        <mac>
            <mac_min>FDA5272C624E</mac_min>
            <mac_max>FDA5272C6252</mac_max>
        </mac>
        <mac>
            <mac_min>FDA5272C6254</mac_min>
            <mac_max>FDA5272C6255</mac_max>
        </mac>
        <mac>
            <mac_min>FDA5272C625E</mac_min>
            <mac_max>FDA5272C625F</mac_max>
        </mac>
        <mac>
            <mac_min>FDA5272C6267</mac_min>
            <mac_max>FDA5272C6269</mac_max>
        </mac>
    </mac_range>
    <mac_single>
        <mac>C91A00590116</mac>
        <mac>C91A005902AF</mac>
        <mac>C91A005A003C</mac>
        <mac>C91A005A0042</mac>
        <mac>C91A005A0047</mac>
        <mac>C91A005A0054</mac>
        <mac>C91A005A0059</mac>
        <mac>C91A005A0061</mac>
        <mac>C91A005A0068</mac>
        <mac>C91A005A006B</mac>
        <mac>C91A005A0089</mac>
        <mac>C91A005A008E</mac>
        <mac>C91A005A00B5</mac>
        <mac>C91A005A00B8</mac>
        <mac>C91A005A0132</mac>
        <mac>C91A005A0136</mac>
        <mac>C91A005A0144</mac>
        <mac>C91A005A0149</mac>
        <mac>C91A005A014C</mac>
        <mac>C91A005A0152</mac>
        <mac>C91A005A0156</mac>
        <mac>C91A005A015D</mac>
        <mac>C91A005A0167</mac>
        <mac>C91A005A0178</mac>
        <mac>C91A005A017B</mac>
        <mac>C91A005A017E</mac>
        <mac>C91A005A0187</mac>
        <mac>C91A005A018E</mac>
        <mac>C91A005A01DE</mac>
        <mac>C91A005A01F0</mac>
        <mac>C91A005A02BC</mac>
        <mac>C91A005A02C0</mac>
        <mac>C91A005A02C2</mac>
        <mac>C91A005A02CE</mac>
        <mac>C91A005A02D0</mac>
        <mac>C91A005A02D7</mac>
        <mac>C91A005A02DD</mac>
        <mac>C91A005A02DF</mac>
        <mac>C91A005A02EC</mac>
        <mac>C91A005A02F2</mac>
        <mac>C91A005A0309</mac>
        <mac>C91A005A031E</mac>
        <mac>C91A005A0353</mac>
        <mac>C91A005A0373</mac>
        <mac>C91A005A03B6</mac>
        <mac>C91A005A03BE</mac>
        <mac>C91A005A03C7</mac>
        <mac>C91A005A03C9</mac>
        <mac>C91A005A03D6</mac>
        <mac>C91A005A03E7</mac>
        <mac>C91A005B011C</mac>
        <mac>C91A005B011E</mac>
        <mac>C91A005B0126</mac>
        <mac>C91A005B0128</mac>
        <mac>C91A005B01A9</mac>
        <mac>C91A005B01BD</mac>
        <mac>C91A005B02F8</mac>
        <mac>C91A005B030A</mac>
        <mac>C91A005B03F0</mac>
        <mac>C91A005B03F3</mac>
        <mac>C91A005B03F8</mac>
        <mac>C91A005B03FB</mac>
        <mac>C91A005B0406</mac>
        <mac>C91A005B0409</mac>
        <mac>C91A005B0413</mac>
        <mac>C91A005B04B3</mac>
        <mac>C91A005B04B5</mac>
        <mac>C91A005B04C7</mac>
        <mac>C91A005B04C9</mac>
        <mac>C91A005B04D6</mac>
        <mac>C91A005B04D8</mac>
        <mac>C91A005B04E1</mac>
        <mac>C91A005B0580</mac>
        <mac>C91A005B0583</mac>
        <mac>C91A005B0590</mac>
        <mac>C91A005B0596</mac>
        <mac>C91A005B0598</mac>
        <mac>C91A005B05A1</mac>
        <mac>C91A005B05A9</mac>
        <mac>C91A005B0604</mac>
        <mac>C91A005B060E</mac>
        <mac>C91A005B0614</mac>
        <mac>C91A005B0619</mac>
        <mac>C91A005B061D</mac>
        <mac>C91A005B0627</mac>
        <mac>C91A005B062C</mac>
        <mac>C91A005B0633</mac>
        <mac>C91A00600427</mac>
        <mac>C91A0060042A</mac>
        <mac>C91A0060043A</mac>
        <mac>C91A0060043F</mac>
        <mac>C91A00600444</mac>
        <mac>C91A006E4035</mac>
        <mac>C91A006E4040</mac>
        <mac>C91A006F3CBE</mac>
        <mac>C91A006F3CC6</mac>
        <mac>C91A006F3CDA</mac>
        <mac>C91A006F3CDC</mac>
        <mac>C91A006F3CE6</mac>
        <mac>C91A006F3CE8</mac>
        <mac>C91A006F3CEE</mac>
        <mac>FDA52717D268</mac>
        <mac>FDA52717D279</mac>
        <mac>FDA52717D286</mac>
        <mac>FDA52717D288</mac>
        <mac>FDA52717D291</mac>
        <mac>FDA52717D299</mac>
        <mac>FDA52717D2DC</mac>
        <mac>FDA52717D2FC</mac>
        <mac>FDA52717D331</mac>
        <mac>FDA52717D346</mac>
        <mac>FDA52717D35D</mac>
        <mac>FDA52717D363</mac>
        <mac>FDA52717D370</mac>
        <mac>FDA52717D372</mac>
        <mac>FDA52717D378</mac>
        <mac>FDA52717D37F</mac>
        <mac>FDA52717D381</mac>
        <mac>FDA52717D38D</mac>
        <mac>FDA52717D38F</mac>
        <mac>FDA52717D393</mac>
        <mac>FDA52717F6D9</mac>
        <mac>FDA52717F6DB</mac>
        <mac>FDA52717F6E3</mac>
        <mac>FDA52717F6E5</mac>
        <mac>FDA52717F766</mac>
        <mac>FDA52717F77B</mac>
        <mac>FDA52717F810</mac>
        <mac>FDA52717F822</mac>
        <mac>FDA52717F872</mac>
        <mac>FDA52717F879</mac>
        <mac>FDA52717F882</mac>
        <mac>FDA52717F885</mac>
        <mac>FDA52717F888</mac>
        <mac>FDA52717F899</mac>
        <mac>FDA52717F8A3</mac>
        <mac>FDA52717F8AA</mac>
        <mac>FDA52717F8AE</mac>
        <mac>FDA52717F8B4</mac>
        <mac>FDA52717F8B7</mac>
        <mac>FDA52717F8BC</mac>
        <mac>FDA52717F8CA</mac>
        <mac>FDA52717F8CE</mac>
        <mac>FDA52717F949</mac>
        <mac>FDA52717F94C</mac>
        <mac>FDA52717F973</mac>
        <mac>FDA52717F978</mac>
        <mac>FDA52717F996</mac>
        <mac>FDA52717F999</mac>
        <mac>FDA52717F9A0</mac>
        <mac>FDA52717F9A8</mac>
        <mac>FDA52717F9AD</mac>
        <mac>FDA52717F9BA</mac>
        <mac>FDA52717F9BF</mac>
        <mac>FDA52717F9C5</mac>
        <mac>FDA52717FF35</mac>
        <mac>FDA52717FF3F</mac>
        <mac>FDA52717FF45</mac>
        <mac>FDA52717FF4A</mac>
        <mac>FDA52717FF4E</mac>
        <mac>FDA52717FF58</mac>
        <mac>FDA52717FF5D</mac>
        <mac>FDA52717FF64</mac>
        <mac>FDA527180175</mac>
        <mac>FDA527180178</mac>
        <mac>FDA52718017D</mac>
        <mac>FDA527180180</mac>
        <mac>FDA52718018B</mac>
        <mac>FDA52718018E</mac>
        <mac>FDA527180198</mac>
        <mac>FDA527180238</mac>
        <mac>FDA52718023A</mac>
        <mac>FDA52718024C</mac>
        <mac>FDA52718024E</mac>
        <mac>FDA52718025B</mac>
        <mac>FDA52718025D</mac>
        <mac>FDA527180266</mac>
        <mac>FDA527180305</mac>
        <mac>FDA527180308</mac>
        <mac>FDA52718030D</mac>
        <mac>FDA52718030F</mac>
        <mac>FDA527180316</mac>
        <mac>FDA52718031C</mac>
        <mac>FDA52718031E</mac>
        <mac>FDA527180327</mac>
        <mac>FDA52718032F</mac>
        <mac>FDA527180500</mac>
        <mac>FDA527180512</mac>
        <mac>FDA5271A2582</mac>
        <mac>FDA5271A2585</mac>
        <mac>FDA5271A2595</mac>
        <mac>FDA5271A259A</mac>
        <mac>FDA5271A259F</mac>
        <mac>FDA5272B6848</mac>
        <mac>FDA5272B6853</mac>
        <mac>FDA5272C623B</mac>
        <mac>FDA5272C6243</mac>
        <mac>FDA5272C6257</mac>
        <mac>FDA5272C6259</mac>
        <mac>FDA5272C6263</mac>
        <mac>FDA5272C6265</mac>
        <mac>FDA5272C626B</mac>
    </mac_single>
    <mac_warn />
</build_mac>
