<?xml version="1.0" encoding="utf-8" ?>
<build_mac>
    <build_id>860200010060300002</build_id>
    <mac_range>
        <mac>
            <mac_min>C91A00650866</mac_min>
            <mac_max>C91A00650867</mac_max>
        </mac>
        <mac>
            <mac_min>C91A0065086E</mac_min>
            <mac_max>C91A00650875</mac_max>
        </mac>
        <mac>
            <mac_min>C91A00650877</mac_min>
            <mac_max>C91A0065087A</mac_max>
        </mac>
        <mac>
            <mac_min>C91A0065087C</mac_min>
            <mac_max>C91A0065087D</mac_max>
        </mac>
        <mac>
            <mac_min>C91A00650880</mac_min>
            <mac_max>C91A00650882</mac_max>
        </mac>
        <mac>
            <mac_min>C91A00650884</mac_min>
            <mac_max>C91A0065088B</mac_max>
        </mac>
        <mac>
            <mac_min>C91A0065088E</mac_min>
            <mac_max>C91A00650890</mac_max>
        </mac>
        <mac>
            <mac_min>C91A00650892</mac_min>
            <mac_max>C91A00650895</mac_max>
        </mac>
        <mac>
            <mac_min>C91A006A1FC4</mac_min>
            <mac_max>C91A006A1FC5</mac_max>
        </mac>
        <mac>
            <mac_min>C91A006A1FC7</mac_min>
            <mac_max>C91A006A1FC9</mac_max>
        </mac>
        <mac>
            <mac_min>C91A006A1FCD</mac_min>
            <mac_max>C91A006A1FD1</mac_max>
        </mac>
        <mac>
            <mac_min>FDA52725EDD2</mac_min>
            <mac_max>FDA52725EDD5</mac_max>
        </mac>
        <mac>
            <mac_min>FDA52725EDD7</mac_min>
            <mac_max>FDA52725EDD9</mac_max>
        </mac>
        <mac>
            <mac_min>FDA52725EDDC</mac_min>
            <mac_max>FDA52725EDE3</mac_max>
        </mac>
        <mac>
            <mac_min>FDA52725EDE5</mac_min>
            <mac_max>FDA52725EDE7</mac_max>
        </mac>
        <mac>
            <mac_min>FDA52725EDEA</mac_min>
            <mac_max>FDA52725EDEB</mac_max>
        </mac>
        <mac>
            <mac_min>FDA52725EDED</mac_min>
            <mac_max>FDA52725EDF0</mac_max>
        </mac>
        <mac>
            <mac_min>FDA52725EDF2</mac_min>
            <mac_max>FDA52725EDF9</mac_max>
        </mac>
        <mac>
            <mac_min>FDA52725EE00</mac_min>
            <mac_max>FDA52725EE01</mac_max>
        </mac>
        <mac>
            <mac_min>FDA52728947E</mac_min>
            <mac_max>FDA527289482</mac_max>
        </mac>
        <mac>
            <mac_min>FDA527289486</mac_min>
            <mac_max>FDA527289488</mac_max>
        </mac>
        <mac>
            <mac_min>FDA52728948A</mac_min>
            <mac_max>FDA52728948B</mac_max>
        </mac>
    </mac_range>
    <mac_single>
        <mac>C91A00650864</mac>
        <mac>C91A0065086A</mac>
        <mac>C91A0065086C</mac>
        <mac>C91A00650897</mac>
        <mac>C91A006509DA</mac>
        <mac>C91A006A1FA7</mac>
        <mac>C91A006A1FAA</mac>
        <mac>C91A006A1FAD</mac>
        <mac>C91A006A1FB7</mac>
        <mac>C91A006A1FBC</mac>
        <mac>C91A006A1FBE</mac>
        <mac>C91A006A1FCB</mac>
        <mac>FDA52725EC8D</mac>
        <mac>FDA52725EDD0</mac>
        <mac>FDA52725EDFB</mac>
        <mac>FDA52725EDFD</mac>
        <mac>FDA52725EE03</mac>
        <mac>FDA527289484</mac>
        <mac>FDA527289491</mac>
        <mac>FDA527289493</mac>
        <mac>FDA527289498</mac>
        <mac>FDA5272894A2</mac>
        <mac>FDA5272894A5</mac>
        <mac>FDA5272894A8</mac>
    </mac_single>
    <mac_warn />
</build_mac>
