<?xml version="1.0" encoding="utf-8" ?>
<build_mac>
    <build_id>860200010050300002</build_id>
    <mac_range>
        <mac>
            <mac_min>C91A006507D0</mac_min>
            <mac_max>C91A00650801</mac_max>
        </mac>
        <mac>
            <mac_min>C91A00650834</mac_min>
            <mac_max>C91A00650863</mac_max>
        </mac>
        <mac>
            <mac_min>C91A00650868</mac_min>
            <mac_max>C91A00650869</mac_max>
        </mac>
        <mac>
            <mac_min>C91A0065087E</mac_min>
            <mac_max>C91A0065087F</mac_max>
        </mac>
        <mac>
            <mac_min>C91A0065088C</mac_min>
            <mac_max>C91A0065088D</mac_max>
        </mac>
        <mac>
            <mac_min>C91A006509C4</mac_min>
            <mac_max>C91A006509C7</mac_max>
        </mac>
        <mac>
            <mac_min>C91A006509CB</mac_min>
            <mac_max>C91A006509D4</mac_max>
        </mac>
        <mac>
            <mac_min>C91A006509D6</mac_min>
            <mac_max>C91A006509D9</mac_max>
        </mac>
        <mac>
            <mac_min>C91A006509DC</mac_min>
            <mac_max>C91A006509F2</mac_max>
        </mac>
        <mac>
            <mac_min>C91A006509F4</mac_min>
            <mac_max>C91A006509F8</mac_max>
        </mac>
        <mac>
            <mac_min>C91A006509FC</mac_min>
            <mac_max>C91A006509FE</mac_max>
        </mac>
        <mac>
            <mac_min>C91A00650A00</mac_min>
            <mac_max>C91A00650A01</mac_max>
        </mac>
        <mac>
            <mac_min>C91A00650A0B</mac_min>
            <mac_max>C91A00650A0E</mac_max>
        </mac>
        <mac>
            <mac_min>C91A00650A14</mac_min>
            <mac_max>C91A00650A16</mac_max>
        </mac>
        <mac>
            <mac_min>C91A00650A18</mac_min>
            <mac_max>C91A00650A1A</mac_max>
        </mac>
        <mac>
            <mac_min>C91A00650BB8</mac_min>
            <mac_max>C91A00650BE9</mac_max>
        </mac>
        <mac>
            <mac_min>C91A00650D07</mac_min>
            <mac_max>C91A00650D0A</mac_max>
        </mac>
        <mac>
            <mac_min>C91A00650D48</mac_min>
            <mac_max>C91A00650D79</mac_max>
        </mac>
        <mac>
            <mac_min>C91A006511F8</mac_min>
            <mac_max>C91A006511F9</mac_max>
        </mac>
        <mac>
            <mac_min>C91A006511FB</mac_min>
            <mac_max>C91A006511FC</mac_max>
        </mac>
        <mac>
            <mac_min>C91A00651202</mac_min>
            <mac_max>C91A00651203</mac_max>
        </mac>
        <mac>
            <mac_min>C91A00651206</mac_min>
            <mac_max>C91A00651207</mac_max>
        </mac>
        <mac>
            <mac_min>C91A00651209</mac_min>
            <mac_max>C91A00651215</mac_max>
        </mac>
        <mac>
            <mac_min>C91A00651217</mac_min>
            <mac_max>C91A0065121A</mac_max>
        </mac>
        <mac>
            <mac_min>C91A0065121E</mac_min>
            <mac_max>C91A00651225</mac_max>
        </mac>
        <mac>
            <mac_min>C91A00651227</mac_min>
            <mac_max>C91A00651229</mac_max>
        </mac>
        <mac>
            <mac_min>C91A006A1F40</mac_min>
            <mac_max>C91A006A1F56</mac_max>
        </mac>
        <mac>
            <mac_min>C91A006A1F58</mac_min>
            <mac_max>C91A006A1F6F</mac_max>
        </mac>
        <mac>
            <mac_min>C91A006A1F75</mac_min>
            <mac_max>C91A006A1F76</mac_max>
        </mac>
        <mac>
            <mac_min>C91A006A1F7D</mac_min>
            <mac_max>C91A006A1F7F</mac_max>
        </mac>
        <mac>
            <mac_min>C91A006A1F8E</mac_min>
            <mac_max>C91A006A1F8F</mac_max>
        </mac>
        <mac>
            <mac_min>C91A006A1F94</mac_min>
            <mac_max>C91A006A1F96</mac_max>
        </mac>
        <mac>
            <mac_min>C91A006A1F9A</mac_min>
            <mac_max>C91A006A1F9B</mac_max>
        </mac>
        <mac>
            <mac_min>C91A006A1F9E</mac_min>
            <mac_max>C91A006A1F9F</mac_max>
        </mac>
        <mac>
            <mac_min>C91A006A203A</mac_min>
            <mac_max>C91A006A206C</mac_max>
        </mac>
        <mac>
            <mac_min>C91A006A206E</mac_min>
            <mac_max>C91A006A2073</mac_max>
        </mac>
        <mac>
            <mac_min>C91A006A2075</mac_min>
            <mac_max>C91A006A207E</mac_max>
        </mac>
        <mac>
            <mac_min>C91A006A2080</mac_min>
            <mac_max>C91A006A2082</mac_max>
        </mac>
        <mac>
            <mac_min>C91A006A2086</mac_min>
            <mac_max>C91A006A208B</mac_max>
        </mac>
        <mac>
            <mac_min>C91A006A208E</mac_min>
            <mac_max>C91A006A2097</mac_max>
        </mac>
        <mac>
            <mac_min>C91A006D00C8</mac_min>
            <mac_max>C91A006D00F9</mac_max>
        </mac>
        <mac>
            <mac_min>C91A006D0138</mac_min>
            <mac_max>C91A006D0139</mac_max>
        </mac>
        <mac>
            <mac_min>C91A006D0141</mac_min>
            <mac_max>C91A006D0142</mac_max>
        </mac>
        <mac>
            <mac_min>C91A006D0144</mac_min>
            <mac_max>C91A006D0145</mac_max>
        </mac>
        <mac>
            <mac_min>C91A006D0148</mac_min>
            <mac_max>C91A006D0149</mac_max>
        </mac>
        <mac>
            <mac_min>C91A006D0157</mac_min>
            <mac_max>C91A006D0159</mac_max>
        </mac>
        <mac>
            <mac_min>FDA52725E43E</mac_min>
            <mac_max>FDA52725E440</mac_max>
        </mac>
        <mac>
            <mac_min>FDA52725E442</mac_min>
            <mac_max>FDA52725E449</mac_max>
        </mac>
        <mac>
            <mac_min>FDA52725E44D</mac_min>
            <mac_max>FDA52725E450</mac_max>
        </mac>
        <mac>
            <mac_min>FDA52725E452</mac_min>
            <mac_max>FDA52725E45E</mac_max>
        </mac>
        <mac>
            <mac_min>FDA52725E460</mac_min>
            <mac_max>FDA52725E461</mac_max>
        </mac>
        <mac>
            <mac_min>FDA52725E464</mac_min>
            <mac_max>FDA52725E465</mac_max>
        </mac>
        <mac>
            <mac_min>FDA52725E46B</mac_min>
            <mac_max>FDA52725E46C</mac_max>
        </mac>
        <mac>
            <mac_min>FDA52725E46E</mac_min>
            <mac_max>FDA52725E46F</mac_max>
        </mac>
        <mac>
            <mac_min>FDA52725E8EE</mac_min>
            <mac_max>FDA52725E91F</mac_max>
        </mac>
        <mac>
            <mac_min>FDA52725E95D</mac_min>
            <mac_max>FDA52725E960</mac_max>
        </mac>
        <mac>
            <mac_min>FDA52725EA7E</mac_min>
            <mac_max>FDA52725EAAF</mac_max>
        </mac>
        <mac>
            <mac_min>FDA52725EC4D</mac_min>
            <mac_max>FDA52725EC4F</mac_max>
        </mac>
        <mac>
            <mac_min>FDA52725EC51</mac_min>
            <mac_max>FDA52725EC53</mac_max>
        </mac>
        <mac>
            <mac_min>FDA52725EC59</mac_min>
            <mac_max>FDA52725EC5C</mac_max>
        </mac>
        <mac>
            <mac_min>FDA52725EC66</mac_min>
            <mac_max>FDA52725EC67</mac_max>
        </mac>
        <mac>
            <mac_min>FDA52725EC69</mac_min>
            <mac_max>FDA52725EC6B</mac_max>
        </mac>
        <mac>
            <mac_min>FDA52725EC6F</mac_min>
            <mac_max>FDA52725EC73</mac_max>
        </mac>
        <mac>
            <mac_min>FDA52725EC75</mac_min>
            <mac_max>FDA52725EC8B</mac_max>
        </mac>
        <mac>
            <mac_min>FDA52725EC8E</mac_min>
            <mac_max>FDA52725EC91</mac_max>
        </mac>
        <mac>
            <mac_min>FDA52725EC93</mac_min>
            <mac_max>FDA52725EC9C</mac_max>
        </mac>
        <mac>
            <mac_min>FDA52725ECA0</mac_min>
            <mac_max>FDA52725ECA3</mac_max>
        </mac>
        <mac>
            <mac_min>FDA52725EDDA</mac_min>
            <mac_max>FDA52725EDDB</mac_max>
        </mac>
        <mac>
            <mac_min>FDA52725EDE8</mac_min>
            <mac_max>FDA52725EDE9</mac_max>
        </mac>
        <mac>
            <mac_min>FDA52725EDFE</mac_min>
            <mac_max>FDA52725EDFF</mac_max>
        </mac>
        <mac>
            <mac_min>FDA52725EE04</mac_min>
            <mac_max>FDA52725EE33</mac_max>
        </mac>
        <mac>
            <mac_min>FDA52725EE66</mac_min>
            <mac_max>FDA52725EE97</mac_max>
        </mac>
        <mac>
            <mac_min>FDA5272893B8</mac_min>
            <mac_max>FDA5272893C1</mac_max>
        </mac>
        <mac>
            <mac_min>FDA5272893C4</mac_min>
            <mac_max>FDA5272893C9</mac_max>
        </mac>
        <mac>
            <mac_min>FDA5272893CD</mac_min>
            <mac_max>FDA5272893CF</mac_max>
        </mac>
        <mac>
            <mac_min>FDA5272893D1</mac_min>
            <mac_max>FDA5272893DA</mac_max>
        </mac>
        <mac>
            <mac_min>FDA5272893DC</mac_min>
            <mac_max>FDA5272893E1</mac_max>
        </mac>
        <mac>
            <mac_min>FDA5272893E3</mac_min>
            <mac_max>FDA527289415</mac_max>
        </mac>
        <mac>
            <mac_min>FDA5272894B0</mac_min>
            <mac_max>FDA5272894B1</mac_max>
        </mac>
        <mac>
            <mac_min>FDA5272894B4</mac_min>
            <mac_max>FDA5272894B5</mac_max>
        </mac>
        <mac>
            <mac_min>FDA5272894B9</mac_min>
            <mac_max>FDA5272894BB</mac_max>
        </mac>
        <mac>
            <mac_min>FDA5272894C0</mac_min>
            <mac_max>FDA5272894C1</mac_max>
        </mac>
        <mac>
            <mac_min>FDA5272894D0</mac_min>
            <mac_max>FDA5272894D2</mac_max>
        </mac>
        <mac>
            <mac_min>FDA5272894D9</mac_min>
            <mac_max>FDA5272894DA</mac_max>
        </mac>
        <mac>
            <mac_min>FDA5272894E0</mac_min>
            <mac_max>FDA5272894F7</mac_max>
        </mac>
        <mac>
            <mac_min>FDA5272894F9</mac_min>
            <mac_max>FDA52728950F</mac_max>
        </mac>
        <mac>
            <mac_min>FDA5272AC17F</mac_min>
            <mac_max>FDA5272AC1B0</mac_max>
        </mac>
        <mac>
            <mac_min>FDA5272AC1EF</mac_min>
            <mac_max>FDA5272AC1F0</mac_max>
        </mac>
        <mac>
            <mac_min>FDA5272AC1F8</mac_min>
            <mac_max>FDA5272AC1F9</mac_max>
        </mac>
        <mac>
            <mac_min>FDA5272AC1FB</mac_min>
            <mac_max>FDA5272AC1FC</mac_max>
        </mac>
        <mac>
            <mac_min>FDA5272AC1FF</mac_min>
            <mac_max>FDA5272AC200</mac_max>
        </mac>
        <mac>
            <mac_min>FDA5272AC20E</mac_min>
            <mac_max>FDA5272AC210</mac_max>
        </mac>
    </mac_range>
    <mac_single>
        <mac>C91A00650865</mac>
        <mac>C91A0065086B</mac>
        <mac>C91A0065086D</mac>
        <mac>C91A00650876</mac>
        <mac>C91A0065087B</mac>
        <mac>C91A00650883</mac>
        <mac>C91A00650891</mac>
        <mac>C91A00650896</mac>
        <mac>C91A006509C9</mac>
        <mac>C91A00650A03</mac>
        <mac>C91A00650A06</mac>
        <mac>C91A00650A10</mac>
        <mac>C91A00650A25</mac>
        <mac>C91A00650A27</mac>
        <mac>C91A00650CE4</mac>
        <mac>C91A00650CE7</mac>
        <mac>C91A00650CF3</mac>
        <mac>C91A00650CF5</mac>
        <mac>C91A00650CF9</mac>
        <mac>C91A00650D03</mac>
        <mac>C91A00650D0D</mac>
        <mac>C91A00650FB4</mac>
        <mac>C91A00650FBD</mac>
        <mac>C91A00650FC5</mac>
        <mac>C91A006511FE</mac>
        <mac>C91A0065121C</mac>
        <mac>C91A006A1F71</mac>
        <mac>C91A006A1F73</mac>
        <mac>C91A006A1F88</mac>
        <mac>C91A006A1F8B</mac>
        <mac>C91A006A1F91</mac>
        <mac>C91A006A1F98</mac>
        <mac>C91A006A1FA1</mac>
        <mac>C91A006A1FA3</mac>
        <mac>C91A006A2084</mac>
        <mac>C91A006A2099</mac>
        <mac>C91A006A209B</mac>
        <mac>C91A006A209D</mac>
        <mac>C91A006D012E</mac>
        <mac>C91A006D0133</mac>
        <mac>C91A006D013B</mac>
        <mac>C91A006D013E</mac>
        <mac>C91A006D0152</mac>
        <mac>C91A006D0154</mac>
        <mac>C91A006D015D</mac>
        <mac>FDA52725E44B</mac>
        <mac>FDA52725E469</mac>
        <mac>FDA52725E6A2</mac>
        <mac>FDA52725E6AA</mac>
        <mac>FDA52725E6B3</mac>
        <mac>FDA52725E95A</mac>
        <mac>FDA52725E964</mac>
        <mac>FDA52725E96E</mac>
        <mac>FDA52725E972</mac>
        <mac>FDA52725E974</mac>
        <mac>FDA52725E980</mac>
        <mac>FDA52725E983</mac>
        <mac>FDA52725EC40</mac>
        <mac>FDA52725EC42</mac>
        <mac>FDA52725EC57</mac>
        <mac>FDA52725EC61</mac>
        <mac>FDA52725EC64</mac>
        <mac>FDA52725EC9E</mac>
        <mac>FDA52725EDD1</mac>
        <mac>FDA52725EDD6</mac>
        <mac>FDA52725EDE4</mac>
        <mac>FDA52725EDEC</mac>
        <mac>FDA52725EDF1</mac>
        <mac>FDA52725EDFA</mac>
        <mac>FDA52725EDFC</mac>
        <mac>FDA52725EE02</mac>
        <mac>FDA5272893B2</mac>
        <mac>FDA5272893B4</mac>
        <mac>FDA5272893B6</mac>
        <mac>FDA5272893CB</mac>
        <mac>FDA5272894AC</mac>
        <mac>FDA5272894AE</mac>
        <mac>FDA5272894B7</mac>
        <mac>FDA5272894BE</mac>
        <mac>FDA5272894C4</mac>
        <mac>FDA5272894C7</mac>
        <mac>FDA5272894DC</mac>
        <mac>FDA5272894DE</mac>
        <mac>FDA5272AC1E5</mac>
        <mac>FDA5272AC1EA</mac>
        <mac>FDA5272AC1F2</mac>
        <mac>FDA5272AC1F5</mac>
        <mac>FDA5272AC209</mac>
        <mac>FDA5272AC20B</mac>
        <mac>FDA5272AC214</mac>
    </mac_single>
    <mac_warn />
</build_mac>
