<?xml version="1.0" encoding="utf-8" ?>
<build_mac>
    <build_id>860200010020300023</build_id>
    <mac_range>
        <mac>
            <mac_min>C91A007148AA</mac_min>
            <mac_max>C91A007148B2</mac_max>
        </mac>
        <mac>
            <mac_min>C91A007148B6</mac_min>
            <mac_max>C91A007148B7</mac_max>
        </mac>
        <mac>
            <mac_min>C91A007148BF</mac_min>
            <mac_max>C91A007148C1</mac_max>
        </mac>
        <mac>
            <mac_min>C91A007148C5</mac_min>
            <mac_max>C91A007148C8</mac_max>
        </mac>
        <mac>
            <mac_min>C91A007148CB</mac_min>
            <mac_max>C91A007148CD</mac_max>
        </mac>
        <mac>
            <mac_min>C91A007148D2</mac_min>
            <mac_max>C91A007148D6</mac_max>
        </mac>
        <mac>
            <mac_min>C91A00714E52</mac_min>
            <mac_max>C91A00714EB5</mac_max>
        </mac>
        <mac>
            <mac_min>C91A00714F1A</mac_min>
            <mac_max>C91A00714F60</mac_max>
        </mac>
        <mac>
            <mac_min>C91A00714F62</mac_min>
            <mac_max>C91A00714F73</mac_max>
        </mac>
        <mac>
            <mac_min>C91A00714F75</mac_min>
            <mac_max>C91A00714F7D</mac_max>
        </mac>
        <mac>
            <mac_min>C91A00714FE2</mac_min>
            <mac_max>C91A00714FE7</mac_max>
        </mac>
        <mac>
            <mac_min>C91A00714FE9</mac_min>
            <mac_max>C91A00714FF8</mac_max>
        </mac>
        <mac>
            <mac_min>C91A00714FFA</mac_min>
            <mac_max>C91A00715013</mac_max>
        </mac>
        <mac>
            <mac_min>FDA5272E32CD</mac_min>
            <mac_max>FDA5272E32D5</mac_max>
        </mac>
        <mac>
            <mac_min>FDA5272E32D9</mac_min>
            <mac_max>FDA5272E32DA</mac_max>
        </mac>
        <mac>
            <mac_min>FDA5272E32E2</mac_min>
            <mac_max>FDA5272E32E4</mac_max>
        </mac>
        <mac>
            <mac_min>FDA5272E32E8</mac_min>
            <mac_max>FDA5272E32EB</mac_max>
        </mac>
        <mac>
            <mac_min>FDA5272E32EE</mac_min>
            <mac_max>FDA5272E32F0</mac_max>
        </mac>
        <mac>
            <mac_min>FDA5272E32F5</mac_min>
            <mac_max>FDA5272E32F9</mac_max>
        </mac>
        <mac>
            <mac_min>FDA5272E3875</mac_min>
            <mac_max>FDA5272E38D8</mac_max>
        </mac>
        <mac>
            <mac_min>FDA5272E393D</mac_min>
            <mac_max>FDA5272E3983</mac_max>
        </mac>
        <mac>
            <mac_min>FDA5272E3985</mac_min>
            <mac_max>FDA5272E3996</mac_max>
        </mac>
        <mac>
            <mac_min>FDA5272E3998</mac_min>
            <mac_max>FDA5272E39A0</mac_max>
        </mac>
        <mac>
            <mac_min>FDA5272E3A05</mac_min>
            <mac_max>FDA5272E3A0A</mac_max>
        </mac>
        <mac>
            <mac_min>FDA5272E3A0C</mac_min>
            <mac_max>FDA5272E3A1B</mac_max>
        </mac>
        <mac>
            <mac_min>FDA5272E3A1D</mac_min>
            <mac_max>FDA5272E3A36</mac_max>
        </mac>
    </mac_range>
    <mac_single>
        <mac>C91A007148A8</mac>
        <mac>C91A007148B4</mac>
        <mac>C91A007148BA</mac>
        <mac>C91A007148CF</mac>
        <mac>C91A007148D9</mac>
        <mac>FDA5272E32CB</mac>
        <mac>FDA5272E32D7</mac>
        <mac>FDA5272E32DD</mac>
        <mac>FDA5272E32F2</mac>
        <mac>FDA5272E32FC</mac>
    </mac_single>
    <mac_warn />
</build_mac>
