<?xml version="1.0" encoding="utf-8" ?>
<build_mac>
    <build_id>860200080010300001</build_id>
    <mac_range>
        <mac>
            <mac_min>C91A006F6720</mac_min>
            <mac_max>C91A006F6977</mac_max>
        </mac>
        <mac>
            <mac_min>ECB32E810000</mac_min>
            <mac_max>ECB32E810257</mac_max>
        </mac>
        <mac>
            <mac_min>FDA5272C8CAB</mac_min>
            <mac_max>FDA5272C8F02</mac_max>
        </mac>
    </mac_range>
    <mac_single />
    <mac_warn />
</build_mac>
