<?xml version="1.0" encoding="utf-8" ?>
<build_mac>
    <build_id>860200010020300021</build_id>
    <mac_range>
        <mac>
            <mac_min>C91A00710ED8</mac_min>
            <mac_max>C91A00710F09</mac_max>
        </mac>
        <mac>
            <mac_min>C91A00710F0E</mac_min>
            <mac_max>C91A00710F0F</mac_max>
        </mac>
        <mac>
            <mac_min>C91A00710F38</mac_min>
            <mac_max>C91A00710F3A</mac_max>
        </mac>
        <mac>
            <mac_min>C91A00710FD3</mac_min>
            <mac_max>C91A00710FEB</mac_max>
        </mac>
        <mac>
            <mac_min>C91A00710FED</mac_min>
            <mac_max>C91A00710FEF</mac_max>
        </mac>
        <mac>
            <mac_min>C91A00710FF1</mac_min>
            <mac_max>C91A00711003</mac_max>
        </mac>
        <mac>
            <mac_min>ECB352EB00C8</mac_min>
            <mac_max>ECB352EB00F9</mac_max>
        </mac>
        <mac>
            <mac_min>ECB352EB00FE</mac_min>
            <mac_max>ECB352EB00FF</mac_max>
        </mac>
        <mac>
            <mac_min>ECB352EB0128</mac_min>
            <mac_max>ECB352EB012A</mac_max>
        </mac>
        <mac>
            <mac_min>ECB352EB01C3</mac_min>
            <mac_max>ECB352EB01DB</mac_max>
        </mac>
        <mac>
            <mac_min>ECB352EB01DD</mac_min>
            <mac_max>ECB352EB01DF</mac_max>
        </mac>
        <mac>
            <mac_min>ECB352EB01E1</mac_min>
            <mac_max>ECB352EB01F3</mac_max>
        </mac>
        <mac>
            <mac_min>FDA5272DF122</mac_min>
            <mac_max>FDA5272DF153</mac_max>
        </mac>
        <mac>
            <mac_min>FDA5272DF158</mac_min>
            <mac_max>FDA5272DF159</mac_max>
        </mac>
        <mac>
            <mac_min>FDA5272DF182</mac_min>
            <mac_max>FDA5272DF184</mac_max>
        </mac>
        <mac>
            <mac_min>FDA5272DF21F</mac_min>
            <mac_max>FDA5272DF237</mac_max>
        </mac>
        <mac>
            <mac_min>FDA5272DF239</mac_min>
            <mac_max>FDA5272DF23B</mac_max>
        </mac>
        <mac>
            <mac_min>FDA5272DF23D</mac_min>
            <mac_max>FDA5272DF24F</mac_max>
        </mac>
    </mac_range>
    <mac_single>
        <mac>C91A00710F18</mac>
        <mac>C91A00710F2B</mac>
        <mac>ECB352EB0108</mac>
        <mac>ECB352EB011B</mac>
        <mac>FDA5272DF162</mac>
        <mac>FDA5272DF175</mac>
    </mac_single>
    <mac_warn />
</build_mac>
