<?xml version="1.0" encoding="utf-8" ?>
<build_mac>
    <build_id>860200060020300003</build_id>
    <mac_range>
        <mac>
            <mac_min>C91A006E57E4</mac_min>
            <mac_max>C91A006E57E9</mac_max>
        </mac>
        <mac>
            <mac_min>C91A006E57EC</mac_min>
            <mac_max>C91A006E57F1</mac_max>
        </mac>
        <mac>
            <mac_min>C91A006E57F3</mac_min>
            <mac_max>C91A006E57F6</mac_max>
        </mac>
        <mac>
            <mac_min>C91A006E57FE</mac_min>
            <mac_max>C91A006E5800</mac_max>
        </mac>
        <mac>
            <mac_min>C91A006E5804</mac_min>
            <mac_max>C91A006E5806</mac_max>
        </mac>
        <mac>
            <mac_min>C91A006E580F</mac_min>
            <mac_max>C91A006E5811</mac_max>
        </mac>
        <mac>
            <mac_min>C91A006E5813</mac_min>
            <mac_max>C91A006E5815</mac_max>
        </mac>
        <mac>
            <mac_min>C91A006E5945</mac_min>
            <mac_max>C91A006E5948</mac_max>
        </mac>
        <mac>
            <mac_min>FDA5272B8054</mac_min>
            <mac_max>FDA5272B8059</mac_max>
        </mac>
        <mac>
            <mac_min>FDA5272B805C</mac_min>
            <mac_max>FDA5272B8061</mac_max>
        </mac>
        <mac>
            <mac_min>FDA5272B8063</mac_min>
            <mac_max>FDA5272B8066</mac_max>
        </mac>
        <mac>
            <mac_min>FDA5272B806E</mac_min>
            <mac_max>FDA5272B8070</mac_max>
        </mac>
        <mac>
            <mac_min>FDA5272B8074</mac_min>
            <mac_max>FDA5272B8076</mac_max>
        </mac>
        <mac>
            <mac_min>FDA5272B807F</mac_min>
            <mac_max>FDA5272B8081</mac_max>
        </mac>
        <mac>
            <mac_min>FDA5272B8083</mac_min>
            <mac_max>FDA5272B8085</mac_max>
        </mac>
        <mac>
            <mac_min>FDA5272B81B5</mac_min>
            <mac_max>FDA5272B81B8</mac_max>
        </mac>
    </mac_range>
    <mac_single>
        <mac>C91A006E57F8</mac>
        <mac>C91A006E5802</mac>
        <mac>C91A006E5808</mac>
        <mac>C91A006E580B</mac>
        <mac>C91A006E5942</mac>
        <mac>C91A006E595A</mac>
        <mac>C91A006E5962</mac>
        <mac>C91A006E5966</mac>
        <mac>C91A006E5973</mac>
        <mac>FDA5272B8068</mac>
        <mac>FDA5272B8072</mac>
        <mac>FDA5272B8078</mac>
        <mac>FDA5272B807B</mac>
        <mac>FDA5272B81B2</mac>
        <mac>FDA5272B81CA</mac>
        <mac>FDA5272B81D2</mac>
        <mac>FDA5272B81D6</mac>
        <mac>FDA5272B81E3</mac>
    </mac_single>
    <mac_warn />
</build_mac>
