<?xml version="1.0" encoding="utf-8" ?>
<build_mac>
    <build_id>860200010010300014</build_id>
    <mac_range>
        <mac>
            <mac_min>C91A0071487B</mac_min>
            <mac_max>C91A0071487C</mac_max>
        </mac>
        <mac>
            <mac_min>C91A00714890</mac_min>
            <mac_max>C91A00714891</mac_max>
        </mac>
        <mac>
            <mac_min>C91A00714893</mac_min>
            <mac_max>C91A00714894</mac_max>
        </mac>
        <mac>
            <mac_min>C91A007148A5</mac_min>
            <mac_max>C91A007148A6</mac_max>
        </mac>
        <mac>
            <mac_min>C91A0071492C</mac_min>
            <mac_max>C91A0071492D</mac_max>
        </mac>
        <mac>
            <mac_min>C91A0071492F</mac_min>
            <mac_max>C91A00714930</mac_max>
        </mac>
        <mac>
            <mac_min>C91A00714936</mac_min>
            <mac_max>C91A00714938</mac_max>
        </mac>
        <mac>
            <mac_min>C91A0071493D</mac_min>
            <mac_max>C91A0071493E</mac_max>
        </mac>
        <mac>
            <mac_min>C91A00714953</mac_min>
            <mac_max>C91A00714954</mac_max>
        </mac>
        <mac>
            <mac_min>C91A0071496C</mac_min>
            <mac_max>C91A0071496F</mac_max>
        </mac>
        <mac>
            <mac_min>C91A007149CE</mac_min>
            <mac_max>C91A007149CF</mac_max>
        </mac>
        <mac>
            <mac_min>C91A00714A06</mac_min>
            <mac_max>C91A00714A08</mac_max>
        </mac>
        <mac>
            <mac_min>C91A00714A0E</mac_min>
            <mac_max>C91A00714A0F</mac_max>
        </mac>
        <mac>
            <mac_min>C91A00714A11</mac_min>
            <mac_max>C91A00714A12</mac_max>
        </mac>
        <mac>
            <mac_min>C91A00714A14</mac_min>
            <mac_max>C91A00714A1A</mac_max>
        </mac>
        <mac>
            <mac_min>C91A00714A20</mac_min>
            <mac_max>C91A00714A24</mac_max>
        </mac>
        <mac>
            <mac_min>C91A00714A2B</mac_min>
            <mac_max>C91A00714A2E</mac_max>
        </mac>
        <mac>
            <mac_min>C91A00714A30</mac_min>
            <mac_max>C91A00714A31</mac_max>
        </mac>
        <mac>
            <mac_min>C91A00714A36</mac_min>
            <mac_max>C91A00714A37</mac_max>
        </mac>
        <mac>
            <mac_min>C91A00714F00</mac_min>
            <mac_max>C91A00714F01</mac_max>
        </mac>
        <mac>
            <mac_min>C91A00714FB5</mac_min>
            <mac_max>C91A00714FB6</mac_max>
        </mac>
        <mac>
            <mac_min>C91A00714FC5</mac_min>
            <mac_max>C91A00714FC6</mac_max>
        </mac>
        <mac>
            <mac_min>C91A00714FDA</mac_min>
            <mac_max>C91A00714FDB</mac_max>
        </mac>
        <mac>
            <mac_min>FDA5272E329E</mac_min>
            <mac_max>FDA5272E329F</mac_max>
        </mac>
        <mac>
            <mac_min>FDA5272E32B3</mac_min>
            <mac_max>FDA5272E32B4</mac_max>
        </mac>
        <mac>
            <mac_min>FDA5272E32B6</mac_min>
            <mac_max>FDA5272E32B7</mac_max>
        </mac>
        <mac>
            <mac_min>FDA5272E32C8</mac_min>
            <mac_max>FDA5272E32C9</mac_max>
        </mac>
        <mac>
            <mac_min>FDA5272E334F</mac_min>
            <mac_max>FDA5272E3350</mac_max>
        </mac>
        <mac>
            <mac_min>FDA5272E3352</mac_min>
            <mac_max>FDA5272E3353</mac_max>
        </mac>
        <mac>
            <mac_min>FDA5272E3359</mac_min>
            <mac_max>FDA5272E335B</mac_max>
        </mac>
        <mac>
            <mac_min>FDA5272E3360</mac_min>
            <mac_max>FDA5272E3361</mac_max>
        </mac>
        <mac>
            <mac_min>FDA5272E3376</mac_min>
            <mac_max>FDA5272E3377</mac_max>
        </mac>
        <mac>
            <mac_min>FDA5272E338F</mac_min>
            <mac_max>FDA5272E3392</mac_max>
        </mac>
        <mac>
            <mac_min>FDA5272E33F1</mac_min>
            <mac_max>FDA5272E33F2</mac_max>
        </mac>
        <mac>
            <mac_min>FDA5272E3429</mac_min>
            <mac_max>FDA5272E342B</mac_max>
        </mac>
        <mac>
            <mac_min>FDA5272E3431</mac_min>
            <mac_max>FDA5272E3432</mac_max>
        </mac>
        <mac>
            <mac_min>FDA5272E3434</mac_min>
            <mac_max>FDA5272E3435</mac_max>
        </mac>
        <mac>
            <mac_min>FDA5272E3437</mac_min>
            <mac_max>FDA5272E343D</mac_max>
        </mac>
        <mac>
            <mac_min>FDA5272E3443</mac_min>
            <mac_max>FDA5272E3447</mac_max>
        </mac>
        <mac>
            <mac_min>FDA5272E344E</mac_min>
            <mac_max>FDA5272E3451</mac_max>
        </mac>
        <mac>
            <mac_min>FDA5272E3453</mac_min>
            <mac_max>FDA5272E3454</mac_max>
        </mac>
        <mac>
            <mac_min>FDA5272E3459</mac_min>
            <mac_max>FDA5272E345A</mac_max>
        </mac>
        <mac>
            <mac_min>FDA5272E3923</mac_min>
            <mac_max>FDA5272E3924</mac_max>
        </mac>
        <mac>
            <mac_min>FDA5272E39D8</mac_min>
            <mac_max>FDA5272E39D9</mac_max>
        </mac>
        <mac>
            <mac_min>FDA5272E39E8</mac_min>
            <mac_max>FDA5272E39E9</mac_max>
        </mac>
        <mac>
            <mac_min>FDA5272E39FD</mac_min>
            <mac_max>FDA5272E39FE</mac_max>
        </mac>
    </mac_range>
    <mac_single>
        <mac>C91A0061164A</mac>
        <mac>C91A00611653</mac>
        <mac>C91A00611655</mac>
        <mac>C91A00611668</mac>
        <mac>C91A0061166A</mac>
        <mac>C91A00611670</mac>
        <mac>C91A00611673</mac>
        <mac>C91A00714876</mac>
        <mac>C91A00714881</mac>
        <mac>C91A00714885</mac>
        <mac>C91A0071488A</mac>
        <mac>C91A0071488C</mac>
        <mac>C91A00714896</mac>
        <mac>C91A0071489B</mac>
        <mac>C91A0071489E</mac>
        <mac>C91A007148E1</mac>
        <mac>C91A007148ED</mac>
        <mac>C91A007148FC</mac>
        <mac>C91A00714909</mac>
        <mac>C91A0071490B</mac>
        <mac>C91A00714912</mac>
        <mac>C91A00714917</mac>
        <mac>C91A00714920</mac>
        <mac>C91A00714923</mac>
        <mac>C91A00714934</mac>
        <mac>C91A0071493A</mac>
        <mac>C91A00714945</mac>
        <mac>C91A00714947</mac>
        <mac>C91A0071494B</mac>
        <mac>C91A00714958</mac>
        <mac>C91A00714961</mac>
        <mac>C91A00714963</mac>
        <mac>C91A00714966</mac>
        <mac>C91A0071496A</mac>
        <mac>C91A007149A2</mac>
        <mac>C91A007149C9</mac>
        <mac>C91A007149CB</mac>
        <mac>C91A007149D3</mac>
        <mac>C91A00714A0A</mac>
        <mac>C91A00714A0C</mac>
        <mac>C91A00714A1C</mac>
        <mac>C91A00714A1E</mac>
        <mac>C91A00714A27</mac>
        <mac>C91A00714EF2</mac>
        <mac>C91A00714EF9</mac>
        <mac>C91A00714EFC</mac>
        <mac>C91A00714F0A</mac>
        <mac>C91A00714F10</mac>
        <mac>C91A00714F15</mac>
        <mac>C91A00714F17</mac>
        <mac>C91A00714FB0</mac>
        <mac>C91A00714FB3</mac>
        <mac>C91A00714FBB</mac>
        <mac>C91A00714FBF</mac>
        <mac>C91A00714FCF</mac>
        <mac>C91A00714FD2</mac>
        <mac>C91A00714FD7</mac>
        <mac>C91A00714FDD</mac>
        <mac>C91A00714FE1</mac>
        <mac>FDA527229A8E</mac>
        <mac>FDA527229A91</mac>
        <mac>FDA527229A97</mac>
        <mac>FDA527229A99</mac>
        <mac>FDA527229AAC</mac>
        <mac>FDA527229AAE</mac>
        <mac>FDA527229AB7</mac>
        <mac>FDA5272E3299</mac>
        <mac>FDA5272E32A4</mac>
        <mac>FDA5272E32A8</mac>
        <mac>FDA5272E32AD</mac>
        <mac>FDA5272E32AF</mac>
        <mac>FDA5272E32B9</mac>
        <mac>FDA5272E32BE</mac>
        <mac>FDA5272E32C1</mac>
        <mac>FDA5272E3304</mac>
        <mac>FDA5272E3310</mac>
        <mac>FDA5272E331F</mac>
        <mac>FDA5272E332C</mac>
        <mac>FDA5272E332E</mac>
        <mac>FDA5272E3335</mac>
        <mac>FDA5272E333A</mac>
        <mac>FDA5272E3343</mac>
        <mac>FDA5272E3346</mac>
        <mac>FDA5272E3357</mac>
        <mac>FDA5272E335D</mac>
        <mac>FDA5272E3368</mac>
        <mac>FDA5272E336A</mac>
        <mac>FDA5272E336E</mac>
        <mac>FDA5272E337B</mac>
        <mac>FDA5272E3384</mac>
        <mac>FDA5272E3386</mac>
        <mac>FDA5272E3389</mac>
        <mac>FDA5272E338D</mac>
        <mac>FDA5272E33C5</mac>
        <mac>FDA5272E33EC</mac>
        <mac>FDA5272E33EE</mac>
        <mac>FDA5272E33F6</mac>
        <mac>FDA5272E342D</mac>
        <mac>FDA5272E342F</mac>
        <mac>FDA5272E343F</mac>
        <mac>FDA5272E3441</mac>
        <mac>FDA5272E344A</mac>
        <mac>FDA5272E3915</mac>
        <mac>FDA5272E391C</mac>
        <mac>FDA5272E391F</mac>
        <mac>FDA5272E392D</mac>
        <mac>FDA5272E3933</mac>
        <mac>FDA5272E3938</mac>
        <mac>FDA5272E393A</mac>
        <mac>FDA5272E39D3</mac>
        <mac>FDA5272E39D6</mac>
        <mac>FDA5272E39DE</mac>
        <mac>FDA5272E39E2</mac>
        <mac>FDA5272E39F2</mac>
        <mac>FDA5272E39F5</mac>
        <mac>FDA5272E39FA</mac>
        <mac>FDA5272E3A00</mac>
        <mac>FDA5272E3A04</mac>
    </mac_single>
    <mac_warn />
</build_mac>
