<?xml version="1.0" encoding="utf-8" ?>
<build_mac>
    <build_id>860200010020300015</build_id>
    <mac_range>
        <mac>
            <mac_min>C91A006A2102</mac_min>
            <mac_max>C91A006A210A</mac_max>
        </mac>
        <mac>
            <mac_min>C91A006A210C</mac_min>
            <mac_max>C91A006A2117</mac_max>
        </mac>
        <mac>
            <mac_min>C91A006A2119</mac_min>
            <mac_max>C91A006A2133</mac_max>
        </mac>
        <mac>
            <mac_min>C91A006D0000</mac_min>
            <mac_max>C91A006D0001</mac_max>
        </mac>
        <mac>
            <mac_min>C91A006D0003</mac_min>
            <mac_max>C91A006D0006</mac_max>
        </mac>
        <mac>
            <mac_min>C91A006D0008</mac_min>
            <mac_max>C91A006D000F</mac_max>
        </mac>
        <mac>
            <mac_min>C91A006D0011</mac_min>
            <mac_max>C91A006D004B</mac_max>
        </mac>
        <mac>
            <mac_min>C91A006D004D</mac_min>
            <mac_max>C91A006D0063</mac_max>
        </mac>
        <mac>
            <mac_min>C91A006D0096</mac_min>
            <mac_max>C91A006D0099</mac_max>
        </mac>
        <mac>
            <mac_min>C91A006D009E</mac_min>
            <mac_max>C91A006D00A2</mac_max>
        </mac>
        <mac>
            <mac_min>C91A006D00A4</mac_min>
            <mac_max>C91A006D00B8</mac_max>
        </mac>
        <mac>
            <mac_min>C91A006D00BB</mac_min>
            <mac_max>C91A006D00C7</mac_max>
        </mac>
        <mac>
            <mac_min>C91A006D015E</mac_min>
            <mac_max>C91A006D0187</mac_max>
        </mac>
        <mac>
            <mac_min>C91A006D0189</mac_min>
            <mac_max>C91A006D01AF</mac_max>
        </mac>
        <mac>
            <mac_min>C91A006D01B1</mac_min>
            <mac_max>C91A006D01BE</mac_max>
        </mac>
        <mac>
            <mac_min>C91A006D01C0</mac_min>
            <mac_max>C91A006D01C3</mac_max>
        </mac>
        <mac>
            <mac_min>C91A006D01C5</mac_min>
            <mac_max>C91A006D01C8</mac_max>
        </mac>
        <mac>
            <mac_min>C91A006D01CA</mac_min>
            <mac_max>C91A006D01D3</mac_max>
        </mac>
        <mac>
            <mac_min>C91A006D01D6</mac_min>
            <mac_max>C91A006D01EF</mac_max>
        </mac>
        <mac>
            <mac_min>C91A006D01F1</mac_min>
            <mac_max>C91A006D01F3</mac_max>
        </mac>
        <mac>
            <mac_min>FDA52728931C</mac_min>
            <mac_max>FDA527289336</mac_max>
        </mac>
        <mac>
            <mac_min>FDA527289338</mac_min>
            <mac_max>FDA527289343</mac_max>
        </mac>
        <mac>
            <mac_min>FDA527289345</mac_min>
            <mac_max>FDA52728934D</mac_max>
        </mac>
        <mac>
            <mac_min>FDA5272AC0B7</mac_min>
            <mac_max>FDA5272AC0B8</mac_max>
        </mac>
        <mac>
            <mac_min>FDA5272AC0BA</mac_min>
            <mac_max>FDA5272AC0BD</mac_max>
        </mac>
        <mac>
            <mac_min>FDA5272AC0BF</mac_min>
            <mac_max>FDA5272AC0C6</mac_max>
        </mac>
        <mac>
            <mac_min>FDA5272AC0C8</mac_min>
            <mac_max>FDA5272AC102</mac_max>
        </mac>
        <mac>
            <mac_min>FDA5272AC104</mac_min>
            <mac_max>FDA5272AC11A</mac_max>
        </mac>
        <mac>
            <mac_min>FDA5272AC14D</mac_min>
            <mac_max>FDA5272AC150</mac_max>
        </mac>
        <mac>
            <mac_min>FDA5272AC155</mac_min>
            <mac_max>FDA5272AC159</mac_max>
        </mac>
        <mac>
            <mac_min>FDA5272AC15B</mac_min>
            <mac_max>FDA5272AC16F</mac_max>
        </mac>
        <mac>
            <mac_min>FDA5272AC172</mac_min>
            <mac_max>FDA5272AC17E</mac_max>
        </mac>
        <mac>
            <mac_min>FDA5272AC215</mac_min>
            <mac_max>FDA5272AC23E</mac_max>
        </mac>
        <mac>
            <mac_min>FDA5272AC240</mac_min>
            <mac_max>FDA5272AC266</mac_max>
        </mac>
        <mac>
            <mac_min>FDA5272AC268</mac_min>
            <mac_max>FDA5272AC275</mac_max>
        </mac>
        <mac>
            <mac_min>FDA5272AC277</mac_min>
            <mac_max>FDA5272AC27A</mac_max>
        </mac>
        <mac>
            <mac_min>FDA5272AC27C</mac_min>
            <mac_max>FDA5272AC27F</mac_max>
        </mac>
        <mac>
            <mac_min>FDA5272AC281</mac_min>
            <mac_max>FDA5272AC28A</mac_max>
        </mac>
        <mac>
            <mac_min>FDA5272AC28D</mac_min>
            <mac_max>FDA5272AC2A6</mac_max>
        </mac>
        <mac>
            <mac_min>FDA5272AC2A8</mac_min>
            <mac_max>FDA5272AC2AA</mac_max>
        </mac>
    </mac_range>
    <mac_single>
        <mac>C91A006A01BF</mac>
        <mac>C91A006D009B</mac>
        <mac>FDA52728B296</mac>
        <mac>FDA5272AC152</mac>
    </mac_single>
    <mac_warn />
</build_mac>
