<?xml version="1.0" encoding="utf-8" ?>
<build_mac>
    <build_id>860200060040300002</build_id>
    <mac_range>
        <mac>
            <mac_min>C91A006C0000</mac_min>
            <mac_max>C91A006C012F</mac_max>
        </mac>
        <mac>
            <mac_min>C91A006C0131</mac_min>
            <mac_max>C91A006C013B</mac_max>
        </mac>
        <mac>
            <mac_min>C91A006C013D</mac_min>
            <mac_max>C91A006C016C</mac_max>
        </mac>
        <mac>
            <mac_min>C91A006C016E</mac_min>
            <mac_max>C91A006C0170</mac_max>
        </mac>
        <mac>
            <mac_min>C91A006C0173</mac_min>
            <mac_max>C91A006C018B</mac_max>
        </mac>
        <mac>
            <mac_min>C91A006C018D</mac_min>
            <mac_max>C91A006C018E</mac_max>
        </mac>
        <mac>
            <mac_min>C91A006C0190</mac_min>
            <mac_max>C91A006C0299</mac_max>
        </mac>
        <mac>
            <mac_min>C91A006C029C</mac_min>
            <mac_max>C91A006C02A2</mac_max>
        </mac>
        <mac>
            <mac_min>C91A006C02A4</mac_min>
            <mac_max>C91A006C02AD</mac_max>
        </mac>
        <mac>
            <mac_min>C91A006C02AF</mac_min>
            <mac_max>C91A006C02B7</mac_max>
        </mac>
        <mac>
            <mac_min>C91A006C02B9</mac_min>
            <mac_max>C91A006C02E9</mac_max>
        </mac>
        <mac>
            <mac_min>C91A006C02EB</mac_min>
            <mac_max>C91A006C02ED</mac_max>
        </mac>
        <mac>
            <mac_min>C91A006C0352</mac_min>
            <mac_max>C91A006C0359</mac_max>
        </mac>
        <mac>
            <mac_min>C91A006C035B</mac_min>
            <mac_max>C91A006C035C</mac_max>
        </mac>
        <mac>
            <mac_min>C91A006C035F</mac_min>
            <mac_max>C91A006C0361</mac_max>
        </mac>
        <mac>
            <mac_min>C91A006C0363</mac_min>
            <mac_max>C91A006C0365</mac_max>
        </mac>
        <mac>
            <mac_min>C91A006C0367</mac_min>
            <mac_max>C91A006C0373</mac_max>
        </mac>
        <mac>
            <mac_min>C91A006C0375</mac_min>
            <mac_max>C91A006C037C</mac_max>
        </mac>
        <mac>
            <mac_min>C91A006C0380</mac_min>
            <mac_max>C91A006C0383</mac_max>
        </mac>
        <mac>
            <mac_min>C91A006C03B6</mac_min>
            <mac_max>C91A006C03E7</mac_max>
        </mac>
        <mac>
            <mac_min>ECB352D20000</mac_min>
            <mac_max>ECB352D2012F</mac_max>
        </mac>
        <mac>
            <mac_min>ECB352D20131</mac_min>
            <mac_max>ECB352D2013B</mac_max>
        </mac>
        <mac>
            <mac_min>ECB352D2013D</mac_min>
            <mac_max>ECB352D2016C</mac_max>
        </mac>
        <mac>
            <mac_min>ECB352D2016E</mac_min>
            <mac_max>ECB352D20170</mac_max>
        </mac>
        <mac>
            <mac_min>ECB352D20173</mac_min>
            <mac_max>ECB352D2018B</mac_max>
        </mac>
        <mac>
            <mac_min>ECB352D2018D</mac_min>
            <mac_max>ECB352D2018E</mac_max>
        </mac>
        <mac>
            <mac_min>ECB352D20190</mac_min>
            <mac_max>ECB352D20299</mac_max>
        </mac>
        <mac>
            <mac_min>ECB352D2029C</mac_min>
            <mac_max>ECB352D202A2</mac_max>
        </mac>
        <mac>
            <mac_min>ECB352D202A4</mac_min>
            <mac_max>ECB352D202AD</mac_max>
        </mac>
        <mac>
            <mac_min>ECB352D202AF</mac_min>
            <mac_max>ECB352D202B7</mac_max>
        </mac>
        <mac>
            <mac_min>ECB352D202B9</mac_min>
            <mac_max>ECB352D202E9</mac_max>
        </mac>
        <mac>
            <mac_min>ECB352D202EB</mac_min>
            <mac_max>ECB352D202ED</mac_max>
        </mac>
        <mac>
            <mac_min>ECB352D20352</mac_min>
            <mac_max>ECB352D20359</mac_max>
        </mac>
        <mac>
            <mac_min>ECB352D2035B</mac_min>
            <mac_max>ECB352D2035C</mac_max>
        </mac>
        <mac>
            <mac_min>ECB352D2035F</mac_min>
            <mac_max>ECB352D20361</mac_max>
        </mac>
        <mac>
            <mac_min>ECB352D20363</mac_min>
            <mac_max>ECB352D20365</mac_max>
        </mac>
        <mac>
            <mac_min>ECB352D20367</mac_min>
            <mac_max>ECB352D20373</mac_max>
        </mac>
        <mac>
            <mac_min>ECB352D20375</mac_min>
            <mac_max>ECB352D2037C</mac_max>
        </mac>
        <mac>
            <mac_min>ECB352D20380</mac_min>
            <mac_max>ECB352D20383</mac_max>
        </mac>
        <mac>
            <mac_min>ECB352D203B6</mac_min>
            <mac_max>ECB352D203E7</mac_max>
        </mac>
        <mac>
            <mac_min>FDA5272A68E2</mac_min>
            <mac_max>FDA5272A6A11</mac_max>
        </mac>
        <mac>
            <mac_min>FDA5272A6A13</mac_min>
            <mac_max>FDA5272A6A1D</mac_max>
        </mac>
        <mac>
            <mac_min>FDA5272A6A1F</mac_min>
            <mac_max>FDA5272A6A4E</mac_max>
        </mac>
        <mac>
            <mac_min>FDA5272A6A50</mac_min>
            <mac_max>FDA5272A6A52</mac_max>
        </mac>
        <mac>
            <mac_min>FDA5272A6A55</mac_min>
            <mac_max>FDA5272A6A6D</mac_max>
        </mac>
        <mac>
            <mac_min>FDA5272A6A6F</mac_min>
            <mac_max>FDA5272A6A70</mac_max>
        </mac>
        <mac>
            <mac_min>FDA5272A6A72</mac_min>
            <mac_max>FDA5272A6B7B</mac_max>
        </mac>
        <mac>
            <mac_min>FDA5272A6B7E</mac_min>
            <mac_max>FDA5272A6B84</mac_max>
        </mac>
        <mac>
            <mac_min>FDA5272A6B86</mac_min>
            <mac_max>FDA5272A6B8F</mac_max>
        </mac>
        <mac>
            <mac_min>FDA5272A6B91</mac_min>
            <mac_max>FDA5272A6B99</mac_max>
        </mac>
        <mac>
            <mac_min>FDA5272A6B9B</mac_min>
            <mac_max>FDA5272A6BCB</mac_max>
        </mac>
        <mac>
            <mac_min>FDA5272A6BCD</mac_min>
            <mac_max>FDA5272A6BCF</mac_max>
        </mac>
        <mac>
            <mac_min>FDA5272A6C34</mac_min>
            <mac_max>FDA5272A6C3B</mac_max>
        </mac>
        <mac>
            <mac_min>FDA5272A6C3D</mac_min>
            <mac_max>FDA5272A6C3E</mac_max>
        </mac>
        <mac>
            <mac_min>FDA5272A6C41</mac_min>
            <mac_max>FDA5272A6C43</mac_max>
        </mac>
        <mac>
            <mac_min>FDA5272A6C45</mac_min>
            <mac_max>FDA5272A6C47</mac_max>
        </mac>
        <mac>
            <mac_min>FDA5272A6C49</mac_min>
            <mac_max>FDA5272A6C55</mac_max>
        </mac>
        <mac>
            <mac_min>FDA5272A6C57</mac_min>
            <mac_max>FDA5272A6C5E</mac_max>
        </mac>
        <mac>
            <mac_min>FDA5272A6C62</mac_min>
            <mac_max>FDA5272A6C65</mac_max>
        </mac>
        <mac>
            <mac_min>FDA5272A6C98</mac_min>
            <mac_max>FDA5272A6CC9</mac_max>
        </mac>
    </mac_range>
    <mac_single>
        <mac>C91A0065013C</mac>
        <mac>C91A00680130</mac>
        <mac>C91A006C037E</mac>
        <mac>ECB328430130</mac>
        <mac>ECB328A00394</mac>
        <mac>ECB352D2037E</mac>
        <mac>FDA52725F52C</mac>
        <mac>FDA527285F20</mac>
        <mac>FDA5272A6C60</mac>
    </mac_single>
    <mac_warn />
</build_mac>
