<?xml version="1.0" encoding="utf-8" ?>
<build_mac>
    <build_id>860200060040300003</build_id>
    <mac_range>
        <mac>
            <mac_min>C91A006D013C</mac_min>
            <mac_max>C91A006D013D</mac_max>
        </mac>
        <mac>
            <mac_min>C91A006D013F</mac_min>
            <mac_max>C91A006D0140</mac_max>
        </mac>
        <mac>
            <mac_min>C91A006D0146</mac_min>
            <mac_max>C91A006D0147</mac_max>
        </mac>
        <mac>
            <mac_min>C91A006D014B</mac_min>
            <mac_max>C91A006D014C</mac_max>
        </mac>
        <mac>
            <mac_min>C91A006D014E</mac_min>
            <mac_max>C91A006D014F</mac_max>
        </mac>
        <mac>
            <mac_min>C91A006D0155</mac_min>
            <mac_max>C91A006D0156</mac_max>
        </mac>
        <mac>
            <mac_min>C91A006D015B</mac_min>
            <mac_max>C91A006D015C</mac_max>
        </mac>
        <mac>
            <mac_min>C91A006E5816</mac_min>
            <mac_max>C91A006E5827</mac_max>
        </mac>
        <mac>
            <mac_min>C91A006E5829</mac_min>
            <mac_max>C91A006E5847</mac_max>
        </mac>
        <mac>
            <mac_min>C91A006E5849</mac_min>
            <mac_max>C91A006E584A</mac_max>
        </mac>
        <mac>
            <mac_min>C91A006E584E</mac_min>
            <mac_max>C91A006E5851</mac_max>
        </mac>
        <mac>
            <mac_min>C91A006E5855</mac_min>
            <mac_max>C91A006E5857</mac_max>
        </mac>
        <mac>
            <mac_min>C91A006E5859</mac_min>
            <mac_max>C91A006E585A</mac_max>
        </mac>
        <mac>
            <mac_min>C91A006E585C</mac_min>
            <mac_max>C91A006E585E</mac_max>
        </mac>
        <mac>
            <mac_min>C91A006E5863</mac_min>
            <mac_max>C91A006E5864</mac_max>
        </mac>
        <mac>
            <mac_min>C91A006E5866</mac_min>
            <mac_max>C91A006E5867</mac_max>
        </mac>
        <mac>
            <mac_min>C91A006E586C</mac_min>
            <mac_max>C91A006E586D</mac_max>
        </mac>
        <mac>
            <mac_min>C91A006E5873</mac_min>
            <mac_max>C91A006E5877</mac_max>
        </mac>
        <mac>
            <mac_min>C91A006E59A8</mac_min>
            <mac_max>C91A006E59AA</mac_max>
        </mac>
        <mac>
            <mac_min>C91A006E59AC</mac_min>
            <mac_max>C91A006E59AE</mac_max>
        </mac>
        <mac>
            <mac_min>C91A006E59B0</mac_min>
            <mac_max>C91A006E59B5</mac_max>
        </mac>
        <mac>
            <mac_min>C91A006E59BA</mac_min>
            <mac_max>C91A006E59BB</mac_max>
        </mac>
        <mac>
            <mac_min>C91A006E59BE</mac_min>
            <mac_max>C91A006E59BF</mac_max>
        </mac>
        <mac>
            <mac_min>C91A006E59C1</mac_min>
            <mac_max>C91A006E59C3</mac_max>
        </mac>
        <mac>
            <mac_min>C91A006E59C9</mac_min>
            <mac_max>C91A006E59CB</mac_max>
        </mac>
        <mac>
            <mac_min>C91A006E59CE</mac_min>
            <mac_max>C91A006E59CF</mac_max>
        </mac>
        <mac>
            <mac_min>C91A006E59D2</mac_min>
            <mac_max>C91A006E59D3</mac_max>
        </mac>
        <mac>
            <mac_min>C91A006E59D5</mac_min>
            <mac_max>C91A006E59D7</mac_max>
        </mac>
        <mac>
            <mac_min>FDA5272AC1F3</mac_min>
            <mac_max>FDA5272AC1F4</mac_max>
        </mac>
        <mac>
            <mac_min>FDA5272AC1F6</mac_min>
            <mac_max>FDA5272AC1F7</mac_max>
        </mac>
        <mac>
            <mac_min>FDA5272AC1FD</mac_min>
            <mac_max>FDA5272AC1FE</mac_max>
        </mac>
        <mac>
            <mac_min>FDA5272AC202</mac_min>
            <mac_max>FDA5272AC203</mac_max>
        </mac>
        <mac>
            <mac_min>FDA5272AC205</mac_min>
            <mac_max>FDA5272AC206</mac_max>
        </mac>
        <mac>
            <mac_min>FDA5272AC20C</mac_min>
            <mac_max>FDA5272AC20D</mac_max>
        </mac>
        <mac>
            <mac_min>FDA5272AC212</mac_min>
            <mac_max>FDA5272AC213</mac_max>
        </mac>
        <mac>
            <mac_min>FDA5272B8086</mac_min>
            <mac_max>FDA5272B8097</mac_max>
        </mac>
        <mac>
            <mac_min>FDA5272B8099</mac_min>
            <mac_max>FDA5272B80B7</mac_max>
        </mac>
        <mac>
            <mac_min>FDA5272B80B9</mac_min>
            <mac_max>FDA5272B80BA</mac_max>
        </mac>
        <mac>
            <mac_min>FDA5272B80BE</mac_min>
            <mac_max>FDA5272B80C1</mac_max>
        </mac>
        <mac>
            <mac_min>FDA5272B80C5</mac_min>
            <mac_max>FDA5272B80C7</mac_max>
        </mac>
        <mac>
            <mac_min>FDA5272B80C9</mac_min>
            <mac_max>FDA5272B80CA</mac_max>
        </mac>
        <mac>
            <mac_min>FDA5272B80CC</mac_min>
            <mac_max>FDA5272B80CE</mac_max>
        </mac>
        <mac>
            <mac_min>FDA5272B80D3</mac_min>
            <mac_max>FDA5272B80D4</mac_max>
        </mac>
        <mac>
            <mac_min>FDA5272B80D6</mac_min>
            <mac_max>FDA5272B80D7</mac_max>
        </mac>
        <mac>
            <mac_min>FDA5272B80DC</mac_min>
            <mac_max>FDA5272B80DD</mac_max>
        </mac>
        <mac>
            <mac_min>FDA5272B80E3</mac_min>
            <mac_max>FDA5272B80E7</mac_max>
        </mac>
        <mac>
            <mac_min>FDA5272B8218</mac_min>
            <mac_max>FDA5272B821A</mac_max>
        </mac>
        <mac>
            <mac_min>FDA5272B821C</mac_min>
            <mac_max>FDA5272B821E</mac_max>
        </mac>
        <mac>
            <mac_min>FDA5272B8220</mac_min>
            <mac_max>FDA5272B8225</mac_max>
        </mac>
        <mac>
            <mac_min>FDA5272B822A</mac_min>
            <mac_max>FDA5272B822B</mac_max>
        </mac>
        <mac>
            <mac_min>FDA5272B822E</mac_min>
            <mac_max>FDA5272B822F</mac_max>
        </mac>
        <mac>
            <mac_min>FDA5272B8231</mac_min>
            <mac_max>FDA5272B8233</mac_max>
        </mac>
        <mac>
            <mac_min>FDA5272B8239</mac_min>
            <mac_max>FDA5272B823B</mac_max>
        </mac>
        <mac>
            <mac_min>FDA5272B823E</mac_min>
            <mac_max>FDA5272B823F</mac_max>
        </mac>
        <mac>
            <mac_min>FDA5272B8242</mac_min>
            <mac_max>FDA5272B8243</mac_max>
        </mac>
        <mac>
            <mac_min>FDA5272B8245</mac_min>
            <mac_max>FDA5272B8247</mac_max>
        </mac>
    </mac_range>
    <mac_single>
        <mac>C91A006D012F</mac>
        <mac>C91A006D0131</mac>
        <mac>C91A006D0135</mac>
        <mac>C91A006D0137</mac>
        <mac>C91A006D0143</mac>
        <mac>C91A006D0151</mac>
        <mac>C91A006E584C</mac>
        <mac>C91A006E5853</mac>
        <mac>C91A006E5860</mac>
        <mac>C91A006E586A</mac>
        <mac>FDA5272AC1E6</mac>
        <mac>FDA5272AC1E8</mac>
        <mac>FDA5272AC1EC</mac>
        <mac>FDA5272AC1EE</mac>
        <mac>FDA5272AC1FA</mac>
        <mac>FDA5272AC208</mac>
        <mac>FDA5272B80BC</mac>
        <mac>FDA5272B80C3</mac>
        <mac>FDA5272B80D0</mac>
        <mac>FDA5272B80DA</mac>
    </mac_single>
    <mac_warn />
</build_mac>
