<?xml version="1.0" encoding="utf-8" ?>
<build_mac>
    <build_id>860200010020300022</build_id>
    <mac_range />
    <mac_single>
        <mac>C91A0072070D</mac>
        <mac>C91A0072070F</mac>
        <mac>C91A00720715</mac>
        <mac>C91A00720721</mac>
        <mac>C91A00720723</mac>
        <mac>C91A00720726</mac>
        <mac>C91A0072072B</mac>
        <mac>C91A0072072D</mac>
        <mac>C91A00720737</mac>
        <mac>FDA5272F24B0</mac>
        <mac>FDA5272F24B2</mac>
        <mac>FDA5272F24B8</mac>
        <mac>FDA5272F24C4</mac>
        <mac>FDA5272F24C6</mac>
        <mac>FDA5272F24C9</mac>
        <mac>FDA5272F24CE</mac>
        <mac>FDA5272F24D0</mac>
        <mac>FDA5272F24DA</mac>
    </mac_single>
    <mac_warn />
</build_mac>
