<?xml version="1.0" encoding="utf-8" ?>
<build_mac>
    <build_id>860200010050300001</build_id>
    <mac_range>
        <mac>
            <mac_min>C91A00611718</mac_min>
            <mac_max>C91A0061171C</mac_max>
        </mac>
        <mac>
            <mac_min>C91A0061171F</mac_min>
            <mac_max>C91A00611722</mac_max>
        </mac>
        <mac>
            <mac_min>C91A0061172C</mac_min>
            <mac_max>C91A0061172D</mac_max>
        </mac>
        <mac>
            <mac_min>C91A00611731</mac_min>
            <mac_max>C91A00611733</mac_max>
        </mac>
        <mac>
            <mac_min>C91A006118D4</mac_min>
            <mac_max>C91A006118D5</mac_max>
        </mac>
        <mac>
            <mac_min>C91A006118E6</mac_min>
            <mac_max>C91A006118E7</mac_max>
        </mac>
        <mac>
            <mac_min>C91A006118FC</mac_min>
            <mac_max>C91A006118FE</mac_max>
        </mac>
        <mac>
            <mac_min>FDA527229802</mac_min>
            <mac_max>FDA527229804</mac_max>
        </mac>
        <mac>
            <mac_min>FDA527229819</mac_min>
            <mac_max>FDA52722981A</mac_max>
        </mac>
        <mac>
            <mac_min>FDA52722982B</mac_min>
            <mac_max>FDA52722982C</mac_max>
        </mac>
        <mac>
            <mac_min>FDA5272299CE</mac_min>
            <mac_max>FDA5272299D0</mac_max>
        </mac>
        <mac>
            <mac_min>FDA5272299D4</mac_min>
            <mac_max>FDA5272299D5</mac_max>
        </mac>
        <mac>
            <mac_min>FDA5272299DF</mac_min>
            <mac_max>FDA5272299E2</mac_max>
        </mac>
        <mac>
            <mac_min>FDA5272299E5</mac_min>
            <mac_max>FDA5272299E9</mac_max>
        </mac>
    </mac_range>
    <mac_single>
        <mac>C91A0061170E</mac>
        <mac>C91A00611711</mac>
        <mac>C91A00611725</mac>
        <mac>C91A00611727</mac>
        <mac>C91A0061172A</mac>
        <mac>C91A0061172F</mac>
        <mac>C91A00611737</mac>
        <mac>C91A006118D7</mac>
        <mac>C91A006118D9</mac>
        <mac>C91A006118DE</mac>
        <mac>C91A006118F5</mac>
        <mac>FDA52722980B</mac>
        <mac>FDA527229822</mac>
        <mac>FDA527229827</mac>
        <mac>FDA527229829</mac>
        <mac>FDA5272299CA</mac>
        <mac>FDA5272299D2</mac>
        <mac>FDA5272299D7</mac>
        <mac>FDA5272299DA</mac>
        <mac>FDA5272299DC</mac>
        <mac>FDA5272299F0</mac>
        <mac>FDA5272299F3</mac>
    </mac_single>
    <mac_warn />
</build_mac>
