<?xml version="1.0" encoding="utf-8" ?>
<build_mac>
    <build_id>860200020020300001</build_id>
    <mac_range>
        <mac>
            <mac_min>C91A006F64C8</mac_min>
            <mac_max>C91A006F671F</mac_max>
        </mac>
        <mac>
            <mac_min>ECB32E800000</mac_min>
            <mac_max>ECB32E800257</mac_max>
        </mac>
        <mac>
            <mac_min>FDA5272C8A53</mac_min>
            <mac_max>FDA5272C8CAA</mac_max>
        </mac>
    </mac_range>
    <mac_single />
    <mac_warn />
</build_mac>
