<?xml version="1.0" encoding="utf-8" ?>
<build_mac>
    <build_id>860200010020300002</build_id>
    <mac_range>
        <mac>
            <mac_min>C91A007148B8</mac_min>
            <mac_max>C91A007148B9</mac_max>
        </mac>
        <mac>
            <mac_min>C91A007148BB</mac_min>
            <mac_max>C91A007148BE</mac_max>
        </mac>
        <mac>
            <mac_min>C91A007148C3</mac_min>
            <mac_max>C91A007148C4</mac_max>
        </mac>
        <mac>
            <mac_min>C91A007148C9</mac_min>
            <mac_max>C91A007148CA</mac_max>
        </mac>
        <mac>
            <mac_min>C91A007148D0</mac_min>
            <mac_max>C91A007148D1</mac_max>
        </mac>
        <mac>
            <mac_min>C91A007148DB</mac_min>
            <mac_max>C91A007148DD</mac_max>
        </mac>
        <mac>
            <mac_min>C91A007148DF</mac_min>
            <mac_max>C91A007148E0</mac_max>
        </mac>
        <mac>
            <mac_min>C91A007148E4</mac_min>
            <mac_max>C91A007148EA</mac_max>
        </mac>
        <mac>
            <mac_min>C91A007148EE</mac_min>
            <mac_max>C91A007148EF</mac_max>
        </mac>
        <mac>
            <mac_min>C91A007148F1</mac_min>
            <mac_max>C91A007148F4</mac_max>
        </mac>
        <mac>
            <mac_min>C91A007148F6</mac_min>
            <mac_max>C91A007148FB</mac_max>
        </mac>
        <mac>
            <mac_min>C91A007148FD</mac_min>
            <mac_max>C91A00714900</mac_max>
        </mac>
        <mac>
            <mac_min>C91A00714902</mac_min>
            <mac_max>C91A00714904</mac_max>
        </mac>
        <mac>
            <mac_min>C91A0071490C</mac_min>
            <mac_max>C91A0071490E</mac_max>
        </mac>
        <mac>
            <mac_min>C91A0071491B</mac_min>
            <mac_max>C91A0071491C</mac_max>
        </mac>
        <mac>
            <mac_min>C91A0071491E</mac_min>
            <mac_max>C91A0071491F</mac_max>
        </mac>
        <mac>
            <mac_min>C91A007149A3</mac_min>
            <mac_max>C91A007149A7</mac_max>
        </mac>
        <mac>
            <mac_min>C91A007149A9</mac_min>
            <mac_max>C91A007149B3</mac_max>
        </mac>
        <mac>
            <mac_min>C91A007149B6</mac_min>
            <mac_max>C91A007149C0</mac_max>
        </mac>
        <mac>
            <mac_min>C91A007149C2</mac_min>
            <mac_max>C91A007149C8</mac_max>
        </mac>
        <mac>
            <mac_min>C91A007149CC</mac_min>
            <mac_max>C91A007149CD</mac_max>
        </mac>
        <mac>
            <mac_min>C91A007149D4</mac_min>
            <mac_max>C91A00714A05</mac_max>
        </mac>
        <mac>
            <mac_min>C91A00714E20</mac_min>
            <mac_max>C91A00714E49</mac_max>
        </mac>
        <mac>
            <mac_min>C91A00714E4B</mac_min>
            <mac_max>C91A00714E51</mac_max>
        </mac>
        <mac>
            <mac_min>C91A00714EB6</mac_min>
            <mac_max>C91A00714EE7</mac_max>
        </mac>
        <mac>
            <mac_min>C91A00714F7E</mac_min>
            <mac_max>C91A00714FAF</mac_max>
        </mac>
        <mac>
            <mac_min>FDA5272E32DB</mac_min>
            <mac_max>FDA5272E32DC</mac_max>
        </mac>
        <mac>
            <mac_min>FDA5272E32DE</mac_min>
            <mac_max>FDA5272E32E1</mac_max>
        </mac>
        <mac>
            <mac_min>FDA5272E32E6</mac_min>
            <mac_max>FDA5272E32E7</mac_max>
        </mac>
        <mac>
            <mac_min>FDA5272E32EC</mac_min>
            <mac_max>FDA5272E32ED</mac_max>
        </mac>
        <mac>
            <mac_min>FDA5272E32F3</mac_min>
            <mac_max>FDA5272E32F4</mac_max>
        </mac>
        <mac>
            <mac_min>FDA5272E32FE</mac_min>
            <mac_max>FDA5272E3300</mac_max>
        </mac>
        <mac>
            <mac_min>FDA5272E3302</mac_min>
            <mac_max>FDA5272E3303</mac_max>
        </mac>
        <mac>
            <mac_min>FDA5272E3307</mac_min>
            <mac_max>FDA5272E330D</mac_max>
        </mac>
        <mac>
            <mac_min>FDA5272E3311</mac_min>
            <mac_max>FDA5272E3312</mac_max>
        </mac>
        <mac>
            <mac_min>FDA5272E3314</mac_min>
            <mac_max>FDA5272E3317</mac_max>
        </mac>
        <mac>
            <mac_min>FDA5272E3319</mac_min>
            <mac_max>FDA5272E331E</mac_max>
        </mac>
        <mac>
            <mac_min>FDA5272E3320</mac_min>
            <mac_max>FDA5272E3323</mac_max>
        </mac>
        <mac>
            <mac_min>FDA5272E3325</mac_min>
            <mac_max>FDA5272E3327</mac_max>
        </mac>
        <mac>
            <mac_min>FDA5272E332F</mac_min>
            <mac_max>FDA5272E3331</mac_max>
        </mac>
        <mac>
            <mac_min>FDA5272E333E</mac_min>
            <mac_max>FDA5272E333F</mac_max>
        </mac>
        <mac>
            <mac_min>FDA5272E3341</mac_min>
            <mac_max>FDA5272E3342</mac_max>
        </mac>
        <mac>
            <mac_min>FDA5272E33C6</mac_min>
            <mac_max>FDA5272E33CA</mac_max>
        </mac>
        <mac>
            <mac_min>FDA5272E33CC</mac_min>
            <mac_max>FDA5272E33D6</mac_max>
        </mac>
        <mac>
            <mac_min>FDA5272E33D9</mac_min>
            <mac_max>FDA5272E33E3</mac_max>
        </mac>
        <mac>
            <mac_min>FDA5272E33E5</mac_min>
            <mac_max>FDA5272E33EB</mac_max>
        </mac>
        <mac>
            <mac_min>FDA5272E33EF</mac_min>
            <mac_max>FDA5272E33F0</mac_max>
        </mac>
        <mac>
            <mac_min>FDA5272E33F7</mac_min>
            <mac_max>FDA5272E3428</mac_max>
        </mac>
        <mac>
            <mac_min>FDA5272E3843</mac_min>
            <mac_max>FDA5272E386C</mac_max>
        </mac>
        <mac>
            <mac_min>FDA5272E386E</mac_min>
            <mac_max>FDA5272E3874</mac_max>
        </mac>
        <mac>
            <mac_min>FDA5272E38D9</mac_min>
            <mac_max>FDA5272E390A</mac_max>
        </mac>
        <mac>
            <mac_min>FDA5272E39A1</mac_min>
            <mac_max>FDA5272E39D2</mac_max>
        </mac>
    </mac_range>
    <mac_single>
        <mac>C91A0071487A</mac>
        <mac>C91A00714880</mac>
        <mac>C91A0071488D</mac>
        <mac>C91A00714892</mac>
        <mac>C91A00714899</mac>
        <mac>C91A007148A7</mac>
        <mac>C91A007148B3</mac>
        <mac>C91A007148B5</mac>
        <mac>C91A007148CE</mac>
        <mac>C91A007148D7</mac>
        <mac>C91A007148E2</mac>
        <mac>C91A007148EC</mac>
        <mac>C91A00714908</mac>
        <mac>C91A00714910</mac>
        <mac>C91A00714913</mac>
        <mac>C91A00714915</mac>
        <mac>C91A00714919</mac>
        <mac>C91A00714928</mac>
        <mac>C91A0071492B</mac>
        <mac>C91A00714933</mac>
        <mac>C91A00714935</mac>
        <mac>C91A00714939</mac>
        <mac>C91A0071493C</mac>
        <mac>C91A00714946</mac>
        <mac>C91A00714956</mac>
        <mac>C91A0071495D</mac>
        <mac>C91A00714964</mac>
        <mac>C91A00714968</mac>
        <mac>C91A007149CA</mac>
        <mac>C91A007149D0</mac>
        <mac>C91A007149D2</mac>
        <mac>C91A00714A09</mac>
        <mac>C91A00714A28</mac>
        <mac>C91A0071561A</mac>
        <mac>ECB32A3F0476</mac>
        <mac>FDA5272E329D</mac>
        <mac>FDA5272E32A3</mac>
        <mac>FDA5272E32B0</mac>
        <mac>FDA5272E32B5</mac>
        <mac>FDA5272E32BC</mac>
        <mac>FDA5272E32CA</mac>
        <mac>FDA5272E32D6</mac>
        <mac>FDA5272E32D8</mac>
        <mac>FDA5272E32F1</mac>
        <mac>FDA5272E32FA</mac>
        <mac>FDA5272E3305</mac>
        <mac>FDA5272E330F</mac>
        <mac>FDA5272E332B</mac>
        <mac>FDA5272E3333</mac>
        <mac>FDA5272E3336</mac>
        <mac>FDA5272E3338</mac>
        <mac>FDA5272E333C</mac>
        <mac>FDA5272E334B</mac>
        <mac>FDA5272E334E</mac>
        <mac>FDA5272E3356</mac>
        <mac>FDA5272E3358</mac>
        <mac>FDA5272E335C</mac>
        <mac>FDA5272E335F</mac>
        <mac>FDA5272E3369</mac>
        <mac>FDA5272E3379</mac>
        <mac>FDA5272E3380</mac>
        <mac>FDA5272E3387</mac>
        <mac>FDA5272E338B</mac>
        <mac>FDA5272E33ED</mac>
        <mac>FDA5272E33F3</mac>
        <mac>FDA5272E33F5</mac>
        <mac>FDA5272E342C</mac>
        <mac>FDA5272E344B</mac>
        <mac>FDA5272E4238</mac>
    </mac_single>
    <mac_warn />
</build_mac>
