<?xml version="1.0" encoding="utf-8" ?>
<build_mac>
    <build_id>860200010060300004</build_id>
    <mac_range>
        <mac>
            <mac_min>C91A006E4C92</mac_min>
            <mac_max>C91A006E4C96</mac_max>
        </mac>
        <mac>
            <mac_min>C91A006E4C98</mac_min>
            <mac_max>C91A006E4CA7</mac_max>
        </mac>
        <mac>
            <mac_min>C91A006E4CA9</mac_min>
            <mac_max>C91A006E4CAC</mac_max>
        </mac>
        <mac>
            <mac_min>C91A006E4CAF</mac_min>
            <mac_max>C91A006E4CB4</mac_max>
        </mac>
        <mac>
            <mac_min>C91A006E4CB8</mac_min>
            <mac_max>C91A006E4CBC</mac_max>
        </mac>
        <mac>
            <mac_min>C91A006E4CBE</mac_min>
            <mac_max>C91A006E4CC1</mac_max>
        </mac>
        <mac>
            <mac_min>C91A006E5CC6</mac_min>
            <mac_max>C91A006E5CF7</mac_max>
        </mac>
        <mac>
            <mac_min>C91A006E5D8E</mac_min>
            <mac_max>C91A006E5DBF</mac_max>
        </mac>
        <mac>
            <mac_min>C91A007206A4</mac_min>
            <mac_max>C91A007206D5</mac_max>
        </mac>
        <mac>
            <mac_min>C91A0072076C</mac_min>
            <mac_max>C91A00720801</mac_max>
        </mac>
        <mac>
            <mac_min>FDA5272B74E9</mac_min>
            <mac_max>FDA5272B74ED</mac_max>
        </mac>
        <mac>
            <mac_min>FDA5272B74EF</mac_min>
            <mac_max>FDA5272B74FE</mac_max>
        </mac>
        <mac>
            <mac_min>FDA5272B7500</mac_min>
            <mac_max>FDA5272B7503</mac_max>
        </mac>
        <mac>
            <mac_min>FDA5272B7506</mac_min>
            <mac_max>FDA5272B750B</mac_max>
        </mac>
        <mac>
            <mac_min>FDA5272B750F</mac_min>
            <mac_max>FDA5272B7513</mac_max>
        </mac>
        <mac>
            <mac_min>FDA5272B7515</mac_min>
            <mac_max>FDA5272B7518</mac_max>
        </mac>
        <mac>
            <mac_min>FDA5272B8538</mac_min>
            <mac_max>FDA5272B8569</mac_max>
        </mac>
        <mac>
            <mac_min>FDA5272B8600</mac_min>
            <mac_max>FDA5272B8631</mac_max>
        </mac>
        <mac>
            <mac_min>FDA5272F2447</mac_min>
            <mac_max>FDA5272F2478</mac_max>
        </mac>
        <mac>
            <mac_min>FDA5272F250F</mac_min>
            <mac_max>FDA5272F25A4</mac_max>
        </mac>
    </mac_range>
    <mac_single>
        <mac>C91A007148A9</mac>
        <mac>C91A007148C2</mac>
        <mac>C91A007148D8</mac>
        <mac>C91A00714F61</mac>
        <mac>C91A00714FE8</mac>
        <mac>C91A00714FF9</mac>
        <mac>FDA5272E32CC</mac>
        <mac>FDA5272E32E5</mac>
        <mac>FDA5272E32FB</mac>
        <mac>FDA5272E3984</mac>
        <mac>FDA5272E3A0B</mac>
        <mac>FDA5272E3A1C</mac>
    </mac_single>
    <mac_warn />
</build_mac>
