<?xml version="1.0" encoding="utf-8" ?>
<build_mac>
    <build_id>860200010020300019</build_id>
    <mac_range>
        <mac>
            <mac_min>C91A006E4C7E</mac_min>
            <mac_max>C91A006E4C7F</mac_max>
        </mac>
        <mac>
            <mac_min>FDA5272B74D5</mac_min>
            <mac_max>FDA5272B74D6</mac_max>
        </mac>
    </mac_range>
    <mac_single>
        <mac>C91A006E4C5E</mac>
        <mac>C91A006E4C63</mac>
        <mac>C91A006E4C67</mac>
        <mac>C91A006E4C7A</mac>
        <mac>C91A006E4D6A</mac>
        <mac>C91A006E4D6E</mac>
        <mac>C91A006E4D75</mac>
        <mac>C91A006E4D7B</mac>
        <mac>C91A006E4D7D</mac>
        <mac>C91A006E4D85</mac>
        <mac>FDA5272B74B5</mac>
        <mac>FDA5272B74BA</mac>
        <mac>FDA5272B74BE</mac>
        <mac>FDA5272B74D1</mac>
        <mac>FDA5272B75C1</mac>
        <mac>FDA5272B75C5</mac>
        <mac>FDA5272B75CC</mac>
        <mac>FDA5272B75D2</mac>
        <mac>FDA5272B75D4</mac>
        <mac>FDA5272B75DC</mac>
    </mac_single>
    <mac_warn />
</build_mac>
