<?xml version="1.0" encoding="utf-8" ?>
<build_mac>
    <build_id>860200060010300003</build_id>
    <mac_range>
        <mac>
            <mac_min>C91A006E3AFC</mac_min>
            <mac_max>C91A006E3B09</mac_max>
        </mac>
        <mac>
            <mac_min>C91A006E3B0B</mac_min>
            <mac_max>C91A006E3B10</mac_max>
        </mac>
        <mac>
            <mac_min>C91A006E3B12</mac_min>
            <mac_max>C91A006E3B20</mac_max>
        </mac>
        <mac>
            <mac_min>C91A006E3B22</mac_min>
            <mac_max>C91A006E3B2D</mac_max>
        </mac>
        <mac>
            <mac_min>C91A006E3B62</mac_min>
            <mac_max>C91A006E3B63</mac_max>
        </mac>
        <mac>
            <mac_min>C91A006E3B67</mac_min>
            <mac_max>C91A006E3B6B</mac_max>
        </mac>
        <mac>
            <mac_min>C91A006E3B72</mac_min>
            <mac_max>C91A006E3B73</mac_max>
        </mac>
        <mac>
            <mac_min>C91A006E3B76</mac_min>
            <mac_max>C91A006E3B77</mac_max>
        </mac>
        <mac>
            <mac_min>C91A006E3B80</mac_min>
            <mac_max>C91A006E3B82</mac_max>
        </mac>
        <mac>
            <mac_min>C91A006E3B84</mac_min>
            <mac_max>C91A006E3B85</mac_max>
        </mac>
        <mac>
            <mac_min>C91A006E3B89</mac_min>
            <mac_max>C91A006E3B8B</mac_max>
        </mac>
        <mac>
            <mac_min>C91A006E3B8D</mac_min>
            <mac_max>C91A006E3B91</mac_max>
        </mac>
        <mac>
            <mac_min>C91A006E3BC4</mac_min>
            <mac_max>C91A006E3BEF</mac_max>
        </mac>
        <mac>
            <mac_min>C91A006E3BF1</mac_min>
            <mac_max>C91A006E3BF5</mac_max>
        </mac>
        <mac>
            <mac_min>C91A006E3C28</mac_min>
            <mac_max>C91A006E3C59</mac_max>
        </mac>
        <mac>
            <mac_min>C91A006E4D91</mac_min>
            <mac_max>C91A006E4D92</mac_max>
        </mac>
        <mac>
            <mac_min>C91A006E4D94</mac_min>
            <mac_max>C91A006E4D95</mac_max>
        </mac>
        <mac>
            <mac_min>C91A006E4D98</mac_min>
            <mac_max>C91A006E4D9A</mac_max>
        </mac>
        <mac>
            <mac_min>C91A006E4DB0</mac_min>
            <mac_max>C91A006E4DB1</mac_max>
        </mac>
        <mac>
            <mac_min>C91A006E4DB3</mac_min>
            <mac_max>C91A006E4DB5</mac_max>
        </mac>
        <mac>
            <mac_min>C91A006E4DB9</mac_min>
            <mac_max>C91A006E4DBA</mac_max>
        </mac>
        <mac>
            <mac_min>C91A006E5D2A</mac_min>
            <mac_max>C91A006E5D5B</mac_max>
        </mac>
        <mac>
            <mac_min>FDA5272B630F</mac_min>
            <mac_max>FDA5272B631C</mac_max>
        </mac>
        <mac>
            <mac_min>FDA5272B631E</mac_min>
            <mac_max>FDA5272B6323</mac_max>
        </mac>
        <mac>
            <mac_min>FDA5272B6325</mac_min>
            <mac_max>FDA5272B6333</mac_max>
        </mac>
        <mac>
            <mac_min>FDA5272B6335</mac_min>
            <mac_max>FDA5272B6340</mac_max>
        </mac>
        <mac>
            <mac_min>FDA5272B6375</mac_min>
            <mac_max>FDA5272B6376</mac_max>
        </mac>
        <mac>
            <mac_min>FDA5272B637A</mac_min>
            <mac_max>FDA5272B637E</mac_max>
        </mac>
        <mac>
            <mac_min>FDA5272B6385</mac_min>
            <mac_max>FDA5272B6386</mac_max>
        </mac>
        <mac>
            <mac_min>FDA5272B6389</mac_min>
            <mac_max>FDA5272B638A</mac_max>
        </mac>
        <mac>
            <mac_min>FDA5272B6393</mac_min>
            <mac_max>FDA5272B6395</mac_max>
        </mac>
        <mac>
            <mac_min>FDA5272B6397</mac_min>
            <mac_max>FDA5272B6398</mac_max>
        </mac>
        <mac>
            <mac_min>FDA5272B639C</mac_min>
            <mac_max>FDA5272B639E</mac_max>
        </mac>
        <mac>
            <mac_min>FDA5272B63A0</mac_min>
            <mac_max>FDA5272B63A4</mac_max>
        </mac>
        <mac>
            <mac_min>FDA5272B63D7</mac_min>
            <mac_max>FDA5272B6402</mac_max>
        </mac>
        <mac>
            <mac_min>FDA5272B6404</mac_min>
            <mac_max>FDA5272B6408</mac_max>
        </mac>
        <mac>
            <mac_min>FDA5272B643B</mac_min>
            <mac_max>FDA5272B646C</mac_max>
        </mac>
        <mac>
            <mac_min>FDA5272B75E8</mac_min>
            <mac_max>FDA5272B75E9</mac_max>
        </mac>
        <mac>
            <mac_min>FDA5272B75EB</mac_min>
            <mac_max>FDA5272B75EC</mac_max>
        </mac>
        <mac>
            <mac_min>FDA5272B75EF</mac_min>
            <mac_max>FDA5272B75F1</mac_max>
        </mac>
        <mac>
            <mac_min>FDA5272B7607</mac_min>
            <mac_max>FDA5272B7608</mac_max>
        </mac>
        <mac>
            <mac_min>FDA5272B760A</mac_min>
            <mac_max>FDA5272B760C</mac_max>
        </mac>
        <mac>
            <mac_min>FDA5272B7610</mac_min>
            <mac_max>FDA5272B7611</mac_max>
        </mac>
        <mac>
            <mac_min>FDA5272B859C</mac_min>
            <mac_max>FDA5272B85CD</mac_max>
        </mac>
    </mac_range>
    <mac_single>
        <mac>C91A006E3B70</mac>
        <mac>C91A006E3B7A</mac>
        <mac>C91A006E3B7C</mac>
        <mac>C91A006E3B7E</mac>
        <mac>C91A006E3B87</mac>
        <mac>C91A006E4D8A</mac>
        <mac>C91A006E4D8E</mac>
        <mac>C91A006E4DAB</mac>
        <mac>C91A006E4DAD</mac>
        <mac>FDA5272B6383</mac>
        <mac>FDA5272B638D</mac>
        <mac>FDA5272B638F</mac>
        <mac>FDA5272B6391</mac>
        <mac>FDA5272B639A</mac>
        <mac>FDA5272B75E1</mac>
        <mac>FDA5272B75E5</mac>
        <mac>FDA5272B7602</mac>
        <mac>FDA5272B7604</mac>
    </mac_single>
    <mac_warn />
</build_mac>
