<?xml version="1.0" encoding="utf-8" ?>
<build_mac>
    <build_id>860200010030300002</build_id>
    <mac_range>
        <mac>
            <mac_min>C91A006E4C2C</mac_min>
            <mac_max>C91A006E4C2F</mac_max>
        </mac>
        <mac>
            <mac_min>C91A006E4C31</mac_min>
            <mac_max>C91A006E4C39</mac_max>
        </mac>
        <mac>
            <mac_min>C91A006E4C3B</mac_min>
            <mac_max>C91A006E4C3D</mac_max>
        </mac>
        <mac>
            <mac_min>C91A006E4C3F</mac_min>
            <mac_max>C91A006E4C5A</mac_max>
        </mac>
        <mac>
            <mac_min>C91A006E4CC8</mac_min>
            <mac_max>C91A006E4CCA</mac_max>
        </mac>
        <mac>
            <mac_min>C91A006E4CCC</mac_min>
            <mac_max>C91A006E4CCD</mac_max>
        </mac>
        <mac>
            <mac_min>C91A006E4CD3</mac_min>
            <mac_max>C91A006E4CD4</mac_max>
        </mac>
        <mac>
            <mac_min>C91A006E4CD8</mac_min>
            <mac_max>C91A006E4CD9</mac_max>
        </mac>
        <mac>
            <mac_min>C91A006E4CDE</mac_min>
            <mac_max>C91A006E4CE1</mac_max>
        </mac>
        <mac>
            <mac_min>C91A006E4CEE</mac_min>
            <mac_max>C91A006E4CF1</mac_max>
        </mac>
        <mac>
            <mac_min>C91A006E4CF3</mac_min>
            <mac_max>C91A006E4D25</mac_max>
        </mac>
        <mac>
            <mac_min>C91A006E4D5A</mac_min>
            <mac_max>C91A006E4D5C</mac_max>
        </mac>
        <mac>
            <mac_min>C91A006E4D5F</mac_min>
            <mac_max>C91A006E4D60</mac_max>
        </mac>
        <mac>
            <mac_min>C91A006E4D73</mac_min>
            <mac_max>C91A006E4D74</mac_max>
        </mac>
        <mac>
            <mac_min>C91A006E4D7E</mac_min>
            <mac_max>C91A006E4D84</mac_max>
        </mac>
        <mac>
            <mac_min>C91A006E4DC1</mac_min>
            <mac_max>C91A006E4DC4</mac_max>
        </mac>
        <mac>
            <mac_min>C91A006E4DDD</mac_min>
            <mac_max>C91A006E4DDE</mac_max>
        </mac>
        <mac>
            <mac_min>C91A006E4DE0</mac_min>
            <mac_max>C91A006E4DE2</mac_max>
        </mac>
        <mac>
            <mac_min>C91A006E4DE7</mac_min>
            <mac_max>C91A006E4DE8</mac_max>
        </mac>
        <mac>
            <mac_min>C91A006E4DEB</mac_min>
            <mac_max>C91A006E4DEC</mac_max>
        </mac>
        <mac>
            <mac_min>C91A006E4DF2</mac_min>
            <mac_max>C91A006E4DF3</mac_max>
        </mac>
        <mac>
            <mac_min>C91A006E4DF6</mac_min>
            <mac_max>C91A006E4DFA</mac_max>
        </mac>
        <mac>
            <mac_min>C91A006E4E01</mac_min>
            <mac_max>C91A006E4E02</mac_max>
        </mac>
        <mac>
            <mac_min>C91A006E4E0B</mac_min>
            <mac_max>C91A006E4E0C</mac_max>
        </mac>
        <mac>
            <mac_min>C91A006E4E10</mac_min>
            <mac_max>C91A006E4E12</mac_max>
        </mac>
        <mac>
            <mac_min>C91A006E4E17</mac_min>
            <mac_max>C91A006E4E1E</mac_max>
        </mac>
        <mac>
            <mac_min>C91A006F09C4</mac_min>
            <mac_max>C91A006F0B5A</mac_max>
        </mac>
        <mac>
            <mac_min>C91A006F0B5C</mac_min>
            <mac_max>C91A006F0BB7</mac_max>
        </mac>
        <mac>
            <mac_min>C91A006F25E4</mac_min>
            <mac_max>C91A006F2647</mac_max>
        </mac>
        <mac>
            <mac_min>FDA5272B7483</mac_min>
            <mac_max>FDA5272B7486</mac_max>
        </mac>
        <mac>
            <mac_min>FDA5272B7488</mac_min>
            <mac_max>FDA5272B7490</mac_max>
        </mac>
        <mac>
            <mac_min>FDA5272B7492</mac_min>
            <mac_max>FDA5272B7494</mac_max>
        </mac>
        <mac>
            <mac_min>FDA5272B7496</mac_min>
            <mac_max>FDA5272B74B1</mac_max>
        </mac>
        <mac>
            <mac_min>FDA5272B751F</mac_min>
            <mac_max>FDA5272B7521</mac_max>
        </mac>
        <mac>
            <mac_min>FDA5272B7523</mac_min>
            <mac_max>FDA5272B7524</mac_max>
        </mac>
        <mac>
            <mac_min>FDA5272B752A</mac_min>
            <mac_max>FDA5272B752B</mac_max>
        </mac>
        <mac>
            <mac_min>FDA5272B752F</mac_min>
            <mac_max>FDA5272B7530</mac_max>
        </mac>
        <mac>
            <mac_min>FDA5272B7535</mac_min>
            <mac_max>FDA5272B7538</mac_max>
        </mac>
        <mac>
            <mac_min>FDA5272B7545</mac_min>
            <mac_max>FDA5272B7548</mac_max>
        </mac>
        <mac>
            <mac_min>FDA5272B754A</mac_min>
            <mac_max>FDA5272B757C</mac_max>
        </mac>
        <mac>
            <mac_min>FDA5272B75B1</mac_min>
            <mac_max>FDA5272B75B3</mac_max>
        </mac>
        <mac>
            <mac_min>FDA5272B75B6</mac_min>
            <mac_max>FDA5272B75B7</mac_max>
        </mac>
        <mac>
            <mac_min>FDA5272B75CA</mac_min>
            <mac_max>FDA5272B75CB</mac_max>
        </mac>
        <mac>
            <mac_min>FDA5272B75D5</mac_min>
            <mac_max>FDA5272B75DB</mac_max>
        </mac>
        <mac>
            <mac_min>FDA5272B7618</mac_min>
            <mac_max>FDA5272B761B</mac_max>
        </mac>
        <mac>
            <mac_min>FDA5272B7634</mac_min>
            <mac_max>FDA5272B7635</mac_max>
        </mac>
        <mac>
            <mac_min>FDA5272B7637</mac_min>
            <mac_max>FDA5272B7639</mac_max>
        </mac>
        <mac>
            <mac_min>FDA5272B763E</mac_min>
            <mac_max>FDA5272B763F</mac_max>
        </mac>
        <mac>
            <mac_min>FDA5272B7642</mac_min>
            <mac_max>FDA5272B7643</mac_max>
        </mac>
        <mac>
            <mac_min>FDA5272B7649</mac_min>
            <mac_max>FDA5272B764A</mac_max>
        </mac>
        <mac>
            <mac_min>FDA5272B764D</mac_min>
            <mac_max>FDA5272B7651</mac_max>
        </mac>
        <mac>
            <mac_min>FDA5272B7658</mac_min>
            <mac_max>FDA5272B7659</mac_max>
        </mac>
        <mac>
            <mac_min>FDA5272B7662</mac_min>
            <mac_max>FDA5272B7663</mac_max>
        </mac>
        <mac>
            <mac_min>FDA5272B7667</mac_min>
            <mac_max>FDA5272B7669</mac_max>
        </mac>
        <mac>
            <mac_min>FDA5272B766E</mac_min>
            <mac_max>FDA5272B7675</mac_max>
        </mac>
        <mac>
            <mac_min>FDA5272BA975</mac_min>
            <mac_max>FDA5272BAB0B</mac_max>
        </mac>
        <mac>
            <mac_min>FDA5272BAB0D</mac_min>
            <mac_max>FDA5272BAB68</mac_max>
        </mac>
        <mac>
            <mac_min>FDA5272BC598</mac_min>
            <mac_max>FDA5272BC5FB</mac_max>
        </mac>
    </mac_range>
    <mac_single>
        <mac>C91A00010001</mac>
        <mac>C91A006D214C</mac>
        <mac>C91A006E4C5C</mac>
        <mac>C91A006E4C62</mac>
        <mac>C91A006E4C69</mac>
        <mac>C91A006E4C74</mac>
        <mac>C91A006E4C76</mac>
        <mac>C91A006E4C81</mac>
        <mac>C91A006E4C86</mac>
        <mac>C91A006E4C8B</mac>
        <mac>C91A006E4CC2</mac>
        <mac>C91A006E4CC6</mac>
        <mac>C91A006E4CDB</mac>
        <mac>C91A006E4CE3</mac>
        <mac>C91A006E4CE8</mac>
        <mac>C91A006E4CEA</mac>
        <mac>C91A006E4D58</mac>
        <mac>C91A006E4D64</mac>
        <mac>C91A006E4D66</mac>
        <mac>C91A006E4D69</mac>
        <mac>C91A006E4D6B</mac>
        <mac>C91A006E4D70</mac>
        <mac>C91A006E4DBC</mac>
        <mac>C91A006E4DBE</mac>
        <mac>C91A006E4DCF</mac>
        <mac>C91A006E4DD1</mac>
        <mac>C91A006E4DD3</mac>
        <mac>C91A006E4DD5</mac>
        <mac>C91A006E4DE4</mac>
        <mac>C91A006E4DF0</mac>
        <mac>C91A006E4DFE</mac>
        <mac>C91A006E4E04</mac>
        <mac>C91A006E4E06</mac>
        <mac>C91A006E4E09</mac>
        <mac>C91A006E4E0E</mac>
        <mac>C91A006E4E15</mac>
        <mac>FDA5272AE225</mac>
        <mac>FDA5272B74B3</mac>
        <mac>FDA5272B74B9</mac>
        <mac>FDA5272B74C0</mac>
        <mac>FDA5272B74CB</mac>
        <mac>FDA5272B74CD</mac>
        <mac>FDA5272B74D8</mac>
        <mac>FDA5272B74DD</mac>
        <mac>FDA5272B74E2</mac>
        <mac>FDA5272B7519</mac>
        <mac>FDA5272B751D</mac>
        <mac>FDA5272B7532</mac>
        <mac>FDA5272B753A</mac>
        <mac>FDA5272B753F</mac>
        <mac>FDA5272B7541</mac>
        <mac>FDA5272B75AF</mac>
        <mac>FDA5272B75BB</mac>
        <mac>FDA5272B75BD</mac>
        <mac>FDA5272B75C0</mac>
        <mac>FDA5272B75C2</mac>
        <mac>FDA5272B75C7</mac>
        <mac>FDA5272B7613</mac>
        <mac>FDA5272B7615</mac>
        <mac>FDA5272B7626</mac>
        <mac>FDA5272B7628</mac>
        <mac>FDA5272B762A</mac>
        <mac>FDA5272B762C</mac>
        <mac>FDA5272B763B</mac>
        <mac>FDA5272B7647</mac>
        <mac>FDA5272B7655</mac>
        <mac>FDA5272B765B</mac>
        <mac>FDA5272B765D</mac>
        <mac>FDA5272B7660</mac>
        <mac>FDA5272B7665</mac>
        <mac>FDA5272B766C</mac>
    </mac_single>
    <mac_warn />
</build_mac>
