<?xml version="1.0" encoding="utf-8" ?>
<build_mac>
    <build_id>860200060010300006</build_id>
    <mac_range>
        <mac>
            <mac_min>C91A00714CEE</mac_min>
            <mac_max>C91A00714CEF</mac_max>
        </mac>
        <mac>
            <mac_min>C91A00714DBC</mac_min>
            <mac_max>C91A00714DED</mac_max>
        </mac>
        <mac>
            <mac_min>C91A007206D6</mac_min>
            <mac_max>C91A00720707</mac_max>
        </mac>
        <mac>
            <mac_min>C91A00720802</mac_min>
            <mac_max>C91A00720865</mac_max>
        </mac>
        <mac>
            <mac_min>FDA5272E3711</mac_min>
            <mac_max>FDA5272E3712</mac_max>
        </mac>
        <mac>
            <mac_min>FDA5272E37DF</mac_min>
            <mac_max>FDA5272E3810</mac_max>
        </mac>
        <mac>
            <mac_min>FDA5272F2479</mac_min>
            <mac_max>FDA5272F24AA</mac_max>
        </mac>
        <mac>
            <mac_min>FDA5272F25A5</mac_min>
            <mac_max>FDA5272F2608</mac_max>
        </mac>
    </mac_range>
    <mac_single />
    <mac_warn />
</build_mac>
