<?xml version="1.0" encoding="utf-8" ?>
<build_mac>
    <build_id>860200010020300014</build_id>
    <mac_range>
        <mac>
            <mac_min>C91A006E4C6F</mac_min>
            <mac_max>C91A006E4C73</mac_max>
        </mac>
        <mac>
            <mac_min>C91A006E4C77</mac_min>
            <mac_max>C91A006E4C79</mac_max>
        </mac>
        <mac>
            <mac_min>C91A006E4C7C</mac_min>
            <mac_max>C91A006E4C7D</mac_max>
        </mac>
        <mac>
            <mac_min>C91A006E4C84</mac_min>
            <mac_max>C91A006E4C85</mac_max>
        </mac>
        <mac>
            <mac_min>C91A006E4C8D</mac_min>
            <mac_max>C91A006E4C8F</mac_max>
        </mac>
        <mac>
            <mac_min>C91A006E4D78</mac_min>
            <mac_max>C91A006E4D7A</mac_max>
        </mac>
        <mac>
            <mac_min>C91A006E4D87</mac_min>
            <mac_max>C91A006E4D88</mac_max>
        </mac>
        <mac>
            <mac_min>FDA5272B74C6</mac_min>
            <mac_max>FDA5272B74CA</mac_max>
        </mac>
        <mac>
            <mac_min>FDA5272B74CE</mac_min>
            <mac_max>FDA5272B74D0</mac_max>
        </mac>
        <mac>
            <mac_min>FDA5272B74D3</mac_min>
            <mac_max>FDA5272B74D4</mac_max>
        </mac>
        <mac>
            <mac_min>FDA5272B74DB</mac_min>
            <mac_max>FDA5272B74DC</mac_max>
        </mac>
        <mac>
            <mac_min>FDA5272B74E4</mac_min>
            <mac_max>FDA5272B74E6</mac_max>
        </mac>
        <mac>
            <mac_min>FDA5272B75CF</mac_min>
            <mac_max>FDA5272B75D1</mac_max>
        </mac>
        <mac>
            <mac_min>FDA5272B75DE</mac_min>
            <mac_max>FDA5272B75DF</mac_max>
        </mac>
    </mac_range>
    <mac_single>
        <mac>C91A006E4C60</mac>
        <mac>C91A006E4C66</mac>
        <mac>C91A006E4C68</mac>
        <mac>C91A006E4C6D</mac>
        <mac>C91A006E4C82</mac>
        <mac>C91A006E4C87</mac>
        <mac>C91A006E4D59</mac>
        <mac>C91A006E4D5D</mac>
        <mac>C91A006E4D68</mac>
        <mac>C91A006E4D76</mac>
        <mac>C91A006E4E1F</mac>
        <mac>FDA5272B74B7</mac>
        <mac>FDA5272B74BD</mac>
        <mac>FDA5272B74BF</mac>
        <mac>FDA5272B74C4</mac>
        <mac>FDA5272B74D9</mac>
        <mac>FDA5272B74DE</mac>
        <mac>FDA5272B75B0</mac>
        <mac>FDA5272B75B4</mac>
        <mac>FDA5272B75BF</mac>
        <mac>FDA5272B75CD</mac>
        <mac>FDA5272B7676</mac>
    </mac_single>
    <mac_warn />
</build_mac>
