<?xml version="1.0" encoding="utf-8" ?>
<build_mac>
    <build_id>860200060040300004</build_id>
    <mac_range>
        <mac>
            <mac_min>C91A006D0064</mac_min>
            <mac_max>C91A006D0075</mac_max>
        </mac>
        <mac>
            <mac_min>C91A006D0077</mac_min>
            <mac_max>C91A006D0095</mac_max>
        </mac>
        <mac>
            <mac_min>C91A006D00FA</mac_min>
            <mac_max>C91A006D012D</mac_max>
        </mac>
        <mac>
            <mac_min>C91A006E3A98</mac_min>
            <mac_max>C91A006E3AFB</mac_max>
        </mac>
        <mac>
            <mac_min>C91A006E3B2E</mac_min>
            <mac_max>C91A006E3B61</mac_max>
        </mac>
        <mac>
            <mac_min>C91A006E3B64</mac_min>
            <mac_max>C91A006E3B66</mac_max>
        </mac>
        <mac>
            <mac_min>C91A006E3B6C</mac_min>
            <mac_max>C91A006E3B6F</mac_max>
        </mac>
        <mac>
            <mac_min>C91A006E3B74</mac_min>
            <mac_max>C91A006E3B75</mac_max>
        </mac>
        <mac>
            <mac_min>C91A006E3B78</mac_min>
            <mac_max>C91A006E3B79</mac_max>
        </mac>
        <mac>
            <mac_min>C91A006E3B92</mac_min>
            <mac_max>C91A006E3BC3</mac_max>
        </mac>
        <mac>
            <mac_min>C91A006E3BF6</mac_min>
            <mac_max>C91A006E3C07</mac_max>
        </mac>
        <mac>
            <mac_min>C91A006E3C09</mac_min>
            <mac_max>C91A006E3C1C</mac_max>
        </mac>
        <mac>
            <mac_min>C91A006E3C1E</mac_min>
            <mac_max>C91A006E3C27</mac_max>
        </mac>
        <mac>
            <mac_min>C91A006E3C5A</mac_min>
            <mac_max>C91A006E3C8B</mac_max>
        </mac>
        <mac>
            <mac_min>FDA5272AC11B</mac_min>
            <mac_max>FDA5272AC12C</mac_max>
        </mac>
        <mac>
            <mac_min>FDA5272AC12E</mac_min>
            <mac_max>FDA5272AC14C</mac_max>
        </mac>
        <mac>
            <mac_min>FDA5272AC1B1</mac_min>
            <mac_max>FDA5272AC1E4</mac_max>
        </mac>
        <mac>
            <mac_min>FDA5272B62AB</mac_min>
            <mac_max>FDA5272B630E</mac_max>
        </mac>
        <mac>
            <mac_min>FDA5272B6341</mac_min>
            <mac_max>FDA5272B6374</mac_max>
        </mac>
        <mac>
            <mac_min>FDA5272B6377</mac_min>
            <mac_max>FDA5272B6379</mac_max>
        </mac>
        <mac>
            <mac_min>FDA5272B637F</mac_min>
            <mac_max>FDA5272B6382</mac_max>
        </mac>
        <mac>
            <mac_min>FDA5272B6387</mac_min>
            <mac_max>FDA5272B6388</mac_max>
        </mac>
        <mac>
            <mac_min>FDA5272B638B</mac_min>
            <mac_max>FDA5272B638C</mac_max>
        </mac>
        <mac>
            <mac_min>FDA5272B63A5</mac_min>
            <mac_max>FDA5272B63D6</mac_max>
        </mac>
        <mac>
            <mac_min>FDA5272B6409</mac_min>
            <mac_max>FDA5272B641A</mac_max>
        </mac>
        <mac>
            <mac_min>FDA5272B641C</mac_min>
            <mac_max>FDA5272B642F</mac_max>
        </mac>
        <mac>
            <mac_min>FDA5272B6431</mac_min>
            <mac_max>FDA5272B643A</mac_max>
        </mac>
        <mac>
            <mac_min>FDA5272B646D</mac_min>
            <mac_max>FDA5272B649E</mac_max>
        </mac>
    </mac_range>
    <mac_single>
        <mac>C91A006D0130</mac>
        <mac>C91A006D0132</mac>
        <mac>C91A006D0134</mac>
        <mac>C91A006D0136</mac>
        <mac>C91A006D013A</mac>
        <mac>C91A006D014A</mac>
        <mac>C91A006D014D</mac>
        <mac>C91A006D0150</mac>
        <mac>C91A006D0153</mac>
        <mac>C91A006D015A</mac>
        <mac>C91A006D026A</mac>
        <mac>C91A006E3B71</mac>
        <mac>C91A006E3B7B</mac>
        <mac>C91A006E3B7D</mac>
        <mac>C91A006E3B7F</mac>
        <mac>C91A006E3B83</mac>
        <mac>C91A006E3B86</mac>
        <mac>C91A006E3B88</mac>
        <mac>C91A006E3B8C</mac>
        <mac>FDA5272AC1E7</mac>
        <mac>FDA5272AC1E9</mac>
        <mac>FDA5272AC1EB</mac>
        <mac>FDA5272AC1ED</mac>
        <mac>FDA5272AC1F1</mac>
        <mac>FDA5272AC201</mac>
        <mac>FDA5272AC204</mac>
        <mac>FDA5272AC207</mac>
        <mac>FDA5272AC20A</mac>
        <mac>FDA5272AC211</mac>
        <mac>FDA5272AC328</mac>
        <mac>FDA5272B6384</mac>
        <mac>FDA5272B638E</mac>
        <mac>FDA5272B6390</mac>
        <mac>FDA5272B6392</mac>
        <mac>FDA5272B6396</mac>
        <mac>FDA5272B6399</mac>
        <mac>FDA5272B639B</mac>
        <mac>FDA5272B639F</mac>
    </mac_single>
    <mac_warn />
</build_mac>
