<?xml version="1.0" encoding="utf-8" ?>
<build_mac>
    <build_id>860200060040300006</build_id>
    <mac_range>
        <mac>
            <mac_min>C91A006E4D26</mac_min>
            <mac_max>C91A006E4D27</mac_max>
        </mac>
        <mac>
            <mac_min>C91A006E4D2C</mac_min>
            <mac_max>C91A006E4D2D</mac_max>
        </mac>
        <mac>
            <mac_min>C91A006E4D2F</mac_min>
            <mac_max>C91A006E4D31</mac_max>
        </mac>
        <mac>
            <mac_min>C91A006E4D36</mac_min>
            <mac_max>C91A006E4D3A</mac_max>
        </mac>
        <mac>
            <mac_min>C91A006E4D3D</mac_min>
            <mac_max>C91A006E4D3F</mac_max>
        </mac>
        <mac>
            <mac_min>C91A006E4D43</mac_min>
            <mac_max>C91A006E4D44</mac_max>
        </mac>
        <mac>
            <mac_min>C91A006E4D46</mac_min>
            <mac_max>C91A006E4D48</mac_max>
        </mac>
        <mac>
            <mac_min>C91A006E4D8C</mac_min>
            <mac_max>C91A006E4D8D</mac_max>
        </mac>
        <mac>
            <mac_min>C91A006E4D8F</mac_min>
            <mac_max>C91A006E4D90</mac_max>
        </mac>
        <mac>
            <mac_min>C91A006E4D96</mac_min>
            <mac_max>C91A006E4D97</mac_max>
        </mac>
        <mac>
            <mac_min>C91A006E4D9B</mac_min>
            <mac_max>C91A006E4DAA</mac_max>
        </mac>
        <mac>
            <mac_min>C91A006E4DAE</mac_min>
            <mac_max>C91A006E4DAF</mac_max>
        </mac>
        <mac>
            <mac_min>C91A006E4DB6</mac_min>
            <mac_max>C91A006E4DB8</mac_max>
        </mac>
        <mac>
            <mac_min>C91A006E58AC</mac_min>
            <mac_max>C91A006E58DD</mac_max>
        </mac>
        <mac>
            <mac_min>C91A006E5943</mac_min>
            <mac_max>C91A006E5944</mac_max>
        </mac>
        <mac>
            <mac_min>C91A006E5949</mac_min>
            <mac_max>C91A006E5959</mac_max>
        </mac>
        <mac>
            <mac_min>C91A006E595B</mac_min>
            <mac_max>C91A006E5961</mac_max>
        </mac>
        <mac>
            <mac_min>C91A006E5963</mac_min>
            <mac_max>C91A006E5965</mac_max>
        </mac>
        <mac>
            <mac_min>C91A006E5967</mac_min>
            <mac_max>C91A006E5972</mac_max>
        </mac>
        <mac>
            <mac_min>C91A006E5C3F</mac_min>
            <mac_max>C91A006E5C40</mac_max>
        </mac>
        <mac>
            <mac_min>C91A006E5C4C</mac_min>
            <mac_max>C91A006E5C50</mac_max>
        </mac>
        <mac>
            <mac_min>FDA5272B757D</mac_min>
            <mac_max>FDA5272B757E</mac_max>
        </mac>
        <mac>
            <mac_min>FDA5272B7583</mac_min>
            <mac_max>FDA5272B7584</mac_max>
        </mac>
        <mac>
            <mac_min>FDA5272B7586</mac_min>
            <mac_max>FDA5272B7588</mac_max>
        </mac>
        <mac>
            <mac_min>FDA5272B758D</mac_min>
            <mac_max>FDA5272B7591</mac_max>
        </mac>
        <mac>
            <mac_min>FDA5272B7594</mac_min>
            <mac_max>FDA5272B7596</mac_max>
        </mac>
        <mac>
            <mac_min>FDA5272B759A</mac_min>
            <mac_max>FDA5272B759B</mac_max>
        </mac>
        <mac>
            <mac_min>FDA5272B759D</mac_min>
            <mac_max>FDA5272B759F</mac_max>
        </mac>
        <mac>
            <mac_min>FDA5272B75E3</mac_min>
            <mac_max>FDA5272B75E4</mac_max>
        </mac>
        <mac>
            <mac_min>FDA5272B75E6</mac_min>
            <mac_max>FDA5272B75E7</mac_max>
        </mac>
        <mac>
            <mac_min>FDA5272B75ED</mac_min>
            <mac_max>FDA5272B75EE</mac_max>
        </mac>
        <mac>
            <mac_min>FDA5272B75F2</mac_min>
            <mac_max>FDA5272B7601</mac_max>
        </mac>
        <mac>
            <mac_min>FDA5272B7605</mac_min>
            <mac_max>FDA5272B7606</mac_max>
        </mac>
        <mac>
            <mac_min>FDA5272B760D</mac_min>
            <mac_max>FDA5272B760F</mac_max>
        </mac>
        <mac>
            <mac_min>FDA5272B811C</mac_min>
            <mac_max>FDA5272B814D</mac_max>
        </mac>
        <mac>
            <mac_min>FDA5272B81B3</mac_min>
            <mac_max>FDA5272B81B4</mac_max>
        </mac>
        <mac>
            <mac_min>FDA5272B81B9</mac_min>
            <mac_max>FDA5272B81C9</mac_max>
        </mac>
        <mac>
            <mac_min>FDA5272B81CB</mac_min>
            <mac_max>FDA5272B81D1</mac_max>
        </mac>
        <mac>
            <mac_min>FDA5272B81D3</mac_min>
            <mac_max>FDA5272B81D5</mac_max>
        </mac>
        <mac>
            <mac_min>FDA5272B81D7</mac_min>
            <mac_max>FDA5272B81E2</mac_max>
        </mac>
        <mac>
            <mac_min>FDA5272B84B1</mac_min>
            <mac_max>FDA5272B84B2</mac_max>
        </mac>
        <mac>
            <mac_min>FDA5272B84BE</mac_min>
            <mac_max>FDA5272B84C2</mac_max>
        </mac>
    </mac_range>
    <mac_single>
        <mac>C91A006E3B11</mac>
        <mac>C91A006E4D33</mac>
        <mac>C91A006E4D4B</mac>
        <mac>C91A006E4D4E</mac>
        <mac>C91A006E4D52</mac>
        <mac>C91A006E4D93</mac>
        <mac>C91A006E4DAC</mac>
        <mac>C91A006E4DB2</mac>
        <mac>C91A006E4DBB</mac>
        <mac>C91A006E5C04</mac>
        <mac>C91A006E5C06</mac>
        <mac>C91A006E5C0D</mac>
        <mac>C91A006E5C15</mac>
        <mac>C91A006E5C1D</mac>
        <mac>C91A006E5C1F</mac>
        <mac>C91A006E5C23</mac>
        <mac>C91A006E5C2B</mac>
        <mac>C91A006E5C2E</mac>
        <mac>C91A006E5C33</mac>
        <mac>C91A006E5C35</mac>
        <mac>C91A006E5C3A</mac>
        <mac>C91A006E5C48</mac>
        <mac>C91A006E5C4A</mac>
        <mac>C91A006E5C54</mac>
        <mac>C91A006E5C5D</mac>
        <mac>C91A006E5C5F</mac>
        <mac>FDA5272B6324</mac>
        <mac>FDA5272B758A</mac>
        <mac>FDA5272B75A2</mac>
        <mac>FDA5272B75A5</mac>
        <mac>FDA5272B75A9</mac>
        <mac>FDA5272B75EA</mac>
        <mac>FDA5272B7603</mac>
        <mac>FDA5272B7609</mac>
        <mac>FDA5272B7612</mac>
        <mac>FDA5272B8476</mac>
        <mac>FDA5272B8478</mac>
        <mac>FDA5272B847F</mac>
        <mac>FDA5272B8487</mac>
        <mac>FDA5272B848F</mac>
        <mac>FDA5272B8491</mac>
        <mac>FDA5272B8495</mac>
        <mac>FDA5272B849D</mac>
        <mac>FDA5272B84A0</mac>
        <mac>FDA5272B84A5</mac>
        <mac>FDA5272B84A7</mac>
        <mac>FDA5272B84AC</mac>
        <mac>FDA5272B84BA</mac>
        <mac>FDA5272B84BC</mac>
        <mac>FDA5272B84C6</mac>
        <mac>FDA5272B84CF</mac>
        <mac>FDA5272B84D1</mac>
    </mac_single>
    <mac_warn />
</build_mac>
