<?xml version="1.0" encoding="utf-8" ?>
<build_mac>
    <build_id>860200010020300024</build_id>
    <mac_range>
        <mac>
            <mac_min>C91A00714CC4</mac_min>
            <mac_max>C91A00714CC5</mac_max>
        </mac>
        <mac>
            <mac_min>C91A00714CCC</mac_min>
            <mac_max>C91A00714CD1</mac_max>
        </mac>
        <mac>
            <mac_min>C91A00714CDB</mac_min>
            <mac_max>C91A00714CDC</mac_max>
        </mac>
        <mac>
            <mac_min>C91A00714CDF</mac_min>
            <mac_max>C91A00714CE0</mac_max>
        </mac>
        <mac>
            <mac_min>C91A00714CE3</mac_min>
            <mac_max>C91A00714CE5</mac_max>
        </mac>
        <mac>
            <mac_min>C91A00714CEC</mac_min>
            <mac_max>C91A00714CED</mac_max>
        </mac>
        <mac>
            <mac_min>FDA5272E36E7</mac_min>
            <mac_max>FDA5272E36E8</mac_max>
        </mac>
        <mac>
            <mac_min>FDA5272E36EF</mac_min>
            <mac_max>FDA5272E36F4</mac_max>
        </mac>
        <mac>
            <mac_min>FDA5272E36FE</mac_min>
            <mac_max>FDA5272E36FF</mac_max>
        </mac>
        <mac>
            <mac_min>FDA5272E3702</mac_min>
            <mac_max>FDA5272E3703</mac_max>
        </mac>
        <mac>
            <mac_min>FDA5272E3706</mac_min>
            <mac_max>FDA5272E3708</mac_max>
        </mac>
        <mac>
            <mac_min>FDA5272E370F</mac_min>
            <mac_max>FDA5272E3710</mac_max>
        </mac>
    </mac_range>
    <mac_single>
        <mac>C91A00714CC9</mac>
        <mac>C91A00714CD4</mac>
        <mac>C91A00714CD7</mac>
        <mac>C91A00714CD9</mac>
        <mac>C91A00714CE8</mac>
        <mac>C91A00714CF0</mac>
        <mac>C91A00714CF2</mac>
        <mac>FDA5272E36EC</mac>
        <mac>FDA5272E36F7</mac>
        <mac>FDA5272E36FA</mac>
        <mac>FDA5272E36FC</mac>
        <mac>FDA5272E370B</mac>
        <mac>FDA5272E3713</mac>
        <mac>FDA5272E3715</mac>
    </mac_single>
    <mac_warn />
</build_mac>
