<?xml version="1.0" encoding="utf-8" ?>
<build_mac>
    <build_id>860200010010400001</build_id>
    <mac_range>
        <mac>
            <mac_min>C91A00724330</mac_min>
            <mac_max>C91A00724393</mac_max>
        </mac>
        <mac>
            <mac_min>C91A0072445C</mac_min>
            <mac_max>C91A0072448D</mac_max>
        </mac>
        <mac>
            <mac_min>FDA5272FE14B</mac_min>
            <mac_max>FDA5272FE1AE</mac_max>
        </mac>
        <mac>
            <mac_min>FDA5272FE277</mac_min>
            <mac_max>FDA5272FE2A8</mac_max>
        </mac>
    </mac_range>
    <mac_single />
    <mac_warn />
</build_mac>
