<?xml version="1.0" encoding="utf-8" ?>
<build_mac>
    <build_id>860200060020300004</build_id>
    <mac_range>
        <mac>
            <mac_min>C91A006E5C30</mac_min>
            <mac_max>C91A006E5C32</mac_max>
        </mac>
        <mac>
            <mac_min>C91A006E5C36</mac_min>
            <mac_max>C91A006E5C39</mac_max>
        </mac>
        <mac>
            <mac_min>C91A006E5C3B</mac_min>
            <mac_max>C91A006E5C3E</mac_max>
        </mac>
        <mac>
            <mac_min>C91A006E5C41</mac_min>
            <mac_max>C91A006E5C47</mac_max>
        </mac>
        <mac>
            <mac_min>C91A006E5C51</mac_min>
            <mac_max>C91A006E5C53</mac_max>
        </mac>
        <mac>
            <mac_min>C91A006E5C55</mac_min>
            <mac_max>C91A006E5C5C</mac_max>
        </mac>
        <mac>
            <mac_min>C91A006E5C60</mac_min>
            <mac_max>C91A006E5C61</mac_max>
        </mac>
        <mac>
            <mac_min>FDA5272B84A2</mac_min>
            <mac_max>FDA5272B84A4</mac_max>
        </mac>
        <mac>
            <mac_min>FDA5272B84A8</mac_min>
            <mac_max>FDA5272B84AB</mac_max>
        </mac>
        <mac>
            <mac_min>FDA5272B84AD</mac_min>
            <mac_max>FDA5272B84B0</mac_max>
        </mac>
        <mac>
            <mac_min>FDA5272B84B3</mac_min>
            <mac_max>FDA5272B84B9</mac_max>
        </mac>
        <mac>
            <mac_min>FDA5272B84C3</mac_min>
            <mac_max>FDA5272B84C5</mac_max>
        </mac>
        <mac>
            <mac_min>FDA5272B84C7</mac_min>
            <mac_max>FDA5272B84CE</mac_max>
        </mac>
        <mac>
            <mac_min>FDA5272B84D2</mac_min>
            <mac_max>FDA5272B84D3</mac_max>
        </mac>
    </mac_range>
    <mac_single>
        <mac>C91A006E5C34</mac>
        <mac>C91A006E5C49</mac>
        <mac>C91A006E5C4B</mac>
        <mac>C91A006E5C5E</mac>
        <mac>FDA5272B84A6</mac>
        <mac>FDA5272B84BB</mac>
        <mac>FDA5272B84BD</mac>
        <mac>FDA5272B84D0</mac>
    </mac_single>
    <mac_warn />
</build_mac>
