<?xml version="1.0" encoding="utf-8" ?>
<build_mac>
    <build_id>860200010010300002</build_id>
    <mac_range>
        <mac>
            <mac_min>C91A0061164E</mac_min>
            <mac_max>C91A0061164F</mac_max>
        </mac>
        <mac>
            <mac_min>C91A00611656</mac_min>
            <mac_max>C91A00611657</mac_max>
        </mac>
        <mac>
            <mac_min>C91A0061165D</mac_min>
            <mac_max>C91A0061165E</mac_max>
        </mac>
        <mac>
            <mac_min>C91A0061170C</mac_min>
            <mac_max>C91A0061170D</mac_max>
        </mac>
        <mac>
            <mac_min>C91A00611713</mac_min>
            <mac_max>C91A00611716</mac_max>
        </mac>
        <mac>
            <mac_min>C91A00611723</mac_min>
            <mac_max>C91A00611724</mac_max>
        </mac>
        <mac>
            <mac_min>C91A0061173C</mac_min>
            <mac_max>C91A0061173D</mac_max>
        </mac>
        <mac>
            <mac_min>C91A0071487D</mac_min>
            <mac_max>C91A0071487F</mac_max>
        </mac>
        <mac>
            <mac_min>C91A00714883</mac_min>
            <mac_max>C91A00714884</mac_max>
        </mac>
        <mac>
            <mac_min>C91A00714888</mac_min>
            <mac_max>C91A00714889</mac_max>
        </mac>
        <mac>
            <mac_min>C91A0071488E</mac_min>
            <mac_max>C91A0071488F</mac_max>
        </mac>
        <mac>
            <mac_min>C91A00714897</mac_min>
            <mac_max>C91A00714898</mac_max>
        </mac>
        <mac>
            <mac_min>C91A0071489C</mac_min>
            <mac_max>C91A0071489D</mac_max>
        </mac>
        <mac>
            <mac_min>C91A0071489F</mac_min>
            <mac_max>C91A007148A0</mac_max>
        </mac>
        <mac>
            <mac_min>C91A007148A2</mac_min>
            <mac_max>C91A007148A4</mac_max>
        </mac>
        <mac>
            <mac_min>C91A00714905</mac_min>
            <mac_max>C91A00714907</mac_max>
        </mac>
        <mac>
            <mac_min>C91A00714921</mac_min>
            <mac_max>C91A00714922</mac_max>
        </mac>
        <mac>
            <mac_min>C91A00714924</mac_min>
            <mac_max>C91A00714927</mac_max>
        </mac>
        <mac>
            <mac_min>C91A00714929</mac_min>
            <mac_max>C91A0071492A</mac_max>
        </mac>
        <mac>
            <mac_min>C91A0071493F</mac_min>
            <mac_max>C91A00714940</mac_max>
        </mac>
        <mac>
            <mac_min>C91A00714942</mac_min>
            <mac_max>C91A00714944</mac_max>
        </mac>
        <mac>
            <mac_min>C91A0071494C</mac_min>
            <mac_max>C91A0071494E</mac_max>
        </mac>
        <mac>
            <mac_min>C91A0071495B</mac_min>
            <mac_max>C91A0071495C</mac_max>
        </mac>
        <mac>
            <mac_min>C91A0071495E</mac_min>
            <mac_max>C91A0071495F</mac_max>
        </mac>
        <mac>
            <mac_min>C91A00714A25</mac_min>
            <mac_max>C91A00714A26</mac_max>
        </mac>
        <mac>
            <mac_min>C91A00714A33</mac_min>
            <mac_max>C91A00714A35</mac_max>
        </mac>
        <mac>
            <mac_min>C91A00714EE8</mac_min>
            <mac_max>C91A00714EEC</mac_max>
        </mac>
        <mac>
            <mac_min>C91A00714EF0</mac_min>
            <mac_max>C91A00714EF1</mac_max>
        </mac>
        <mac>
            <mac_min>C91A00714EF5</mac_min>
            <mac_max>C91A00714EF8</mac_max>
        </mac>
        <mac>
            <mac_min>C91A00714EFA</mac_min>
            <mac_max>C91A00714EFB</mac_max>
        </mac>
        <mac>
            <mac_min>C91A00714EFD</mac_min>
            <mac_max>C91A00714EFF</mac_max>
        </mac>
        <mac>
            <mac_min>C91A00714F02</mac_min>
            <mac_max>C91A00714F09</mac_max>
        </mac>
        <mac>
            <mac_min>C91A00714F0B</mac_min>
            <mac_max>C91A00714F0F</mac_max>
        </mac>
        <mac>
            <mac_min>C91A00714F11</mac_min>
            <mac_max>C91A00714F14</mac_max>
        </mac>
        <mac>
            <mac_min>C91A00714F18</mac_min>
            <mac_max>C91A00714F19</mac_max>
        </mac>
        <mac>
            <mac_min>C91A00714FB7</mac_min>
            <mac_max>C91A00714FB9</mac_max>
        </mac>
        <mac>
            <mac_min>C91A00714FBC</mac_min>
            <mac_max>C91A00714FBE</mac_max>
        </mac>
        <mac>
            <mac_min>C91A00714FC1</mac_min>
            <mac_max>C91A00714FC4</mac_max>
        </mac>
        <mac>
            <mac_min>C91A00714FC7</mac_min>
            <mac_max>C91A00714FC9</mac_max>
        </mac>
        <mac>
            <mac_min>C91A00714FDF</mac_min>
            <mac_max>C91A00714FE0</mac_max>
        </mac>
        <mac>
            <mac_min>FDA5272299C4</mac_min>
            <mac_max>FDA5272299C5</mac_max>
        </mac>
        <mac>
            <mac_min>FDA5272299DD</mac_min>
            <mac_max>FDA5272299DE</mac_max>
        </mac>
        <mac>
            <mac_min>FDA5272299EB</mac_min>
            <mac_max>FDA5272299EE</mac_max>
        </mac>
        <mac>
            <mac_min>FDA5272299F4</mac_min>
            <mac_max>FDA5272299F5</mac_max>
        </mac>
        <mac>
            <mac_min>FDA527229AA3</mac_min>
            <mac_max>FDA527229AA4</mac_max>
        </mac>
        <mac>
            <mac_min>FDA527229AAA</mac_min>
            <mac_max>FDA527229AAB</mac_max>
        </mac>
        <mac>
            <mac_min>FDA527229AB2</mac_min>
            <mac_max>FDA527229AB3</mac_max>
        </mac>
        <mac>
            <mac_min>FDA5272E32A0</mac_min>
            <mac_max>FDA5272E32A2</mac_max>
        </mac>
        <mac>
            <mac_min>FDA5272E32A6</mac_min>
            <mac_max>FDA5272E32A7</mac_max>
        </mac>
        <mac>
            <mac_min>FDA5272E32AB</mac_min>
            <mac_max>FDA5272E32AC</mac_max>
        </mac>
        <mac>
            <mac_min>FDA5272E32B1</mac_min>
            <mac_max>FDA5272E32B2</mac_max>
        </mac>
        <mac>
            <mac_min>FDA5272E32BA</mac_min>
            <mac_max>FDA5272E32BB</mac_max>
        </mac>
        <mac>
            <mac_min>FDA5272E32BF</mac_min>
            <mac_max>FDA5272E32C0</mac_max>
        </mac>
        <mac>
            <mac_min>FDA5272E32C2</mac_min>
            <mac_max>FDA5272E32C3</mac_max>
        </mac>
        <mac>
            <mac_min>FDA5272E32C5</mac_min>
            <mac_max>FDA5272E32C7</mac_max>
        </mac>
        <mac>
            <mac_min>FDA5272E3328</mac_min>
            <mac_max>FDA5272E332A</mac_max>
        </mac>
        <mac>
            <mac_min>FDA5272E3344</mac_min>
            <mac_max>FDA5272E3345</mac_max>
        </mac>
        <mac>
            <mac_min>FDA5272E3347</mac_min>
            <mac_max>FDA5272E334A</mac_max>
        </mac>
        <mac>
            <mac_min>FDA5272E334C</mac_min>
            <mac_max>FDA5272E334D</mac_max>
        </mac>
        <mac>
            <mac_min>FDA5272E3362</mac_min>
            <mac_max>FDA5272E3363</mac_max>
        </mac>
        <mac>
            <mac_min>FDA5272E3365</mac_min>
            <mac_max>FDA5272E3367</mac_max>
        </mac>
        <mac>
            <mac_min>FDA5272E336F</mac_min>
            <mac_max>FDA5272E3371</mac_max>
        </mac>
        <mac>
            <mac_min>FDA5272E337E</mac_min>
            <mac_max>FDA5272E337F</mac_max>
        </mac>
        <mac>
            <mac_min>FDA5272E3381</mac_min>
            <mac_max>FDA5272E3382</mac_max>
        </mac>
        <mac>
            <mac_min>FDA5272E3448</mac_min>
            <mac_max>FDA5272E3449</mac_max>
        </mac>
        <mac>
            <mac_min>FDA5272E3456</mac_min>
            <mac_max>FDA5272E3458</mac_max>
        </mac>
        <mac>
            <mac_min>FDA5272E390B</mac_min>
            <mac_max>FDA5272E390F</mac_max>
        </mac>
        <mac>
            <mac_min>FDA5272E3913</mac_min>
            <mac_max>FDA5272E3914</mac_max>
        </mac>
        <mac>
            <mac_min>FDA5272E3918</mac_min>
            <mac_max>FDA5272E391B</mac_max>
        </mac>
        <mac>
            <mac_min>FDA5272E391D</mac_min>
            <mac_max>FDA5272E391E</mac_max>
        </mac>
        <mac>
            <mac_min>FDA5272E3920</mac_min>
            <mac_max>FDA5272E3922</mac_max>
        </mac>
        <mac>
            <mac_min>FDA5272E3925</mac_min>
            <mac_max>FDA5272E392C</mac_max>
        </mac>
        <mac>
            <mac_min>FDA5272E392E</mac_min>
            <mac_max>FDA5272E3932</mac_max>
        </mac>
        <mac>
            <mac_min>FDA5272E3934</mac_min>
            <mac_max>FDA5272E3937</mac_max>
        </mac>
        <mac>
            <mac_min>FDA5272E393B</mac_min>
            <mac_max>FDA5272E393C</mac_max>
        </mac>
        <mac>
            <mac_min>FDA5272E39DA</mac_min>
            <mac_max>FDA5272E39DC</mac_max>
        </mac>
        <mac>
            <mac_min>FDA5272E39DF</mac_min>
            <mac_max>FDA5272E39E1</mac_max>
        </mac>
        <mac>
            <mac_min>FDA5272E39E4</mac_min>
            <mac_max>FDA5272E39E7</mac_max>
        </mac>
        <mac>
            <mac_min>FDA5272E39EA</mac_min>
            <mac_max>FDA5272E39EC</mac_max>
        </mac>
        <mac>
            <mac_min>FDA5272E3A02</mac_min>
            <mac_max>FDA5272E3A03</mac_max>
        </mac>
    </mac_range>
    <mac_single>
        <mac>C91A00611646</mac>
        <mac>C91A0061164B</mac>
        <mac>C91A00611659</mac>
        <mac>C91A00611660</mac>
        <mac>C91A00611663</mac>
        <mac>C91A00611667</mac>
        <mac>C91A00611669</mac>
        <mac>C91A0061166B</mac>
        <mac>C91A0061166E</mac>
        <mac>C91A00611671</mac>
        <mac>C91A0061171D</mac>
        <mac>C91A00611729</mac>
        <mac>C91A00611734</mac>
        <mac>C91A00611736</mac>
        <mac>C91A006F1F45</mac>
        <mac>C91A006F1F59</mac>
        <mac>C91A006F1F5B</mac>
        <mac>C91A006F1F6D</mac>
        <mac>C91A006F1F6F</mac>
        <mac>C91A00714877</mac>
        <mac>C91A00714879</mac>
        <mac>C91A00714886</mac>
        <mac>C91A0071488B</mac>
        <mac>C91A0071489A</mac>
        <mac>C91A007148DA</mac>
        <mac>C91A007148DE</mac>
        <mac>C91A007148E3</mac>
        <mac>C91A007148EB</mac>
        <mac>C91A007148F0</mac>
        <mac>C91A007148F5</mac>
        <mac>C91A00714901</mac>
        <mac>C91A0071490A</mac>
        <mac>C91A00714911</mac>
        <mac>C91A00714916</mac>
        <mac>C91A0071491A</mac>
        <mac>C91A0071491D</mac>
        <mac>C91A0071492E</mac>
        <mac>C91A00714932</mac>
        <mac>C91A0071493B</mac>
        <mac>C91A00714948</mac>
        <mac>C91A0071494A</mac>
        <mac>C91A00714952</mac>
        <mac>C91A00714955</mac>
        <mac>C91A00714957</mac>
        <mac>C91A00714959</mac>
        <mac>C91A00714962</mac>
        <mac>C91A00714967</mac>
        <mac>C91A00714969</mac>
        <mac>C91A0071496B</mac>
        <mac>C91A007149A8</mac>
        <mac>C91A007149B5</mac>
        <mac>C91A007149D1</mac>
        <mac>C91A00714A0B</mac>
        <mac>C91A00714A0D</mac>
        <mac>C91A00714A10</mac>
        <mac>C91A00714A13</mac>
        <mac>C91A00714A1B</mac>
        <mac>C91A00714A1F</mac>
        <mac>C91A00714A2A</mac>
        <mac>C91A00714A2F</mac>
        <mac>C91A00714EF3</mac>
        <mac>C91A00714F16</mac>
        <mac>C91A00714FB2</mac>
        <mac>C91A00714FB4</mac>
        <mac>C91A00714FCC</mac>
        <mac>C91A00714FD1</mac>
        <mac>C91A00714FD6</mac>
        <mac>C91A00714FD8</mac>
        <mac>C91A00714FDC</mac>
        <mac>FDA5272299CB</mac>
        <mac>FDA5272299CD</mac>
        <mac>FDA5272299D8</mac>
        <mac>FDA5272299E4</mac>
        <mac>FDA527229A90</mac>
        <mac>FDA527229A93</mac>
        <mac>FDA527229A96</mac>
        <mac>FDA527229A98</mac>
        <mac>FDA527229A9A</mac>
        <mac>FDA527229A9E</mac>
        <mac>FDA527229AA1</mac>
        <mac>FDA527229AA8</mac>
        <mac>FDA527229AB6</mac>
        <mac>FDA527229ABB</mac>
        <mac>FDA5272BBEF9</mac>
        <mac>FDA5272BBF0D</mac>
        <mac>FDA5272BBF0F</mac>
        <mac>FDA5272BBF21</mac>
        <mac>FDA5272BBF23</mac>
        <mac>FDA5272E329A</mac>
        <mac>FDA5272E329C</mac>
        <mac>FDA5272E32A9</mac>
        <mac>FDA5272E32AE</mac>
        <mac>FDA5272E32BD</mac>
        <mac>FDA5272E32FD</mac>
        <mac>FDA5272E3301</mac>
        <mac>FDA5272E3306</mac>
        <mac>FDA5272E330E</mac>
        <mac>FDA5272E3313</mac>
        <mac>FDA5272E3318</mac>
        <mac>FDA5272E3324</mac>
        <mac>FDA5272E332D</mac>
        <mac>FDA5272E3334</mac>
        <mac>FDA5272E3339</mac>
        <mac>FDA5272E333D</mac>
        <mac>FDA5272E3340</mac>
        <mac>FDA5272E3351</mac>
        <mac>FDA5272E3355</mac>
        <mac>FDA5272E335E</mac>
        <mac>FDA5272E336B</mac>
        <mac>FDA5272E336D</mac>
        <mac>FDA5272E3375</mac>
        <mac>FDA5272E3378</mac>
        <mac>FDA5272E337A</mac>
        <mac>FDA5272E337C</mac>
        <mac>FDA5272E3385</mac>
        <mac>FDA5272E338A</mac>
        <mac>FDA5272E338C</mac>
        <mac>FDA5272E338E</mac>
        <mac>FDA5272E33CB</mac>
        <mac>FDA5272E33D8</mac>
        <mac>FDA5272E33F4</mac>
        <mac>FDA5272E342E</mac>
        <mac>FDA5272E3430</mac>
        <mac>FDA5272E3433</mac>
        <mac>FDA5272E3436</mac>
        <mac>FDA5272E343E</mac>
        <mac>FDA5272E3442</mac>
        <mac>FDA5272E344D</mac>
        <mac>FDA5272E3452</mac>
        <mac>FDA5272E3916</mac>
        <mac>FDA5272E3939</mac>
        <mac>FDA5272E39D5</mac>
        <mac>FDA5272E39D7</mac>
        <mac>FDA5272E39EF</mac>
        <mac>FDA5272E39F4</mac>
        <mac>FDA5272E39F9</mac>
        <mac>FDA5272E39FB</mac>
        <mac>FDA5272E39FF</mac>
    </mac_single>
    <mac_warn />
</build_mac>
