<?xml version="1.0" encoding="utf-8" ?>
<build_mac>
    <build_id>860200010010300012</build_id>
    <mac_range>
        <mac>
            <mac_min>C91A0071487B</mac_min>
            <mac_max>C91A0071487C</mac_max>
        </mac>
        <mac>
            <mac_min>C91A00714890</mac_min>
            <mac_max>C91A00714891</mac_max>
        </mac>
        <mac>
            <mac_min>C91A00714893</mac_min>
            <mac_max>C91A00714894</mac_max>
        </mac>
        <mac>
            <mac_min>C91A007148A5</mac_min>
            <mac_max>C91A007148A6</mac_max>
        </mac>
        <mac>
            <mac_min>C91A0071492C</mac_min>
            <mac_max>C91A0071492D</mac_max>
        </mac>
        <mac>
            <mac_min>C91A0071492F</mac_min>
            <mac_max>C91A00714930</mac_max>
        </mac>
        <mac>
            <mac_min>C91A00714936</mac_min>
            <mac_max>C91A00714938</mac_max>
        </mac>
        <mac>
            <mac_min>C91A0071493D</mac_min>
            <mac_max>C91A0071493E</mac_max>
        </mac>
        <mac>
            <mac_min>C91A00714953</mac_min>
            <mac_max>C91A00714954</mac_max>
        </mac>
        <mac>
            <mac_min>C91A0071496C</mac_min>
            <mac_max>C91A0071496F</mac_max>
        </mac>
        <mac>
            <mac_min>C91A007149CE</mac_min>
            <mac_max>C91A007149CF</mac_max>
        </mac>
        <mac>
            <mac_min>C91A00714A06</mac_min>
            <mac_max>C91A00714A08</mac_max>
        </mac>
        <mac>
            <mac_min>C91A00714A0E</mac_min>
            <mac_max>C91A00714A0F</mac_max>
        </mac>
        <mac>
            <mac_min>C91A00714A11</mac_min>
            <mac_max>C91A00714A12</mac_max>
        </mac>
        <mac>
            <mac_min>C91A00714A14</mac_min>
            <mac_max>C91A00714A1A</mac_max>
        </mac>
        <mac>
            <mac_min>C91A00714A20</mac_min>
            <mac_max>C91A00714A24</mac_max>
        </mac>
        <mac>
            <mac_min>C91A00714A2B</mac_min>
            <mac_max>C91A00714A2E</mac_max>
        </mac>
        <mac>
            <mac_min>C91A00714A30</mac_min>
            <mac_max>C91A00714A31</mac_max>
        </mac>
        <mac>
            <mac_min>C91A00714A36</mac_min>
            <mac_max>C91A00714A37</mac_max>
        </mac>
        <mac>
            <mac_min>C91A00714F00</mac_min>
            <mac_max>C91A00714F01</mac_max>
        </mac>
        <mac>
            <mac_min>C91A00714FB5</mac_min>
            <mac_max>C91A00714FB6</mac_max>
        </mac>
        <mac>
            <mac_min>C91A00714FC5</mac_min>
            <mac_max>C91A00714FC6</mac_max>
        </mac>
        <mac>
            <mac_min>C91A00714FDA</mac_min>
            <mac_max>C91A00714FDB</mac_max>
        </mac>
    </mac_range>
    <mac_single>
        <mac>C91A0061164A</mac>
        <mac>C91A00611653</mac>
        <mac>C91A00611655</mac>
        <mac>C91A00611668</mac>
        <mac>C91A0061166A</mac>
        <mac>C91A00611670</mac>
        <mac>C91A00611673</mac>
        <mac>C91A00714876</mac>
        <mac>C91A00714881</mac>
        <mac>C91A00714885</mac>
        <mac>C91A0071488A</mac>
        <mac>C91A0071488C</mac>
        <mac>C91A00714896</mac>
        <mac>C91A0071489B</mac>
        <mac>C91A0071489E</mac>
        <mac>C91A007148E1</mac>
        <mac>C91A007148ED</mac>
        <mac>C91A007148FC</mac>
        <mac>C91A00714909</mac>
        <mac>C91A0071490B</mac>
        <mac>C91A00714912</mac>
        <mac>C91A00714917</mac>
        <mac>C91A00714920</mac>
        <mac>C91A00714923</mac>
        <mac>C91A00714934</mac>
        <mac>C91A0071493A</mac>
        <mac>C91A00714945</mac>
        <mac>C91A00714947</mac>
        <mac>C91A0071494B</mac>
        <mac>C91A00714958</mac>
        <mac>C91A00714961</mac>
        <mac>C91A00714963</mac>
        <mac>C91A00714966</mac>
        <mac>C91A0071496A</mac>
        <mac>C91A007149A2</mac>
        <mac>C91A007149C9</mac>
        <mac>C91A007149CB</mac>
        <mac>C91A007149D3</mac>
        <mac>C91A00714A0A</mac>
        <mac>C91A00714A0C</mac>
        <mac>C91A00714A1C</mac>
        <mac>C91A00714A1E</mac>
        <mac>C91A00714A27</mac>
        <mac>C91A00714EF2</mac>
        <mac>C91A00714EF9</mac>
        <mac>C91A00714EFC</mac>
        <mac>C91A00714F0A</mac>
        <mac>C91A00714F10</mac>
        <mac>C91A00714F15</mac>
        <mac>C91A00714F17</mac>
        <mac>C91A00714FB0</mac>
        <mac>C91A00714FB3</mac>
        <mac>C91A00714FBB</mac>
        <mac>C91A00714FBF</mac>
        <mac>C91A00714FCF</mac>
        <mac>C91A00714FD2</mac>
        <mac>C91A00714FD7</mac>
        <mac>C91A00714FDD</mac>
        <mac>C91A00714FE1</mac>
    </mac_single>
    <mac_warn />
</build_mac>
