<?xml version="1.0" encoding="utf-8" ?>
<build_mac>
    <build_id>860200120010300001</build_id>
    <mac_range>
        <mac>
            <mac_min>C91A00716EF0</mac_min>
            <mac_max>C91A00717147</mac_max>
        </mac>
        <mac>
            <mac_min>ECB352FD0000</mac_min>
            <mac_max>ECB352FD0257</mac_max>
        </mac>
        <mac>
            <mac_min>FDA5272E60ED</mac_min>
            <mac_max>FDA5272E6344</mac_max>
        </mac>
    </mac_range>
    <mac_single />
    <mac_warn />
</build_mac>
