<?xml version="1.0" encoding="utf-8" ?>
<build_mac>
    <build_id>860200010020300003</build_id>
    <mac_range>
        <mac>
            <mac_min>FDA5272588F4</mac_min>
            <mac_max>FDA5272588F5</mac_max>
        </mac>
        <mac>
            <mac_min>FDA527258AB4</mac_min>
            <mac_max>FDA527258AB5</mac_max>
        </mac>
        <mac>
            <mac_min>FDA527258AF1</mac_min>
            <mac_max>FDA527258AF2</mac_max>
        </mac>
        <mac>
            <mac_min>FDA527258B0F</mac_min>
            <mac_max>FDA527258B10</mac_max>
        </mac>
        <mac>
            <mac_min>FDA527258B5D</mac_min>
            <mac_max>FDA527258B61</mac_max>
        </mac>
        <mac>
            <mac_min>FDA527258B67</mac_min>
            <mac_max>FDA527258B68</mac_max>
        </mac>
        <mac>
            <mac_min>FDA527258B6C</mac_min>
            <mac_max>FDA527258B6E</mac_max>
        </mac>
        <mac>
            <mac_min>FDA527258B74</mac_min>
            <mac_max>FDA527258B75</mac_max>
        </mac>
        <mac>
            <mac_min>FDA527258B7B</mac_min>
            <mac_max>FDA527258B7C</mac_max>
        </mac>
    </mac_range>
    <mac_single>
        <mac>FDA5272588D5</mac>
        <mac>FDA5272588D7</mac>
        <mac>FDA5272588E8</mac>
        <mac>FDA5272588EE</mac>
        <mac>FDA5272588F8</mac>
        <mac>FDA5272588FA</mac>
        <mac>FDA5272589AC</mac>
        <mac>FDA5272589BE</mac>
        <mac>FDA527258A14</mac>
        <mac>FDA527258A26</mac>
        <mac>FDA527258A3E</mac>
        <mac>FDA527258A53</mac>
        <mac>FDA527258A58</mac>
        <mac>FDA527258AB7</mac>
        <mac>FDA527258ABF</mac>
        <mac>FDA527258ACA</mac>
        <mac>FDA527258AF4</mac>
        <mac>FDA527258AF9</mac>
        <mac>FDA527258B08</mac>
        <mac>FDA527258B17</mac>
        <mac>FDA527258B32</mac>
        <mac>FDA527258B36</mac>
        <mac>FDA527258B3C</mac>
        <mac>FDA527258B4E</mac>
        <mac>FDA527258B65</mac>
        <mac>FDA527258B78</mac>
        <mac>FDA527258B83</mac>
        <mac>FDA527258B85</mac>
        <mac>FDA527258B88</mac>
        <mac>FDA527258B91</mac>
        <mac>FDA527258D17</mac>
        <mac>FDA527258D22</mac>
    </mac_single>
    <mac_warn />
</build_mac>
