<?xml version="1.0" encoding="utf-8" ?>
<build_mac>
    <build_id>860200010030300004</build_id>
    <mac_range>
        <mac>
            <mac_min>C91A00720709</mac_min>
            <mac_max>C91A0072070A</mac_max>
        </mac>
        <mac>
            <mac_min>C91A00720710</mac_min>
            <mac_max>C91A00720712</mac_max>
        </mac>
        <mac>
            <mac_min>C91A00720716</mac_min>
            <mac_max>C91A00720718</mac_max>
        </mac>
        <mac>
            <mac_min>C91A0072071A</mac_min>
            <mac_max>C91A00720720</mac_max>
        </mac>
        <mac>
            <mac_min>C91A00720724</mac_min>
            <mac_max>C91A00720725</mac_max>
        </mac>
        <mac>
            <mac_min>C91A00720727</mac_min>
            <mac_max>C91A00720728</mac_max>
        </mac>
        <mac>
            <mac_min>C91A0072072E</mac_min>
            <mac_max>C91A0072072F</mac_max>
        </mac>
        <mac>
            <mac_min>C91A00720733</mac_min>
            <mac_max>C91A00720736</mac_max>
        </mac>
        <mac>
            <mac_min>FDA5272F24AC</mac_min>
            <mac_max>FDA5272F24AD</mac_max>
        </mac>
        <mac>
            <mac_min>FDA5272F24B3</mac_min>
            <mac_max>FDA5272F24B5</mac_max>
        </mac>
        <mac>
            <mac_min>FDA5272F24B9</mac_min>
            <mac_max>FDA5272F24BB</mac_max>
        </mac>
        <mac>
            <mac_min>FDA5272F24BD</mac_min>
            <mac_max>FDA5272F24C3</mac_max>
        </mac>
        <mac>
            <mac_min>FDA5272F24C7</mac_min>
            <mac_max>FDA5272F24C8</mac_max>
        </mac>
        <mac>
            <mac_min>FDA5272F24CA</mac_min>
            <mac_max>FDA5272F24CB</mac_max>
        </mac>
        <mac>
            <mac_min>FDA5272F24D1</mac_min>
            <mac_max>FDA5272F24D2</mac_max>
        </mac>
        <mac>
            <mac_min>FDA5272F24D6</mac_min>
            <mac_max>FDA5272F24D9</mac_max>
        </mac>
    </mac_range>
    <mac_single>
        <mac>C91A0072070E</mac>
        <mac>C91A00720714</mac>
        <mac>C91A00720738</mac>
        <mac>FDA5272F24B1</mac>
        <mac>FDA5272F24B7</mac>
        <mac>FDA5272F24DB</mac>
    </mac_single>
    <mac_warn />
</build_mac>
