<?xml version="1.0" encoding="utf-8" ?>
<build_mac>
    <build_id>860200010010300011</build_id>
    <mac_range>
        <mac>
            <mac_min>C91A0061165A</mac_min>
            <mac_max>C91A0061165B</mac_max>
        </mac>
        <mac>
            <mac_min>C91A006E5BCC</mac_min>
            <mac_max>C91A006E5BFD</mac_max>
        </mac>
        <mac>
            <mac_min>C91A006E5C62</mac_min>
            <mac_max>C91A006E5C93</mac_max>
        </mac>
        <mac>
            <mac_min>C91A006E5CF8</mac_min>
            <mac_max>C91A006E5D29</mac_max>
        </mac>
        <mac>
            <mac_min>C91A006E5D5C</mac_min>
            <mac_max>C91A006E5D8D</mac_max>
        </mac>
        <mac>
            <mac_min>C91A0071494F</mac_min>
            <mac_max>C91A00714951</mac_max>
        </mac>
        <mac>
            <mac_min>C91A00714EED</mac_min>
            <mac_max>C91A00714EEF</mac_max>
        </mac>
        <mac>
            <mac_min>C91A00714FCA</mac_min>
            <mac_max>C91A00714FCB</mac_max>
        </mac>
        <mac>
            <mac_min>C91A00714FCD</mac_min>
            <mac_max>C91A00714FCE</mac_max>
        </mac>
        <mac>
            <mac_min>C91A00714FD3</mac_min>
            <mac_max>C91A00714FD5</mac_max>
        </mac>
        <mac>
            <mac_min>C91A0072070B</mac_min>
            <mac_max>C91A0072070C</mac_max>
        </mac>
        <mac>
            <mac_min>C91A00720729</mac_min>
            <mac_max>C91A0072072A</mac_max>
        </mac>
        <mac>
            <mac_min>FDA527229AA6</mac_min>
            <mac_max>FDA527229AA7</mac_max>
        </mac>
        <mac>
            <mac_min>FDA5272B843E</mac_min>
            <mac_max>FDA5272B846F</mac_max>
        </mac>
        <mac>
            <mac_min>FDA5272B84D4</mac_min>
            <mac_max>FDA5272B8505</mac_max>
        </mac>
        <mac>
            <mac_min>FDA5272B856A</mac_min>
            <mac_max>FDA5272B859B</mac_max>
        </mac>
        <mac>
            <mac_min>FDA5272B85CE</mac_min>
            <mac_max>FDA5272B85FF</mac_max>
        </mac>
        <mac>
            <mac_min>FDA5272E3372</mac_min>
            <mac_max>FDA5272E3374</mac_max>
        </mac>
        <mac>
            <mac_min>FDA5272E3910</mac_min>
            <mac_max>FDA5272E3912</mac_max>
        </mac>
        <mac>
            <mac_min>FDA5272E39ED</mac_min>
            <mac_max>FDA5272E39EE</mac_max>
        </mac>
        <mac>
            <mac_min>FDA5272E39F0</mac_min>
            <mac_max>FDA5272E39F1</mac_max>
        </mac>
        <mac>
            <mac_min>FDA5272E39F6</mac_min>
            <mac_max>FDA5272E39F8</mac_max>
        </mac>
        <mac>
            <mac_min>FDA5272F24AE</mac_min>
            <mac_max>FDA5272F24AF</mac_max>
        </mac>
        <mac>
            <mac_min>FDA5272F24CC</mac_min>
            <mac_max>FDA5272F24CD</mac_max>
        </mac>
    </mac_range>
    <mac_single>
        <mac>C91A00611644</mac>
        <mac>C91A00611647</mac>
        <mac>C91A00611651</mac>
        <mac>C91A00611658</mac>
        <mac>C91A0061165F</mac>
        <mac>C91A00611662</mac>
        <mac>C91A00714878</mac>
        <mac>C91A00714882</mac>
        <mac>C91A00714887</mac>
        <mac>C91A00714895</mac>
        <mac>C91A007148A1</mac>
        <mac>C91A0071490F</mac>
        <mac>C91A00714914</mac>
        <mac>C91A00714918</mac>
        <mac>C91A00714931</mac>
        <mac>C91A00714941</mac>
        <mac>C91A00714949</mac>
        <mac>C91A0071495A</mac>
        <mac>C91A00714965</mac>
        <mac>C91A007149B4</mac>
        <mac>C91A007149C1</mac>
        <mac>C91A00714A1D</mac>
        <mac>C91A00714A29</mac>
        <mac>C91A00714A32</mac>
        <mac>C91A00714EF4</mac>
        <mac>C91A00714FB1</mac>
        <mac>C91A00714FBA</mac>
        <mac>C91A00714FC0</mac>
        <mac>C91A00714FD0</mac>
        <mac>C91A00714FD9</mac>
        <mac>C91A00714FDE</mac>
        <mac>C91A00720708</mac>
        <mac>C91A00720713</mac>
        <mac>C91A00720719</mac>
        <mac>C91A00720722</mac>
        <mac>C91A0072072C</mac>
        <mac>C91A00720732</mac>
        <mac>C91A00720739</mac>
        <mac>FDA527229A9F</mac>
        <mac>FDA527229AA2</mac>
        <mac>FDA527229AA9</mac>
        <mac>FDA527229AB0</mac>
        <mac>FDA527229ABA</mac>
        <mac>FDA527229ABD</mac>
        <mac>FDA5272E329B</mac>
        <mac>FDA5272E32A5</mac>
        <mac>FDA5272E32AA</mac>
        <mac>FDA5272E32B8</mac>
        <mac>FDA5272E32C4</mac>
        <mac>FDA5272E3332</mac>
        <mac>FDA5272E3337</mac>
        <mac>FDA5272E333B</mac>
        <mac>FDA5272E3354</mac>
        <mac>FDA5272E3364</mac>
        <mac>FDA5272E336C</mac>
        <mac>FDA5272E337D</mac>
        <mac>FDA5272E3388</mac>
        <mac>FDA5272E33D7</mac>
        <mac>FDA5272E33E4</mac>
        <mac>FDA5272E3440</mac>
        <mac>FDA5272E344C</mac>
        <mac>FDA5272E3455</mac>
        <mac>FDA5272E3917</mac>
        <mac>FDA5272E39D4</mac>
        <mac>FDA5272E39DD</mac>
        <mac>FDA5272E39E3</mac>
        <mac>FDA5272E39F3</mac>
        <mac>FDA5272E39FC</mac>
        <mac>FDA5272E3A01</mac>
        <mac>FDA5272F24AB</mac>
        <mac>FDA5272F24B6</mac>
        <mac>FDA5272F24BC</mac>
        <mac>FDA5272F24C5</mac>
        <mac>FDA5272F24CF</mac>
        <mac>FDA5272F24D5</mac>
        <mac>FDA5272F24DC</mac>
    </mac_single>
    <mac_warn />
</build_mac>
