<?xml version="1.0" encoding="utf-8" ?>
<build_mac>
    <build_id>860200010020300013</build_id>
    <mac_range>
        <mac>
            <mac_min>C91A006A1FD6</mac_min>
            <mac_max>C91A006A2039</mac_max>
        </mac>
        <mac>
            <mac_min>C91A006A20D0</mac_min>
            <mac_max>C91A006A2101</mac_max>
        </mac>
        <mac>
            <mac_min>FDA52728934E</mac_min>
            <mac_max>FDA52728937F</mac_max>
        </mac>
        <mac>
            <mac_min>FDA527289416</mac_min>
            <mac_max>FDA527289479</mac_max>
        </mac>
    </mac_range>
    <mac_single>
        <mac>C91A006A1F57</mac>
        <mac>C91A006A1F70</mac>
        <mac>FDA5272894DF</mac>
        <mac>FDA5272894F8</mac>
    </mac_single>
    <mac_warn />
</build_mac>
