<?xml version="1.0" encoding="utf-8" ?>
<build_mac>
    <build_id>860200020090300001</build_id>
    <mac_range>
        <mac>
            <mac_min>C91A00711C20</mac_min>
            <mac_max>C91A00711CB5</mac_max>
        </mac>
        <mac>
            <mac_min>C91A00711CCD</mac_min>
            <mac_max>C91A00711CCE</mac_max>
        </mac>
        <mac>
            <mac_min>C91A00711CE8</mac_min>
            <mac_max>C91A00711DE8</mac_max>
        </mac>
        <mac>
            <mac_min>C91A00711DEA</mac_min>
            <mac_max>C91A00711E4D</mac_max>
        </mac>
        <mac>
            <mac_min>C91A00711E4F</mac_min>
            <mac_max>C91A00711E75</mac_max>
        </mac>
        <mac>
            <mac_min>ECB352F10000</mac_min>
            <mac_max>ECB352F10095</mac_max>
        </mac>
        <mac>
            <mac_min>ECB352F100AD</mac_min>
            <mac_max>ECB352F100AE</mac_max>
        </mac>
        <mac>
            <mac_min>ECB352F100C8</mac_min>
            <mac_max>ECB352F101C8</mac_max>
        </mac>
        <mac>
            <mac_min>ECB352F101CA</mac_min>
            <mac_max>ECB352F1022D</mac_max>
        </mac>
        <mac>
            <mac_min>ECB352F1022F</mac_min>
            <mac_max>ECB352F10255</mac_max>
        </mac>
        <mac>
            <mac_min>FDA5272DFE6D</mac_min>
            <mac_max>FDA5272DFF02</mac_max>
        </mac>
        <mac>
            <mac_min>FDA5272DFF1A</mac_min>
            <mac_max>FDA5272DFF1B</mac_max>
        </mac>
        <mac>
            <mac_min>FDA5272DFF35</mac_min>
            <mac_max>FDA5272DFF98</mac_max>
        </mac>
        <mac>
            <mac_min>FDA5272E0381</mac_min>
            <mac_max>FDA5272E041D</mac_max>
        </mac>
        <mac>
            <mac_min>FDA5272E041F</mac_min>
            <mac_max>FDA5272E0482</mac_max>
        </mac>
        <mac>
            <mac_min>FDA5272E0484</mac_min>
            <mac_max>FDA5272E04AA</mac_max>
        </mac>
    </mac_range>
    <mac_single>
        <mac>C91A00711CB7</mac>
        <mac>C91A00711CC1</mac>
        <mac>C91A00711CD4</mac>
        <mac>C91A00711CD9</mac>
        <mac>C91A00711E77</mac>
        <mac>ECB352F10097</mac>
        <mac>ECB352F100A1</mac>
        <mac>ECB352F100B4</mac>
        <mac>ECB352F100B9</mac>
        <mac>ECB352F10257</mac>
        <mac>FDA5272DFF04</mac>
        <mac>FDA5272DFF0E</mac>
        <mac>FDA5272DFF21</mac>
        <mac>FDA5272DFF26</mac>
        <mac>FDA5272E04AC</mac>
    </mac_single>
    <mac_warn />
</build_mac>
