<?xml version="1.0" encoding="utf-8" ?>
<build_mac>
    <build_id>860200060010300002</build_id>
    <mac_range>
        <mac>
            <mac_min>C91A007244F2</mac_min>
            <mac_max>C91A00724523</mac_max>
        </mac>
        <mac>
            <mac_min>FDA5272FE30D</mac_min>
            <mac_max>FDA5272FE33E</mac_max>
        </mac>
    </mac_range>
    <mac_single>
        <mac>C91A0072442B</mac>
        <mac>C91A00724430</mac>
        <mac>C91A00724433</mac>
        <mac>C91A00724435</mac>
        <mac>C91A0072443B</mac>
        <mac>C91A0072443F</mac>
        <mac>C91A00724442</mac>
        <mac>C91A00724448</mac>
        <mac>C91A00724456</mac>
        <mac>C91A00724458</mac>
        <mac>FDA5272FE246</mac>
        <mac>FDA5272FE24B</mac>
        <mac>FDA5272FE24E</mac>
        <mac>FDA5272FE250</mac>
        <mac>FDA5272FE256</mac>
        <mac>FDA5272FE25A</mac>
        <mac>FDA5272FE25D</mac>
        <mac>FDA5272FE263</mac>
        <mac>FDA5272FE271</mac>
        <mac>FDA5272FE273</mac>
    </mac_single>
    <mac_warn />
</build_mac>
