<?xml version="1.0" encoding="utf-8" ?>
<build_mac>
    <build_id>860300010020300005</build_id>
    <mac_range>
        <mac>
            <mac_min>C91A006F2AF8</mac_min>
            <mac_max>C91A006F2CEB</mac_max>
        </mac>
        <mac>
            <mac_min>C91A006F2D21</mac_min>
            <mac_max>C91A006F2D22</mac_max>
        </mac>
        <mac>
            <mac_min>C91A006F2D24</mac_min>
            <mac_max>C91A006F2D25</mac_max>
        </mac>
        <mac>
            <mac_min>C91A006F2D29</mac_min>
            <mac_max>C91A006F2D2C</mac_max>
        </mac>
        <mac>
            <mac_min>C91A006F2D2E</mac_min>
            <mac_max>C91A006F2D2F</mac_max>
        </mac>
        <mac>
            <mac_min>C91A006F2D31</mac_min>
            <mac_max>C91A006F2D35</mac_max>
        </mac>
        <mac>
            <mac_min>C91A006F2D37</mac_min>
            <mac_max>C91A006F2D3D</mac_max>
        </mac>
        <mac>
            <mac_min>C91A006F2D3F</mac_min>
            <mac_max>C91A006F2D42</mac_max>
        </mac>
        <mac>
            <mac_min>C91A006F2D48</mac_min>
            <mac_max>C91A006F2D49</mac_max>
        </mac>
        <mac>
            <mac_min>C91A006F2D50</mac_min>
            <mac_max>C91A006F2D81</mac_max>
        </mac>
        <mac>
            <mac_min>C91A006F2E7C</mac_min>
            <mac_max>C91A006F2EAD</mac_max>
        </mac>
        <mac>
            <mac_min>FDA5272C14E3</mac_min>
            <mac_max>FDA5272C16D6</mac_max>
        </mac>
        <mac>
            <mac_min>FDA5272C170C</mac_min>
            <mac_max>FDA5272C170D</mac_max>
        </mac>
        <mac>
            <mac_min>FDA5272C170F</mac_min>
            <mac_max>FDA5272C1710</mac_max>
        </mac>
        <mac>
            <mac_min>FDA5272C1714</mac_min>
            <mac_max>FDA5272C1717</mac_max>
        </mac>
        <mac>
            <mac_min>FDA5272C1719</mac_min>
            <mac_max>FDA5272C171A</mac_max>
        </mac>
        <mac>
            <mac_min>FDA5272C171C</mac_min>
            <mac_max>FDA5272C1720</mac_max>
        </mac>
        <mac>
            <mac_min>FDA5272C1722</mac_min>
            <mac_max>FDA5272C1728</mac_max>
        </mac>
        <mac>
            <mac_min>FDA5272C172A</mac_min>
            <mac_max>FDA5272C172D</mac_max>
        </mac>
        <mac>
            <mac_min>FDA5272C1733</mac_min>
            <mac_max>FDA5272C1734</mac_max>
        </mac>
        <mac>
            <mac_min>FDA5272C173B</mac_min>
            <mac_max>FDA5272C176C</mac_max>
        </mac>
        <mac>
            <mac_min>FDA5272C1867</mac_min>
            <mac_max>FDA5272C1898</mac_max>
        </mac>
    </mac_range>
    <mac_single>
        <mac>C91A006F2D1E</mac>
        <mac>C91A006F2D27</mac>
        <mac>C91A006F2D44</mac>
        <mac>C91A006F2D4B</mac>
        <mac>C91A006F2D4D</mac>
        <mac>FDA5272C1709</mac>
        <mac>FDA5272C1712</mac>
        <mac>FDA5272C172F</mac>
        <mac>FDA5272C1736</mac>
        <mac>FDA5272C1738</mac>
    </mac_single>
    <mac_warn />
</build_mac>
