<?xml version="1.0" encoding="utf-8" ?>
<build_mac>
    <build_id>860300010020300001</build_id>
    <mac_range>
        <mac>
            <mac_min>C91A00651770</mac_min>
            <mac_max>C91A006517A1</mac_max>
        </mac>
        <mac>
            <mac_min>C91A006517D4</mac_min>
            <mac_max>C91A006517ED</mac_max>
        </mac>
        <mac>
            <mac_min>C91A006517EF</mac_min>
            <mac_max>C91A00651805</mac_max>
        </mac>
        <mac>
            <mac_min>C91A00651807</mac_min>
            <mac_max>C91A0065180E</mac_max>
        </mac>
        <mac>
            <mac_min>C91A00651812</mac_min>
            <mac_max>C91A00651818</mac_max>
        </mac>
        <mac>
            <mac_min>C91A0065181E</mac_min>
            <mac_max>C91A0065181F</mac_max>
        </mac>
        <mac>
            <mac_min>C91A00651821</mac_min>
            <mac_max>C91A00651827</mac_max>
        </mac>
        <mac>
            <mac_min>C91A0065182B</mac_min>
            <mac_max>C91A0065182C</mac_max>
        </mac>
        <mac>
            <mac_min>C91A0065182E</mac_min>
            <mac_max>C91A00651830</mac_max>
        </mac>
        <mac>
            <mac_min>C91A00651835</mac_min>
            <mac_max>C91A00651875</mac_max>
        </mac>
        <mac>
            <mac_min>C91A00651877</mac_min>
            <mac_max>C91A00651895</mac_max>
        </mac>
        <mac>
            <mac_min>C91A00651897</mac_min>
            <mac_max>C91A0065189B</mac_max>
        </mac>
        <mac>
            <mac_min>C91A006518A0</mac_min>
            <mac_max>C91A006518A2</mac_max>
        </mac>
        <mac>
            <mac_min>C91A006518BA</mac_min>
            <mac_max>C91A006518BB</mac_max>
        </mac>
        <mac>
            <mac_min>C91A006518BD</mac_min>
            <mac_max>C91A006518BE</mac_max>
        </mac>
        <mac>
            <mac_min>C91A006518C0</mac_min>
            <mac_max>C91A006518C1</mac_max>
        </mac>
        <mac>
            <mac_min>C91A006518CD</mac_min>
            <mac_max>C91A006518FF</mac_max>
        </mac>
        <mac>
            <mac_min>C91A00651996</mac_min>
            <mac_max>C91A006519C7</mac_max>
        </mac>
        <mac>
            <mac_min>C91A00651B26</mac_min>
            <mac_max>C91A00651B46</mac_max>
        </mac>
        <mac>
            <mac_min>C91A00651B48</mac_min>
            <mac_max>C91A00651B57</mac_max>
        </mac>
        <mac>
            <mac_min>ECB329050000</mac_min>
            <mac_max>ECB329050031</mac_max>
        </mac>
        <mac>
            <mac_min>ECB329050064</mac_min>
            <mac_max>ECB32905007D</mac_max>
        </mac>
        <mac>
            <mac_min>ECB32905007F</mac_min>
            <mac_max>ECB329050095</mac_max>
        </mac>
        <mac>
            <mac_min>ECB329050097</mac_min>
            <mac_max>ECB32905009E</mac_max>
        </mac>
        <mac>
            <mac_min>ECB3290500A2</mac_min>
            <mac_max>ECB3290500A8</mac_max>
        </mac>
        <mac>
            <mac_min>ECB3290500AE</mac_min>
            <mac_max>ECB3290500AF</mac_max>
        </mac>
        <mac>
            <mac_min>ECB3290500B1</mac_min>
            <mac_max>ECB3290500B7</mac_max>
        </mac>
        <mac>
            <mac_min>ECB3290500BB</mac_min>
            <mac_max>ECB3290500BC</mac_max>
        </mac>
        <mac>
            <mac_min>ECB3290500BE</mac_min>
            <mac_max>ECB3290500C0</mac_max>
        </mac>
        <mac>
            <mac_min>ECB3290500C5</mac_min>
            <mac_max>ECB329050105</mac_max>
        </mac>
        <mac>
            <mac_min>ECB329050107</mac_min>
            <mac_max>ECB329050125</mac_max>
        </mac>
        <mac>
            <mac_min>ECB329050127</mac_min>
            <mac_max>ECB32905012B</mac_max>
        </mac>
        <mac>
            <mac_min>ECB329050130</mac_min>
            <mac_max>ECB329050132</mac_max>
        </mac>
        <mac>
            <mac_min>ECB32905014A</mac_min>
            <mac_max>ECB32905014B</mac_max>
        </mac>
        <mac>
            <mac_min>ECB32905014D</mac_min>
            <mac_max>ECB32905014E</mac_max>
        </mac>
        <mac>
            <mac_min>ECB329050150</mac_min>
            <mac_max>ECB329050151</mac_max>
        </mac>
        <mac>
            <mac_min>ECB32905015D</mac_min>
            <mac_max>ECB32905018F</mac_max>
        </mac>
        <mac>
            <mac_min>ECB329050226</mac_min>
            <mac_max>ECB329050257</mac_max>
        </mac>
        <mac>
            <mac_min>ECB3290503B6</mac_min>
            <mac_max>ECB3290503D6</mac_max>
        </mac>
        <mac>
            <mac_min>ECB3290503D8</mac_min>
            <mac_max>ECB3290503E7</mac_max>
        </mac>
        <mac>
            <mac_min>FDA52725D91B</mac_min>
            <mac_max>FDA52725D92A</mac_max>
        </mac>
        <mac>
            <mac_min>FDA52725D92C</mac_min>
            <mac_max>FDA52725D94C</mac_max>
        </mac>
        <mac>
            <mac_min>FDA52725DAAB</mac_min>
            <mac_max>FDA52725DADC</mac_max>
        </mac>
        <mac>
            <mac_min>FDA52725DB73</mac_min>
            <mac_max>FDA52725DBA5</mac_max>
        </mac>
        <mac>
            <mac_min>FDA52725DBB1</mac_min>
            <mac_max>FDA52725DBB2</mac_max>
        </mac>
        <mac>
            <mac_min>FDA52725DBB4</mac_min>
            <mac_max>FDA52725DBB5</mac_max>
        </mac>
        <mac>
            <mac_min>FDA52725DBB7</mac_min>
            <mac_max>FDA52725DBB8</mac_max>
        </mac>
        <mac>
            <mac_min>FDA52725DBD0</mac_min>
            <mac_max>FDA52725DBD2</mac_max>
        </mac>
        <mac>
            <mac_min>FDA52725DBD7</mac_min>
            <mac_max>FDA52725DBDB</mac_max>
        </mac>
        <mac>
            <mac_min>FDA52725DBDD</mac_min>
            <mac_max>FDA52725DBFB</mac_max>
        </mac>
        <mac>
            <mac_min>FDA52725DBFD</mac_min>
            <mac_max>FDA52725DC3D</mac_max>
        </mac>
        <mac>
            <mac_min>FDA52725DC42</mac_min>
            <mac_max>FDA52725DC44</mac_max>
        </mac>
        <mac>
            <mac_min>FDA52725DC46</mac_min>
            <mac_max>FDA52725DC47</mac_max>
        </mac>
        <mac>
            <mac_min>FDA52725DC4B</mac_min>
            <mac_max>FDA52725DC51</mac_max>
        </mac>
        <mac>
            <mac_min>FDA52725DC53</mac_min>
            <mac_max>FDA52725DC54</mac_max>
        </mac>
        <mac>
            <mac_min>FDA52725DC5A</mac_min>
            <mac_max>FDA52725DC60</mac_max>
        </mac>
        <mac>
            <mac_min>FDA52725DC64</mac_min>
            <mac_max>FDA52725DC6B</mac_max>
        </mac>
        <mac>
            <mac_min>FDA52725DC6D</mac_min>
            <mac_max>FDA52725DC83</mac_max>
        </mac>
        <mac>
            <mac_min>FDA52725DC85</mac_min>
            <mac_max>FDA52725DC9E</mac_max>
        </mac>
        <mac>
            <mac_min>FDA52725DCD1</mac_min>
            <mac_max>FDA52725DD02</mac_max>
        </mac>
    </mac_range>
    <mac_single>
        <mac>C91A00651810</mac>
        <mac>C91A0065181B</mac>
        <mac>C91A00651832</mac>
        <mac>C91A006518A7</mac>
        <mac>C91A006518AC</mac>
        <mac>C91A006518B1</mac>
        <mac>C91A006518B3</mac>
        <mac>C91A006518B6</mac>
        <mac>C91A006518B8</mac>
        <mac>C91A006518C3</mac>
        <mac>C91A006518C5</mac>
        <mac>C91A006518C9</mac>
        <mac>ECB3290500A0</mac>
        <mac>ECB3290500AB</mac>
        <mac>ECB3290500C2</mac>
        <mac>ECB329050137</mac>
        <mac>ECB32905013C</mac>
        <mac>ECB329050141</mac>
        <mac>ECB329050143</mac>
        <mac>ECB329050146</mac>
        <mac>ECB329050148</mac>
        <mac>ECB329050153</mac>
        <mac>ECB329050155</mac>
        <mac>ECB329050159</mac>
        <mac>FDA52725DBA9</mac>
        <mac>FDA52725DBAD</mac>
        <mac>FDA52725DBAF</mac>
        <mac>FDA52725DBBA</mac>
        <mac>FDA52725DBBC</mac>
        <mac>FDA52725DBBF</mac>
        <mac>FDA52725DBC1</mac>
        <mac>FDA52725DBC6</mac>
        <mac>FDA52725DBCB</mac>
        <mac>FDA52725DC40</mac>
        <mac>FDA52725DC57</mac>
        <mac>FDA52725DC62</mac>
    </mac_single>
    <mac_warn />
</build_mac>
