<?xml version="1.0" encoding="utf-8" ?>
<build_mac>
    <build_id>860300010030300013</build_id>
    <mac_range>
        <mac>
            <mac_min>C91A00725DF2</mac_min>
            <mac_max>C91A00725DF5</mac_max>
        </mac>
        <mac>
            <mac_min>C91A00725DF7</mac_min>
            <mac_max>C91A00725E09</mac_max>
        </mac>
        <mac>
            <mac_min>C91A00725E0B</mac_min>
            <mac_max>C91A00725E0C</mac_max>
        </mac>
        <mac>
            <mac_min>C91A00725E0F</mac_min>
            <mac_max>C91A00725E12</mac_max>
        </mac>
        <mac>
            <mac_min>C91A00725E14</mac_min>
            <mac_max>C91A00725E19</mac_max>
        </mac>
        <mac>
            <mac_min>C91A00725E1B</mac_min>
            <mac_max>C91A00725E1C</mac_max>
        </mac>
        <mac>
            <mac_min>C91A00725E20</mac_min>
            <mac_max>C91A00725E23</mac_max>
        </mac>
        <mac>
            <mac_min>C91A00725E5B</mac_min>
            <mac_max>C91A00725E5D</mac_max>
        </mac>
        <mac>
            <mac_min>C91A00725E6C</mac_min>
            <mac_max>C91A00725E6E</mac_max>
        </mac>
        <mac>
            <mac_min>FDA5272FFC0E</mac_min>
            <mac_max>FDA5272FFC11</mac_max>
        </mac>
        <mac>
            <mac_min>FDA5272FFC13</mac_min>
            <mac_max>FDA5272FFC25</mac_max>
        </mac>
        <mac>
            <mac_min>FDA5272FFC27</mac_min>
            <mac_max>FDA5272FFC28</mac_max>
        </mac>
        <mac>
            <mac_min>FDA5272FFC2B</mac_min>
            <mac_max>FDA5272FFC2E</mac_max>
        </mac>
        <mac>
            <mac_min>FDA5272FFC30</mac_min>
            <mac_max>FDA5272FFC35</mac_max>
        </mac>
        <mac>
            <mac_min>FDA5272FFC37</mac_min>
            <mac_max>FDA5272FFC38</mac_max>
        </mac>
        <mac>
            <mac_min>FDA5272FFC3C</mac_min>
            <mac_max>FDA5272FFC3F</mac_max>
        </mac>
        <mac>
            <mac_min>FDA5272FFC77</mac_min>
            <mac_max>FDA5272FFC79</mac_max>
        </mac>
        <mac>
            <mac_min>FDA5272FFC88</mac_min>
            <mac_max>FDA5272FFC8A</mac_max>
        </mac>
    </mac_range>
    <mac_single>
        <mac>C91A00725E1E</mac>
        <mac>C91A00725E58</mac>
        <mac>C91A00725E5F</mac>
        <mac>C91A00725E75</mac>
        <mac>C91A00725E7A</mac>
        <mac>C91A00725E7F</mac>
        <mac>C91A00725E81</mac>
        <mac>C91A00725E84</mac>
        <mac>C91A00725E87</mac>
        <mac>FDA5272FFC3A</mac>
        <mac>FDA5272FFC74</mac>
        <mac>FDA5272FFC7B</mac>
        <mac>FDA5272FFC91</mac>
        <mac>FDA5272FFC96</mac>
        <mac>FDA5272FFC9B</mac>
        <mac>FDA5272FFC9D</mac>
        <mac>FDA5272FFCA0</mac>
        <mac>FDA5272FFCA3</mac>
    </mac_single>
    <mac_warn />
</build_mac>
