<?xml version="1.0" encoding="utf-8" ?>
<build_mac>
    <build_id>860300010030300001</build_id>
    <mac_range>
        <mac>
            <mac_min>C91A00651B58</mac_min>
            <mac_max>C91A00651B89</mac_max>
        </mac>
        <mac>
            <mac_min>C91A00651BBC</mac_min>
            <mac_max>C91A00651C51</mac_max>
        </mac>
        <mac>
            <mac_min>C91A00651C84</mac_min>
            <mac_max>C91A00651D7E</mac_max>
        </mac>
        <mac>
            <mac_min>C91A00651D80</mac_min>
            <mac_max>C91A00651D81</mac_max>
        </mac>
        <mac>
            <mac_min>C91A00651D83</mac_min>
            <mac_max>C91A00651D86</mac_max>
        </mac>
        <mac>
            <mac_min>C91A00651D88</mac_min>
            <mac_max>C91A00651D8E</mac_max>
        </mac>
        <mac>
            <mac_min>C91A00651D90</mac_min>
            <mac_max>C91A00651D95</mac_max>
        </mac>
        <mac>
            <mac_min>C91A00651D9A</mac_min>
            <mac_max>C91A00651D9B</mac_max>
        </mac>
        <mac>
            <mac_min>C91A00651D9D</mac_min>
            <mac_max>C91A00651D9F</mac_max>
        </mac>
        <mac>
            <mac_min>C91A00651DA2</mac_min>
            <mac_max>C91A00651DA6</mac_max>
        </mac>
        <mac>
            <mac_min>C91A00651DA8</mac_min>
            <mac_max>C91A00651DAC</mac_max>
        </mac>
        <mac>
            <mac_min>C91A00651DAE</mac_min>
            <mac_max>C91A00651DE1</mac_max>
        </mac>
        <mac>
            <mac_min>ECB329060000</mac_min>
            <mac_max>ECB329060031</mac_max>
        </mac>
        <mac>
            <mac_min>ECB329060064</mac_min>
            <mac_max>ECB3290600F9</mac_max>
        </mac>
        <mac>
            <mac_min>ECB32906012C</mac_min>
            <mac_max>ECB329060226</mac_max>
        </mac>
        <mac>
            <mac_min>ECB329060228</mac_min>
            <mac_max>ECB329060229</mac_max>
        </mac>
        <mac>
            <mac_min>ECB32906022B</mac_min>
            <mac_max>ECB32906022E</mac_max>
        </mac>
        <mac>
            <mac_min>ECB329060230</mac_min>
            <mac_max>ECB329060236</mac_max>
        </mac>
        <mac>
            <mac_min>ECB329060238</mac_min>
            <mac_max>ECB32906023D</mac_max>
        </mac>
        <mac>
            <mac_min>ECB329060242</mac_min>
            <mac_max>ECB329060243</mac_max>
        </mac>
        <mac>
            <mac_min>ECB329060245</mac_min>
            <mac_max>ECB329060247</mac_max>
        </mac>
        <mac>
            <mac_min>ECB32906024A</mac_min>
            <mac_max>ECB32906024E</mac_max>
        </mac>
        <mac>
            <mac_min>ECB329060250</mac_min>
            <mac_max>ECB329060254</mac_max>
        </mac>
        <mac>
            <mac_min>ECB329060256</mac_min>
            <mac_max>ECB329060289</mac_max>
        </mac>
        <mac>
            <mac_min>FDA52725D691</mac_min>
            <mac_max>FDA52725D6C4</mac_max>
        </mac>
        <mac>
            <mac_min>FDA52725D6C6</mac_min>
            <mac_max>FDA52725D6CA</mac_max>
        </mac>
        <mac>
            <mac_min>FDA52725D6CC</mac_min>
            <mac_max>FDA52725D6D0</mac_max>
        </mac>
        <mac>
            <mac_min>FDA52725D6D3</mac_min>
            <mac_max>FDA52725D6D5</mac_max>
        </mac>
        <mac>
            <mac_min>FDA52725D6D7</mac_min>
            <mac_max>FDA52725D6D8</mac_max>
        </mac>
        <mac>
            <mac_min>FDA52725D6DD</mac_min>
            <mac_max>FDA52725D6E2</mac_max>
        </mac>
        <mac>
            <mac_min>FDA52725D6E4</mac_min>
            <mac_max>FDA52725D6EA</mac_max>
        </mac>
        <mac>
            <mac_min>FDA52725D6EC</mac_min>
            <mac_max>FDA52725D6EF</mac_max>
        </mac>
        <mac>
            <mac_min>FDA52725D6F1</mac_min>
            <mac_max>FDA52725D6F2</mac_max>
        </mac>
        <mac>
            <mac_min>FDA52725D6F4</mac_min>
            <mac_max>FDA52725D7EE</mac_max>
        </mac>
        <mac>
            <mac_min>FDA52725D821</mac_min>
            <mac_max>FDA52725D8B6</mac_max>
        </mac>
        <mac>
            <mac_min>FDA52725D8E9</mac_min>
            <mac_max>FDA52725D91A</mac_max>
        </mac>
    </mac_range>
    <mac_single>
        <mac>C91A00651B8F</mac>
        <mac>C91A00651B93</mac>
        <mac>C91A00651B95</mac>
        <mac>C91A00651BA0</mac>
        <mac>C91A00651BA6</mac>
        <mac>C91A00651BAB</mac>
        <mac>C91A00651BBA</mac>
        <mac>C91A00651D98</mac>
        <mac>ECB329060037</mac>
        <mac>ECB32906003B</mac>
        <mac>ECB32906003D</mac>
        <mac>ECB329060048</mac>
        <mac>ECB32906004E</mac>
        <mac>ECB329060053</mac>
        <mac>ECB329060062</mac>
        <mac>ECB329060240</mac>
        <mac>FDA52725D6DA</mac>
        <mac>FDA52725D8B8</mac>
        <mac>FDA52725D8C7</mac>
        <mac>FDA52725D8CC</mac>
        <mac>FDA52725D8D2</mac>
        <mac>FDA52725D8DD</mac>
        <mac>FDA52725D8DF</mac>
        <mac>FDA52725D8E3</mac>
    </mac_single>
    <mac_warn />
</build_mac>
