<?xml version="1.0" encoding="utf-8" ?>
<build_mac>
    <build_id>860300010030300005</build_id>
    <mac_range>
        <mac>
            <mac_min>C91A00720B22</mac_min>
            <mac_max>C91A00720B85</mac_max>
        </mac>
        <mac>
            <mac_min>C91A00720C4F</mac_min>
            <mac_max>C91A00720C59</mac_max>
        </mac>
        <mac>
            <mac_min>C91A00720C5B</mac_min>
            <mac_max>C91A00720C5C</mac_max>
        </mac>
        <mac>
            <mac_min>C91A00720C60</mac_min>
            <mac_max>C91A00720C63</mac_max>
        </mac>
        <mac>
            <mac_min>C91A00720C65</mac_min>
            <mac_max>C91A00720C6B</mac_max>
        </mac>
        <mac>
            <mac_min>C91A00720C6D</mac_min>
            <mac_max>C91A00720C6E</mac_max>
        </mac>
        <mac>
            <mac_min>C91A00720C70</mac_min>
            <mac_max>C91A00720C75</mac_max>
        </mac>
        <mac>
            <mac_min>C91A00720C77</mac_min>
            <mac_max>C91A00720C7F</mac_max>
        </mac>
        <mac>
            <mac_min>FDA5272588F1</mac_min>
            <mac_max>FDA5272588F2</mac_max>
        </mac>
        <mac>
            <mac_min>FDA5272589B5</mac_min>
            <mac_max>FDA5272589B6</mac_max>
        </mac>
        <mac>
            <mac_min>FDA5272589BF</mac_min>
            <mac_max>FDA5272589C0</mac_max>
        </mac>
        <mac>
            <mac_min>FDA527258A0C</mac_min>
            <mac_max>FDA527258A13</mac_max>
        </mac>
        <mac>
            <mac_min>FDA527258A15</mac_min>
            <mac_max>FDA527258A18</mac_max>
        </mac>
        <mac>
            <mac_min>FDA527258A1B</mac_min>
            <mac_max>FDA527258A23</mac_max>
        </mac>
        <mac>
            <mac_min>FDA527258A2A</mac_min>
            <mac_max>FDA527258A2B</mac_max>
        </mac>
        <mac>
            <mac_min>FDA527258A32</mac_min>
            <mac_max>FDA527258A33</mac_max>
        </mac>
        <mac>
            <mac_min>FDA527258A39</mac_min>
            <mac_max>FDA527258A3B</mac_max>
        </mac>
        <mac>
            <mac_min>FDA527258A4A</mac_min>
            <mac_max>FDA527258A4D</mac_max>
        </mac>
        <mac>
            <mac_min>FDA527258A54</mac_min>
            <mac_max>FDA527258A55</mac_max>
        </mac>
        <mac>
            <mac_min>FDA527258A59</mac_min>
            <mac_max>FDA527258A5A</mac_max>
        </mac>
        <mac>
            <mac_min>FDA527258A62</mac_min>
            <mac_max>FDA527258A63</mac_max>
        </mac>
        <mac>
            <mac_min>FDA527258B2A</mac_min>
            <mac_max>FDA527258B2B</mac_max>
        </mac>
        <mac>
            <mac_min>FDA527258B2D</mac_min>
            <mac_max>FDA527258B2E</mac_max>
        </mac>
        <mac>
            <mac_min>FDA527258B70</mac_min>
            <mac_max>FDA527258B71</mac_max>
        </mac>
        <mac>
            <mac_min>FDA527258B76</mac_min>
            <mac_max>FDA527258B77</mac_max>
        </mac>
        <mac>
            <mac_min>FDA527258B7D</mac_min>
            <mac_max>FDA527258B81</mac_max>
        </mac>
        <mac>
            <mac_min>FDA527258B8A</mac_min>
            <mac_max>FDA527258B90</mac_max>
        </mac>
        <mac>
            <mac_min>FDA5272F28C5</mac_min>
            <mac_max>FDA5272F2928</mac_max>
        </mac>
        <mac>
            <mac_min>FDA5272F29F2</mac_min>
            <mac_max>FDA5272F29FC</mac_max>
        </mac>
        <mac>
            <mac_min>FDA5272F29FE</mac_min>
            <mac_max>FDA5272F29FF</mac_max>
        </mac>
        <mac>
            <mac_min>FDA5272F2A03</mac_min>
            <mac_max>FDA5272F2A06</mac_max>
        </mac>
        <mac>
            <mac_min>FDA5272F2A08</mac_min>
            <mac_max>FDA5272F2A0E</mac_max>
        </mac>
        <mac>
            <mac_min>FDA5272F2A10</mac_min>
            <mac_max>FDA5272F2A11</mac_max>
        </mac>
        <mac>
            <mac_min>FDA5272F2A13</mac_min>
            <mac_max>FDA5272F2A18</mac_max>
        </mac>
        <mac>
            <mac_min>FDA5272F2A1A</mac_min>
            <mac_max>FDA5272F2A22</mac_max>
        </mac>
    </mac_range>
    <mac_single>
        <mac>C91A00720C5E</mac>
        <mac>FDA5272588E6</mac>
        <mac>FDA5272588EC</mac>
        <mac>FDA5272588FB</mac>
        <mac>FDA5272589B0</mac>
        <mac>FDA5272589BA</mac>
        <mac>FDA527258A25</mac>
        <mac>FDA527258A4F</mac>
        <mac>FDA527258A52</mac>
        <mac>FDA527258A5C</mac>
        <mac>FDA527258AB2</mac>
        <mac>FDA527258AD2</mac>
        <mac>FDA527258B07</mac>
        <mac>FDA527258B11</mac>
        <mac>FDA527258B26</mac>
        <mac>FDA527258B35</mac>
        <mac>FDA527258B3B</mac>
        <mac>FDA527258B68</mac>
        <mac>FDA527258B79</mac>
        <mac>FDA527258B87</mac>
        <mac>FDA527258D19</mac>
        <mac>FDA527258D1E</mac>
        <mac>FDA527259598</mac>
        <mac>FDA52725959E</mac>
        <mac>FDA5272F2A01</mac>
    </mac_single>
    <mac_warn />
</build_mac>
