<?xml version="1.0" encoding="utf-8" ?>
<build_mac>
    <build_id>860300010030300010</build_id>
    <mac_range>
        <mac>
            <mac_min>C91A006F251C</mac_min>
            <mac_max>C91A006F2539</mac_max>
        </mac>
        <mac>
            <mac_min>C91A006F253B</mac_min>
            <mac_max>C91A006F254D</mac_max>
        </mac>
        <mac>
            <mac_min>C91A006F2580</mac_min>
            <mac_max>C91A006F25B2</mac_max>
        </mac>
        <mac>
            <mac_min>C91A006F25B8</mac_min>
            <mac_max>C91A006F25B9</mac_max>
        </mac>
        <mac>
            <mac_min>C91A006F25BE</mac_min>
            <mac_max>C91A006F25C1</mac_max>
        </mac>
        <mac>
            <mac_min>C91A006F25C3</mac_min>
            <mac_max>C91A006F25C5</mac_max>
        </mac>
        <mac>
            <mac_min>C91A006F25CC</mac_min>
            <mac_max>C91A006F25CE</mac_max>
        </mac>
        <mac>
            <mac_min>C91A006F25D0</mac_min>
            <mac_max>C91A006F25D2</mac_max>
        </mac>
        <mac>
            <mac_min>C91A006F25DE</mac_min>
            <mac_max>C91A006F25E1</mac_max>
        </mac>
        <mac>
            <mac_min>C91A006F267A</mac_min>
            <mac_max>C91A006F26E2</mac_max>
        </mac>
        <mac>
            <mac_min>C91A006F26E4</mac_min>
            <mac_max>C91A006F270F</mac_max>
        </mac>
        <mac>
            <mac_min>FDA5272BC4D0</mac_min>
            <mac_max>FDA5272BC4ED</mac_max>
        </mac>
        <mac>
            <mac_min>FDA5272BC4EF</mac_min>
            <mac_max>FDA5272BC501</mac_max>
        </mac>
        <mac>
            <mac_min>FDA5272BC534</mac_min>
            <mac_max>FDA5272BC566</mac_max>
        </mac>
        <mac>
            <mac_min>FDA5272BC56C</mac_min>
            <mac_max>FDA5272BC56D</mac_max>
        </mac>
        <mac>
            <mac_min>FDA5272BC572</mac_min>
            <mac_max>FDA5272BC575</mac_max>
        </mac>
        <mac>
            <mac_min>FDA5272BC577</mac_min>
            <mac_max>FDA5272BC579</mac_max>
        </mac>
        <mac>
            <mac_min>FDA5272BC580</mac_min>
            <mac_max>FDA5272BC582</mac_max>
        </mac>
        <mac>
            <mac_min>FDA5272BC584</mac_min>
            <mac_max>FDA5272BC586</mac_max>
        </mac>
        <mac>
            <mac_min>FDA5272BC592</mac_min>
            <mac_max>FDA5272BC595</mac_max>
        </mac>
        <mac>
            <mac_min>FDA5272BC62E</mac_min>
            <mac_max>FDA5272BC696</mac_max>
        </mac>
        <mac>
            <mac_min>FDA5272BC698</mac_min>
            <mac_max>FDA5272BC6C3</mac_max>
        </mac>
    </mac_range>
    <mac_single>
        <mac>C91A006F25B4</mac>
        <mac>C91A006F25B6</mac>
        <mac>C91A006F25C8</mac>
        <mac>C91A006F25D4</mac>
        <mac>C91A006F25D7</mac>
        <mac>C91A006F25DA</mac>
        <mac>C91A006F25DC</mac>
        <mac>FDA5272BC568</mac>
        <mac>FDA5272BC56A</mac>
        <mac>FDA5272BC57C</mac>
        <mac>FDA5272BC588</mac>
        <mac>FDA5272BC58B</mac>
        <mac>FDA5272BC58E</mac>
        <mac>FDA5272BC590</mac>
    </mac_single>
    <mac_warn />
</build_mac>
