<?xml version="1.0" encoding="utf-8" ?>
<build_mac>
    <build_id>860300010090300001</build_id>
    <mac_range>
        <mac>
            <mac_min>C91A00720960</mac_min>
            <mac_max>C91A00720991</mac_max>
        </mac>
        <mac>
            <mac_min>C91A00720A8C</mac_min>
            <mac_max>C91A00720ABD</mac_max>
        </mac>
        <mac>
            <mac_min>C91A00720AF0</mac_min>
            <mac_max>C91A00720B21</mac_max>
        </mac>
        <mac>
            <mac_min>C91A00720B86</mac_min>
            <mac_max>C91A00720BB2</mac_max>
        </mac>
        <mac>
            <mac_min>C91A00720BB4</mac_min>
            <mac_max>C91A00720BB7</mac_max>
        </mac>
        <mac>
            <mac_min>C91A00720BEC</mac_min>
            <mac_max>C91A00720BED</mac_max>
        </mac>
        <mac>
            <mac_min>C91A00720BF0</mac_min>
            <mac_max>C91A00720BF2</mac_max>
        </mac>
        <mac>
            <mac_min>C91A00720BF6</mac_min>
            <mac_max>C91A00720BF7</mac_max>
        </mac>
        <mac>
            <mac_min>C91A00720BFC</mac_min>
            <mac_max>C91A00720BFD</mac_max>
        </mac>
        <mac>
            <mac_min>C91A00720C12</mac_min>
            <mac_max>C91A00720C13</mac_max>
        </mac>
        <mac>
            <mac_min>C91A00720C16</mac_min>
            <mac_max>C91A00720C18</mac_max>
        </mac>
        <mac>
            <mac_min>C91A00720C1C</mac_min>
            <mac_max>C91A00720C4D</mac_max>
        </mac>
        <mac>
            <mac_min>FDA5272F2703</mac_min>
            <mac_max>FDA5272F2734</mac_max>
        </mac>
        <mac>
            <mac_min>FDA5272F282F</mac_min>
            <mac_max>FDA5272F2860</mac_max>
        </mac>
        <mac>
            <mac_min>FDA5272F2893</mac_min>
            <mac_max>FDA5272F28C4</mac_max>
        </mac>
        <mac>
            <mac_min>FDA5272F2929</mac_min>
            <mac_max>FDA5272F2955</mac_max>
        </mac>
        <mac>
            <mac_min>FDA5272F2957</mac_min>
            <mac_max>FDA5272F295A</mac_max>
        </mac>
        <mac>
            <mac_min>FDA5272F298F</mac_min>
            <mac_max>FDA5272F2990</mac_max>
        </mac>
        <mac>
            <mac_min>FDA5272F2993</mac_min>
            <mac_max>FDA5272F2995</mac_max>
        </mac>
        <mac>
            <mac_min>FDA5272F2999</mac_min>
            <mac_max>FDA5272F299A</mac_max>
        </mac>
        <mac>
            <mac_min>FDA5272F299F</mac_min>
            <mac_max>FDA5272F29A0</mac_max>
        </mac>
        <mac>
            <mac_min>FDA5272F29B5</mac_min>
            <mac_max>FDA5272F29B6</mac_max>
        </mac>
        <mac>
            <mac_min>FDA5272F29B9</mac_min>
            <mac_max>FDA5272F29BB</mac_max>
        </mac>
        <mac>
            <mac_min>FDA5272F29BF</mac_min>
            <mac_max>FDA5272F29F0</mac_max>
        </mac>
    </mac_range>
    <mac_single>
        <mac>C91A00720BFA</mac>
        <mac>C91A00720C03</mac>
        <mac>C91A00720C06</mac>
        <mac>C91A00720C09</mac>
        <mac>C91A00720C0B</mac>
        <mac>C91A00720C1A</mac>
        <mac>FDA5272F299D</mac>
        <mac>FDA5272F29A6</mac>
        <mac>FDA5272F29A9</mac>
        <mac>FDA5272F29AC</mac>
        <mac>FDA5272F29AE</mac>
        <mac>FDA5272F29BD</mac>
    </mac_single>
    <mac_warn />
</build_mac>
