<?xml version="1.0" encoding="utf-8" ?>
<build_mac>
    <build_id>860300010030300007</build_id>
    <mac_range>
        <mac>
            <mac_min>C91A00720898</mac_min>
            <mac_max>C91A007208FD</mac_max>
        </mac>
        <mac>
            <mac_min>C91A007208FF</mac_min>
            <mac_max>C91A0072092D</mac_max>
        </mac>
        <mac>
            <mac_min>C91A00720992</mac_min>
            <mac_max>C91A007209C3</mac_max>
        </mac>
        <mac>
            <mac_min>C91A00720A28</mac_min>
            <mac_max>C91A00720A8B</mac_max>
        </mac>
        <mac>
            <mac_min>C91A00720ABE</mac_min>
            <mac_max>C91A00720AEF</mac_max>
        </mac>
        <mac>
            <mac_min>C91A00720BB8</mac_min>
            <mac_max>C91A00720BEB</mac_max>
        </mac>
        <mac>
            <mac_min>C91A00720BEE</mac_min>
            <mac_max>C91A00720BEF</mac_max>
        </mac>
        <mac>
            <mac_min>C91A00720BF3</mac_min>
            <mac_max>C91A00720BF5</mac_max>
        </mac>
        <mac>
            <mac_min>C91A00720BF8</mac_min>
            <mac_max>C91A00720BF9</mac_max>
        </mac>
        <mac>
            <mac_min>C91A00720BFE</mac_min>
            <mac_max>C91A00720C02</mac_max>
        </mac>
        <mac>
            <mac_min>C91A00720C04</mac_min>
            <mac_max>C91A00720C05</mac_max>
        </mac>
        <mac>
            <mac_min>C91A00720C07</mac_min>
            <mac_max>C91A00720C08</mac_max>
        </mac>
        <mac>
            <mac_min>C91A00720C0C</mac_min>
            <mac_max>C91A00720C11</mac_max>
        </mac>
        <mac>
            <mac_min>C91A00720C14</mac_min>
            <mac_max>C91A00720C15</mac_max>
        </mac>
        <mac>
            <mac_min>FDA5272F263B</mac_min>
            <mac_max>FDA5272F26A0</mac_max>
        </mac>
        <mac>
            <mac_min>FDA5272F26A2</mac_min>
            <mac_max>FDA5272F26D0</mac_max>
        </mac>
        <mac>
            <mac_min>FDA5272F2735</mac_min>
            <mac_max>FDA5272F2766</mac_max>
        </mac>
        <mac>
            <mac_min>FDA5272F27CB</mac_min>
            <mac_max>FDA5272F282E</mac_max>
        </mac>
        <mac>
            <mac_min>FDA5272F2861</mac_min>
            <mac_max>FDA5272F2892</mac_max>
        </mac>
        <mac>
            <mac_min>FDA5272F295B</mac_min>
            <mac_max>FDA5272F298E</mac_max>
        </mac>
        <mac>
            <mac_min>FDA5272F2991</mac_min>
            <mac_max>FDA5272F2992</mac_max>
        </mac>
        <mac>
            <mac_min>FDA5272F2996</mac_min>
            <mac_max>FDA5272F2998</mac_max>
        </mac>
        <mac>
            <mac_min>FDA5272F299B</mac_min>
            <mac_max>FDA5272F299C</mac_max>
        </mac>
        <mac>
            <mac_min>FDA5272F29A1</mac_min>
            <mac_max>FDA5272F29A5</mac_max>
        </mac>
        <mac>
            <mac_min>FDA5272F29A7</mac_min>
            <mac_max>FDA5272F29A8</mac_max>
        </mac>
        <mac>
            <mac_min>FDA5272F29AA</mac_min>
            <mac_max>FDA5272F29AB</mac_max>
        </mac>
        <mac>
            <mac_min>FDA5272F29AF</mac_min>
            <mac_max>FDA5272F29B4</mac_max>
        </mac>
        <mac>
            <mac_min>FDA5272F29B7</mac_min>
            <mac_max>FDA5272F29B8</mac_max>
        </mac>
    </mac_range>
    <mac_single>
        <mac>C91A00720BFB</mac>
        <mac>C91A00720C0A</mac>
        <mac>C91A00720C19</mac>
        <mac>C91A00720C1B</mac>
        <mac>C91A00720C4E</mac>
        <mac>C91A00720C5A</mac>
        <mac>C91A00720C5D</mac>
        <mac>C91A00720C5F</mac>
        <mac>C91A00720C64</mac>
        <mac>C91A00720C6C</mac>
        <mac>C91A00720C6F</mac>
        <mac>C91A00720C76</mac>
        <mac>C91A00720C82</mac>
        <mac>FDA5272F299E</mac>
        <mac>FDA5272F29AD</mac>
        <mac>FDA5272F29BC</mac>
        <mac>FDA5272F29BE</mac>
        <mac>FDA5272F29F1</mac>
        <mac>FDA5272F29FD</mac>
        <mac>FDA5272F2A00</mac>
        <mac>FDA5272F2A02</mac>
        <mac>FDA5272F2A07</mac>
        <mac>FDA5272F2A0F</mac>
        <mac>FDA5272F2A12</mac>
        <mac>FDA5272F2A19</mac>
        <mac>FDA5272F2A25</mac>
    </mac_single>
    <mac_warn />
</build_mac>
