<?xml version="1.0" encoding="utf-8" ?>
<build_mac>
    <build_id>860300010020300003</build_id>
    <mac_range>
        <mac>
            <mac_min>C91A006F2556</mac_min>
            <mac_max>C91A006F255A</mac_max>
        </mac>
        <mac>
            <mac_min>C91A006F2561</mac_min>
            <mac_max>C91A006F2562</mac_max>
        </mac>
        <mac>
            <mac_min>C91A006F2564</mac_min>
            <mac_max>C91A006F2565</mac_max>
        </mac>
        <mac>
            <mac_min>C91A006F256D</mac_min>
            <mac_max>C91A006F2570</mac_max>
        </mac>
        <mac>
            <mac_min>C91A006F2574</mac_min>
            <mac_max>C91A006F2575</mac_max>
        </mac>
        <mac>
            <mac_min>C91A006F2578</mac_min>
            <mac_max>C91A006F2579</mac_max>
        </mac>
        <mac>
            <mac_min>C91A006F25BA</mac_min>
            <mac_max>C91A006F25BD</mac_max>
        </mac>
        <mac>
            <mac_min>C91A006F25C6</mac_min>
            <mac_max>C91A006F25C7</mac_max>
        </mac>
        <mac>
            <mac_min>C91A006F25C9</mac_min>
            <mac_max>C91A006F25CB</mac_max>
        </mac>
        <mac>
            <mac_min>C91A006F25D5</mac_min>
            <mac_max>C91A006F25D6</mac_max>
        </mac>
        <mac>
            <mac_min>C91A006F25D8</mac_min>
            <mac_max>C91A006F25D9</mac_max>
        </mac>
        <mac>
            <mac_min>C91A006F25E2</mac_min>
            <mac_max>C91A006F25E3</mac_max>
        </mac>
        <mac>
            <mac_min>C91A006F2648</mac_min>
            <mac_max>C91A006F2679</mac_max>
        </mac>
        <mac>
            <mac_min>C91A006F2D82</mac_min>
            <mac_max>C91A006F2DB3</mac_max>
        </mac>
        <mac>
            <mac_min>FDA5272BC50A</mac_min>
            <mac_max>FDA5272BC50E</mac_max>
        </mac>
        <mac>
            <mac_min>FDA5272BC515</mac_min>
            <mac_max>FDA5272BC516</mac_max>
        </mac>
        <mac>
            <mac_min>FDA5272BC518</mac_min>
            <mac_max>FDA5272BC519</mac_max>
        </mac>
        <mac>
            <mac_min>FDA5272BC521</mac_min>
            <mac_max>FDA5272BC524</mac_max>
        </mac>
        <mac>
            <mac_min>FDA5272BC528</mac_min>
            <mac_max>FDA5272BC529</mac_max>
        </mac>
        <mac>
            <mac_min>FDA5272BC52C</mac_min>
            <mac_max>FDA5272BC52D</mac_max>
        </mac>
        <mac>
            <mac_min>FDA5272BC56E</mac_min>
            <mac_max>FDA5272BC571</mac_max>
        </mac>
        <mac>
            <mac_min>FDA5272BC57A</mac_min>
            <mac_max>FDA5272BC57B</mac_max>
        </mac>
        <mac>
            <mac_min>FDA5272BC57D</mac_min>
            <mac_max>FDA5272BC57F</mac_max>
        </mac>
        <mac>
            <mac_min>FDA5272BC589</mac_min>
            <mac_max>FDA5272BC58A</mac_max>
        </mac>
        <mac>
            <mac_min>FDA5272BC58C</mac_min>
            <mac_max>FDA5272BC58D</mac_max>
        </mac>
        <mac>
            <mac_min>FDA5272BC596</mac_min>
            <mac_max>FDA5272BC597</mac_max>
        </mac>
        <mac>
            <mac_min>FDA5272BC5FC</mac_min>
            <mac_max>FDA5272BC62D</mac_max>
        </mac>
        <mac>
            <mac_min>FDA5272C176D</mac_min>
            <mac_max>FDA5272C179E</mac_max>
        </mac>
    </mac_range>
    <mac_single>
        <mac>C91A006F2550</mac>
        <mac>C91A006F2553</mac>
        <mac>C91A006F255E</mac>
        <mac>C91A006F2567</mac>
        <mac>C91A006F2569</mac>
        <mac>C91A006F2572</mac>
        <mac>C91A006F257D</mac>
        <mac>C91A006F257F</mac>
        <mac>C91A006F25B3</mac>
        <mac>C91A006F25B5</mac>
        <mac>C91A006F25B7</mac>
        <mac>C91A006F25C2</mac>
        <mac>C91A006F25CF</mac>
        <mac>C91A006F25D3</mac>
        <mac>C91A006F25DB</mac>
        <mac>C91A006F25DD</mac>
        <mac>C91A006F2EC1</mac>
        <mac>FDA5272BC504</mac>
        <mac>FDA5272BC507</mac>
        <mac>FDA5272BC512</mac>
        <mac>FDA5272BC51B</mac>
        <mac>FDA5272BC51D</mac>
        <mac>FDA5272BC526</mac>
        <mac>FDA5272BC531</mac>
        <mac>FDA5272BC533</mac>
        <mac>FDA5272BC567</mac>
        <mac>FDA5272BC569</mac>
        <mac>FDA5272BC56B</mac>
        <mac>FDA5272BC576</mac>
        <mac>FDA5272BC583</mac>
        <mac>FDA5272BC587</mac>
        <mac>FDA5272BC58F</mac>
        <mac>FDA5272BC591</mac>
        <mac>FDA5272C18AC</mac>
    </mac_single>
    <mac_warn />
</build_mac>
