<?xml version="1.0" encoding="utf-8" ?>
<build_mac>
    <build_id>860300010030300004</build_id>
    <mac_range>
        <mac>
            <mac_min>C91A006F1F40</mac_min>
            <mac_max>C91A006F1F44</mac_max>
        </mac>
        <mac>
            <mac_min>C91A006F1F46</mac_min>
            <mac_max>C91A006F1F58</mac_max>
        </mac>
        <mac>
            <mac_min>C91A006F1F5C</mac_min>
            <mac_max>C91A006F1F6C</mac_max>
        </mac>
        <mac>
            <mac_min>C91A006F1F70</mac_min>
            <mac_max>C91A006F1F71</mac_max>
        </mac>
        <mac>
            <mac_min>C91A006F2D1F</mac_min>
            <mac_max>C91A006F2D20</mac_max>
        </mac>
        <mac>
            <mac_min>C91A006F2D45</mac_min>
            <mac_max>C91A006F2D47</mac_max>
        </mac>
        <mac>
            <mac_min>C91A006F2D4E</mac_min>
            <mac_max>C91A006F2D4F</mac_max>
        </mac>
        <mac>
            <mac_min>C91A006F2E18</mac_min>
            <mac_max>C91A006F2E49</mac_max>
        </mac>
        <mac>
            <mac_min>FDA5272588CB</mac_min>
            <mac_max>FDA5272588CC</mac_max>
        </mac>
        <mac>
            <mac_min>FDA527258904</mac_min>
            <mac_max>FDA527258905</mac_max>
        </mac>
        <mac>
            <mac_min>FDA5272589EF</mac_min>
            <mac_max>FDA5272589F0</mac_max>
        </mac>
        <mac>
            <mac_min>FDA527258A00</mac_min>
            <mac_max>FDA527258A01</mac_max>
        </mac>
        <mac>
            <mac_min>FDA527258A35</mac_min>
            <mac_max>FDA527258A36</mac_max>
        </mac>
        <mac>
            <mac_min>FDA527258B1C</mac_min>
            <mac_max>FDA527258B1E</mac_max>
        </mac>
        <mac>
            <mac_min>FDA5272BBEF4</mac_min>
            <mac_max>FDA5272BBEF8</mac_max>
        </mac>
        <mac>
            <mac_min>FDA5272BBEFA</mac_min>
            <mac_max>FDA5272BBF0C</mac_max>
        </mac>
        <mac>
            <mac_min>FDA5272BBF10</mac_min>
            <mac_max>FDA5272BBF20</mac_max>
        </mac>
        <mac>
            <mac_min>FDA5272BBF24</mac_min>
            <mac_max>FDA5272BBF25</mac_max>
        </mac>
        <mac>
            <mac_min>FDA5272C170A</mac_min>
            <mac_max>FDA5272C170B</mac_max>
        </mac>
        <mac>
            <mac_min>FDA5272C1730</mac_min>
            <mac_max>FDA5272C1732</mac_max>
        </mac>
        <mac>
            <mac_min>FDA5272C1739</mac_min>
            <mac_max>FDA5272C173A</mac_max>
        </mac>
        <mac>
            <mac_min>FDA5272C1803</mac_min>
            <mac_max>FDA5272C1834</mac_max>
        </mac>
    </mac_range>
    <mac_single>
        <mac>C91A006F1F5A</mac>
        <mac>C91A006F1F6E</mac>
        <mac>C91A006F2D23</mac>
        <mac>C91A006F2D26</mac>
        <mac>C91A006F2D28</mac>
        <mac>C91A006F2D2D</mac>
        <mac>C91A006F2D30</mac>
        <mac>C91A006F2D36</mac>
        <mac>C91A006F2D3E</mac>
        <mac>C91A006F2D43</mac>
        <mac>C91A006F2D4A</mac>
        <mac>C91A006F2D4C</mac>
        <mac>FDA5272588C5</mac>
        <mac>FDA527258900</mac>
        <mac>FDA5272589ED</mac>
        <mac>FDA5272589F9</mac>
        <mac>FDA5272589FD</mac>
        <mac>FDA527258A06</mac>
        <mac>FDA527258A24</mac>
        <mac>FDA527258A27</mac>
        <mac>FDA527258A2C</mac>
        <mac>FDA527258A2F</mac>
        <mac>FDA527258A31</mac>
        <mac>FDA527258A38</mac>
        <mac>FDA527258A40</mac>
        <mac>FDA527258AF0</mac>
        <mac>FDA527258AF5</mac>
        <mac>FDA527258B3D</mac>
        <mac>FDA527258B3F</mac>
        <mac>FDA527258B42</mac>
        <mac>FDA527258B45</mac>
        <mac>FDA527258B47</mac>
        <mac>FDA527258B4B</mac>
        <mac>FDA527258B4D</mac>
        <mac>FDA527258B53</mac>
        <mac>FDA527258B69</mac>
        <mac>FDA5272594EE</mac>
        <mac>FDA5272BBF0E</mac>
        <mac>FDA5272BBF22</mac>
        <mac>FDA5272C170E</mac>
        <mac>FDA5272C1711</mac>
        <mac>FDA5272C1713</mac>
        <mac>FDA5272C1718</mac>
        <mac>FDA5272C171B</mac>
        <mac>FDA5272C1721</mac>
        <mac>FDA5272C1729</mac>
        <mac>FDA5272C172E</mac>
        <mac>FDA5272C1735</mac>
        <mac>FDA5272C1737</mac>
    </mac_single>
    <mac_warn />
</build_mac>
