<?xml version="1.0" encoding="utf-8" ?>
<build_mac>
    <build_id>860300010030300002</build_id>
    <mac_range>
        <mac>
            <mac_min>C91A003D00FA</mac_min>
            <mac_max>C91A003D012B</mac_max>
        </mac>
        <mac>
            <mac_min>C91A003D0190</mac_min>
            <mac_max>C91A003D0191</mac_max>
        </mac>
        <mac>
            <mac_min>C91A003D019B</mac_min>
            <mac_max>C91A003D019C</mac_max>
        </mac>
        <mac>
            <mac_min>C91A003D019F</mac_min>
            <mac_max>C91A003D01A1</mac_max>
        </mac>
        <mac>
            <mac_min>C91A003D01A3</mac_min>
            <mac_max>C91A003D01A4</mac_max>
        </mac>
        <mac>
            <mac_min>C91A003D0334</mac_min>
            <mac_max>C91A003D0335</mac_max>
        </mac>
        <mac>
            <mac_min>C91A003D03B6</mac_min>
            <mac_max>C91A003D03B8</mac_max>
        </mac>
        <mac>
            <mac_min>C91A003D03C5</mac_min>
            <mac_max>C91A003D03C9</mac_max>
        </mac>
        <mac>
            <mac_min>C91A003D03D2</mac_min>
            <mac_max>C91A003D03D4</mac_max>
        </mac>
        <mac>
            <mac_min>C91A003D03D8</mac_min>
            <mac_max>C91A003D03DB</mac_max>
        </mac>
        <mac>
            <mac_min>C91A003D03DE</mac_min>
            <mac_max>C91A003D03DF</mac_max>
        </mac>
        <mac>
            <mac_min>C91A003D03E1</mac_min>
            <mac_max>C91A003D03E5</mac_max>
        </mac>
        <mac>
            <mac_min>C91A003E02EE</mac_min>
            <mac_max>C91A003E031F</mac_max>
        </mac>
        <mac>
            <mac_min>C91A00460191</mac_min>
            <mac_max>C91A00460192</mac_max>
        </mac>
        <mac>
            <mac_min>C91A00460194</mac_min>
            <mac_max>C91A0046019E</mac_max>
        </mac>
        <mac>
            <mac_min>C91A004601A0</mac_min>
            <mac_max>C91A004601A1</mac_max>
        </mac>
        <mac>
            <mac_min>C91A004601A3</mac_min>
            <mac_max>C91A004601A5</mac_max>
        </mac>
        <mac>
            <mac_min>C91A004601A8</mac_min>
            <mac_max>C91A004601A9</mac_max>
        </mac>
        <mac>
            <mac_min>C91A004601AB</mac_min>
            <mac_max>C91A004601BB</mac_max>
        </mac>
        <mac>
            <mac_min>C91A004601BD</mac_min>
            <mac_max>C91A004601BF</mac_max>
        </mac>
        <mac>
            <mac_min>C91A004601C1</mac_min>
            <mac_max>C91A004601D9</mac_max>
        </mac>
        <mac>
            <mac_min>C91A004601DB</mac_min>
            <mac_max>C91A004601F3</mac_max>
        </mac>
        <mac>
            <mac_min>C91A004601FD</mac_min>
            <mac_max>C91A004601FE</mac_max>
        </mac>
        <mac>
            <mac_min>C91A00460221</mac_min>
            <mac_max>C91A00460223</mac_max>
        </mac>
        <mac>
            <mac_min>C91A0046028A</mac_min>
            <mac_max>C91A004602BB</mac_max>
        </mac>
        <mac>
            <mac_min>C91A00460322</mac_min>
            <mac_max>C91A00460323</mac_max>
        </mac>
        <mac>
            <mac_min>C91A00460325</mac_min>
            <mac_max>C91A00460327</mac_max>
        </mac>
        <mac>
            <mac_min>C91A0046032A</mac_min>
            <mac_max>C91A0046032B</mac_max>
        </mac>
        <mac>
            <mac_min>C91A00460334</mac_min>
            <mac_max>C91A00460336</mac_max>
        </mac>
        <mac>
            <mac_min>C91A00460343</mac_min>
            <mac_max>C91A00460346</mac_max>
        </mac>
        <mac>
            <mac_min>C91A00460348</mac_min>
            <mac_max>C91A0046034B</mac_max>
        </mac>
        <mac>
            <mac_min>C91A00460352</mac_min>
            <mac_max>C91A0046036E</mac_max>
        </mac>
        <mac>
            <mac_min>C91A00460370</mac_min>
            <mac_max>C91A00460383</mac_max>
        </mac>
        <mac>
            <mac_min>C91A00470000</mac_min>
            <mac_max>C91A00470031</mac_max>
        </mac>
        <mac>
            <mac_min>C91A00470352</mac_min>
            <mac_max>C91A00470383</mac_max>
        </mac>
        <mac>
            <mac_min>C91A00480068</mac_min>
            <mac_max>C91A0048006A</mac_max>
        </mac>
        <mac>
            <mac_min>C91A0048007B</mac_min>
            <mac_max>C91A0048007C</mac_max>
        </mac>
        <mac>
            <mac_min>C91A00480082</mac_min>
            <mac_max>C91A00480083</mac_max>
        </mac>
        <mac>
            <mac_min>C91A004800A2</mac_min>
            <mac_max>C91A004800A3</mac_max>
        </mac>
        <mac>
            <mac_min>C91A004800B2</mac_min>
            <mac_max>C91A004800B3</mac_max>
        </mac>
        <mac>
            <mac_min>C91A004800C3</mac_min>
            <mac_max>C91A004800C5</mac_max>
        </mac>
        <mac>
            <mac_min>C91A004803B6</mac_min>
            <mac_max>C91A004803E7</mac_max>
        </mac>
        <mac>
            <mac_min>C91A00490002</mac_min>
            <mac_max>C91A00490007</mac_max>
        </mac>
        <mac>
            <mac_min>C91A00490012</mac_min>
            <mac_max>C91A00490015</mac_max>
        </mac>
        <mac>
            <mac_min>C91A00490017</mac_min>
            <mac_max>C91A00490019</mac_max>
        </mac>
        <mac>
            <mac_min>C91A00490020</mac_min>
            <mac_max>C91A00490024</mac_max>
        </mac>
        <mac>
            <mac_min>C91A00490029</mac_min>
            <mac_max>C91A0049002B</mac_max>
        </mac>
        <mac>
            <mac_min>C91A00490032</mac_min>
            <mac_max>C91A00490041</mac_max>
        </mac>
        <mac>
            <mac_min>C91A00490043</mac_min>
            <mac_max>C91A004900C7</mac_max>
        </mac>
        <mac>
            <mac_min>C91A0049012C</mac_min>
            <mac_max>C91A0049015D</mac_max>
        </mac>
        <mac>
            <mac_min>C91A004901C2</mac_min>
            <mac_max>C91A004901FA</mac_max>
        </mac>
        <mac>
            <mac_min>C91A004901FC</mac_min>
            <mac_max>C91A00490225</mac_max>
        </mac>
        <mac>
            <mac_min>C91A00490258</mac_min>
            <mac_max>C91A00490268</mac_max>
        </mac>
        <mac>
            <mac_min>C91A0049026A</mac_min>
            <mac_max>C91A00490270</mac_max>
        </mac>
        <mac>
            <mac_min>C91A00490272</mac_min>
            <mac_max>C91A004902BB</mac_max>
        </mac>
        <mac>
            <mac_min>C91A004902EF</mac_min>
            <mac_max>C91A00490311</mac_max>
        </mac>
        <mac>
            <mac_min>C91A00490313</mac_min>
            <mac_max>C91A0049031F</mac_max>
        </mac>
        <mac>
            <mac_min>C91A00490366</mac_min>
            <mac_max>C91A00490367</mac_max>
        </mac>
        <mac>
            <mac_min>C91A00490372</mac_min>
            <mac_max>C91A00490374</mac_max>
        </mac>
        <mac>
            <mac_min>C91A004A0353</mac_min>
            <mac_max>C91A004A0355</mac_max>
        </mac>
        <mac>
            <mac_min>C91A004A0357</mac_min>
            <mac_max>C91A004A0359</mac_max>
        </mac>
        <mac>
            <mac_min>C91A004A035B</mac_min>
            <mac_max>C91A004A035C</mac_max>
        </mac>
        <mac>
            <mac_min>C91A004A036A</mac_min>
            <mac_max>C91A004A036D</mac_max>
        </mac>
        <mac>
            <mac_min>C91A004A0372</mac_min>
            <mac_max>C91A004A0373</mac_max>
        </mac>
        <mac>
            <mac_min>C91A004A0375</mac_min>
            <mac_max>C91A004A0377</mac_max>
        </mac>
        <mac>
            <mac_min>C91A004A037B</mac_min>
            <mac_max>C91A004A037C</mac_max>
        </mac>
        <mac>
            <mac_min>C91A004A037E</mac_min>
            <mac_max>C91A004A037F</mac_max>
        </mac>
        <mac>
            <mac_min>C91A004A0382</mac_min>
            <mac_max>C91A004A0383</mac_max>
        </mac>
        <mac>
            <mac_min>C91A004B00A0</mac_min>
            <mac_max>C91A004B00A7</mac_max>
        </mac>
        <mac>
            <mac_min>C91A004B00A9</mac_min>
            <mac_max>C91A004B00BB</mac_max>
        </mac>
        <mac>
            <mac_min>C91A004B00BE</mac_min>
            <mac_max>C91A004B00C1</mac_max>
        </mac>
        <mac>
            <mac_min>C91A004B00C3</mac_min>
            <mac_max>C91A004B00C6</mac_max>
        </mac>
        <mac>
            <mac_min>C91A004B00FE</mac_min>
            <mac_max>C91A004B0102</mac_max>
        </mac>
        <mac>
            <mac_min>C91A004B0104</mac_min>
            <mac_max>C91A004B0105</mac_max>
        </mac>
        <mac>
            <mac_min>C91A004B010A</mac_min>
            <mac_max>C91A004B010B</mac_max>
        </mac>
        <mac>
            <mac_min>C91A004B0110</mac_min>
            <mac_max>C91A004B0111</mac_max>
        </mac>
        <mac>
            <mac_min>C91A004B0190</mac_min>
            <mac_max>C91A004B0192</mac_max>
        </mac>
        <mac>
            <mac_min>C91A004B01B4</mac_min>
            <mac_max>C91A004B01B6</mac_max>
        </mac>
        <mac>
            <mac_min>C91A004B01C2</mac_min>
            <mac_max>C91A004B01C8</mac_max>
        </mac>
        <mac>
            <mac_min>C91A004B01CA</mac_min>
            <mac_max>C91A004B01EA</mac_max>
        </mac>
        <mac>
            <mac_min>C91A004B01EC</mac_min>
            <mac_max>C91A004B01F3</mac_max>
        </mac>
        <mac>
            <mac_min>C91A004B0207</mac_min>
            <mac_max>C91A004B0225</mac_max>
        </mac>
        <mac>
            <mac_min>C91A004B0258</mac_min>
            <mac_max>C91A004B0293</mac_max>
        </mac>
        <mac>
            <mac_min>C91A004B0296</mac_min>
            <mac_max>C91A004B0298</mac_max>
        </mac>
        <mac>
            <mac_min>C91A004B02A1</mac_min>
            <mac_max>C91A004B02A4</mac_max>
        </mac>
        <mac>
            <mac_min>C91A004B02A6</mac_min>
            <mac_max>C91A004B02AE</mac_max>
        </mac>
        <mac>
            <mac_min>C91A004B02B4</mac_min>
            <mac_max>C91A004B02B7</mac_max>
        </mac>
        <mac>
            <mac_min>C91A004B02B9</mac_min>
            <mac_max>C91A004B02BB</mac_max>
        </mac>
        <mac>
            <mac_min>C91A005404A4</mac_min>
            <mac_max>C91A005404A5</mac_max>
        </mac>
        <mac>
            <mac_min>C91A005E0578</mac_min>
            <mac_max>C91A005E05A9</mac_max>
        </mac>
        <mac>
            <mac_min>C91A005E060E</mac_min>
            <mac_max>C91A005E063F</mac_max>
        </mac>
    </mac_range>
    <mac_single>
        <mac>C91A003D009D</mac>
        <mac>C91A003D0199</mac>
        <mac>C91A003D01AF</mac>
        <mac>C91A003D01B3</mac>
        <mac>C91A003D01BB</mac>
        <mac>C91A003D01BD</mac>
        <mac>C91A003D0332</mac>
        <mac>C91A003D033F</mac>
        <mac>C91A003D0348</mac>
        <mac>C91A003D03BB</mac>
        <mac>C91A003D03BD</mac>
        <mac>C91A003D03BF</mac>
        <mac>C91A003D03C1</mac>
        <mac>C91A003D03CB</mac>
        <mac>C91A003D03CD</mac>
        <mac>C91A003D03CF</mac>
        <mac>C91A003D03E7</mac>
        <mac>C91A003E0273</mac>
        <mac>C91A003E0286</mac>
        <mac>C91A0046020B</mac>
        <mac>C91A0046020D</mac>
        <mac>C91A00460275</mac>
        <mac>C91A0046027B</mac>
        <mac>C91A00460283</mac>
        <mac>C91A00460285</mac>
        <mac>C91A00460320</mac>
        <mac>C91A0046032D</mac>
        <mac>C91A00460331</mac>
        <mac>C91A00460338</mac>
        <mac>C91A00460340</mac>
        <mac>C91A0046034E</mac>
        <mac>C91A004603E0</mac>
        <mac>C91A004700AC</mac>
        <mac>C91A00480078</mac>
        <mac>C91A00480093</mac>
        <mac>C91A00480095</mac>
        <mac>C91A0048009D</mac>
        <mac>C91A004800AE</mac>
        <mac>C91A004800B7</mac>
        <mac>C91A004800C1</mac>
        <mac>C91A00480184</mac>
        <mac>C91A004801A5</mac>
        <mac>C91A00480266</mac>
        <mac>C91A004802B4</mac>
        <mac>C91A004802C3</mac>
        <mac>C91A0048030F</mac>
        <mac>C91A00490000</mac>
        <mac>C91A0049000D</mac>
        <mac>C91A00490010</mac>
        <mac>C91A0049001B</mac>
        <mac>C91A0049001D</mac>
        <mac>C91A00490026</mac>
        <mac>C91A0049002E</mac>
        <mac>C91A00490030</mac>
        <mac>C91A004900CB</mac>
        <mac>C91A004900CD</mac>
        <mac>C91A004900D1</mac>
        <mac>C91A004900E4</mac>
        <mac>C91A004900E9</mac>
        <mac>C91A004900ED</mac>
        <mac>C91A004902D4</mac>
        <mac>C91A00490356</mac>
        <mac>C91A00490358</mac>
        <mac>C91A0049035B</mac>
        <mac>C91A00490361</mac>
        <mac>C91A00490376</mac>
        <mac>C91A00490382</mac>
        <mac>C91A004A0033</mac>
        <mac>C91A004A0036</mac>
        <mac>C91A004A003C</mac>
        <mac>C91A004A0040</mac>
        <mac>C91A004A004B</mac>
        <mac>C91A004A004F</mac>
        <mac>C91A004A0055</mac>
        <mac>C91A004A0058</mac>
        <mac>C91A004A005B</mac>
        <mac>C91A004A005E</mac>
        <mac>C91A004A01A1</mac>
        <mac>C91A004A0361</mac>
        <mac>C91A004A0364</mac>
        <mac>C91A004A0368</mac>
        <mac>C91A004B0096</mac>
        <mac>C91A004B009E</mac>
        <mac>C91A004B0108</mac>
        <mac>C91A004B0115</mac>
        <mac>C91A004B01B8</mac>
        <mac>C91A004B01BF</mac>
        <mac>C91A004B029F</mac>
        <mac>C91A004B02B0</mac>
        <mac>C91A004B02ED</mac>
        <mac>C91A00540034</mac>
        <mac>C91A00540044</mac>
        <mac>C91A00540062</mac>
        <mac>C91A00540197</mac>
        <mac>C91A00540342</mac>
        <mac>C91A0054046D</mac>
        <mac>C91A0054048C</mac>
        <mac>C91A00540492</mac>
        <mac>C91A00540495</mac>
        <mac>C91A00540497</mac>
        <mac>C91A00540499</mac>
        <mac>C91A0054049C</mac>
        <mac>C91A0054049E</mac>
        <mac>C91A005404A1</mac>
        <mac>C91A005404AD</mac>
        <mac>C91A005404AF</mac>
        <mac>C91A005E0675</mac>
        <mac>C91A005E0677</mac>
        <mac>C91A27126B20</mac>
    </mac_single>
    <mac_warn />
</build_mac>
