<?xml version="1.0" encoding="utf-8" ?>
<build_mac>
    <build_id>860300010010300007</build_id>
    <mac_range>
        <mac>
            <mac_min>C91A006F1F72</mac_min>
            <mac_max>C91A006F1FBE</mac_max>
        </mac>
        <mac>
            <mac_min>C91A006F1FC2</mac_min>
            <mac_max>C91A006F1FC3</mac_max>
        </mac>
        <mac>
            <mac_min>C91A006F1FC5</mac_min>
            <mac_max>C91A006F1FC8</mac_max>
        </mac>
        <mac>
            <mac_min>C91A006F1FCA</mac_min>
            <mac_max>C91A006F1FD5</mac_max>
        </mac>
        <mac>
            <mac_min>C91A006F203A</mac_min>
            <mac_max>C91A006F204B</mac_max>
        </mac>
        <mac>
            <mac_min>C91A006F204D</mac_min>
            <mac_max>C91A006F205B</mac_max>
        </mac>
        <mac>
            <mac_min>C91A006F205D</mac_min>
            <mac_max>C91A006F206C</mac_max>
        </mac>
        <mac>
            <mac_min>C91A006F206E</mac_min>
            <mac_max>C91A006F2073</mac_max>
        </mac>
        <mac>
            <mac_min>C91A006F207A</mac_min>
            <mac_max>C91A006F207C</mac_max>
        </mac>
        <mac>
            <mac_min>C91A006F207E</mac_min>
            <mac_max>C91A006F2080</mac_max>
        </mac>
        <mac>
            <mac_min>C91A006F2084</mac_min>
            <mac_max>C91A006F2087</mac_max>
        </mac>
        <mac>
            <mac_min>C91A006F2094</mac_min>
            <mac_max>C91A006F2095</mac_max>
        </mac>
        <mac>
            <mac_min>C91A006F2099</mac_min>
            <mac_max>C91A006F209A</mac_max>
        </mac>
        <mac>
            <mac_min>C91A006F2EAE</mac_min>
            <mac_max>C91A006F2EB1</mac_max>
        </mac>
        <mac>
            <mac_min>C91A006F2EB7</mac_min>
            <mac_max>C91A006F2EB8</mac_max>
        </mac>
        <mac>
            <mac_min>C91A006F2EC4</mac_min>
            <mac_max>C91A006F2EC6</mac_max>
        </mac>
        <mac>
            <mac_min>C91A006F2EC8</mac_min>
            <mac_max>C91A006F2ECB</mac_max>
        </mac>
        <mac>
            <mac_min>C91A006F2EDA</mac_min>
            <mac_max>C91A006F2EDF</mac_max>
        </mac>
        <mac>
            <mac_min>C91A00725E24</mac_min>
            <mac_max>C91A00725E55</mac_max>
        </mac>
        <mac>
            <mac_min>FDA5272BBF26</mac_min>
            <mac_max>FDA5272BBF72</mac_max>
        </mac>
        <mac>
            <mac_min>FDA5272BBF76</mac_min>
            <mac_max>FDA5272BBF77</mac_max>
        </mac>
        <mac>
            <mac_min>FDA5272BBF79</mac_min>
            <mac_max>FDA5272BBF7C</mac_max>
        </mac>
        <mac>
            <mac_min>FDA5272BBF7E</mac_min>
            <mac_max>FDA5272BBF89</mac_max>
        </mac>
        <mac>
            <mac_min>FDA5272BBFEE</mac_min>
            <mac_max>FDA5272BBFFF</mac_max>
        </mac>
        <mac>
            <mac_min>FDA5272BC001</mac_min>
            <mac_max>FDA5272BC00F</mac_max>
        </mac>
        <mac>
            <mac_min>FDA5272BC011</mac_min>
            <mac_max>FDA5272BC020</mac_max>
        </mac>
        <mac>
            <mac_min>FDA5272BC022</mac_min>
            <mac_max>FDA5272BC027</mac_max>
        </mac>
        <mac>
            <mac_min>FDA5272BC02E</mac_min>
            <mac_max>FDA5272BC030</mac_max>
        </mac>
        <mac>
            <mac_min>FDA5272BC032</mac_min>
            <mac_max>FDA5272BC034</mac_max>
        </mac>
        <mac>
            <mac_min>FDA5272BC038</mac_min>
            <mac_max>FDA5272BC03B</mac_max>
        </mac>
        <mac>
            <mac_min>FDA5272BC048</mac_min>
            <mac_max>FDA5272BC049</mac_max>
        </mac>
        <mac>
            <mac_min>FDA5272BC04D</mac_min>
            <mac_max>FDA5272BC04E</mac_max>
        </mac>
        <mac>
            <mac_min>FDA5272C1899</mac_min>
            <mac_max>FDA5272C189C</mac_max>
        </mac>
        <mac>
            <mac_min>FDA5272C18A2</mac_min>
            <mac_max>FDA5272C18A3</mac_max>
        </mac>
        <mac>
            <mac_min>FDA5272C18AF</mac_min>
            <mac_max>FDA5272C18B1</mac_max>
        </mac>
        <mac>
            <mac_min>FDA5272C18B3</mac_min>
            <mac_max>FDA5272C18B6</mac_max>
        </mac>
        <mac>
            <mac_min>FDA5272C18C5</mac_min>
            <mac_max>FDA5272C18CA</mac_max>
        </mac>
        <mac>
            <mac_min>FDA5272FFC40</mac_min>
            <mac_max>FDA5272FFC71</mac_max>
        </mac>
    </mac_range>
    <mac_single>
        <mac>C91A006F1FC0</mac>
        <mac>C91A006F2038</mac>
        <mac>C91A006F2075</mac>
        <mac>C91A006F2077</mac>
        <mac>C91A006F2090</mac>
        <mac>C91A006F209C</mac>
        <mac>C91A006F2EB5</mac>
        <mac>C91A006F2EBD</mac>
        <mac>C91A006F2EBF</mac>
        <mac>C91A006F2EC2</mac>
        <mac>C91A006F2ED0</mac>
        <mac>C91A006F2ED2</mac>
        <mac>C91A006F2ED8</mac>
        <mac>C91A00725DF6</mac>
        <mac>C91A00725E0A</mac>
        <mac>C91A00725E1A</mac>
        <mac>FDA5272BBF74</mac>
        <mac>FDA5272BBFEC</mac>
        <mac>FDA5272BC029</mac>
        <mac>FDA5272BC02B</mac>
        <mac>FDA5272BC044</mac>
        <mac>FDA5272BC050</mac>
        <mac>FDA5272C18A0</mac>
        <mac>FDA5272C18A8</mac>
        <mac>FDA5272C18AA</mac>
        <mac>FDA5272C18AD</mac>
        <mac>FDA5272C18BB</mac>
        <mac>FDA5272C18BD</mac>
        <mac>FDA5272C18C3</mac>
        <mac>FDA5272FFC12</mac>
        <mac>FDA5272FFC26</mac>
        <mac>FDA5272FFC36</mac>
    </mac_single>
    <mac_warn />
</build_mac>
