<?xml version="1.0" encoding="utf-8" ?>
<build_mac>
    <build_id>860300010030300008</build_id>
    <mac_range>
        <mac>
            <mac_min>C91A007209C4</mac_min>
            <mac_max>C91A007209F5</mac_max>
        </mac>
        <mac>
            <mac_min>C91A00725E56</mac_min>
            <mac_max>C91A00725E57</mac_max>
        </mac>
        <mac>
            <mac_min>C91A00725E59</mac_min>
            <mac_max>C91A00725E5A</mac_max>
        </mac>
        <mac>
            <mac_min>C91A00725E60</mac_min>
            <mac_max>C91A00725E6B</mac_max>
        </mac>
        <mac>
            <mac_min>C91A00725E6F</mac_min>
            <mac_max>C91A00725E74</mac_max>
        </mac>
        <mac>
            <mac_min>C91A00725E76</mac_min>
            <mac_max>C91A00725E79</mac_max>
        </mac>
        <mac>
            <mac_min>C91A00725E7B</mac_min>
            <mac_max>C91A00725E7E</mac_max>
        </mac>
        <mac>
            <mac_min>C91A00725E82</mac_min>
            <mac_max>C91A00725E83</mac_max>
        </mac>
        <mac>
            <mac_min>C91A00725E85</mac_min>
            <mac_max>C91A00725E86</mac_max>
        </mac>
        <mac>
            <mac_min>C91A00725F82</mac_min>
            <mac_max>C91A00725F88</mac_max>
        </mac>
        <mac>
            <mac_min>C91A00725F8A</mac_min>
            <mac_max>C91A00725F92</mac_max>
        </mac>
        <mac>
            <mac_min>C91A00725F94</mac_min>
            <mac_max>C91A00725F9C</mac_max>
        </mac>
        <mac>
            <mac_min>C91A00725FA0</mac_min>
            <mac_max>C91A00725FA2</mac_max>
        </mac>
        <mac>
            <mac_min>C91A00725FA4</mac_min>
            <mac_max>C91A00725FA8</mac_max>
        </mac>
        <mac>
            <mac_min>C91A00725FAA</mac_min>
            <mac_max>C91A00725FAC</mac_max>
        </mac>
        <mac>
            <mac_min>C91A00725FAE</mac_min>
            <mac_max>C91A00725FAF</mac_max>
        </mac>
        <mac>
            <mac_min>C91A00725FB1</mac_min>
            <mac_max>C91A00725FB2</mac_max>
        </mac>
        <mac>
            <mac_min>FDA5272F2767</mac_min>
            <mac_max>FDA5272F2798</mac_max>
        </mac>
        <mac>
            <mac_min>FDA5272FFC72</mac_min>
            <mac_max>FDA5272FFC73</mac_max>
        </mac>
        <mac>
            <mac_min>FDA5272FFC75</mac_min>
            <mac_max>FDA5272FFC76</mac_max>
        </mac>
        <mac>
            <mac_min>FDA5272FFC7C</mac_min>
            <mac_max>FDA5272FFC87</mac_max>
        </mac>
        <mac>
            <mac_min>FDA5272FFC8B</mac_min>
            <mac_max>FDA5272FFC90</mac_max>
        </mac>
        <mac>
            <mac_min>FDA5272FFC92</mac_min>
            <mac_max>FDA5272FFC95</mac_max>
        </mac>
        <mac>
            <mac_min>FDA5272FFC97</mac_min>
            <mac_max>FDA5272FFC9A</mac_max>
        </mac>
        <mac>
            <mac_min>FDA5272FFC9E</mac_min>
            <mac_max>FDA5272FFC9F</mac_max>
        </mac>
        <mac>
            <mac_min>FDA5272FFCA1</mac_min>
            <mac_max>FDA5272FFCA2</mac_max>
        </mac>
        <mac>
            <mac_min>FDA5272FFD9E</mac_min>
            <mac_max>FDA5272FFDA4</mac_max>
        </mac>
        <mac>
            <mac_min>FDA5272FFDA6</mac_min>
            <mac_max>FDA5272FFDAE</mac_max>
        </mac>
        <mac>
            <mac_min>FDA5272FFDB0</mac_min>
            <mac_max>FDA5272FFDB8</mac_max>
        </mac>
        <mac>
            <mac_min>FDA5272FFDBC</mac_min>
            <mac_max>FDA5272FFDBE</mac_max>
        </mac>
        <mac>
            <mac_min>FDA5272FFDC0</mac_min>
            <mac_max>FDA5272FFDC4</mac_max>
        </mac>
        <mac>
            <mac_min>FDA5272FFDC6</mac_min>
            <mac_max>FDA5272FFDC8</mac_max>
        </mac>
        <mac>
            <mac_min>FDA5272FFDCA</mac_min>
            <mac_max>FDA5272FFDCB</mac_max>
        </mac>
        <mac>
            <mac_min>FDA5272FFDCD</mac_min>
            <mac_max>FDA5272FFDCE</mac_max>
        </mac>
    </mac_range>
    <mac_single>
        <mac>C91A00725E5E</mac>
        <mac>C91A00725E80</mac>
        <mac>C91A00725F9E</mac>
        <mac>FDA5272FFC7A</mac>
        <mac>FDA5272FFC9C</mac>
        <mac>FDA5272FFDBA</mac>
    </mac_single>
    <mac_warn />
</build_mac>
