<?xml version="1.0" encoding="utf-8" ?>
<build_mac>
    <build_id>860400010060300001</build_id>
    <mac_range>
        <mac>
            <mac_min>C91A006E57B2</mac_min>
            <mac_max>C91A006E57E3</mac_max>
        </mac>
        <mac>
            <mac_min>C91A006F0320</mac_min>
            <mac_max>C91A006F0324</mac_max>
        </mac>
        <mac>
            <mac_min>C91A006F0326</mac_min>
            <mac_max>C91A006F0351</mac_max>
        </mac>
        <mac>
            <mac_min>C91A006F03B6</mac_min>
            <mac_max>C91A006F03B7</mac_max>
        </mac>
        <mac>
            <mac_min>C91A006F03BA</mac_min>
            <mac_max>C91A006F03BB</mac_max>
        </mac>
        <mac>
            <mac_min>C91A006F03BD</mac_min>
            <mac_max>C91A006F03C1</mac_max>
        </mac>
        <mac>
            <mac_min>C91A006F03C3</mac_min>
            <mac_max>C91A006F03C4</mac_max>
        </mac>
        <mac>
            <mac_min>C91A006F03C6</mac_min>
            <mac_max>C91A006F03CE</mac_max>
        </mac>
        <mac>
            <mac_min>C91A006F03D1</mac_min>
            <mac_max>C91A006F03D2</mac_max>
        </mac>
        <mac>
            <mac_min>C91A006F03D4</mac_min>
            <mac_max>C91A006F03D6</mac_max>
        </mac>
        <mac>
            <mac_min>C91A006F03DE</mac_min>
            <mac_max>C91A006F03E4</mac_max>
        </mac>
        <mac>
            <mac_min>C91A006F0FA1</mac_min>
            <mac_max>C91A006F0FA3</mac_max>
        </mac>
        <mac>
            <mac_min>C91A006F0FAA</mac_min>
            <mac_max>C91A006F0FAC</mac_max>
        </mac>
        <mac>
            <mac_min>C91A006F0FB5</mac_min>
            <mac_max>C91A006F0FB6</mac_max>
        </mac>
        <mac>
            <mac_min>C91A006F0FB8</mac_min>
            <mac_max>C91A006F0FB9</mac_max>
        </mac>
        <mac>
            <mac_min>C91A006F0FC3</mac_min>
            <mac_max>C91A006F0FC4</mac_max>
        </mac>
        <mac>
            <mac_min>C91A006F0FCD</mac_min>
            <mac_max>C91A006F0FCE</mac_max>
        </mac>
        <mac>
            <mac_min>C91A006F1004</mac_min>
            <mac_max>C91A006F103C</mac_max>
        </mac>
        <mac>
            <mac_min>C91A006F103F</mac_min>
            <mac_max>C91A006F1040</mac_max>
        </mac>
        <mac>
            <mac_min>C91A006F1042</mac_min>
            <mac_max>C91A006F1045</mac_max>
        </mac>
        <mac>
            <mac_min>C91A006F1047</mac_min>
            <mac_max>C91A006F1048</mac_max>
        </mac>
        <mac>
            <mac_min>C91A006F104B</mac_min>
            <mac_max>C91A006F1052</mac_max>
        </mac>
        <mac>
            <mac_min>C91A006F1055</mac_min>
            <mac_max>C91A006F1056</mac_max>
        </mac>
        <mac>
            <mac_min>C91A006F1058</mac_min>
            <mac_max>C91A006F105B</mac_max>
        </mac>
        <mac>
            <mac_min>C91A006F105D</mac_min>
            <mac_max>C91A006F1064</mac_max>
        </mac>
        <mac>
            <mac_min>C91A006F1066</mac_min>
            <mac_max>C91A006F1067</mac_max>
        </mac>
        <mac>
            <mac_min>C91A006F109A</mac_min>
            <mac_max>C91A006F10CB</mac_max>
        </mac>
        <mac>
            <mac_min>C91A006F1130</mac_min>
            <mac_max>C91A006F1162</mac_max>
        </mac>
        <mac>
            <mac_min>FDA5272B8022</mac_min>
            <mac_max>FDA5272B8053</mac_max>
        </mac>
        <mac>
            <mac_min>FDA5272BA2D1</mac_min>
            <mac_max>FDA5272BA2D5</mac_max>
        </mac>
        <mac>
            <mac_min>FDA5272BA2D7</mac_min>
            <mac_max>FDA5272BA302</mac_max>
        </mac>
        <mac>
            <mac_min>FDA5272BA367</mac_min>
            <mac_max>FDA5272BA368</mac_max>
        </mac>
        <mac>
            <mac_min>FDA5272BA36B</mac_min>
            <mac_max>FDA5272BA36C</mac_max>
        </mac>
        <mac>
            <mac_min>FDA5272BA36E</mac_min>
            <mac_max>FDA5272BA372</mac_max>
        </mac>
        <mac>
            <mac_min>FDA5272BA374</mac_min>
            <mac_max>FDA5272BA375</mac_max>
        </mac>
        <mac>
            <mac_min>FDA5272BA377</mac_min>
            <mac_max>FDA5272BA37F</mac_max>
        </mac>
        <mac>
            <mac_min>FDA5272BA382</mac_min>
            <mac_max>FDA5272BA383</mac_max>
        </mac>
        <mac>
            <mac_min>FDA5272BA385</mac_min>
            <mac_max>FDA5272BA387</mac_max>
        </mac>
        <mac>
            <mac_min>FDA5272BA38F</mac_min>
            <mac_max>FDA5272BA395</mac_max>
        </mac>
        <mac>
            <mac_min>FDA5272BAF53</mac_min>
            <mac_max>FDA5272BAF55</mac_max>
        </mac>
        <mac>
            <mac_min>FDA5272BAF5C</mac_min>
            <mac_max>FDA5272BAF5E</mac_max>
        </mac>
        <mac>
            <mac_min>FDA5272BAF67</mac_min>
            <mac_max>FDA5272BAF68</mac_max>
        </mac>
        <mac>
            <mac_min>FDA5272BAF6A</mac_min>
            <mac_max>FDA5272BAF6B</mac_max>
        </mac>
        <mac>
            <mac_min>FDA5272BAF75</mac_min>
            <mac_max>FDA5272BAF76</mac_max>
        </mac>
        <mac>
            <mac_min>FDA5272BAF7F</mac_min>
            <mac_max>FDA5272BAF80</mac_max>
        </mac>
        <mac>
            <mac_min>FDA5272BAFB6</mac_min>
            <mac_max>FDA5272BAFEE</mac_max>
        </mac>
        <mac>
            <mac_min>FDA5272BAFF1</mac_min>
            <mac_max>FDA5272BAFF2</mac_max>
        </mac>
        <mac>
            <mac_min>FDA5272BAFF4</mac_min>
            <mac_max>FDA5272BAFF7</mac_max>
        </mac>
        <mac>
            <mac_min>FDA5272BAFF9</mac_min>
            <mac_max>FDA5272BAFFA</mac_max>
        </mac>
        <mac>
            <mac_min>FDA5272BAFFD</mac_min>
            <mac_max>FDA5272BB004</mac_max>
        </mac>
        <mac>
            <mac_min>FDA5272BB007</mac_min>
            <mac_max>FDA5272BB008</mac_max>
        </mac>
        <mac>
            <mac_min>FDA5272BB00A</mac_min>
            <mac_max>FDA5272BB00D</mac_max>
        </mac>
        <mac>
            <mac_min>FDA5272BB00F</mac_min>
            <mac_max>FDA5272BB016</mac_max>
        </mac>
        <mac>
            <mac_min>FDA5272BB018</mac_min>
            <mac_max>FDA5272BB019</mac_max>
        </mac>
        <mac>
            <mac_min>FDA5272BB04C</mac_min>
            <mac_max>FDA5272BB07D</mac_max>
        </mac>
        <mac>
            <mac_min>FDA5272BB0E2</mac_min>
            <mac_max>FDA5272BB114</mac_max>
        </mac>
    </mac_range>
    <mac_single>
        <mac>C91A006F0363</mac>
        <mac>C91A006F03D8</mac>
        <mac>C91A006F03DB</mac>
        <mac>C91A006F03E7</mac>
        <mac>C91A006F0FA6</mac>
        <mac>C91A006F0FBF</mac>
        <mac>C91A006F0FCB</mac>
        <mac>C91A006F0FD0</mac>
        <mac>C91A006F1164</mac>
        <mac>C91A006F116C</mac>
        <mac>C91A006F116E</mac>
        <mac>C91A006F1180</mac>
        <mac>C91A006F1182</mac>
        <mac>FDA5272BA314</mac>
        <mac>FDA5272BA389</mac>
        <mac>FDA5272BA38C</mac>
        <mac>FDA5272BA398</mac>
        <mac>FDA5272BAF58</mac>
        <mac>FDA5272BAF71</mac>
        <mac>FDA5272BAF7D</mac>
        <mac>FDA5272BAF82</mac>
        <mac>FDA5272BB116</mac>
        <mac>FDA5272BB11E</mac>
        <mac>FDA5272BB120</mac>
        <mac>FDA5272BB132</mac>
        <mac>FDA5272BB134</mac>
    </mac_single>
    <mac_warn />
</build_mac>
