<?xml version="1.0" encoding="utf-8" ?>
<build_mac>
    <build_id>860400040010300001</build_id>
    <mac_range>
        <mac>
            <mac_min>C91A00681F40</mac_min>
            <mac_max>C91A00682197</mac_max>
        </mac>
        <mac>
            <mac_min>ECB328A60000</mac_min>
            <mac_max>ECB328A60257</mac_max>
        </mac>
        <mac>
            <mac_min>FDA52728341B</mac_min>
            <mac_max>FDA527283672</mac_max>
        </mac>
    </mac_range>
    <mac_single />
    <mac_warn />
</build_mac>
