<?xml version="1.0" encoding="utf-8" ?>
<build_mac>
    <build_id>860400010010300001</build_id>
    <mac_range>
        <mac>
            <mac_min>C91A0062186A</mac_min>
            <mac_max>C91A006218CD</mac_max>
        </mac>
        <mac>
            <mac_min>C91A00621900</mac_min>
            <mac_max>C91A00621930</mac_max>
        </mac>
        <mac>
            <mac_min>C91A00621996</mac_min>
            <mac_max>C91A006219C7</mac_max>
        </mac>
        <mac>
            <mac_min>C91A00650000</mac_min>
            <mac_max>C91A00650003</mac_max>
        </mac>
        <mac>
            <mac_min>C91A00650007</mac_min>
            <mac_max>C91A0065000D</mac_max>
        </mac>
        <mac>
            <mac_min>C91A0065000F</mac_min>
            <mac_max>C91A0065001C</mac_max>
        </mac>
        <mac>
            <mac_min>C91A0065001E</mac_min>
            <mac_max>C91A00650027</mac_max>
        </mac>
        <mac>
            <mac_min>C91A00650029</mac_min>
            <mac_max>C91A0065003C</mac_max>
        </mac>
        <mac>
            <mac_min>C91A0065003E</mac_min>
            <mac_max>C91A00650042</mac_max>
        </mac>
        <mac>
            <mac_min>C91A00650044</mac_min>
            <mac_max>C91A00650048</mac_max>
        </mac>
        <mac>
            <mac_min>C91A0065004A</mac_min>
            <mac_max>C91A0065004D</mac_max>
        </mac>
        <mac>
            <mac_min>C91A0065004F</mac_min>
            <mac_max>C91A00650057</mac_max>
        </mac>
        <mac>
            <mac_min>C91A00650059</mac_min>
            <mac_max>C91A0065005B</mac_max>
        </mac>
        <mac>
            <mac_min>C91A0065005D</mac_min>
            <mac_max>C91A00650065</mac_max>
        </mac>
        <mac>
            <mac_min>C91A00650067</mac_min>
            <mac_max>C91A00650068</mac_max>
        </mac>
        <mac>
            <mac_min>C91A0065006A</mac_min>
            <mac_max>C91A0065006C</mac_max>
        </mac>
        <mac>
            <mac_min>C91A0065006E</mac_min>
            <mac_max>C91A00650075</mac_max>
        </mac>
        <mac>
            <mac_min>C91A00650077</mac_min>
            <mac_max>C91A00650080</mac_max>
        </mac>
        <mac>
            <mac_min>C91A00650082</mac_min>
            <mac_max>C91A00650093</mac_max>
        </mac>
        <mac>
            <mac_min>C91A006500FA</mac_min>
            <mac_max>C91A00650106</mac_max>
        </mac>
        <mac>
            <mac_min>C91A00650108</mac_min>
            <mac_max>C91A00650123</mac_max>
        </mac>
        <mac>
            <mac_min>C91A00650125</mac_min>
            <mac_max>C91A0065012B</mac_max>
        </mac>
        <mac>
            <mac_min>C91A00650160</mac_min>
            <mac_max>C91A00650163</mac_max>
        </mac>
        <mac>
            <mac_min>C91A00650165</mac_min>
            <mac_max>C91A00650166</mac_max>
        </mac>
        <mac>
            <mac_min>C91A00650168</mac_min>
            <mac_max>C91A00650169</mac_max>
        </mac>
        <mac>
            <mac_min>C91A00650172</mac_min>
            <mac_max>C91A00650174</mac_max>
        </mac>
        <mac>
            <mac_min>C91A00650178</mac_min>
            <mac_max>C91A0065017C</mac_max>
        </mac>
        <mac>
            <mac_min>C91A0065017E</mac_min>
            <mac_max>C91A00650188</mac_max>
        </mac>
        <mac>
            <mac_min>C91A0065018A</mac_min>
            <mac_max>C91A0065018B</mac_max>
        </mac>
        <mac>
            <mac_min>ECB328A000FA</mac_min>
            <mac_max>ECB328A0015D</mac_max>
        </mac>
        <mac>
            <mac_min>ECB328A00190</mac_min>
            <mac_max>ECB328A001C0</mac_max>
        </mac>
        <mac>
            <mac_min>ECB328A00226</mac_min>
            <mac_max>ECB328A0025B</mac_max>
        </mac>
        <mac>
            <mac_min>ECB328A0025F</mac_min>
            <mac_max>ECB328A00265</mac_max>
        </mac>
        <mac>
            <mac_min>ECB328A00267</mac_min>
            <mac_max>ECB328A00274</mac_max>
        </mac>
        <mac>
            <mac_min>ECB328A00276</mac_min>
            <mac_max>ECB328A0027F</mac_max>
        </mac>
        <mac>
            <mac_min>ECB328A00281</mac_min>
            <mac_max>ECB328A00294</mac_max>
        </mac>
        <mac>
            <mac_min>ECB328A00296</mac_min>
            <mac_max>ECB328A0029A</mac_max>
        </mac>
        <mac>
            <mac_min>ECB328A0029C</mac_min>
            <mac_max>ECB328A002A0</mac_max>
        </mac>
        <mac>
            <mac_min>ECB328A002A2</mac_min>
            <mac_max>ECB328A002A5</mac_max>
        </mac>
        <mac>
            <mac_min>ECB328A002A7</mac_min>
            <mac_max>ECB328A002AF</mac_max>
        </mac>
        <mac>
            <mac_min>ECB328A002B1</mac_min>
            <mac_max>ECB328A002B3</mac_max>
        </mac>
        <mac>
            <mac_min>ECB328A002B5</mac_min>
            <mac_max>ECB328A002BD</mac_max>
        </mac>
        <mac>
            <mac_min>ECB328A002BF</mac_min>
            <mac_max>ECB328A002C0</mac_max>
        </mac>
        <mac>
            <mac_min>ECB328A002C2</mac_min>
            <mac_max>ECB328A002C4</mac_max>
        </mac>
        <mac>
            <mac_min>ECB328A002C6</mac_min>
            <mac_max>ECB328A002CD</mac_max>
        </mac>
        <mac>
            <mac_min>ECB328A002CF</mac_min>
            <mac_max>ECB328A002D8</mac_max>
        </mac>
        <mac>
            <mac_min>ECB328A002DA</mac_min>
            <mac_max>ECB328A002EB</mac_max>
        </mac>
        <mac>
            <mac_min>ECB328A00352</mac_min>
            <mac_max>ECB328A0035E</mac_max>
        </mac>
        <mac>
            <mac_min>ECB328A00360</mac_min>
            <mac_max>ECB328A0037B</mac_max>
        </mac>
        <mac>
            <mac_min>ECB328A0037D</mac_min>
            <mac_max>ECB328A00383</mac_max>
        </mac>
        <mac>
            <mac_min>ECB328A003B8</mac_min>
            <mac_max>ECB328A003BB</mac_max>
        </mac>
        <mac>
            <mac_min>ECB328A003BD</mac_min>
            <mac_max>ECB328A003BE</mac_max>
        </mac>
        <mac>
            <mac_min>ECB328A003C0</mac_min>
            <mac_max>ECB328A003C1</mac_max>
        </mac>
        <mac>
            <mac_min>ECB328A003CA</mac_min>
            <mac_max>ECB328A003CC</mac_max>
        </mac>
        <mac>
            <mac_min>ECB328A003D0</mac_min>
            <mac_max>ECB328A003D4</mac_max>
        </mac>
        <mac>
            <mac_min>ECB328A003D6</mac_min>
            <mac_max>ECB328A003E0</mac_max>
        </mac>
        <mac>
            <mac_min>ECB328A003E2</mac_min>
            <mac_max>ECB328A003E3</mac_max>
        </mac>
        <mac>
            <mac_min>FDA52723B52F</mac_min>
            <mac_max>FDA52723B560</mac_max>
        </mac>
        <mac>
            <mac_min>FDA52723B5C6</mac_min>
            <mac_max>FDA52723B5F6</mac_max>
        </mac>
        <mac>
            <mac_min>FDA52723B629</mac_min>
            <mac_max>FDA52723B68C</mac_max>
        </mac>
        <mac>
            <mac_min>FDA52725F4DD</mac_min>
            <mac_max>FDA52725F4DE</mac_max>
        </mac>
        <mac>
            <mac_min>FDA52725F4E0</mac_min>
            <mac_max>FDA52725F4EA</mac_max>
        </mac>
        <mac>
            <mac_min>FDA52725F4EC</mac_min>
            <mac_max>FDA52725F4F0</mac_max>
        </mac>
        <mac>
            <mac_min>FDA52725F4F4</mac_min>
            <mac_max>FDA52725F4F6</mac_max>
        </mac>
        <mac>
            <mac_min>FDA52725F4FF</mac_min>
            <mac_max>FDA52725F500</mac_max>
        </mac>
        <mac>
            <mac_min>FDA52725F502</mac_min>
            <mac_max>FDA52725F503</mac_max>
        </mac>
        <mac>
            <mac_min>FDA52725F505</mac_min>
            <mac_max>FDA52725F508</mac_max>
        </mac>
        <mac>
            <mac_min>FDA52725F53D</mac_min>
            <mac_max>FDA52725F543</mac_max>
        </mac>
        <mac>
            <mac_min>FDA52725F545</mac_min>
            <mac_max>FDA52725F560</mac_max>
        </mac>
        <mac>
            <mac_min>FDA52725F562</mac_min>
            <mac_max>FDA52725F56E</mac_max>
        </mac>
        <mac>
            <mac_min>FDA52725F5D5</mac_min>
            <mac_max>FDA52725F5E6</mac_max>
        </mac>
        <mac>
            <mac_min>FDA52725F5E8</mac_min>
            <mac_max>FDA52725F5F1</mac_max>
        </mac>
        <mac>
            <mac_min>FDA52725F5F3</mac_min>
            <mac_max>FDA52725F5FA</mac_max>
        </mac>
        <mac>
            <mac_min>FDA52725F5FC</mac_min>
            <mac_max>FDA52725F5FE</mac_max>
        </mac>
        <mac>
            <mac_min>FDA52725F600</mac_min>
            <mac_max>FDA52725F601</mac_max>
        </mac>
        <mac>
            <mac_min>FDA52725F603</mac_min>
            <mac_max>FDA52725F60B</mac_max>
        </mac>
        <mac>
            <mac_min>FDA52725F60D</mac_min>
            <mac_max>FDA52725F60F</mac_max>
        </mac>
        <mac>
            <mac_min>FDA52725F611</mac_min>
            <mac_max>FDA52725F619</mac_max>
        </mac>
        <mac>
            <mac_min>FDA52725F61B</mac_min>
            <mac_max>FDA52725F61E</mac_max>
        </mac>
        <mac>
            <mac_min>FDA52725F620</mac_min>
            <mac_max>FDA52725F624</mac_max>
        </mac>
        <mac>
            <mac_min>FDA52725F626</mac_min>
            <mac_max>FDA52725F62A</mac_max>
        </mac>
        <mac>
            <mac_min>FDA52725F62C</mac_min>
            <mac_max>FDA52725F63F</mac_max>
        </mac>
        <mac>
            <mac_min>FDA52725F641</mac_min>
            <mac_max>FDA52725F64A</mac_max>
        </mac>
        <mac>
            <mac_min>FDA52725F64C</mac_min>
            <mac_max>FDA52725F653</mac_max>
        </mac>
        <mac>
            <mac_min>FDA52725F77C</mac_min>
            <mac_max>FDA52725F781</mac_max>
        </mac>
        <mac>
            <mac_min>FDA52725F783</mac_min>
            <mac_max>FDA52725F789</mac_max>
        </mac>
        <mac>
            <mac_min>FDA52725F78D</mac_min>
            <mac_max>FDA52725F790</mac_max>
        </mac>
    </mac_range>
    <mac_single>
        <mac>C91A0062193B</mac>
        <mac>C91A00621943</mac>
        <mac>C91A00650005</mac>
        <mac>C91A00650095</mac>
        <mac>C91A0065015E</mac>
        <mac>C91A0065016B</mac>
        <mac>C91A0065016F</mac>
        <mac>C91A00650176</mac>
        <mac>C91A0065018E</mac>
        <mac>ECB328A001CB</mac>
        <mac>ECB328A001D3</mac>
        <mac>ECB328A0025D</mac>
        <mac>ECB328A002ED</mac>
        <mac>ECB328A003B6</mac>
        <mac>ECB328A003C3</mac>
        <mac>ECB328A003C7</mac>
        <mac>ECB328A003CE</mac>
        <mac>ECB328A003E6</mac>
        <mac>FDA52723B5B3</mac>
        <mac>FDA52723B5BB</mac>
        <mac>FDA52725F4DA</mac>
        <mac>FDA52725F4F2</mac>
        <mac>FDA52725F4F9</mac>
        <mac>FDA52725F4FD</mac>
        <mac>FDA52725F50A</mac>
        <mac>FDA52725F5D3</mac>
        <mac>FDA52725F78B</mac>
    </mac_single>
    <mac_warn />
</build_mac>
