<?xml version="1.0" encoding="utf-8" ?>
<build_mac>
    <build_id>860400010020300005</build_id>
    <mac_range>
        <mac>
            <mac_min>C91A00650FA0</mac_min>
            <mac_max>C91A00650FAB</mac_max>
        </mac>
        <mac>
            <mac_min>C91A00650FAD</mac_min>
            <mac_max>C91A00650FB3</mac_max>
        </mac>
        <mac>
            <mac_min>C91A00650FB5</mac_min>
            <mac_max>C91A00650FBC</mac_max>
        </mac>
        <mac>
            <mac_min>C91A00650FBE</mac_min>
            <mac_max>C91A00650FC4</mac_max>
        </mac>
        <mac>
            <mac_min>C91A00650FC6</mac_min>
            <mac_max>C91A00650FCB</mac_max>
        </mac>
        <mac>
            <mac_min>C91A00650FCD</mac_min>
            <mac_max>C91A00650FD1</mac_max>
        </mac>
        <mac>
            <mac_min>C91A006510FE</mac_min>
            <mac_max>C91A0065112F</mac_max>
        </mac>
        <mac>
            <mac_min>C91A00651162</mac_min>
            <mac_max>C91A00651163</mac_max>
        </mac>
        <mac>
            <mac_min>C91A00651166</mac_min>
            <mac_max>C91A0065116B</mac_max>
        </mac>
        <mac>
            <mac_min>C91A0065116E</mac_min>
            <mac_max>C91A0065116F</mac_max>
        </mac>
        <mac>
            <mac_min>C91A00651171</mac_min>
            <mac_max>C91A00651175</mac_max>
        </mac>
        <mac>
            <mac_min>C91A00651178</mac_min>
            <mac_max>C91A00651179</mac_max>
        </mac>
        <mac>
            <mac_min>C91A00651185</mac_min>
            <mac_max>C91A0065118A</mac_max>
        </mac>
        <mac>
            <mac_min>C91A0065118D</mac_min>
            <mac_max>C91A0065118F</mac_max>
        </mac>
        <mac>
            <mac_min>C91A0065119F</mac_min>
            <mac_max>C91A006511A0</mac_max>
        </mac>
        <mac>
            <mac_min>C91A006511AA</mac_min>
            <mac_max>C91A006511AD</mac_max>
        </mac>
        <mac>
            <mac_min>C91A006511BD</mac_min>
            <mac_max>C91A006511C1</mac_max>
        </mac>
        <mac>
            <mac_min>FDA52725E4A6</mac_min>
            <mac_max>FDA52725E4AA</mac_max>
        </mac>
        <mac>
            <mac_min>FDA52725E4BA</mac_min>
            <mac_max>FDA52725E4BD</mac_max>
        </mac>
        <mac>
            <mac_min>FDA52725E4C7</mac_min>
            <mac_max>FDA52725E4C8</mac_max>
        </mac>
        <mac>
            <mac_min>FDA52725E4D8</mac_min>
            <mac_max>FDA52725E4DA</mac_max>
        </mac>
        <mac>
            <mac_min>FDA52725E4DD</mac_min>
            <mac_max>FDA52725E4E2</mac_max>
        </mac>
        <mac>
            <mac_min>FDA52725E4EE</mac_min>
            <mac_max>FDA52725E4EF</mac_max>
        </mac>
        <mac>
            <mac_min>FDA52725E4F2</mac_min>
            <mac_max>FDA52725E4F6</mac_max>
        </mac>
        <mac>
            <mac_min>FDA52725E4F8</mac_min>
            <mac_max>FDA52725E4F9</mac_max>
        </mac>
        <mac>
            <mac_min>FDA52725E4FC</mac_min>
            <mac_max>FDA52725E501</mac_max>
        </mac>
        <mac>
            <mac_min>FDA52725E504</mac_min>
            <mac_max>FDA52725E505</mac_max>
        </mac>
        <mac>
            <mac_min>FDA52725E538</mac_min>
            <mac_max>FDA52725E569</mac_max>
        </mac>
        <mac>
            <mac_min>FDA52725E696</mac_min>
            <mac_max>FDA52725E69A</mac_max>
        </mac>
        <mac>
            <mac_min>FDA52725E69C</mac_min>
            <mac_max>FDA52725E6A1</mac_max>
        </mac>
        <mac>
            <mac_min>FDA52725E6A3</mac_min>
            <mac_max>FDA52725E6A9</mac_max>
        </mac>
        <mac>
            <mac_min>FDA52725E6AB</mac_min>
            <mac_max>FDA52725E6B2</mac_max>
        </mac>
        <mac>
            <mac_min>FDA52725E6B4</mac_min>
            <mac_max>FDA52725E6BA</mac_max>
        </mac>
        <mac>
            <mac_min>FDA52725E6BC</mac_min>
            <mac_max>FDA52725E6C7</mac_max>
        </mac>
    </mac_range>
    <mac_single>
        <mac>C91A00651072</mac>
        <mac>C91A0065117B</mac>
        <mac>C91A0065117D</mac>
        <mac>C91A00651180</mac>
        <mac>C91A00651183</mac>
        <mac>C91A00651195</mac>
        <mac>C91A006511B3</mac>
        <mac>C91A006511B5</mac>
        <mac>C91A006511BB</mac>
        <mac>C91A006511C4</mac>
        <mac>FDA52725E4A3</mac>
        <mac>FDA52725E4AC</mac>
        <mac>FDA52725E4B2</mac>
        <mac>FDA52725E4B4</mac>
        <mac>FDA52725E4D2</mac>
        <mac>FDA52725E4E4</mac>
        <mac>FDA52725E4E7</mac>
        <mac>FDA52725E4EA</mac>
        <mac>FDA52725E4EC</mac>
        <mac>FDA52725E5F5</mac>
    </mac_single>
    <mac_warn />
</build_mac>
