<?xml version="1.0" encoding="utf-8" ?>
<build_mac>
    <build_id>860400020010300002</build_id>
    <mac_range>
        <mac>
            <mac_min>FDA5272593AB</mac_min>
            <mac_max>FDA5272593AC</mac_max>
        </mac>
        <mac>
            <mac_min>FDA5272593B2</mac_min>
            <mac_max>FDA5272593B5</mac_max>
        </mac>
        <mac>
            <mac_min>FDA5272593B7</mac_min>
            <mac_max>FDA5272593B8</mac_max>
        </mac>
        <mac>
            <mac_min>FDA5272593BA</mac_min>
            <mac_max>FDA5272593BB</mac_max>
        </mac>
        <mac>
            <mac_min>FDA5272593C0</mac_min>
            <mac_max>FDA5272593C1</mac_max>
        </mac>
        <mac>
            <mac_min>FDA5272593C6</mac_min>
            <mac_max>FDA5272593C7</mac_max>
        </mac>
        <mac>
            <mac_min>FDA5272593E4</mac_min>
            <mac_max>FDA5272593E5</mac_max>
        </mac>
        <mac>
            <mac_min>FDA527259400</mac_min>
            <mac_max>FDA527259401</mac_max>
        </mac>
        <mac>
            <mac_min>FDA527259404</mac_min>
            <mac_max>FDA52725940B</mac_max>
        </mac>
        <mac>
            <mac_min>FDA52725940D</mac_min>
            <mac_max>FDA527259410</mac_max>
        </mac>
        <mac>
            <mac_min>FDA527259415</mac_min>
            <mac_max>FDA527259417</mac_max>
        </mac>
        <mac>
            <mac_min>FDA52725949B</mac_min>
            <mac_max>FDA52725949C</mac_max>
        </mac>
        <mac>
            <mac_min>FDA5272594A2</mac_min>
            <mac_max>FDA5272594A7</mac_max>
        </mac>
        <mac>
            <mac_min>FDA5272594AA</mac_min>
            <mac_max>FDA5272594AC</mac_max>
        </mac>
        <mac>
            <mac_min>FDA5272594D1</mac_min>
            <mac_max>FDA5272594D3</mac_max>
        </mac>
        <mac>
            <mac_min>FDA5272594D5</mac_min>
            <mac_max>FDA5272594D6</mac_max>
        </mac>
        <mac>
            <mac_min>FDA5272594FE</mac_min>
            <mac_max>FDA5272594FF</mac_max>
        </mac>
    </mac_range>
    <mac_single>
        <mac>FDA527258229</mac>
        <mac>FDA5272593AE</mac>
        <mac>FDA5272593BE</mac>
        <mac>FDA5272593C4</mac>
        <mac>FDA5272593CF</mac>
        <mac>FDA5272593E0</mac>
        <mac>FDA5272594AE</mac>
        <mac>FDA5272594B4</mac>
        <mac>FDA5272594B7</mac>
        <mac>FDA5272594BC</mac>
        <mac>FDA5272594CB</mac>
        <mac>FDA5272594CE</mac>
        <mac>FDA5272594DA</mac>
        <mac>FDA5272594EF</mac>
        <mac>FDA5272594F1</mac>
        <mac>FDA5272594F6</mac>
        <mac>FDA527259503</mac>
    </mac_single>
    <mac_warn />
</build_mac>
