<?xml version="1.0" encoding="utf-8" ?>
<build_mac>
    <build_id>860400020040300009</build_id>
    <mac_range>
        <mac>
            <mac_min>C91A006E48AC</mac_min>
            <mac_max>C91A006E48AE</mac_max>
        </mac>
        <mac>
            <mac_min>C91A006E48B4</mac_min>
            <mac_max>C91A006E48B9</mac_max>
        </mac>
        <mac>
            <mac_min>C91A006E48BF</mac_min>
            <mac_max>C91A006E48C0</mac_max>
        </mac>
        <mac>
            <mac_min>C91A006E48C5</mac_min>
            <mac_max>C91A006E48C8</mac_max>
        </mac>
        <mac>
            <mac_min>C91A006E48CD</mac_min>
            <mac_max>C91A006E48CF</mac_max>
        </mac>
        <mac>
            <mac_min>C91A006E48D7</mac_min>
            <mac_max>C91A006E48D9</mac_max>
        </mac>
        <mac>
            <mac_min>FDA5272B70C8</mac_min>
            <mac_max>FDA5272B70CA</mac_max>
        </mac>
        <mac>
            <mac_min>FDA5272B70D0</mac_min>
            <mac_max>FDA5272B70D5</mac_max>
        </mac>
        <mac>
            <mac_min>FDA5272B70DB</mac_min>
            <mac_max>FDA5272B70DC</mac_max>
        </mac>
        <mac>
            <mac_min>FDA5272B70E1</mac_min>
            <mac_max>FDA5272B70E4</mac_max>
        </mac>
        <mac>
            <mac_min>FDA5272B70E9</mac_min>
            <mac_max>FDA5272B70EB</mac_max>
        </mac>
        <mac>
            <mac_min>FDA5272B70F3</mac_min>
            <mac_max>FDA5272B70F5</mac_max>
        </mac>
    </mac_range>
    <mac_single>
        <mac>C91A006E48A9</mac>
        <mac>C91A006E48B0</mac>
        <mac>C91A006E48BD</mac>
        <mac>C91A006E48C2</mac>
        <mac>C91A006E48CB</mac>
        <mac>C91A006E48D5</mac>
        <mac>C91A006E494E</mac>
        <mac>FDA5272B70C5</mac>
        <mac>FDA5272B70CC</mac>
        <mac>FDA5272B70D9</mac>
        <mac>FDA5272B70DE</mac>
        <mac>FDA5272B70E7</mac>
        <mac>FDA5272B70F1</mac>
        <mac>FDA5272B716A</mac>
    </mac_single>
    <mac_warn />
</build_mac>
