<?xml version="1.0" encoding="utf-8" ?>
<build_mac>
    <build_id>860400020040300010</build_id>
    <mac_range>
        <mac>
            <mac_min>C91A006E48BB</mac_min>
            <mac_max>C91A006E48BC</mac_max>
        </mac>
        <mac>
            <mac_min>C91A006E4970</mac_min>
            <mac_max>C91A006E4971</mac_max>
        </mac>
        <mac>
            <mac_min>C91A006E4978</mac_min>
            <mac_max>C91A006E4979</mac_max>
        </mac>
        <mac>
            <mac_min>C91A006E4981</mac_min>
            <mac_max>C91A006E4984</mac_max>
        </mac>
        <mac>
            <mac_min>C91A006E4986</mac_min>
            <mac_max>C91A006E4988</mac_max>
        </mac>
        <mac>
            <mac_min>C91A006E4995</mac_min>
            <mac_max>C91A006E4996</mac_max>
        </mac>
        <mac>
            <mac_min>C91A006E4998</mac_min>
            <mac_max>C91A006E4999</mac_max>
        </mac>
        <mac>
            <mac_min>C91A006E499B</mac_min>
            <mac_max>C91A006E499C</mac_max>
        </mac>
        <mac>
            <mac_min>FDA5272B70D7</mac_min>
            <mac_max>FDA5272B70D8</mac_max>
        </mac>
        <mac>
            <mac_min>FDA5272B718C</mac_min>
            <mac_max>FDA5272B718D</mac_max>
        </mac>
        <mac>
            <mac_min>FDA5272B7194</mac_min>
            <mac_max>FDA5272B7195</mac_max>
        </mac>
        <mac>
            <mac_min>FDA5272B719D</mac_min>
            <mac_max>FDA5272B71A0</mac_max>
        </mac>
        <mac>
            <mac_min>FDA5272B71A2</mac_min>
            <mac_max>FDA5272B71A4</mac_max>
        </mac>
        <mac>
            <mac_min>FDA5272B71B1</mac_min>
            <mac_max>FDA5272B71B2</mac_max>
        </mac>
        <mac>
            <mac_min>FDA5272B71B4</mac_min>
            <mac_max>FDA5272B71B5</mac_max>
        </mac>
        <mac>
            <mac_min>FDA5272B71B7</mac_min>
            <mac_max>FDA5272B71B8</mac_max>
        </mac>
    </mac_range>
    <mac_single>
        <mac>C91A006E48B3</mac>
        <mac>C91A006E48BE</mac>
        <mac>C91A006E48C3</mac>
        <mac>C91A006E48CA</mac>
        <mac>C91A006E48D1</mac>
        <mac>C91A006E48D4</mac>
        <mac>C91A006E4943</mac>
        <mac>C91A006E494B</mac>
        <mac>C91A006E494F</mac>
        <mac>C91A006E4973</mac>
        <mac>C91A006E4975</mac>
        <mac>C91A006E497C</mac>
        <mac>C91A006E498C</mac>
        <mac>C91A006E498F</mac>
        <mac>C91A006E4992</mac>
        <mac>C91A006E499E</mac>
        <mac>C91A006E49A0</mac>
        <mac>FDA5272B70CF</mac>
        <mac>FDA5272B70DA</mac>
        <mac>FDA5272B70DF</mac>
        <mac>FDA5272B70E6</mac>
        <mac>FDA5272B70ED</mac>
        <mac>FDA5272B70F0</mac>
        <mac>FDA5272B715F</mac>
        <mac>FDA5272B7167</mac>
        <mac>FDA5272B716B</mac>
        <mac>FDA5272B718F</mac>
        <mac>FDA5272B7191</mac>
        <mac>FDA5272B7198</mac>
        <mac>FDA5272B71A8</mac>
        <mac>FDA5272B71AB</mac>
        <mac>FDA5272B71AE</mac>
        <mac>FDA5272B71BA</mac>
        <mac>FDA5272B71BC</mac>
    </mac_single>
    <mac_warn />
</build_mac>
