<?xml version="1.0" encoding="utf-8" ?>
<build_mac>
    <build_id>860400110010300001</build_id>
    <mac_range>
        <mac>
            <mac_min>C91A00651042</mac_min>
            <mac_max>C91A00651043</mac_max>
        </mac>
        <mac>
            <mac_min>C91A0065109A</mac_min>
            <mac_max>C91A006510CB</mac_max>
        </mac>
        <mac>
            <mac_min>FDA52725E59C</mac_min>
            <mac_max>FDA52725E5CD</mac_max>
        </mac>
        <mac>
            <mac_min>FDA52725E624</mac_min>
            <mac_max>FDA52725E625</mac_max>
        </mac>
    </mac_range>
    <mac_single>
        <mac>C91A0065103A</mac>
        <mac>C91A0065103D</mac>
        <mac>C91A00651049</mac>
        <mac>C91A0065104D</mac>
        <mac>C91A00651063</mac>
        <mac>FDA52725E604</mac>
        <mac>FDA52725E61A</mac>
        <mac>FDA52725E61E</mac>
        <mac>FDA52725E62A</mac>
        <mac>FDA52725E62D</mac>
    </mac_single>
    <mac_warn />
</build_mac>
