<?xml version="1.0" encoding="utf-8" ?>
<build_mac>
    <build_id>860400020110300001</build_id>
    <mac_range>
        <mac>
            <mac_min>C91A006B40FA</mac_min>
            <mac_max>C91A006B40FB</mac_max>
        </mac>
        <mac>
            <mac_min>C91A006B4268</mac_min>
            <mac_max>C91A006B4299</mac_max>
        </mac>
        <mac>
            <mac_min>C91A006B42FE</mac_min>
            <mac_max>C91A006B432F</mac_max>
        </mac>
        <mac>
            <mac_min>C91A006B43F8</mac_min>
            <mac_max>C91A006B4429</mac_max>
        </mac>
        <mac>
            <mac_min>FDA5272943BB</mac_min>
            <mac_max>FDA5272943EC</mac_max>
        </mac>
        <mac>
            <mac_min>FDA527294559</mac_min>
            <mac_max>FDA52729455A</mac_max>
        </mac>
        <mac>
            <mac_min>FDA5272982C4</mac_min>
            <mac_max>FDA5272982F5</mac_max>
        </mac>
        <mac>
            <mac_min>FDA5272983BE</mac_min>
            <mac_max>FDA5272983EF</mac_max>
        </mac>
    </mac_range>
    <mac_single>
        <mac>C91A006B40D9</mac>
        <mac>C91A006B40EC</mac>
        <mac>C91A006B40EE</mac>
        <mac>C91A006B40F4</mac>
        <mac>C91A006B40F6</mac>
        <mac>C91A006B40FF</mac>
        <mac>C91A006B4103</mac>
        <mac>FDA527294551</mac>
        <mac>FDA527294555</mac>
        <mac>FDA52729455E</mac>
        <mac>FDA527294560</mac>
        <mac>FDA527294566</mac>
        <mac>FDA527294568</mac>
        <mac>FDA52729457B</mac>
    </mac_single>
    <mac_warn />
</build_mac>
