<?xml version="1.0" encoding="utf-8" ?>
<build_mac>
    <build_id>860400010070300002</build_id>
    <mac_range>
        <mac>
            <mac_min>C91A00602648</mac_min>
            <mac_max>C91A00602649</mac_max>
        </mac>
        <mac>
            <mac_min>C91A0060264B</mac_min>
            <mac_max>C91A00602662</mac_max>
        </mac>
        <mac>
            <mac_min>C91A00602664</mac_min>
            <mac_max>C91A00602679</mac_max>
        </mac>
        <mac>
            <mac_min>C91A00610578</mac_min>
            <mac_max>C91A00610579</mac_max>
        </mac>
        <mac>
            <mac_min>C91A00610581</mac_min>
            <mac_max>C91A00610583</mac_max>
        </mac>
        <mac>
            <mac_min>C91A00610585</mac_min>
            <mac_max>C91A00610589</mac_max>
        </mac>
        <mac>
            <mac_min>C91A0061058B</mac_min>
            <mac_max>C91A0061058C</mac_max>
        </mac>
        <mac>
            <mac_min>C91A0061058E</mac_min>
            <mac_max>C91A0061058F</mac_max>
        </mac>
        <mac>
            <mac_min>C91A00610592</mac_min>
            <mac_max>C91A00610594</mac_max>
        </mac>
        <mac>
            <mac_min>C91A00610597</mac_min>
            <mac_max>C91A006105A0</mac_max>
        </mac>
        <mac>
            <mac_min>FDA5271BFF08</mac_min>
            <mac_max>FDA5271BFF09</mac_max>
        </mac>
        <mac>
            <mac_min>FDA5271BFF0B</mac_min>
            <mac_max>FDA5271BFF22</mac_max>
        </mac>
        <mac>
            <mac_min>FDA5271BFF24</mac_min>
            <mac_max>FDA5271BFF39</mac_max>
        </mac>
        <mac>
            <mac_min>FDA52722AB62</mac_min>
            <mac_max>FDA52722AB6B</mac_max>
        </mac>
        <mac>
            <mac_min>FDA52722AB6E</mac_min>
            <mac_max>FDA52722AB70</mac_max>
        </mac>
        <mac>
            <mac_min>FDA52722AB73</mac_min>
            <mac_max>FDA52722AB74</mac_max>
        </mac>
        <mac>
            <mac_min>FDA52722AB76</mac_min>
            <mac_max>FDA52722AB77</mac_max>
        </mac>
        <mac>
            <mac_min>FDA52722AB79</mac_min>
            <mac_max>FDA52722AB7D</mac_max>
        </mac>
        <mac>
            <mac_min>FDA52722AB7F</mac_min>
            <mac_max>FDA52722AB81</mac_max>
        </mac>
        <mac>
            <mac_min>FDA52722AB89</mac_min>
            <mac_max>FDA52722AB8A</mac_max>
        </mac>
    </mac_range>
    <mac_single>
        <mac>C91A006102A4</mac>
        <mac>C91A006102AC</mac>
        <mac>C91A006102B8</mac>
        <mac>C91A006102DE</mac>
        <mac>C91A0061057B</mac>
        <mac>C91A0061057D</mac>
        <mac>C91A006105A3</mac>
        <mac>C91A006105A5</mac>
        <mac>C91A006105A7</mac>
        <mac>C91A006105A9</mac>
        <mac>FDA52722AB59</mac>
        <mac>FDA52722AB5B</mac>
        <mac>FDA52722AB5D</mac>
        <mac>FDA52722AB5F</mac>
        <mac>FDA52722AB85</mac>
        <mac>FDA52722AB87</mac>
        <mac>FDA52722AE24</mac>
        <mac>FDA52722AE4A</mac>
        <mac>FDA52722AE56</mac>
        <mac>FDA52722AE5E</mac>
    </mac_single>
    <mac_warn />
</build_mac>
