<?xml version="1.0" encoding="utf-8" ?>
<build_mac>
    <build_id>860400070020300001</build_id>
    <mac_range>
        <mac>
            <mac_min>FDA52725943F</mac_min>
            <mac_max>FDA527259440</mac_max>
        </mac>
        <mac>
            <mac_min>FDA527259448</mac_min>
            <mac_max>FDA527259449</mac_max>
        </mac>
        <mac>
            <mac_min>FDA52725944B</mac_min>
            <mac_max>FDA52725944C</mac_max>
        </mac>
        <mac>
            <mac_min>FDA52725945D</mac_min>
            <mac_max>FDA52725945E</mac_max>
        </mac>
        <mac>
            <mac_min>FDA52725947F</mac_min>
            <mac_max>FDA527259480</mac_max>
        </mac>
        <mac>
            <mac_min>FDA527259483</mac_min>
            <mac_max>FDA527259485</mac_max>
        </mac>
        <mac>
            <mac_min>FDA527259487</mac_min>
            <mac_max>FDA527259488</mac_max>
        </mac>
        <mac>
            <mac_min>FDA527259498</mac_min>
            <mac_max>FDA52725949A</mac_max>
        </mac>
        <mac>
            <mac_min>FDA527259546</mac_min>
            <mac_max>FDA527259547</mac_max>
        </mac>
        <mac>
            <mac_min>FDA527259555</mac_min>
            <mac_max>FDA527259556</mac_max>
        </mac>
        <mac>
            <mac_min>FDA52725956F</mac_min>
            <mac_max>FDA527259570</mac_max>
        </mac>
    </mac_range>
    <mac_single>
        <mac>FDA5272582D7</mac>
        <mac>FDA5272582E3</mac>
        <mac>FDA52725847A</mac>
        <mac>FDA527258CDF</mac>
        <mac>FDA527258CE2</mac>
        <mac>FDA5272593D1</mac>
        <mac>FDA5272593D5</mac>
        <mac>FDA5272593D9</mac>
        <mac>FDA5272593E1</mac>
        <mac>FDA527259413</mac>
        <mac>FDA52725941F</mac>
        <mac>FDA527259437</mac>
        <mac>FDA527259442</mac>
        <mac>FDA527259444</mac>
        <mac>FDA52725944F</mac>
        <mac>FDA527259451</mac>
        <mac>FDA527259454</mac>
        <mac>FDA527259456</mac>
        <mac>FDA52725945A</mac>
        <mac>FDA52725947A</mac>
        <mac>FDA52725948E</mac>
        <mac>FDA527259496</mac>
        <mac>FDA5272594C8</mac>
        <mac>FDA5272594DC</mac>
        <mac>FDA5272594DE</mac>
        <mac>FDA5272594E7</mac>
        <mac>FDA5272594FA</mac>
        <mac>FDA527259544</mac>
        <mac>FDA52725954E</mac>
        <mac>FDA527259559</mac>
    </mac_single>
    <mac_warn />
</build_mac>
