<?xml version="1.0" encoding="utf-8" ?>
<build_mac>
    <build_id>860400070020300004</build_id>
    <mac_range>
        <mac>
            <mac_min>C91A006B410A</mac_min>
            <mac_max>C91A006B411C</mac_max>
        </mac>
        <mac>
            <mac_min>C91A006B411E</mac_min>
            <mac_max>C91A006B4129</mac_max>
        </mac>
        <mac>
            <mac_min>C91A006B412B</mac_min>
            <mac_max>C91A006B413D</mac_max>
        </mac>
        <mac>
            <mac_min>C91A006B4140</mac_min>
            <mac_max>C91A006B4145</mac_max>
        </mac>
        <mac>
            <mac_min>C91A006B414B</mac_min>
            <mac_max>C91A006B414D</mac_max>
        </mac>
        <mac>
            <mac_min>C91A006B414F</mac_min>
            <mac_max>C91A006B4151</mac_max>
        </mac>
        <mac>
            <mac_min>C91A006B4153</mac_min>
            <mac_max>C91A006B415D</mac_max>
        </mac>
        <mac>
            <mac_min>C91A006B415F</mac_min>
            <mac_max>C91A006B4161</mac_max>
        </mac>
        <mac>
            <mac_min>C91A006B4163</mac_min>
            <mac_max>C91A006B4168</mac_max>
        </mac>
        <mac>
            <mac_min>C91A006B416B</mac_min>
            <mac_max>C91A006B4177</mac_max>
        </mac>
        <mac>
            <mac_min>C91A006B4179</mac_min>
            <mac_max>C91A006B4185</mac_max>
        </mac>
        <mac>
            <mac_min>C91A006B4187</mac_min>
            <mac_max>C91A006B419B</mac_max>
        </mac>
        <mac>
            <mac_min>C91A006B419D</mac_min>
            <mac_max>C91A006B41B2</mac_max>
        </mac>
        <mac>
            <mac_min>C91A006B41B4</mac_min>
            <mac_max>C91A006B41DE</mac_max>
        </mac>
        <mac>
            <mac_min>C91A006B41E0</mac_min>
            <mac_max>C91A006B4208</mac_max>
        </mac>
        <mac>
            <mac_min>C91A006B420A</mac_min>
            <mac_max>C91A006B422E</mac_max>
        </mac>
        <mac>
            <mac_min>C91A006B4231</mac_min>
            <mac_max>C91A006B4267</mac_max>
        </mac>
        <mac>
            <mac_min>FDA5272943ED</mac_min>
            <mac_max>FDA527294423</mac_max>
        </mac>
        <mac>
            <mac_min>FDA527294426</mac_min>
            <mac_max>FDA52729444A</mac_max>
        </mac>
        <mac>
            <mac_min>FDA52729444C</mac_min>
            <mac_max>FDA527294474</mac_max>
        </mac>
        <mac>
            <mac_min>FDA527294476</mac_min>
            <mac_max>FDA5272944A0</mac_max>
        </mac>
        <mac>
            <mac_min>FDA5272944A2</mac_min>
            <mac_max>FDA5272944B7</mac_max>
        </mac>
        <mac>
            <mac_min>FDA5272944B9</mac_min>
            <mac_max>FDA5272944CD</mac_max>
        </mac>
        <mac>
            <mac_min>FDA5272944CF</mac_min>
            <mac_max>FDA5272944DB</mac_max>
        </mac>
        <mac>
            <mac_min>FDA5272944DD</mac_min>
            <mac_max>FDA5272944E9</mac_max>
        </mac>
        <mac>
            <mac_min>FDA5272944EC</mac_min>
            <mac_max>FDA5272944F1</mac_max>
        </mac>
        <mac>
            <mac_min>FDA5272944F3</mac_min>
            <mac_max>FDA5272944F5</mac_max>
        </mac>
        <mac>
            <mac_min>FDA5272944F7</mac_min>
            <mac_max>FDA527294501</mac_max>
        </mac>
        <mac>
            <mac_min>FDA527294503</mac_min>
            <mac_max>FDA527294505</mac_max>
        </mac>
        <mac>
            <mac_min>FDA527294507</mac_min>
            <mac_max>FDA527294509</mac_max>
        </mac>
        <mac>
            <mac_min>FDA52729450F</mac_min>
            <mac_max>FDA527294514</mac_max>
        </mac>
        <mac>
            <mac_min>FDA527294517</mac_min>
            <mac_max>FDA527294529</mac_max>
        </mac>
        <mac>
            <mac_min>FDA52729452B</mac_min>
            <mac_max>FDA527294536</mac_max>
        </mac>
        <mac>
            <mac_min>FDA527294538</mac_min>
            <mac_max>FDA52729454A</mac_max>
        </mac>
    </mac_range>
    <mac_single>
        <mac>C91A006B4147</mac>
        <mac>C91A006B4149</mac>
        <mac>FDA52729450B</mac>
        <mac>FDA52729450D</mac>
    </mac_single>
    <mac_warn />
</build_mac>
