<?xml version="1.0" encoding="utf-8" ?>
<build_mac>
    <build_id>860400010030300006</build_id>
    <mac_range>
        <mac>
            <mac_min>C91A006E49A8</mac_min>
            <mac_max>C91A006E49AE</mac_max>
        </mac>
        <mac>
            <mac_min>C91A006E49B0</mac_min>
            <mac_max>C91A006E49B3</mac_max>
        </mac>
        <mac>
            <mac_min>C91A006E49B6</mac_min>
            <mac_max>C91A006E49BB</mac_max>
        </mac>
        <mac>
            <mac_min>C91A006E49BD</mac_min>
            <mac_max>C91A006E49CC</mac_max>
        </mac>
        <mac>
            <mac_min>C91A006E49CE</mac_min>
            <mac_max>C91A006E49D3</mac_max>
        </mac>
        <mac>
            <mac_min>C91A00714CF4</mac_min>
            <mac_max>C91A00714D25</mac_max>
        </mac>
        <mac>
            <mac_min>C91A0072209E</mac_min>
            <mac_max>C91A007220DD</mac_max>
        </mac>
        <mac>
            <mac_min>C91A007220DF</mac_min>
            <mac_max>C91A007220EB</mac_max>
        </mac>
        <mac>
            <mac_min>C91A007220ED</mac_min>
            <mac_max>C91A00722101</mac_max>
        </mac>
        <mac>
            <mac_min>C91A00724394</mac_min>
            <mac_max>C91A00724396</mac_max>
        </mac>
        <mac>
            <mac_min>C91A00724398</mac_min>
            <mac_max>C91A0072439E</mac_max>
        </mac>
        <mac>
            <mac_min>C91A007243A0</mac_min>
            <mac_max>C91A007243A7</mac_max>
        </mac>
        <mac>
            <mac_min>C91A007243A9</mac_min>
            <mac_max>C91A007243B6</mac_max>
        </mac>
        <mac>
            <mac_min>C91A007243B8</mac_min>
            <mac_max>C91A007243BC</mac_max>
        </mac>
        <mac>
            <mac_min>C91A007243BE</mac_min>
            <mac_max>C91A007243BF</mac_max>
        </mac>
        <mac>
            <mac_min>C91A007243C1</mac_min>
            <mac_max>C91A007243C5</mac_max>
        </mac>
        <mac>
            <mac_min>FDA5272B71C4</mac_min>
            <mac_max>FDA5272B71CA</mac_max>
        </mac>
        <mac>
            <mac_min>FDA5272B71CC</mac_min>
            <mac_max>FDA5272B71CF</mac_max>
        </mac>
        <mac>
            <mac_min>FDA5272B71D2</mac_min>
            <mac_max>FDA5272B71D7</mac_max>
        </mac>
        <mac>
            <mac_min>FDA5272B71D9</mac_min>
            <mac_max>FDA5272B71E8</mac_max>
        </mac>
        <mac>
            <mac_min>FDA5272B71EA</mac_min>
            <mac_max>FDA5272B71EF</mac_max>
        </mac>
        <mac>
            <mac_min>FDA5272E3717</mac_min>
            <mac_max>FDA5272E3748</mac_max>
        </mac>
        <mac>
            <mac_min>FDA5272FBEB9</mac_min>
            <mac_max>FDA5272FBEF8</mac_max>
        </mac>
        <mac>
            <mac_min>FDA5272FBEFA</mac_min>
            <mac_max>FDA5272FBF06</mac_max>
        </mac>
        <mac>
            <mac_min>FDA5272FBF08</mac_min>
            <mac_max>FDA5272FBF1C</mac_max>
        </mac>
        <mac>
            <mac_min>FDA5272FE1AF</mac_min>
            <mac_max>FDA5272FE1B1</mac_max>
        </mac>
        <mac>
            <mac_min>FDA5272FE1B3</mac_min>
            <mac_max>FDA5272FE1B9</mac_max>
        </mac>
        <mac>
            <mac_min>FDA5272FE1BB</mac_min>
            <mac_max>FDA5272FE1C2</mac_max>
        </mac>
        <mac>
            <mac_min>FDA5272FE1C4</mac_min>
            <mac_max>FDA5272FE1D1</mac_max>
        </mac>
        <mac>
            <mac_min>FDA5272FE1D3</mac_min>
            <mac_max>FDA5272FE1D7</mac_max>
        </mac>
        <mac>
            <mac_min>FDA5272FE1D9</mac_min>
            <mac_max>FDA5272FE1DA</mac_max>
        </mac>
        <mac>
            <mac_min>FDA5272FE1DC</mac_min>
            <mac_max>FDA5272FE1E0</mac_max>
        </mac>
    </mac_range>
    <mac_single>
        <mac>C91A006E49A3</mac>
        <mac>C91A006E49A6</mac>
        <mac>C91A007243C9</mac>
        <mac>C91A007243D0</mac>
        <mac>C91A007243D3</mac>
        <mac>C91A007243E4</mac>
        <mac>C91A007243EB</mac>
        <mac>C91A007243EF</mac>
        <mac>FDA5272B71BF</mac>
        <mac>FDA5272B71C2</mac>
        <mac>FDA5272FE1E4</mac>
        <mac>FDA5272FE1EB</mac>
        <mac>FDA5272FE1EE</mac>
        <mac>FDA5272FE1FF</mac>
        <mac>FDA5272FE206</mac>
        <mac>FDA5272FE20A</mac>
    </mac_single>
    <mac_warn />
</build_mac>
