<?xml version="1.0" encoding="utf-8" ?>
<build_mac>
    <build_id>860400020040300008</build_id>
    <mac_range>
        <mac>
            <mac_min>C91A006B4330</mac_min>
            <mac_max>C91A006B4361</mac_max>
        </mac>
        <mac>
            <mac_min>C91A006B43C9</mac_min>
            <mac_max>C91A006B43D2</mac_max>
        </mac>
        <mac>
            <mac_min>C91A006B43D4</mac_min>
            <mac_max>C91A006B43E0</mac_max>
        </mac>
        <mac>
            <mac_min>C91A006B43E2</mac_min>
            <mac_max>C91A006B43E5</mac_max>
        </mac>
        <mac>
            <mac_min>C91A006B43E9</mac_min>
            <mac_max>C91A006B43F3</mac_max>
        </mac>
        <mac>
            <mac_min>C91A006B43F5</mac_min>
            <mac_max>C91A006B43F7</mac_max>
        </mac>
        <mac>
            <mac_min>C91A006D0FA0</mac_min>
            <mac_max>C91A006D0FA1</mac_max>
        </mac>
        <mac>
            <mac_min>C91A006D0FA4</mac_min>
            <mac_max>C91A006D0FA5</mac_max>
        </mac>
        <mac>
            <mac_min>C91A006D0FA7</mac_min>
            <mac_max>C91A006D0FA9</mac_max>
        </mac>
        <mac>
            <mac_min>C91A006D0FAC</mac_min>
            <mac_max>C91A006D0FAF</mac_max>
        </mac>
        <mac>
            <mac_min>C91A006D0FB1</mac_min>
            <mac_max>C91A006D0FB2</mac_max>
        </mac>
        <mac>
            <mac_min>C91A006D0FBA</mac_min>
            <mac_max>C91A006D0FBB</mac_max>
        </mac>
        <mac>
            <mac_min>C91A006D0FBF</mac_min>
            <mac_max>C91A006D0FC1</mac_max>
        </mac>
        <mac>
            <mac_min>C91A006D0FC7</mac_min>
            <mac_max>C91A006D0FCF</mac_max>
        </mac>
        <mac>
            <mac_min>C91A006D1036</mac_min>
            <mac_max>C91A006D1067</mac_max>
        </mac>
        <mac>
            <mac_min>C91A006D10CC</mac_min>
            <mac_max>C91A006D10FD</mac_max>
        </mac>
        <mac>
            <mac_min>C91A006D1162</mac_min>
            <mac_max>C91A006D1193</mac_max>
        </mac>
        <mac>
            <mac_min>FDA5272982F6</mac_min>
            <mac_max>FDA5272982F8</mac_max>
        </mac>
        <mac>
            <mac_min>FDA5272982FA</mac_min>
            <mac_max>FDA527298304</mac_max>
        </mac>
        <mac>
            <mac_min>FDA527298308</mac_min>
            <mac_max>FDA52729830B</mac_max>
        </mac>
        <mac>
            <mac_min>FDA52729830D</mac_min>
            <mac_max>FDA527298319</mac_max>
        </mac>
        <mac>
            <mac_min>FDA52729831B</mac_min>
            <mac_max>FDA527298324</mac_max>
        </mac>
        <mac>
            <mac_min>FDA52729838C</mac_min>
            <mac_max>FDA5272983BD</mac_max>
        </mac>
        <mac>
            <mac_min>FDA5272AD063</mac_min>
            <mac_max>FDA5272AD064</mac_max>
        </mac>
        <mac>
            <mac_min>FDA5272AD067</mac_min>
            <mac_max>FDA5272AD068</mac_max>
        </mac>
        <mac>
            <mac_min>FDA5272AD06A</mac_min>
            <mac_max>FDA5272AD06C</mac_max>
        </mac>
        <mac>
            <mac_min>FDA5272AD06F</mac_min>
            <mac_max>FDA5272AD072</mac_max>
        </mac>
        <mac>
            <mac_min>FDA5272AD074</mac_min>
            <mac_max>FDA5272AD075</mac_max>
        </mac>
        <mac>
            <mac_min>FDA5272AD07D</mac_min>
            <mac_max>FDA5272AD07E</mac_max>
        </mac>
        <mac>
            <mac_min>FDA5272AD082</mac_min>
            <mac_max>FDA5272AD084</mac_max>
        </mac>
        <mac>
            <mac_min>FDA5272AD08A</mac_min>
            <mac_max>FDA5272AD092</mac_max>
        </mac>
        <mac>
            <mac_min>FDA5272AD0F9</mac_min>
            <mac_max>FDA5272AD12A</mac_max>
        </mac>
        <mac>
            <mac_min>FDA5272AD18F</mac_min>
            <mac_max>FDA5272AD1C0</mac_max>
        </mac>
        <mac>
            <mac_min>FDA5272AD225</mac_min>
            <mac_max>FDA5272AD256</mac_max>
        </mac>
    </mac_range>
    <mac_single>
        <mac>C91A006B43C7</mac>
        <mac>C91A006B43E7</mac>
        <mac>C91A006D0FB6</mac>
        <mac>C91A006D0FB8</mac>
        <mac>C91A006D0FC3</mac>
        <mac>C91A006D0FC5</mac>
        <mac>C91A006D0FD1</mac>
        <mac>FDA527298306</mac>
        <mac>FDA527298326</mac>
        <mac>FDA5272AD079</mac>
        <mac>FDA5272AD07B</mac>
        <mac>FDA5272AD086</mac>
        <mac>FDA5272AD088</mac>
        <mac>FDA5272AD094</mac>
    </mac_single>
    <mac_warn />
</build_mac>
