<?xml version="1.0" encoding="utf-8" ?>
<build_mac>
    <build_id>860400010021200001</build_id>
    <mac_range>
        <mac>
            <mac_min>C91A006E5780</mac_min>
            <mac_max>C91A006E57B1</mac_max>
        </mac>
        <mac>
            <mac_min>C91A006F028A</mac_min>
            <mac_max>C91A006F0296</mac_max>
        </mac>
        <mac>
            <mac_min>C91A006F0298</mac_min>
            <mac_max>C91A006F02BB</mac_max>
        </mac>
        <mac>
            <mac_min>FDA5272B7FF0</mac_min>
            <mac_max>FDA5272B8021</mac_max>
        </mac>
        <mac>
            <mac_min>FDA5272BA23B</mac_min>
            <mac_max>FDA5272BA247</mac_max>
        </mac>
        <mac>
            <mac_min>FDA5272BA249</mac_min>
            <mac_max>FDA5272BA26C</mac_max>
        </mac>
    </mac_range>
    <mac_single />
    <mac_warn />
</build_mac>
