<?xml version="1.0" encoding="utf-8" ?>
<build_mac>
    <build_id>860400010010300003</build_id>
    <mac_range>
        <mac>
            <mac_min>C91A00610D28</mac_min>
            <mac_max>C91A00610D29</mac_max>
        </mac>
        <mac>
            <mac_min>C91A00610D2F</mac_min>
            <mac_max>C91A00610D31</mac_max>
        </mac>
        <mac>
            <mac_min>C91A006F0357</mac_min>
            <mac_max>C91A006F0358</mac_max>
        </mac>
        <mac>
            <mac_min>C91A006F035A</mac_min>
            <mac_max>C91A006F0360</mac_max>
        </mac>
        <mac>
            <mac_min>C91A006F0365</mac_min>
            <mac_max>C91A006F0366</mac_max>
        </mac>
        <mac>
            <mac_min>C91A006F0369</mac_min>
            <mac_max>C91A006F036A</mac_max>
        </mac>
        <mac>
            <mac_min>C91A006F036D</mac_min>
            <mac_max>C91A006F036E</mac_max>
        </mac>
        <mac>
            <mac_min>C91A006F0370</mac_min>
            <mac_max>C91A006F0371</mac_max>
        </mac>
        <mac>
            <mac_min>C91A006F0377</mac_min>
            <mac_max>C91A006F0378</mac_max>
        </mac>
        <mac>
            <mac_min>C91A006F037E</mac_min>
            <mac_max>C91A006F0381</mac_max>
        </mac>
        <mac>
            <mac_min>FDA52722A3D0</mac_min>
            <mac_max>FDA52722A3D2</mac_max>
        </mac>
        <mac>
            <mac_min>FDA52722A3D8</mac_min>
            <mac_max>FDA52722A3D9</mac_max>
        </mac>
        <mac>
            <mac_min>FDA5272BA308</mac_min>
            <mac_max>FDA5272BA309</mac_max>
        </mac>
        <mac>
            <mac_min>FDA5272BA30B</mac_min>
            <mac_max>FDA5272BA311</mac_max>
        </mac>
        <mac>
            <mac_min>FDA5272BA316</mac_min>
            <mac_max>FDA5272BA317</mac_max>
        </mac>
        <mac>
            <mac_min>FDA5272BA31A</mac_min>
            <mac_max>FDA5272BA31B</mac_max>
        </mac>
        <mac>
            <mac_min>FDA5272BA31E</mac_min>
            <mac_max>FDA5272BA31F</mac_max>
        </mac>
        <mac>
            <mac_min>FDA5272BA321</mac_min>
            <mac_max>FDA5272BA322</mac_max>
        </mac>
        <mac>
            <mac_min>FDA5272BA328</mac_min>
            <mac_max>FDA5272BA329</mac_max>
        </mac>
        <mac>
            <mac_min>FDA5272BA32F</mac_min>
            <mac_max>FDA5272BA332</mac_max>
        </mac>
    </mac_range>
    <mac_single>
        <mac>C91A006102BD</mac>
        <mac>C91A006102C3</mac>
        <mac>C91A006102CB</mac>
        <mac>C91A006102CD</mac>
        <mac>C91A006102D2</mac>
        <mac>C91A006102DC</mac>
        <mac>C91A006102DF</mac>
        <mac>C91A006102E2</mac>
        <mac>C91A006102E9</mac>
        <mac>C91A006102EC</mac>
        <mac>C91A00610D17</mac>
        <mac>C91A00610D1D</mac>
        <mac>C91A00610D34</mac>
        <mac>C91A00610D3F</mac>
        <mac>C91A006F0353</mac>
        <mac>C91A006F0355</mac>
        <mac>C91A006F0362</mac>
        <mac>C91A006F0375</mac>
        <mac>FDA52722A3C2</mac>
        <mac>FDA52722A3CD</mac>
        <mac>FDA52722A3E4</mac>
        <mac>FDA52722A3EA</mac>
        <mac>FDA52722AE16</mac>
        <mac>FDA52722AE19</mac>
        <mac>FDA52722AE20</mac>
        <mac>FDA52722AE23</mac>
        <mac>FDA52722AE26</mac>
        <mac>FDA52722AE30</mac>
        <mac>FDA52722AE35</mac>
        <mac>FDA52722AE37</mac>
        <mac>FDA52722AE3F</mac>
        <mac>FDA52722AE45</mac>
        <mac>FDA5272BA304</mac>
        <mac>FDA5272BA306</mac>
        <mac>FDA5272BA313</mac>
        <mac>FDA5272BA326</mac>
    </mac_single>
    <mac_warn />
</build_mac>
