<?xml version="1.0" encoding="utf-8" ?>
<build_mac>
    <build_id>860400080010300001</build_id>
    <mac_range>
        <mac>
            <mac_min>C91A006F4FB0</mac_min>
            <mac_max>C91A006F5207</mac_max>
        </mac>
        <mac>
            <mac_min>ECB328A70000</mac_min>
            <mac_max>ECB328A70257</mac_max>
        </mac>
        <mac>
            <mac_min>FDA5272C752F</mac_min>
            <mac_max>FDA5272C7786</mac_max>
        </mac>
    </mac_range>
    <mac_single />
    <mac_warn />
</build_mac>
