<?xml version="1.0" encoding="utf-8" ?>
<build_mac>
    <build_id>860400010030300007</build_id>
    <mac_range>
        <mac>
            <mac_min>C91A006E3200</mac_min>
            <mac_max>C91A006E3231</mac_max>
        </mac>
        <mac>
            <mac_min>C91A006E49A4</mac_min>
            <mac_max>C91A006E49A5</mac_max>
        </mac>
        <mac>
            <mac_min>C91A006E49B4</mac_min>
            <mac_max>C91A006E49B5</mac_max>
        </mac>
        <mac>
            <mac_min>C91A006E49D4</mac_min>
            <mac_max>C91A006E4A37</mac_max>
        </mac>
        <mac>
            <mac_min>C91A007243C6</mac_min>
            <mac_max>C91A007243C8</mac_max>
        </mac>
        <mac>
            <mac_min>C91A007243CA</mac_min>
            <mac_max>C91A007243CB</mac_max>
        </mac>
        <mac>
            <mac_min>C91A007243CE</mac_min>
            <mac_max>C91A007243CF</mac_max>
        </mac>
        <mac>
            <mac_min>C91A007243D5</mac_min>
            <mac_max>C91A007243D7</mac_max>
        </mac>
        <mac>
            <mac_min>C91A007243E1</mac_min>
            <mac_max>C91A007243E2</mac_max>
        </mac>
        <mac>
            <mac_min>C91A007243F1</mac_min>
            <mac_max>C91A007243F3</mac_max>
        </mac>
        <mac>
            <mac_min>FDA5272B5A10</mac_min>
            <mac_max>FDA5272B5A41</mac_max>
        </mac>
        <mac>
            <mac_min>FDA5272B71C0</mac_min>
            <mac_max>FDA5272B71C1</mac_max>
        </mac>
        <mac>
            <mac_min>FDA5272B71D0</mac_min>
            <mac_max>FDA5272B71D1</mac_max>
        </mac>
        <mac>
            <mac_min>FDA5272B71F0</mac_min>
            <mac_max>FDA5272B7253</mac_max>
        </mac>
        <mac>
            <mac_min>FDA5272FE1E1</mac_min>
            <mac_max>FDA5272FE1E3</mac_max>
        </mac>
        <mac>
            <mac_min>FDA5272FE1E5</mac_min>
            <mac_max>FDA5272FE1E6</mac_max>
        </mac>
        <mac>
            <mac_min>FDA5272FE1E9</mac_min>
            <mac_max>FDA5272FE1EA</mac_max>
        </mac>
        <mac>
            <mac_min>FDA5272FE1F0</mac_min>
            <mac_max>FDA5272FE1F2</mac_max>
        </mac>
        <mac>
            <mac_min>FDA5272FE1FC</mac_min>
            <mac_max>FDA5272FE1FD</mac_max>
        </mac>
        <mac>
            <mac_min>FDA5272FE20C</mac_min>
            <mac_max>FDA5272FE20E</mac_max>
        </mac>
    </mac_range>
    <mac_single>
        <mac>C91A006E49A2</mac>
        <mac>C91A006E49A7</mac>
        <mac>C91A006E49AF</mac>
        <mac>C91A006E49BC</mac>
        <mac>C91A006E49CD</mac>
        <mac>C91A007243D1</mac>
        <mac>C91A007243DC</mac>
        <mac>C91A007243E7</mac>
        <mac>C91A007243E9</mac>
        <mac>C91A007243F5</mac>
        <mac>C91A007243F7</mac>
        <mac>FDA5272B71BE</mac>
        <mac>FDA5272B71C3</mac>
        <mac>FDA5272B71CB</mac>
        <mac>FDA5272B71D8</mac>
        <mac>FDA5272B71E9</mac>
        <mac>FDA5272FE1EC</mac>
        <mac>FDA5272FE1F7</mac>
        <mac>FDA5272FE202</mac>
        <mac>FDA5272FE204</mac>
        <mac>FDA5272FE210</mac>
        <mac>FDA5272FE212</mac>
    </mac_single>
    <mac_warn />
</build_mac>
