<?xml version="1.0" encoding="utf-8" ?>
<build_mac>
    <build_id>860400010030300005</build_id>
    <mac_range>
        <mac>
            <mac_min>C91A006E55F0</mac_min>
            <mac_max>C91A006E55F7</mac_max>
        </mac>
        <mac>
            <mac_min>C91A006E55F9</mac_min>
            <mac_max>C91A006E55FF</mac_max>
        </mac>
        <mac>
            <mac_min>C91A006E5601</mac_min>
            <mac_max>C91A006E5603</mac_max>
        </mac>
        <mac>
            <mac_min>C91A006E5605</mac_min>
            <mac_max>C91A006E5607</mac_max>
        </mac>
        <mac>
            <mac_min>C91A006E5609</mac_min>
            <mac_max>C91A006E5611</mac_max>
        </mac>
        <mac>
            <mac_min>C91A006E5615</mac_min>
            <mac_max>C91A006E561C</mac_max>
        </mac>
        <mac>
            <mac_min>C91A006E561E</mac_min>
            <mac_max>C91A006E5685</mac_max>
        </mac>
        <mac>
            <mac_min>C91A006E56B8</mac_min>
            <mac_max>C91A006E56BC</mac_max>
        </mac>
        <mac>
            <mac_min>C91A006E56C2</mac_min>
            <mac_max>C91A006E56C4</mac_max>
        </mac>
        <mac>
            <mac_min>C91A006E56C8</mac_min>
            <mac_max>C91A006E56CA</mac_max>
        </mac>
        <mac>
            <mac_min>C91A006E56CC</mac_min>
            <mac_max>C91A006E56CD</mac_max>
        </mac>
        <mac>
            <mac_min>C91A006E56D2</mac_min>
            <mac_max>C91A006E56D4</mac_max>
        </mac>
        <mac>
            <mac_min>C91A006E56DC</mac_min>
            <mac_max>C91A006E56DD</mac_max>
        </mac>
        <mac>
            <mac_min>C91A006F0FD2</mac_min>
            <mac_max>C91A006F1003</mac_max>
        </mac>
        <mac>
            <mac_min>C91A006F10CC</mac_min>
            <mac_max>C91A006F10FE</mac_max>
        </mac>
        <mac>
            <mac_min>C91A006F1100</mac_min>
            <mac_max>C91A006F112F</mac_max>
        </mac>
        <mac>
            <mac_min>C91A00714844</mac_min>
            <mac_max>C91A00714875</mac_max>
        </mac>
        <mac>
            <mac_min>C91A00714981</mac_min>
            <mac_max>C91A00714982</mac_max>
        </mac>
        <mac>
            <mac_min>C91A00714D5B</mac_min>
            <mac_max>C91A00714D5C</mac_max>
        </mac>
        <mac>
            <mac_min>C91A00714D60</mac_min>
            <mac_max>C91A00714D61</mac_max>
        </mac>
        <mac>
            <mac_min>C91A00714D65</mac_min>
            <mac_max>C91A00714D6B</mac_max>
        </mac>
        <mac>
            <mac_min>C91A00714D6D</mac_min>
            <mac_max>C91A00714D6F</mac_max>
        </mac>
        <mac>
            <mac_min>C91A00714D71</mac_min>
            <mac_max>C91A00714D79</mac_max>
        </mac>
        <mac>
            <mac_min>C91A00714D7D</mac_min>
            <mac_max>C91A00714D80</mac_max>
        </mac>
        <mac>
            <mac_min>C91A00714D87</mac_min>
            <mac_max>C91A00714D89</mac_max>
        </mac>
        <mac>
            <mac_min>FDA5272B7E60</mac_min>
            <mac_max>FDA5272B7E67</mac_max>
        </mac>
        <mac>
            <mac_min>FDA5272B7E69</mac_min>
            <mac_max>FDA5272B7E6F</mac_max>
        </mac>
        <mac>
            <mac_min>FDA5272B7E71</mac_min>
            <mac_max>FDA5272B7E73</mac_max>
        </mac>
        <mac>
            <mac_min>FDA5272B7E75</mac_min>
            <mac_max>FDA5272B7E77</mac_max>
        </mac>
        <mac>
            <mac_min>FDA5272B7E79</mac_min>
            <mac_max>FDA5272B7E81</mac_max>
        </mac>
        <mac>
            <mac_min>FDA5272B7E85</mac_min>
            <mac_max>FDA5272B7E8C</mac_max>
        </mac>
        <mac>
            <mac_min>FDA5272B7E8E</mac_min>
            <mac_max>FDA5272B7EF5</mac_max>
        </mac>
        <mac>
            <mac_min>FDA5272B7F28</mac_min>
            <mac_max>FDA5272B7F2C</mac_max>
        </mac>
        <mac>
            <mac_min>FDA5272B7F32</mac_min>
            <mac_max>FDA5272B7F34</mac_max>
        </mac>
        <mac>
            <mac_min>FDA5272B7F38</mac_min>
            <mac_max>FDA5272B7F3A</mac_max>
        </mac>
        <mac>
            <mac_min>FDA5272B7F3C</mac_min>
            <mac_max>FDA5272B7F3D</mac_max>
        </mac>
        <mac>
            <mac_min>FDA5272B7F42</mac_min>
            <mac_max>FDA5272B7F44</mac_max>
        </mac>
        <mac>
            <mac_min>FDA5272B7F4C</mac_min>
            <mac_max>FDA5272B7F4D</mac_max>
        </mac>
        <mac>
            <mac_min>FDA5272BAF84</mac_min>
            <mac_max>FDA5272BAFB5</mac_max>
        </mac>
        <mac>
            <mac_min>FDA5272BB07E</mac_min>
            <mac_max>FDA5272BB0B0</mac_max>
        </mac>
        <mac>
            <mac_min>FDA5272BB0B2</mac_min>
            <mac_max>FDA5272BB0E1</mac_max>
        </mac>
        <mac>
            <mac_min>FDA5272E3267</mac_min>
            <mac_max>FDA5272E3298</mac_max>
        </mac>
        <mac>
            <mac_min>FDA5272E33A4</mac_min>
            <mac_max>FDA5272E33A5</mac_max>
        </mac>
        <mac>
            <mac_min>FDA5272E377E</mac_min>
            <mac_max>FDA5272E377F</mac_max>
        </mac>
        <mac>
            <mac_min>FDA5272E3783</mac_min>
            <mac_max>FDA5272E3784</mac_max>
        </mac>
        <mac>
            <mac_min>FDA5272E3788</mac_min>
            <mac_max>FDA5272E378E</mac_max>
        </mac>
        <mac>
            <mac_min>FDA5272E3790</mac_min>
            <mac_max>FDA5272E3792</mac_max>
        </mac>
        <mac>
            <mac_min>FDA5272E3794</mac_min>
            <mac_max>FDA5272E379C</mac_max>
        </mac>
        <mac>
            <mac_min>FDA5272E37A0</mac_min>
            <mac_max>FDA5272E37A3</mac_max>
        </mac>
        <mac>
            <mac_min>FDA5272E37AA</mac_min>
            <mac_max>FDA5272E37AC</mac_max>
        </mac>
    </mac_range>
    <mac_single>
        <mac>C91A006E5613</mac>
        <mac>C91A006E56BF</mac>
        <mac>C91A006E56CF</mac>
        <mac>C91A006E56D7</mac>
        <mac>C91A006E56E1</mac>
        <mac>C91A006E56E7</mac>
        <mac>C91A006E56E9</mac>
        <mac>C91A00714976</mac>
        <mac>C91A0071497E</mac>
        <mac>C91A00714984</mac>
        <mac>C91A0071498A</mac>
        <mac>C91A0071498F</mac>
        <mac>C91A00714993</mac>
        <mac>C91A00714995</mac>
        <mac>C91A0071499B</mac>
        <mac>C91A00714D58</mac>
        <mac>C91A00714D5E</mac>
        <mac>FDA5272B7E83</mac>
        <mac>FDA5272B7F2F</mac>
        <mac>FDA5272B7F3F</mac>
        <mac>FDA5272B7F47</mac>
        <mac>FDA5272B7F51</mac>
        <mac>FDA5272B7F57</mac>
        <mac>FDA5272B7F59</mac>
        <mac>FDA5272E3399</mac>
        <mac>FDA5272E33A1</mac>
        <mac>FDA5272E33A7</mac>
        <mac>FDA5272E33AD</mac>
        <mac>FDA5272E33B2</mac>
        <mac>FDA5272E33B6</mac>
        <mac>FDA5272E33B8</mac>
        <mac>FDA5272E33BE</mac>
        <mac>FDA5272E377B</mac>
        <mac>FDA5272E3781</mac>
    </mac_single>
    <mac_warn />
</build_mac>
