<?xml version="1.0" encoding="utf-8" ?>
<build_mac>
    <build_id>860400010050300001</build_id>
    <mac_range>
        <mac>
            <mac_min>C91A006224B8</mac_min>
            <mac_max>C91A006224D4</mac_max>
        </mac>
        <mac>
            <mac_min>C91A006224D6</mac_min>
            <mac_max>C91A006224DA</mac_max>
        </mac>
        <mac>
            <mac_min>C91A006224DC</mac_min>
            <mac_max>C91A006224E0</mac_max>
        </mac>
        <mac>
            <mac_min>C91A006224E2</mac_min>
            <mac_max>C91A006224EC</mac_max>
        </mac>
        <mac>
            <mac_min>C91A006224EE</mac_min>
            <mac_max>C91A006224F3</mac_max>
        </mac>
        <mac>
            <mac_min>C91A006224F5</mac_min>
            <mac_max>C91A00622501</mac_max>
        </mac>
        <mac>
            <mac_min>C91A00622503</mac_min>
            <mac_max>C91A00622505</mac_max>
        </mac>
        <mac>
            <mac_min>C91A0062250A</mac_min>
            <mac_max>C91A00622519</mac_max>
        </mac>
        <mac>
            <mac_min>C91A006225E4</mac_min>
            <mac_max>C91A006225FE</mac_max>
        </mac>
        <mac>
            <mac_min>C91A00622600</mac_min>
            <mac_max>C91A00622615</mac_max>
        </mac>
        <mac>
            <mac_min>C91A00650640</mac_min>
            <mac_max>C91A00650658</mac_max>
        </mac>
        <mac>
            <mac_min>C91A0065065A</mac_min>
            <mac_max>C91A00650677</mac_max>
        </mac>
        <mac>
            <mac_min>C91A00650679</mac_min>
            <mac_max>C91A00650694</mac_max>
        </mac>
        <mac>
            <mac_min>C91A00650696</mac_min>
            <mac_max>C91A0065069A</mac_max>
        </mac>
        <mac>
            <mac_min>C91A0065069C</mac_min>
            <mac_max>C91A0065069E</mac_max>
        </mac>
        <mac>
            <mac_min>C91A006506A1</mac_min>
            <mac_max>C91A0065070A</mac_max>
        </mac>
        <mac>
            <mac_min>C91A0065070C</mac_min>
            <mac_max>C91A00650711</mac_max>
        </mac>
        <mac>
            <mac_min>C91A00650714</mac_min>
            <mac_max>C91A0065071A</mac_max>
        </mac>
        <mac>
            <mac_min>C91A0065071F</mac_min>
            <mac_max>C91A00650720</mac_max>
        </mac>
        <mac>
            <mac_min>C91A00650722</mac_min>
            <mac_max>C91A00650727</mac_max>
        </mac>
        <mac>
            <mac_min>C91A00650729</mac_min>
            <mac_max>C91A0065072B</mac_max>
        </mac>
        <mac>
            <mac_min>C91A00650731</mac_min>
            <mac_max>C91A00650732</mac_max>
        </mac>
        <mac>
            <mac_min>C91A00650734</mac_min>
            <mac_max>C91A00650737</mac_max>
        </mac>
        <mac>
            <mac_min>C91A00650739</mac_min>
            <mac_max>C91A006507CF</mac_max>
        </mac>
        <mac>
            <mac_min>ECB328A40000</mac_min>
            <mac_max>ECB328A4001C</mac_max>
        </mac>
        <mac>
            <mac_min>ECB328A4001E</mac_min>
            <mac_max>ECB328A40022</mac_max>
        </mac>
        <mac>
            <mac_min>ECB328A40024</mac_min>
            <mac_max>ECB328A40028</mac_max>
        </mac>
        <mac>
            <mac_min>ECB328A4002A</mac_min>
            <mac_max>ECB328A40034</mac_max>
        </mac>
        <mac>
            <mac_min>ECB328A40036</mac_min>
            <mac_max>ECB328A4003B</mac_max>
        </mac>
        <mac>
            <mac_min>ECB328A4003D</mac_min>
            <mac_max>ECB328A40049</mac_max>
        </mac>
        <mac>
            <mac_min>ECB328A4004B</mac_min>
            <mac_max>ECB328A4004D</mac_max>
        </mac>
        <mac>
            <mac_min>ECB328A40052</mac_min>
            <mac_max>ECB328A40061</mac_max>
        </mac>
        <mac>
            <mac_min>ECB328A4012C</mac_min>
            <mac_max>ECB328A40146</mac_max>
        </mac>
        <mac>
            <mac_min>ECB328A40148</mac_min>
            <mac_max>ECB328A4015D</mac_max>
        </mac>
        <mac>
            <mac_min>ECB328A40258</mac_min>
            <mac_max>ECB328A40270</mac_max>
        </mac>
        <mac>
            <mac_min>ECB328A40272</mac_min>
            <mac_max>ECB328A4028F</mac_max>
        </mac>
        <mac>
            <mac_min>ECB328A40291</mac_min>
            <mac_max>ECB328A402AC</mac_max>
        </mac>
        <mac>
            <mac_min>ECB328A402AE</mac_min>
            <mac_max>ECB328A402B2</mac_max>
        </mac>
        <mac>
            <mac_min>ECB328A402B4</mac_min>
            <mac_max>ECB328A402B6</mac_max>
        </mac>
        <mac>
            <mac_min>ECB328A402B9</mac_min>
            <mac_max>ECB328A40322</mac_max>
        </mac>
        <mac>
            <mac_min>ECB328A40324</mac_min>
            <mac_max>ECB328A40329</mac_max>
        </mac>
        <mac>
            <mac_min>ECB328A4032C</mac_min>
            <mac_max>ECB328A40332</mac_max>
        </mac>
        <mac>
            <mac_min>ECB328A40337</mac_min>
            <mac_max>ECB328A40338</mac_max>
        </mac>
        <mac>
            <mac_min>ECB328A4033A</mac_min>
            <mac_max>ECB328A4033F</mac_max>
        </mac>
        <mac>
            <mac_min>ECB328A40341</mac_min>
            <mac_max>ECB328A40343</mac_max>
        </mac>
        <mac>
            <mac_min>ECB328A40349</mac_min>
            <mac_max>ECB328A4034A</mac_max>
        </mac>
        <mac>
            <mac_min>ECB328A4034C</mac_min>
            <mac_max>ECB328A4034F</mac_max>
        </mac>
        <mac>
            <mac_min>ECB328A40351</mac_min>
            <mac_max>ECB328A403E7</mac_max>
        </mac>
        <mac>
            <mac_min>FDA52723A874</mac_min>
            <mac_max>FDA52723A889</mac_max>
        </mac>
        <mac>
            <mac_min>FDA52723A88B</mac_min>
            <mac_max>FDA52723A8A5</mac_max>
        </mac>
        <mac>
            <mac_min>FDA52723A971</mac_min>
            <mac_max>FDA52723A980</mac_max>
        </mac>
        <mac>
            <mac_min>FDA52723A985</mac_min>
            <mac_max>FDA52723A987</mac_max>
        </mac>
        <mac>
            <mac_min>FDA52723A989</mac_min>
            <mac_max>FDA52723A995</mac_max>
        </mac>
        <mac>
            <mac_min>FDA52723A997</mac_min>
            <mac_max>FDA52723A99C</mac_max>
        </mac>
        <mac>
            <mac_min>FDA52723A99E</mac_min>
            <mac_max>FDA52723A9A8</mac_max>
        </mac>
        <mac>
            <mac_min>FDA52723A9AA</mac_min>
            <mac_max>FDA52723A9AE</mac_max>
        </mac>
        <mac>
            <mac_min>FDA52723A9B0</mac_min>
            <mac_max>FDA52723A9B4</mac_max>
        </mac>
        <mac>
            <mac_min>FDA52723A9B6</mac_min>
            <mac_max>FDA52723A9D2</mac_max>
        </mac>
        <mac>
            <mac_min>FDA52725EE98</mac_min>
            <mac_max>FDA52725EF2E</mac_max>
        </mac>
        <mac>
            <mac_min>FDA52725EF30</mac_min>
            <mac_max>FDA52725EF33</mac_max>
        </mac>
        <mac>
            <mac_min>FDA52725EF35</mac_min>
            <mac_max>FDA52725EF36</mac_max>
        </mac>
        <mac>
            <mac_min>FDA52725EF3C</mac_min>
            <mac_max>FDA52725EF3E</mac_max>
        </mac>
        <mac>
            <mac_min>FDA52725EF40</mac_min>
            <mac_max>FDA52725EF45</mac_max>
        </mac>
        <mac>
            <mac_min>FDA52725EF47</mac_min>
            <mac_max>FDA52725EF48</mac_max>
        </mac>
        <mac>
            <mac_min>FDA52725EF4D</mac_min>
            <mac_max>FDA52725EF53</mac_max>
        </mac>
        <mac>
            <mac_min>FDA52725EF56</mac_min>
            <mac_max>FDA52725EF5B</mac_max>
        </mac>
        <mac>
            <mac_min>FDA52725EF5D</mac_min>
            <mac_max>FDA52725EFC6</mac_max>
        </mac>
        <mac>
            <mac_min>FDA52725EFC9</mac_min>
            <mac_max>FDA52725EFCB</mac_max>
        </mac>
        <mac>
            <mac_min>FDA52725EFCD</mac_min>
            <mac_max>FDA52725EFD1</mac_max>
        </mac>
        <mac>
            <mac_min>FDA52725EFD3</mac_min>
            <mac_max>FDA52725EFEE</mac_max>
        </mac>
        <mac>
            <mac_min>FDA52725EFF0</mac_min>
            <mac_max>FDA52725F00D</mac_max>
        </mac>
        <mac>
            <mac_min>FDA52725F00F</mac_min>
            <mac_max>FDA52725F027</mac_max>
        </mac>
    </mac_range>
    <mac_single>
        <mac>C91A006217E0</mac>
        <mac>C91A00622548</mac>
        <mac>C91A00622582</mac>
        <mac>C91A0062264F</mac>
        <mac>C91A00622657</mac>
        <mac>C91A00622688</mac>
        <mac>C91A006226A7</mac>
        <mac>C91A0065071D</mac>
        <mac>C91A0065072D</mac>
        <mac>C91A0065072F</mac>
        <mac>ECB328A00070</mac>
        <mac>ECB328A40090</mac>
        <mac>ECB328A400CA</mac>
        <mac>ECB328A40197</mac>
        <mac>ECB328A4019F</mac>
        <mac>ECB328A401D0</mac>
        <mac>ECB328A401EF</mac>
        <mac>ECB328A40335</mac>
        <mac>ECB328A40345</mac>
        <mac>ECB328A40347</mac>
        <mac>FDA52723A7E2</mac>
        <mac>FDA52723A801</mac>
        <mac>FDA52723A832</mac>
        <mac>FDA52723A83A</mac>
        <mac>FDA52723A907</mac>
        <mac>FDA52723A941</mac>
        <mac>FDA52723B716</mac>
        <mac>FDA52725EF38</mac>
        <mac>FDA52725EF3A</mac>
        <mac>FDA52725EF4A</mac>
    </mac_single>
    <mac_warn />
</build_mac>
