<?xml version="1.0" encoding="utf-8" ?>
<build_mac>
    <build_id>860400010070300001</build_id>
    <mac_range>
        <mac>
            <mac_min>C91A00621A15</mac_min>
            <mac_max>C91A00621A16</mac_max>
        </mac>
        <mac>
            <mac_min>C91A00621A2C</mac_min>
            <mac_max>C91A00621A2D</mac_max>
        </mac>
        <mac>
            <mac_min>C91A00621A37</mac_min>
            <mac_max>C91A00621A38</mac_max>
        </mac>
        <mac>
            <mac_min>C91A00621A3B</mac_min>
            <mac_max>C91A00621A3D</mac_max>
        </mac>
        <mac>
            <mac_min>C91A00621A47</mac_min>
            <mac_max>C91A00621A48</mac_max>
        </mac>
        <mac>
            <mac_min>C91A00621A4A</mac_min>
            <mac_max>C91A00621A4B</mac_max>
        </mac>
        <mac>
            <mac_min>C91A00621A54</mac_min>
            <mac_max>C91A00621A57</mac_max>
        </mac>
        <mac>
            <mac_min>C91A00621A5C</mac_min>
            <mac_max>C91A00621A5D</mac_max>
        </mac>
        <mac>
            <mac_min>C91A00621AC2</mac_min>
            <mac_max>C91A00621ACA</mac_max>
        </mac>
        <mac>
            <mac_min>C91A00621ACC</mac_min>
            <mac_max>C91A00621AD3</mac_max>
        </mac>
        <mac>
            <mac_min>C91A00621AD5</mac_min>
            <mac_max>C91A00621AF0</mac_max>
        </mac>
        <mac>
            <mac_min>C91A00621AF2</mac_min>
            <mac_max>C91A00621AF3</mac_max>
        </mac>
        <mac>
            <mac_min>C91A00621AF7</mac_min>
            <mac_max>C91A00621AF8</mac_max>
        </mac>
        <mac>
            <mac_min>C91A00621B0A</mac_min>
            <mac_max>C91A00621B0C</mac_max>
        </mac>
        <mac>
            <mac_min>C91A00621B14</mac_min>
            <mac_max>C91A00621B15</mac_max>
        </mac>
        <mac>
            <mac_min>C91A00621B18</mac_min>
            <mac_max>C91A00621B1A</mac_max>
        </mac>
        <mac>
            <mac_min>C91A00621B1D</mac_min>
            <mac_max>C91A00621B1E</mac_max>
        </mac>
        <mac>
            <mac_min>C91A00621B39</mac_min>
            <mac_max>C91A00621B3A</mac_max>
        </mac>
        <mac>
            <mac_min>C91A00621B3C</mac_min>
            <mac_max>C91A00621B3E</mac_max>
        </mac>
        <mac>
            <mac_min>C91A00621B44</mac_min>
            <mac_max>C91A00621B46</mac_max>
        </mac>
        <mac>
            <mac_min>C91A00621B4A</mac_min>
            <mac_max>C91A00621B4B</mac_max>
        </mac>
        <mac>
            <mac_min>C91A00621F40</mac_min>
            <mac_max>C91A00621F41</mac_max>
        </mac>
        <mac>
            <mac_min>C91A00621F46</mac_min>
            <mac_max>C91A00621F47</mac_max>
        </mac>
        <mac>
            <mac_min>C91A00621F49</mac_min>
            <mac_max>C91A00621F4A</mac_max>
        </mac>
        <mac>
            <mac_min>C91A00621F4F</mac_min>
            <mac_max>C91A00621F51</mac_max>
        </mac>
        <mac>
            <mac_min>C91A00621F54</mac_min>
            <mac_max>C91A00621F56</mac_max>
        </mac>
        <mac>
            <mac_min>C91A00621F67</mac_min>
            <mac_max>C91A00621F68</mac_max>
        </mac>
        <mac>
            <mac_min>C91A00621F6A</mac_min>
            <mac_max>C91A00621F6E</mac_max>
        </mac>
        <mac>
            <mac_min>C91A00621F72</mac_min>
            <mac_max>C91A00621FA3</mac_max>
        </mac>
        <mac>
            <mac_min>C91A00621FD6</mac_min>
            <mac_max>C91A00622007</mac_max>
        </mac>
        <mac>
            <mac_min>C91A00650193</mac_min>
            <mac_max>C91A00650198</mac_max>
        </mac>
        <mac>
            <mac_min>C91A0065019B</mac_min>
            <mac_max>C91A006501A2</mac_max>
        </mac>
        <mac>
            <mac_min>C91A006501A4</mac_min>
            <mac_max>C91A006501A5</mac_max>
        </mac>
        <mac>
            <mac_min>C91A006501AA</mac_min>
            <mac_max>C91A006501AF</mac_max>
        </mac>
        <mac>
            <mac_min>C91A006501B2</mac_min>
            <mac_max>C91A006501BC</mac_max>
        </mac>
        <mac>
            <mac_min>C91A006501BE</mac_min>
            <mac_max>C91A006501C2</mac_max>
        </mac>
        <mac>
            <mac_min>C91A006501C4</mac_min>
            <mac_max>C91A006501D3</mac_max>
        </mac>
        <mac>
            <mac_min>C91A006501D6</mac_min>
            <mac_max>C91A006501DD</mac_max>
        </mac>
        <mac>
            <mac_min>C91A006501DF</mac_min>
            <mac_max>C91A006501F3</mac_max>
        </mac>
        <mac>
            <mac_min>C91A006502EE</mac_min>
            <mac_max>C91A00650304</mac_max>
        </mac>
        <mac>
            <mac_min>C91A00650306</mac_min>
            <mac_max>C91A0065031F</mac_max>
        </mac>
        <mac>
            <mac_min>ECB328A1004D</mac_min>
            <mac_max>ECB328A1004E</mac_max>
        </mac>
        <mac>
            <mac_min>ECB328A10064</mac_min>
            <mac_max>ECB328A10065</mac_max>
        </mac>
        <mac>
            <mac_min>ECB328A1006F</mac_min>
            <mac_max>ECB328A10070</mac_max>
        </mac>
        <mac>
            <mac_min>ECB328A10073</mac_min>
            <mac_max>ECB328A10075</mac_max>
        </mac>
        <mac>
            <mac_min>ECB328A1007F</mac_min>
            <mac_max>ECB328A10080</mac_max>
        </mac>
        <mac>
            <mac_min>ECB328A10082</mac_min>
            <mac_max>ECB328A10083</mac_max>
        </mac>
        <mac>
            <mac_min>ECB328A1008C</mac_min>
            <mac_max>ECB328A1008F</mac_max>
        </mac>
        <mac>
            <mac_min>ECB328A10094</mac_min>
            <mac_max>ECB328A10095</mac_max>
        </mac>
        <mac>
            <mac_min>ECB328A100FA</mac_min>
            <mac_max>ECB328A10102</mac_max>
        </mac>
        <mac>
            <mac_min>ECB328A10104</mac_min>
            <mac_max>ECB328A1010B</mac_max>
        </mac>
        <mac>
            <mac_min>ECB328A1010D</mac_min>
            <mac_max>ECB328A10128</mac_max>
        </mac>
        <mac>
            <mac_min>ECB328A1012A</mac_min>
            <mac_max>ECB328A1012B</mac_max>
        </mac>
        <mac>
            <mac_min>ECB328A1012F</mac_min>
            <mac_max>ECB328A10130</mac_max>
        </mac>
        <mac>
            <mac_min>ECB328A10142</mac_min>
            <mac_max>ECB328A10144</mac_max>
        </mac>
        <mac>
            <mac_min>ECB328A1014C</mac_min>
            <mac_max>ECB328A1014D</mac_max>
        </mac>
        <mac>
            <mac_min>ECB328A10150</mac_min>
            <mac_max>ECB328A10152</mac_max>
        </mac>
        <mac>
            <mac_min>ECB328A10155</mac_min>
            <mac_max>ECB328A10156</mac_max>
        </mac>
        <mac>
            <mac_min>ECB328A10171</mac_min>
            <mac_max>ECB328A10172</mac_max>
        </mac>
        <mac>
            <mac_min>ECB328A10174</mac_min>
            <mac_max>ECB328A10176</mac_max>
        </mac>
        <mac>
            <mac_min>ECB328A1017C</mac_min>
            <mac_max>ECB328A1017E</mac_max>
        </mac>
        <mac>
            <mac_min>ECB328A10182</mac_min>
            <mac_max>ECB328A10183</mac_max>
        </mac>
        <mac>
            <mac_min>ECB328A10190</mac_min>
            <mac_max>ECB328A10191</mac_max>
        </mac>
        <mac>
            <mac_min>ECB328A10196</mac_min>
            <mac_max>ECB328A10197</mac_max>
        </mac>
        <mac>
            <mac_min>ECB328A10199</mac_min>
            <mac_max>ECB328A1019A</mac_max>
        </mac>
        <mac>
            <mac_min>ECB328A1019F</mac_min>
            <mac_max>ECB328A101A1</mac_max>
        </mac>
        <mac>
            <mac_min>ECB328A101A4</mac_min>
            <mac_max>ECB328A101A6</mac_max>
        </mac>
        <mac>
            <mac_min>ECB328A101B7</mac_min>
            <mac_max>ECB328A101B8</mac_max>
        </mac>
        <mac>
            <mac_min>ECB328A101BA</mac_min>
            <mac_max>ECB328A101BE</mac_max>
        </mac>
        <mac>
            <mac_min>ECB328A101C2</mac_min>
            <mac_max>ECB328A101F3</mac_max>
        </mac>
        <mac>
            <mac_min>ECB328A10226</mac_min>
            <mac_max>ECB328A10257</mac_max>
        </mac>
        <mac>
            <mac_min>ECB328A1025B</mac_min>
            <mac_max>ECB328A10260</mac_max>
        </mac>
        <mac>
            <mac_min>ECB328A10263</mac_min>
            <mac_max>ECB328A1026A</mac_max>
        </mac>
        <mac>
            <mac_min>ECB328A1026C</mac_min>
            <mac_max>ECB328A1026D</mac_max>
        </mac>
        <mac>
            <mac_min>ECB328A10272</mac_min>
            <mac_max>ECB328A10277</mac_max>
        </mac>
        <mac>
            <mac_min>ECB328A1027A</mac_min>
            <mac_max>ECB328A10284</mac_max>
        </mac>
        <mac>
            <mac_min>ECB328A10286</mac_min>
            <mac_max>ECB328A1028A</mac_max>
        </mac>
        <mac>
            <mac_min>ECB328A1028C</mac_min>
            <mac_max>ECB328A1029B</mac_max>
        </mac>
        <mac>
            <mac_min>ECB328A1029E</mac_min>
            <mac_max>ECB328A102A5</mac_max>
        </mac>
        <mac>
            <mac_min>ECB328A102A7</mac_min>
            <mac_max>ECB328A102BB</mac_max>
        </mac>
        <mac>
            <mac_min>ECB328A103B6</mac_min>
            <mac_max>ECB328A103CC</mac_max>
        </mac>
        <mac>
            <mac_min>ECB328A103CE</mac_min>
            <mac_max>ECB328A103E7</mac_max>
        </mac>
        <mac>
            <mac_min>FDA52723AE86</mac_min>
            <mac_max>FDA52723AEB7</mac_max>
        </mac>
        <mac>
            <mac_min>FDA52723AEEA</mac_min>
            <mac_max>FDA52723AF1B</mac_max>
        </mac>
        <mac>
            <mac_min>FDA52723AF1F</mac_min>
            <mac_max>FDA52723AF23</mac_max>
        </mac>
        <mac>
            <mac_min>FDA52723AF25</mac_min>
            <mac_max>FDA52723AF26</mac_max>
        </mac>
        <mac>
            <mac_min>FDA52723AF37</mac_min>
            <mac_max>FDA52723AF39</mac_max>
        </mac>
        <mac>
            <mac_min>FDA52723AF3C</mac_min>
            <mac_max>FDA52723AF3E</mac_max>
        </mac>
        <mac>
            <mac_min>FDA52723AF43</mac_min>
            <mac_max>FDA52723AF44</mac_max>
        </mac>
        <mac>
            <mac_min>FDA52723AF46</mac_min>
            <mac_max>FDA52723AF47</mac_max>
        </mac>
        <mac>
            <mac_min>FDA52723AF4C</mac_min>
            <mac_max>FDA52723AF4D</mac_max>
        </mac>
        <mac>
            <mac_min>FDA52723B3AB</mac_min>
            <mac_max>FDA52723B3AC</mac_max>
        </mac>
        <mac>
            <mac_min>FDA52723B3B0</mac_min>
            <mac_max>FDA52723B3B2</mac_max>
        </mac>
        <mac>
            <mac_min>FDA52723B3B8</mac_min>
            <mac_max>FDA52723B3BA</mac_max>
        </mac>
        <mac>
            <mac_min>FDA52723B3BC</mac_min>
            <mac_max>FDA52723B3BD</mac_max>
        </mac>
        <mac>
            <mac_min>FDA52723B3D8</mac_min>
            <mac_max>FDA52723B3D9</mac_max>
        </mac>
        <mac>
            <mac_min>FDA52723B3DC</mac_min>
            <mac_max>FDA52723B3DE</mac_max>
        </mac>
        <mac>
            <mac_min>FDA52723B3E1</mac_min>
            <mac_max>FDA52723B3E2</mac_max>
        </mac>
        <mac>
            <mac_min>FDA52723B3EA</mac_min>
            <mac_max>FDA52723B3EC</mac_max>
        </mac>
        <mac>
            <mac_min>FDA52723B3FE</mac_min>
            <mac_max>FDA52723B3FF</mac_max>
        </mac>
        <mac>
            <mac_min>FDA52723B403</mac_min>
            <mac_max>FDA52723B404</mac_max>
        </mac>
        <mac>
            <mac_min>FDA52723B406</mac_min>
            <mac_max>FDA52723B421</mac_max>
        </mac>
        <mac>
            <mac_min>FDA52723B423</mac_min>
            <mac_max>FDA52723B42A</mac_max>
        </mac>
        <mac>
            <mac_min>FDA52723B42C</mac_min>
            <mac_max>FDA52723B434</mac_max>
        </mac>
        <mac>
            <mac_min>FDA52723B499</mac_min>
            <mac_max>FDA52723B49A</mac_max>
        </mac>
        <mac>
            <mac_min>FDA52723B49F</mac_min>
            <mac_max>FDA52723B4A2</mac_max>
        </mac>
        <mac>
            <mac_min>FDA52723B4AB</mac_min>
            <mac_max>FDA52723B4AC</mac_max>
        </mac>
        <mac>
            <mac_min>FDA52723B4AE</mac_min>
            <mac_max>FDA52723B4AF</mac_max>
        </mac>
        <mac>
            <mac_min>FDA52723B4B9</mac_min>
            <mac_max>FDA52723B4BB</mac_max>
        </mac>
        <mac>
            <mac_min>FDA52723B4BE</mac_min>
            <mac_max>FDA52723B4BF</mac_max>
        </mac>
        <mac>
            <mac_min>FDA52723B4C9</mac_min>
            <mac_max>FDA52723B4CA</mac_max>
        </mac>
        <mac>
            <mac_min>FDA52723B4E0</mac_min>
            <mac_max>FDA52723B4E1</mac_max>
        </mac>
        <mac>
            <mac_min>FDA52725F348</mac_min>
            <mac_max>FDA52725F351</mac_max>
        </mac>
        <mac>
            <mac_min>FDA52725F353</mac_min>
            <mac_max>FDA52725F362</mac_max>
        </mac>
        <mac>
            <mac_min>FDA52725F364</mac_min>
            <mac_max>FDA52725F37A</mac_max>
        </mac>
        <mac>
            <mac_min>FDA52725F475</mac_min>
            <mac_max>FDA52725F489</mac_max>
        </mac>
        <mac>
            <mac_min>FDA52725F48B</mac_min>
            <mac_max>FDA52725F492</mac_max>
        </mac>
        <mac>
            <mac_min>FDA52725F495</mac_min>
            <mac_max>FDA52725F4A4</mac_max>
        </mac>
        <mac>
            <mac_min>FDA52725F4A6</mac_min>
            <mac_max>FDA52725F4AA</mac_max>
        </mac>
        <mac>
            <mac_min>FDA52725F4AC</mac_min>
            <mac_max>FDA52725F4B6</mac_max>
        </mac>
        <mac>
            <mac_min>FDA52725F4B9</mac_min>
            <mac_max>FDA52725F4BE</mac_max>
        </mac>
        <mac>
            <mac_min>FDA52725F4C3</mac_min>
            <mac_max>FDA52725F4C4</mac_max>
        </mac>
        <mac>
            <mac_min>FDA52725F4C6</mac_min>
            <mac_max>FDA52725F4CD</mac_max>
        </mac>
        <mac>
            <mac_min>FDA52725F4D0</mac_min>
            <mac_max>FDA52725F4D5</mac_max>
        </mac>
    </mac_range>
    <mac_single>
        <mac>C91A0062019A</mac>
        <mac>C91A00621A0F</mac>
        <mac>C91A00621A2F</mac>
        <mac>C91A00621A31</mac>
        <mac>C91A00621A33</mac>
        <mac>C91A00621A35</mac>
        <mac>C91A00621A3F</mac>
        <mac>C91A00621A43</mac>
        <mac>C91A00621A4D</mac>
        <mac>C91A00621A52</mac>
        <mac>C91A00621AF5</mac>
        <mac>C91A00621AFA</mac>
        <mac>C91A00621AFE</mac>
        <mac>C91A00621B03</mac>
        <mac>C91A00621B05</mac>
        <mac>C91A00621B08</mac>
        <mac>C91A00621B0E</mac>
        <mac>C91A00621B10</mac>
        <mac>C91A00621B22</mac>
        <mac>C91A00621B25</mac>
        <mac>C91A00621B27</mac>
        <mac>C91A00621B32</mac>
        <mac>C91A00621B35</mac>
        <mac>C91A00621B42</mac>
        <mac>C91A00621B48</mac>
        <mac>C91A00621B4E</mac>
        <mac>C91A00621B53</mac>
        <mac>C91A00621F43</mac>
        <mac>C91A00621F4C</mac>
        <mac>C91A00621F5E</mac>
        <mac>C91A00621F61</mac>
        <mac>C91A00621F70</mac>
        <mac>C91A00621FA9</mac>
        <mac>C91A00621FB8</mac>
        <mac>C91A00650191</mac>
        <mac>ECB328A10047</mac>
        <mac>ECB328A10067</mac>
        <mac>ECB328A10069</mac>
        <mac>ECB328A1006B</mac>
        <mac>ECB328A1006D</mac>
        <mac>ECB328A10077</mac>
        <mac>ECB328A1007B</mac>
        <mac>ECB328A10085</mac>
        <mac>ECB328A1008A</mac>
        <mac>ECB328A1012D</mac>
        <mac>ECB328A10132</mac>
        <mac>ECB328A10136</mac>
        <mac>ECB328A1013B</mac>
        <mac>ECB328A1013D</mac>
        <mac>ECB328A10140</mac>
        <mac>ECB328A10146</mac>
        <mac>ECB328A10148</mac>
        <mac>ECB328A1015A</mac>
        <mac>ECB328A1015D</mac>
        <mac>ECB328A1015F</mac>
        <mac>ECB328A1016A</mac>
        <mac>ECB328A1016D</mac>
        <mac>ECB328A1017A</mac>
        <mac>ECB328A10180</mac>
        <mac>ECB328A10186</mac>
        <mac>ECB328A1018B</mac>
        <mac>ECB328A10193</mac>
        <mac>ECB328A1019C</mac>
        <mac>ECB328A101AE</mac>
        <mac>ECB328A101B1</mac>
        <mac>ECB328A101C0</mac>
        <mac>ECB328A101F9</mac>
        <mac>ECB328A10208</mac>
        <mac>ECB328A10259</mac>
        <mac>FDA52723AED5</mac>
        <mac>FDA52723AEE4</mac>
        <mac>FDA52723AF1D</mac>
        <mac>FDA52723AF2C</mac>
        <mac>FDA52723AF2F</mac>
        <mac>FDA52723AF41</mac>
        <mac>FDA52723AF4A</mac>
        <mac>FDA52723B3A3</mac>
        <mac>FDA52723B3A8</mac>
        <mac>FDA52723B3AE</mac>
        <mac>FDA52723B3B4</mac>
        <mac>FDA52723B3C1</mac>
        <mac>FDA52723B3C4</mac>
        <mac>FDA52723B3CF</mac>
        <mac>FDA52723B3D1</mac>
        <mac>FDA52723B3D4</mac>
        <mac>FDA52723B3E6</mac>
        <mac>FDA52723B3E8</mac>
        <mac>FDA52723B3EE</mac>
        <mac>FDA52723B3F1</mac>
        <mac>FDA52723B3F3</mac>
        <mac>FDA52723B3F8</mac>
        <mac>FDA52723B3FC</mac>
        <mac>FDA52723B401</mac>
        <mac>FDA52723B4A4</mac>
        <mac>FDA52723B4A9</mac>
        <mac>FDA52723B4B3</mac>
        <mac>FDA52723B4B7</mac>
        <mac>FDA52723B4C1</mac>
        <mac>FDA52723B4C3</mac>
        <mac>FDA52723B4C5</mac>
        <mac>FDA52723B4C7</mac>
        <mac>FDA52723B4E7</mac>
        <mac>FDA52725F4D7</mac>
    </mac_single>
    <mac_warn />
</build_mac>
