<?xml version="1.0" encoding="utf-8" ?>
<build_mac>
    <build_id>860400020060300002</build_id>
    <mac_range>
        <mac>
            <mac_min>FDA52725941A</mac_min>
            <mac_max>FDA52725941C</mac_max>
        </mac>
        <mac>
            <mac_min>FDA527259460</mac_min>
            <mac_max>FDA527259464</mac_max>
        </mac>
        <mac>
            <mac_min>FDA527259468</mac_min>
            <mac_max>FDA52725946D</mac_max>
        </mac>
        <mac>
            <mac_min>FDA527259470</mac_min>
            <mac_max>FDA527259476</mac_max>
        </mac>
        <mac>
            <mac_min>FDA527259489</mac_min>
            <mac_max>FDA52725948C</mac_max>
        </mac>
        <mac>
            <mac_min>FDA527259508</mac_min>
            <mac_max>FDA527259509</mac_max>
        </mac>
        <mac>
            <mac_min>FDA527259510</mac_min>
            <mac_max>FDA527259512</mac_max>
        </mac>
        <mac>
            <mac_min>FDA527259523</mac_min>
            <mac_max>FDA527259524</mac_max>
        </mac>
        <mac>
            <mac_min>FDA527259526</mac_min>
            <mac_max>FDA527259528</mac_max>
        </mac>
        <mac>
            <mac_min>FDA52725952B</mac_min>
            <mac_max>FDA52725952D</mac_max>
        </mac>
        <mac>
            <mac_min>FDA527259530</mac_min>
            <mac_max>FDA527259531</mac_max>
        </mac>
    </mac_range>
    <mac_single>
        <mac>FDA5272593C2</mac>
        <mac>FDA5272593CD</mac>
        <mac>FDA5272593DF</mac>
        <mac>FDA5272593FF</mac>
        <mac>FDA527259425</mac>
        <mac>FDA52725942F</mac>
        <mac>FDA527259435</mac>
        <mac>FDA527259466</mac>
        <mac>FDA52725947D</mac>
        <mac>FDA52725950C</mac>
        <mac>FDA527259519</mac>
        <mac>FDA527259520</mac>
        <mac>FDA527259534</mac>
        <mac>FDA527259538</mac>
        <mac>FDA52725953A</mac>
        <mac>FDA52725953E</mac>
    </mac_single>
    <mac_warn />
</build_mac>
