<?xml version="1.0" encoding="utf-8" ?>
<build_mac>
    <build_id>860400020060300001</build_id>
    <mac_range>
        <mac>
            <mac_min>C91A006A0FA0</mac_min>
            <mac_max>C91A006A0FA8</mac_max>
        </mac>
        <mac>
            <mac_min>C91A006A0FAC</mac_min>
            <mac_max>C91A006A0FB9</mac_max>
        </mac>
        <mac>
            <mac_min>C91A006A0FBB</mac_min>
            <mac_max>C91A006A0FBD</mac_max>
        </mac>
        <mac>
            <mac_min>C91A006A0FBF</mac_min>
            <mac_max>C91A006A0FC5</mac_max>
        </mac>
        <mac>
            <mac_min>C91A006A0FC7</mac_min>
            <mac_max>C91A006A0FD1</mac_max>
        </mac>
        <mac>
            <mac_min>C91A006A1068</mac_min>
            <mac_max>C91A006A1069</mac_max>
        </mac>
        <mac>
            <mac_min>C91A006A1074</mac_min>
            <mac_max>C91A006A1075</mac_max>
        </mac>
        <mac>
            <mac_min>C91A006A1077</mac_min>
            <mac_max>C91A006A1078</mac_max>
        </mac>
        <mac>
            <mac_min>C91A006A108B</mac_min>
            <mac_max>C91A006A108C</mac_max>
        </mac>
        <mac>
            <mac_min>C91A006A1090</mac_min>
            <mac_max>C91A006A1092</mac_max>
        </mac>
        <mac>
            <mac_min>C91A006A109A</mac_min>
            <mac_max>C91A006A10C2</mac_max>
        </mac>
        <mac>
            <mac_min>C91A006A10C4</mac_min>
            <mac_max>C91A006A10EF</mac_max>
        </mac>
        <mac>
            <mac_min>C91A006A10F1</mac_min>
            <mac_max>C91A006A110B</mac_max>
        </mac>
        <mac>
            <mac_min>C91A006A110D</mac_min>
            <mac_max>C91A006A1113</mac_max>
        </mac>
        <mac>
            <mac_min>C91A006A1115</mac_min>
            <mac_max>C91A006A111A</mac_max>
        </mac>
        <mac>
            <mac_min>C91A006A111C</mac_min>
            <mac_max>C91A006A112F</mac_max>
        </mac>
        <mac>
            <mac_min>C91A006A1162</mac_min>
            <mac_max>C91A006A116D</mac_max>
        </mac>
        <mac>
            <mac_min>C91A006A116F</mac_min>
            <mac_max>C91A006A117A</mac_max>
        </mac>
        <mac>
            <mac_min>C91A006A117C</mac_min>
            <mac_max>C91A006A1180</mac_max>
        </mac>
        <mac>
            <mac_min>C91A006A1184</mac_min>
            <mac_max>C91A006A1185</mac_max>
        </mac>
        <mac>
            <mac_min>C91A006A1187</mac_min>
            <mac_max>C91A006A118E</mac_max>
        </mac>
        <mac>
            <mac_min>C91A006A1190</mac_min>
            <mac_max>C91A006A1193</mac_max>
        </mac>
        <mac>
            <mac_min>C91A006F2081</mac_min>
            <mac_max>C91A006F2083</mac_max>
        </mac>
        <mac>
            <mac_min>C91A006F2088</mac_min>
            <mac_max>C91A006F208F</mac_max>
        </mac>
        <mac>
            <mac_min>C91A006F2091</mac_min>
            <mac_max>C91A006F2093</mac_max>
        </mac>
        <mac>
            <mac_min>C91A006F2096</mac_min>
            <mac_max>C91A006F2098</mac_max>
        </mac>
        <mac>
            <mac_min>C91A00720933</mac_min>
            <mac_max>C91A00720934</mac_max>
        </mac>
        <mac>
            <mac_min>C91A00720940</mac_min>
            <mac_max>C91A00720942</mac_max>
        </mac>
        <mac>
            <mac_min>C91A00720946</mac_min>
            <mac_max>C91A00720947</mac_max>
        </mac>
        <mac>
            <mac_min>FDA52728A2BE</mac_min>
            <mac_max>FDA52728A2C1</mac_max>
        </mac>
        <mac>
            <mac_min>FDA52728A2C3</mac_min>
            <mac_max>FDA52728A2CA</mac_max>
        </mac>
        <mac>
            <mac_min>FDA52728A2CC</mac_min>
            <mac_max>FDA52728A2CD</mac_max>
        </mac>
        <mac>
            <mac_min>FDA52728A2D1</mac_min>
            <mac_max>FDA52728A2D5</mac_max>
        </mac>
        <mac>
            <mac_min>FDA52728A2D7</mac_min>
            <mac_max>FDA52728A2E2</mac_max>
        </mac>
        <mac>
            <mac_min>FDA52728A2E4</mac_min>
            <mac_max>FDA52728A2EF</mac_max>
        </mac>
        <mac>
            <mac_min>FDA52728A322</mac_min>
            <mac_max>FDA52728A335</mac_max>
        </mac>
        <mac>
            <mac_min>FDA52728A337</mac_min>
            <mac_max>FDA52728A33C</mac_max>
        </mac>
        <mac>
            <mac_min>FDA52728A33E</mac_min>
            <mac_max>FDA52728A344</mac_max>
        </mac>
        <mac>
            <mac_min>FDA52728A346</mac_min>
            <mac_max>FDA52728A360</mac_max>
        </mac>
        <mac>
            <mac_min>FDA52728A362</mac_min>
            <mac_max>FDA52728A38D</mac_max>
        </mac>
        <mac>
            <mac_min>FDA52728A38F</mac_min>
            <mac_max>FDA52728A3B7</mac_max>
        </mac>
        <mac>
            <mac_min>FDA52728A3BF</mac_min>
            <mac_max>FDA52728A3C1</mac_max>
        </mac>
        <mac>
            <mac_min>FDA52728A3C5</mac_min>
            <mac_max>FDA52728A3C6</mac_max>
        </mac>
        <mac>
            <mac_min>FDA52728A3D9</mac_min>
            <mac_max>FDA52728A3DA</mac_max>
        </mac>
        <mac>
            <mac_min>FDA52728A3DC</mac_min>
            <mac_max>FDA52728A3DD</mac_max>
        </mac>
        <mac>
            <mac_min>FDA52728A3E8</mac_min>
            <mac_max>FDA52728A3E9</mac_max>
        </mac>
        <mac>
            <mac_min>FDA52728A480</mac_min>
            <mac_max>FDA52728A48A</mac_max>
        </mac>
        <mac>
            <mac_min>FDA52728A48C</mac_min>
            <mac_max>FDA52728A492</mac_max>
        </mac>
        <mac>
            <mac_min>FDA52728A494</mac_min>
            <mac_max>FDA52728A496</mac_max>
        </mac>
        <mac>
            <mac_min>FDA52728A498</mac_min>
            <mac_max>FDA52728A4A5</mac_max>
        </mac>
        <mac>
            <mac_min>FDA52728A4A9</mac_min>
            <mac_max>FDA52728A4B1</mac_max>
        </mac>
        <mac>
            <mac_min>FDA5272BC035</mac_min>
            <mac_max>FDA5272BC037</mac_max>
        </mac>
        <mac>
            <mac_min>FDA5272BC03C</mac_min>
            <mac_max>FDA5272BC043</mac_max>
        </mac>
        <mac>
            <mac_min>FDA5272BC045</mac_min>
            <mac_max>FDA5272BC047</mac_max>
        </mac>
        <mac>
            <mac_min>FDA5272BC04A</mac_min>
            <mac_max>FDA5272BC04C</mac_max>
        </mac>
        <mac>
            <mac_min>FDA5272F26D6</mac_min>
            <mac_max>FDA5272F26D7</mac_max>
        </mac>
        <mac>
            <mac_min>FDA5272F26E3</mac_min>
            <mac_max>FDA5272F26E5</mac_max>
        </mac>
        <mac>
            <mac_min>FDA5272F26E9</mac_min>
            <mac_max>FDA5272F26EA</mac_max>
        </mac>
    </mac_range>
    <mac_single>
        <mac>C91A006A0FAA</mac>
        <mac>C91A006A0FD3</mac>
        <mac>C91A006A0FF3</mac>
        <mac>C91A006A0FFB</mac>
        <mac>C91A006A0FFF</mac>
        <mac>C91A006A106B</mac>
        <mac>C91A006A106D</mac>
        <mac>C91A006A1071</mac>
        <mac>C91A006A107C</mac>
        <mac>C91A006A1083</mac>
        <mac>C91A006A1085</mac>
        <mac>C91A006A1094</mac>
        <mac>C91A006A1098</mac>
        <mac>C91A006A1182</mac>
        <mac>C91A006F204C</mac>
        <mac>C91A006F206D</mac>
        <mac>C91A006F2074</mac>
        <mac>C91A006F2076</mac>
        <mac>C91A006F2078</mac>
        <mac>C91A006F207D</mac>
        <mac>C91A006F209B</mac>
        <mac>C91A006F209D</mac>
        <mac>C91A0072092E</mac>
        <mac>C91A00720931</mac>
        <mac>C91A00720936</mac>
        <mac>C91A00720938</mac>
        <mac>C91A0072093A</mac>
        <mac>C91A0072093E</mac>
        <mac>C91A00720944</mac>
        <mac>C91A0072094B</mac>
        <mac>C91A0072094D</mac>
        <mac>C91A00720951</mac>
        <mac>C91A00720956</mac>
        <mac>C91A0072095B</mac>
        <mac>FDA52728A2CF</mac>
        <mac>FDA52728A3B9</mac>
        <mac>FDA52728A3BD</mac>
        <mac>FDA52728A3CC</mac>
        <mac>FDA52728A3CE</mac>
        <mac>FDA52728A3D5</mac>
        <mac>FDA52728A3E0</mac>
        <mac>FDA52728A3E4</mac>
        <mac>FDA52728A3E6</mac>
        <mac>FDA52728A452</mac>
        <mac>FDA52728A456</mac>
        <mac>FDA52728A45E</mac>
        <mac>FDA52728A47E</mac>
        <mac>FDA52728A4A7</mac>
        <mac>FDA5272BC000</mac>
        <mac>FDA5272BC021</mac>
        <mac>FDA5272BC028</mac>
        <mac>FDA5272BC02A</mac>
        <mac>FDA5272BC02C</mac>
        <mac>FDA5272BC031</mac>
        <mac>FDA5272BC04F</mac>
        <mac>FDA5272BC051</mac>
        <mac>FDA5272F26D1</mac>
        <mac>FDA5272F26D4</mac>
        <mac>FDA5272F26D9</mac>
        <mac>FDA5272F26DB</mac>
        <mac>FDA5272F26DD</mac>
        <mac>FDA5272F26E1</mac>
        <mac>FDA5272F26E7</mac>
        <mac>FDA5272F26EE</mac>
        <mac>FDA5272F26F0</mac>
        <mac>FDA5272F26F4</mac>
        <mac>FDA5272F26F9</mac>
        <mac>FDA5272F26FE</mac>
    </mac_single>
    <mac_warn />
</build_mac>
