<?xml version="1.0" encoding="utf-8" ?>
<build_mac>
    <build_id>860400020060300003</build_id>
    <mac_range>
        <mac>
            <mac_min>C91A006A0FD4</mac_min>
            <mac_max>C91A006A0FF2</mac_max>
        </mac>
        <mac>
            <mac_min>C91A006A0FF7</mac_min>
            <mac_max>C91A006A0FFA</mac_max>
        </mac>
        <mac>
            <mac_min>C91A006A0FFC</mac_min>
            <mac_max>C91A006A0FFE</mac_max>
        </mac>
        <mac>
            <mac_min>C91A006A1000</mac_min>
            <mac_max>C91A006A1003</mac_max>
        </mac>
        <mac>
            <mac_min>C91A006A103D</mac_min>
            <mac_max>C91A006A103E</mac_max>
        </mac>
        <mac>
            <mac_min>C91A006A104E</mac_min>
            <mac_max>C91A006A1052</mac_max>
        </mac>
        <mac>
            <mac_min>C91A006A105F</mac_min>
            <mac_max>C91A006A1060</mac_max>
        </mac>
        <mac>
            <mac_min>C91A006A1063</mac_min>
            <mac_max>C91A006A1064</mac_max>
        </mac>
        <mac>
            <mac_min>C91A006A108E</mac_min>
            <mac_max>C91A006A108F</mac_max>
        </mac>
        <mac>
            <mac_min>C91A006A1130</mac_min>
            <mac_max>C91A006A1161</mac_max>
        </mac>
        <mac>
            <mac_min>FDA52728A2F0</mac_min>
            <mac_max>FDA52728A321</mac_max>
        </mac>
        <mac>
            <mac_min>FDA52728A3C2</mac_min>
            <mac_max>FDA52728A3C3</mac_max>
        </mac>
        <mac>
            <mac_min>FDA52728A3ED</mac_min>
            <mac_max>FDA52728A3EE</mac_max>
        </mac>
        <mac>
            <mac_min>FDA52728A3F1</mac_min>
            <mac_max>FDA52728A3F2</mac_max>
        </mac>
        <mac>
            <mac_min>FDA52728A3FF</mac_min>
            <mac_max>FDA52728A403</mac_max>
        </mac>
        <mac>
            <mac_min>FDA52728A413</mac_min>
            <mac_max>FDA52728A414</mac_max>
        </mac>
        <mac>
            <mac_min>FDA52728A44E</mac_min>
            <mac_max>FDA52728A451</mac_max>
        </mac>
        <mac>
            <mac_min>FDA52728A453</mac_min>
            <mac_max>FDA52728A455</mac_max>
        </mac>
        <mac>
            <mac_min>FDA52728A457</mac_min>
            <mac_max>FDA52728A45A</mac_max>
        </mac>
        <mac>
            <mac_min>FDA52728A45F</mac_min>
            <mac_max>FDA52728A47D</mac_max>
        </mac>
    </mac_range>
    <mac_single>
        <mac>C91A006A0FD2</mac>
        <mac>C91A006A0FF4</mac>
        <mac>C91A006A1039</mac>
        <mac>C91A006A1040</mac>
        <mac>C91A006A1043</mac>
        <mac>C91A006A1046</mac>
        <mac>C91A006A1049</mac>
        <mac>C91A006A104B</mac>
        <mac>C91A006A1055</mac>
        <mac>C91A006A1057</mac>
        <mac>C91A006A105D</mac>
        <mac>C91A006A1067</mac>
        <mac>C91A006A106F</mac>
        <mac>C91A006A1072</mac>
        <mac>C91A006A107D</mac>
        <mac>C91A006A1082</mac>
        <mac>C91A006A1084</mac>
        <mac>C91A006A108A</mac>
        <mac>C91A006A1097</mac>
        <mac>FDA52728A3BA</mac>
        <mac>FDA52728A3C7</mac>
        <mac>FDA52728A3CD</mac>
        <mac>FDA52728A3CF</mac>
        <mac>FDA52728A3D4</mac>
        <mac>FDA52728A3DF</mac>
        <mac>FDA52728A3E2</mac>
        <mac>FDA52728A3EA</mac>
        <mac>FDA52728A3F4</mac>
        <mac>FDA52728A3FA</mac>
        <mac>FDA52728A3FC</mac>
        <mac>FDA52728A406</mac>
        <mac>FDA52728A408</mac>
        <mac>FDA52728A40B</mac>
        <mac>FDA52728A40E</mac>
        <mac>FDA52728A411</mac>
        <mac>FDA52728A418</mac>
        <mac>FDA52728A45D</mac>
        <mac>FDA52728A47F</mac>
    </mac_single>
    <mac_warn />
</build_mac>
