<?xml version="1.0" encoding="utf-8" ?>
<build_mac>
    <build_id>860400020030300011</build_id>
    <mac_range>
        <mac>
            <mac_min>C91A006E4844</mac_min>
            <mac_max>C91A006E4860</mac_max>
        </mac>
        <mac>
            <mac_min>C91A006E4862</mac_min>
            <mac_max>C91A006E4875</mac_max>
        </mac>
        <mac>
            <mac_min>C91A006E4990</mac_min>
            <mac_max>C91A006E4991</mac_max>
        </mac>
        <mac>
            <mac_min>FDA5272B7060</mac_min>
            <mac_max>FDA5272B707C</mac_max>
        </mac>
        <mac>
            <mac_min>FDA5272B707E</mac_min>
            <mac_max>FDA5272B7091</mac_max>
        </mac>
        <mac>
            <mac_min>FDA5272B71AC</mac_min>
            <mac_max>FDA5272B71AD</mac_max>
        </mac>
    </mac_range>
    <mac_single>
        <mac>C91A006E4980</mac>
        <mac>FDA5272B719C</mac>
    </mac_single>
    <mac_warn />
</build_mac>
