<?xml version="1.0" encoding="utf-8" ?>
<build_mac>
    <build_id>860400020020300001</build_id>
    <mac_range>
        <mac>
            <mac_min>C91A006F5B68</mac_min>
            <mac_max>C91A006F5DBF</mac_max>
        </mac>
        <mac>
            <mac_min>ECB328A80000</mac_min>
            <mac_max>ECB328A80257</mac_max>
        </mac>
        <mac>
            <mac_min>FDA5272C80F3</mac_min>
            <mac_max>FDA5272C834A</mac_max>
        </mac>
    </mac_range>
    <mac_single />
    <mac_warn />
</build_mac>
