<?xml version="1.0" encoding="utf-8" ?>
<build_mac>
    <build_id>860400010030300008</build_id>
    <mac_range>
        <mac>
            <mac_min>C91A006E319C</mac_min>
            <mac_max>C91A006E31CD</mac_max>
        </mac>
        <mac>
            <mac_min>C91A006E3232</mac_min>
            <mac_max>C91A006E3234</mac_max>
        </mac>
        <mac>
            <mac_min>C91A006E3239</mac_min>
            <mac_max>C91A006E323F</mac_max>
        </mac>
        <mac>
            <mac_min>C91A006E3242</mac_min>
            <mac_max>C91A006E3246</mac_max>
        </mac>
        <mac>
            <mac_min>C91A006E3249</mac_min>
            <mac_max>C91A006E324E</mac_max>
        </mac>
        <mac>
            <mac_min>C91A006E3250</mac_min>
            <mac_max>C91A006E3254</mac_max>
        </mac>
        <mac>
            <mac_min>C91A006E3257</mac_min>
            <mac_max>C91A006E325A</mac_max>
        </mac>
        <mac>
            <mac_min>C91A006E325C</mac_min>
            <mac_max>C91A006E325E</mac_max>
        </mac>
        <mac>
            <mac_min>C91A006F0FA7</mac_min>
            <mac_max>C91A006F0FA9</mac_max>
        </mac>
        <mac>
            <mac_min>C91A006F0FB2</mac_min>
            <mac_max>C91A006F0FB4</mac_max>
        </mac>
        <mac>
            <mac_min>C91A006F0FBB</mac_min>
            <mac_max>C91A006F0FBC</mac_max>
        </mac>
        <mac>
            <mac_min>C91A006F0FC5</mac_min>
            <mac_max>C91A006F0FC6</mac_max>
        </mac>
        <mac>
            <mac_min>C91A00714C98</mac_min>
            <mac_max>C91A00714C99</mac_max>
        </mac>
        <mac>
            <mac_min>C91A00714CA0</mac_min>
            <mac_max>C91A00714CA1</mac_max>
        </mac>
        <mac>
            <mac_min>C91A00714CA6</mac_min>
            <mac_max>C91A00714CA7</mac_max>
        </mac>
        <mac>
            <mac_min>C91A00714CC0</mac_min>
            <mac_max>C91A00714CC1</mac_max>
        </mac>
        <mac>
            <mac_min>C91A00714D26</mac_min>
            <mac_max>C91A00714D57</mac_max>
        </mac>
        <mac>
            <mac_min>C91A0072095E</mac_min>
            <mac_max>C91A0072095F</mac_max>
        </mac>
        <mac>
            <mac_min>C91A00722008</mac_min>
            <mac_max>C91A0072203B</mac_max>
        </mac>
        <mac>
            <mac_min>C91A0072203D</mac_min>
            <mac_max>C91A00722053</mac_max>
        </mac>
        <mac>
            <mac_min>C91A00722055</mac_min>
            <mac_max>C91A0072205F</mac_max>
        </mac>
        <mac>
            <mac_min>C91A00722061</mac_min>
            <mac_max>C91A0072206B</mac_max>
        </mac>
        <mac>
            <mac_min>C91A00722129</mac_min>
            <mac_max>C91A0072212A</mac_max>
        </mac>
        <mac>
            <mac_min>C91A00722134</mac_min>
            <mac_max>C91A00722197</mac_max>
        </mac>
        <mac>
            <mac_min>C91A007221CA</mac_min>
            <mac_max>C91A007221FB</mac_max>
        </mac>
        <mac>
            <mac_min>C91A0072442C</mac_min>
            <mac_max>C91A0072442F</mac_max>
        </mac>
        <mac>
            <mac_min>C91A00724431</mac_min>
            <mac_max>C91A00724432</mac_max>
        </mac>
        <mac>
            <mac_min>C91A00724436</mac_min>
            <mac_max>C91A0072443A</mac_max>
        </mac>
        <mac>
            <mac_min>C91A0072443C</mac_min>
            <mac_max>C91A0072443E</mac_max>
        </mac>
        <mac>
            <mac_min>C91A00724440</mac_min>
            <mac_max>C91A00724441</mac_max>
        </mac>
        <mac>
            <mac_min>C91A00724443</mac_min>
            <mac_max>C91A00724447</mac_max>
        </mac>
        <mac>
            <mac_min>C91A00724449</mac_min>
            <mac_max>C91A00724455</mac_max>
        </mac>
        <mac>
            <mac_min>C91A00724459</mac_min>
            <mac_max>C91A0072445B</mac_max>
        </mac>
        <mac>
            <mac_min>FDA5272B59AC</mac_min>
            <mac_max>FDA5272B59DD</mac_max>
        </mac>
        <mac>
            <mac_min>FDA5272B5A42</mac_min>
            <mac_max>FDA5272B5A44</mac_max>
        </mac>
        <mac>
            <mac_min>FDA5272B5A49</mac_min>
            <mac_max>FDA5272B5A4F</mac_max>
        </mac>
        <mac>
            <mac_min>FDA5272B5A52</mac_min>
            <mac_max>FDA5272B5A56</mac_max>
        </mac>
        <mac>
            <mac_min>FDA5272B5A59</mac_min>
            <mac_max>FDA5272B5A5E</mac_max>
        </mac>
        <mac>
            <mac_min>FDA5272B5A60</mac_min>
            <mac_max>FDA5272B5A64</mac_max>
        </mac>
        <mac>
            <mac_min>FDA5272B5A67</mac_min>
            <mac_max>FDA5272B5A6A</mac_max>
        </mac>
        <mac>
            <mac_min>FDA5272B5A6C</mac_min>
            <mac_max>FDA5272B5A6E</mac_max>
        </mac>
        <mac>
            <mac_min>FDA5272BAF59</mac_min>
            <mac_max>FDA5272BAF5B</mac_max>
        </mac>
        <mac>
            <mac_min>FDA5272BAF64</mac_min>
            <mac_max>FDA5272BAF66</mac_max>
        </mac>
        <mac>
            <mac_min>FDA5272BAF6D</mac_min>
            <mac_max>FDA5272BAF6E</mac_max>
        </mac>
        <mac>
            <mac_min>FDA5272BAF77</mac_min>
            <mac_max>FDA5272BAF78</mac_max>
        </mac>
        <mac>
            <mac_min>FDA5272E36BB</mac_min>
            <mac_max>FDA5272E36BC</mac_max>
        </mac>
        <mac>
            <mac_min>FDA5272E36C3</mac_min>
            <mac_max>FDA5272E36C4</mac_max>
        </mac>
        <mac>
            <mac_min>FDA5272E36C9</mac_min>
            <mac_max>FDA5272E36CA</mac_max>
        </mac>
        <mac>
            <mac_min>FDA5272E36E3</mac_min>
            <mac_max>FDA5272E36E4</mac_max>
        </mac>
        <mac>
            <mac_min>FDA5272E3749</mac_min>
            <mac_max>FDA5272E377A</mac_max>
        </mac>
        <mac>
            <mac_min>FDA5272F2701</mac_min>
            <mac_max>FDA5272F2702</mac_max>
        </mac>
        <mac>
            <mac_min>FDA5272FBE23</mac_min>
            <mac_max>FDA5272FBE56</mac_max>
        </mac>
        <mac>
            <mac_min>FDA5272FBE58</mac_min>
            <mac_max>FDA5272FBE6E</mac_max>
        </mac>
        <mac>
            <mac_min>FDA5272FBE70</mac_min>
            <mac_max>FDA5272FBE7A</mac_max>
        </mac>
        <mac>
            <mac_min>FDA5272FBE7C</mac_min>
            <mac_max>FDA5272FBE86</mac_max>
        </mac>
        <mac>
            <mac_min>FDA5272FBF44</mac_min>
            <mac_max>FDA5272FBF45</mac_max>
        </mac>
        <mac>
            <mac_min>FDA5272FBF4F</mac_min>
            <mac_max>FDA5272FBFB2</mac_max>
        </mac>
        <mac>
            <mac_min>FDA5272FBFE5</mac_min>
            <mac_max>FDA5272FC016</mac_max>
        </mac>
        <mac>
            <mac_min>FDA5272FE247</mac_min>
            <mac_max>FDA5272FE24A</mac_max>
        </mac>
        <mac>
            <mac_min>FDA5272FE24C</mac_min>
            <mac_max>FDA5272FE24D</mac_max>
        </mac>
        <mac>
            <mac_min>FDA5272FE251</mac_min>
            <mac_max>FDA5272FE255</mac_max>
        </mac>
        <mac>
            <mac_min>FDA5272FE257</mac_min>
            <mac_max>FDA5272FE259</mac_max>
        </mac>
        <mac>
            <mac_min>FDA5272FE25B</mac_min>
            <mac_max>FDA5272FE25C</mac_max>
        </mac>
        <mac>
            <mac_min>FDA5272FE25E</mac_min>
            <mac_max>FDA5272FE262</mac_max>
        </mac>
        <mac>
            <mac_min>FDA5272FE264</mac_min>
            <mac_max>FDA5272FE270</mac_max>
        </mac>
        <mac>
            <mac_min>FDA5272FE274</mac_min>
            <mac_max>FDA5272FE276</mac_max>
        </mac>
    </mac_range>
    <mac_single>
        <mac>C91A006E3237</mac>
        <mac>C91A006E3262</mac>
        <mac>C91A006F0FA4</mac>
        <mac>C91A006F0FC8</mac>
        <mac>C91A006F0FCF</mac>
        <mac>C91A00714C90</mac>
        <mac>C91A00714C96</mac>
        <mac>C91A00714C9D</mac>
        <mac>C91A00714CA4</mac>
        <mac>C91A00714CAB</mac>
        <mac>C91A00714CAE</mac>
        <mac>C91A00714CB7</mac>
        <mac>C91A00714CBB</mac>
        <mac>C91A00714CBE</mac>
        <mac>C91A00714CC3</mac>
        <mac>C91A00714CCB</mac>
        <mac>C91A00714CDA</mac>
        <mac>C91A00714CDD</mac>
        <mac>C91A00720955</mac>
        <mac>C91A0072095A</mac>
        <mac>C91A007220DE</mac>
        <mac>C91A007220EC</mac>
        <mac>C91A00722111</mac>
        <mac>C91A00722114</mac>
        <mac>C91A00722117</mac>
        <mac>C91A0072211D</mac>
        <mac>C91A0072211F</mac>
        <mac>C91A00722121</mac>
        <mac>C91A00722123</mac>
        <mac>C91A00722130</mac>
        <mac>C91A00724397</mac>
        <mac>C91A0072439F</mac>
        <mac>C91A007243A8</mac>
        <mac>C91A007243B7</mac>
        <mac>C91A007243BD</mac>
        <mac>C91A007243C0</mac>
        <mac>C91A0072442A</mac>
        <mac>C91A00724434</mac>
        <mac>C91A00724457</mac>
        <mac>FDA5272B5A47</mac>
        <mac>FDA5272B5A72</mac>
        <mac>FDA5272BAF56</mac>
        <mac>FDA5272BAF7A</mac>
        <mac>FDA5272BAF81</mac>
        <mac>FDA5272E36B3</mac>
        <mac>FDA5272E36B9</mac>
        <mac>FDA5272E36C0</mac>
        <mac>FDA5272E36C7</mac>
        <mac>FDA5272E36CE</mac>
        <mac>FDA5272E36D1</mac>
        <mac>FDA5272E36DA</mac>
        <mac>FDA5272E36DE</mac>
        <mac>FDA5272E36E1</mac>
        <mac>FDA5272E36E6</mac>
        <mac>FDA5272E36EE</mac>
        <mac>FDA5272E36FD</mac>
        <mac>FDA5272E3700</mac>
        <mac>FDA5272F26F8</mac>
        <mac>FDA5272F26FD</mac>
        <mac>FDA5272FBEF9</mac>
        <mac>FDA5272FBF07</mac>
        <mac>FDA5272FBF2C</mac>
        <mac>FDA5272FBF2F</mac>
        <mac>FDA5272FBF32</mac>
        <mac>FDA5272FBF38</mac>
        <mac>FDA5272FBF3A</mac>
        <mac>FDA5272FBF3C</mac>
        <mac>FDA5272FBF3E</mac>
        <mac>FDA5272FBF4B</mac>
        <mac>FDA5272FE1B2</mac>
        <mac>FDA5272FE1BA</mac>
        <mac>FDA5272FE1C3</mac>
        <mac>FDA5272FE1D2</mac>
        <mac>FDA5272FE1D8</mac>
        <mac>FDA5272FE1DB</mac>
        <mac>FDA5272FE245</mac>
        <mac>FDA5272FE24F</mac>
        <mac>FDA5272FE272</mac>
    </mac_single>
    <mac_warn />
</build_mac>
