<?xml version="1.0" encoding="utf-8" ?>
<build_mac>
    <build_id>860400010040300005</build_id>
    <mac_range>
        <mac>
            <mac_min>C91A006A19A7</mac_min>
            <mac_max>C91A006A19A9</mac_max>
        </mac>
        <mac>
            <mac_min>C91A006A19AD</mac_min>
            <mac_max>C91A006A19AE</mac_max>
        </mac>
        <mac>
            <mac_min>C91A006A19C1</mac_min>
            <mac_max>C91A006A19C2</mac_max>
        </mac>
        <mac>
            <mac_min>C91A006A19C8</mac_min>
            <mac_max>C91A006A19E5</mac_max>
        </mac>
        <mac>
            <mac_min>C91A006A19E7</mac_min>
            <mac_max>C91A006A19EA</mac_max>
        </mac>
        <mac>
            <mac_min>C91A006A19EC</mac_min>
            <mac_max>C91A006A19F5</mac_max>
        </mac>
        <mac>
            <mac_min>C91A006A19F7</mac_min>
            <mac_max>C91A006A19F9</mac_max>
        </mac>
        <mac>
            <mac_min>C91A006A1A5E</mac_min>
            <mac_max>C91A006A1A8C</mac_max>
        </mac>
        <mac>
            <mac_min>C91A006A1A8E</mac_min>
            <mac_max>C91A006A1A8F</mac_max>
        </mac>
        <mac>
            <mac_min>C91A006A1AC2</mac_min>
            <mac_max>C91A006A1AD9</mac_max>
        </mac>
        <mac>
            <mac_min>C91A006A1ADB</mac_min>
            <mac_max>C91A006A1AF3</mac_max>
        </mac>
        <mac>
            <mac_min>C91A006F02BC</mac_min>
            <mac_max>C91A006F02BD</mac_max>
        </mac>
        <mac>
            <mac_min>C91A006F02BF</mac_min>
            <mac_max>C91A006F02C2</mac_max>
        </mac>
        <mac>
            <mac_min>C91A006F02C4</mac_min>
            <mac_max>C91A006F02C6</mac_max>
        </mac>
        <mac>
            <mac_min>C91A006F02CA</mac_min>
            <mac_max>C91A006F02CB</mac_max>
        </mac>
        <mac>
            <mac_min>C91A006F02CD</mac_min>
            <mac_max>C91A006F02CE</mac_max>
        </mac>
        <mac>
            <mac_min>C91A006F02D0</mac_min>
            <mac_max>C91A006F02D3</mac_max>
        </mac>
        <mac>
            <mac_min>C91A006F02D5</mac_min>
            <mac_max>C91A006F02DE</mac_max>
        </mac>
        <mac>
            <mac_min>C91A006F02E0</mac_min>
            <mac_max>C91A006F02E7</mac_max>
        </mac>
        <mac>
            <mac_min>C91A006F02EA</mac_min>
            <mac_max>C91A006F02EB</mac_max>
        </mac>
        <mac>
            <mac_min>FDA52728995E</mac_min>
            <mac_max>FDA527289976</mac_max>
        </mac>
        <mac>
            <mac_min>FDA527289978</mac_min>
            <mac_max>FDA52728998F</mac_max>
        </mac>
        <mac>
            <mac_min>FDA5272899C2</mac_min>
            <mac_max>FDA5272899C3</mac_max>
        </mac>
        <mac>
            <mac_min>FDA5272899C5</mac_min>
            <mac_max>FDA5272899F3</mac_max>
        </mac>
        <mac>
            <mac_min>FDA527289A58</mac_min>
            <mac_max>FDA527289A5A</mac_max>
        </mac>
        <mac>
            <mac_min>FDA527289A5C</mac_min>
            <mac_max>FDA527289A65</mac_max>
        </mac>
        <mac>
            <mac_min>FDA527289A67</mac_min>
            <mac_max>FDA527289A6A</mac_max>
        </mac>
        <mac>
            <mac_min>FDA527289A6C</mac_min>
            <mac_max>FDA527289A89</mac_max>
        </mac>
        <mac>
            <mac_min>FDA527289A8F</mac_min>
            <mac_max>FDA527289A90</mac_max>
        </mac>
        <mac>
            <mac_min>FDA527289AA3</mac_min>
            <mac_max>FDA527289AA4</mac_max>
        </mac>
        <mac>
            <mac_min>FDA527289AA8</mac_min>
            <mac_max>FDA527289AAA</mac_max>
        </mac>
        <mac>
            <mac_min>FDA5272BA26D</mac_min>
            <mac_max>FDA5272BA26E</mac_max>
        </mac>
        <mac>
            <mac_min>FDA5272BA270</mac_min>
            <mac_max>FDA5272BA273</mac_max>
        </mac>
        <mac>
            <mac_min>FDA5272BA275</mac_min>
            <mac_max>FDA5272BA277</mac_max>
        </mac>
        <mac>
            <mac_min>FDA5272BA27B</mac_min>
            <mac_max>FDA5272BA27C</mac_max>
        </mac>
        <mac>
            <mac_min>FDA5272BA27E</mac_min>
            <mac_max>FDA5272BA27F</mac_max>
        </mac>
        <mac>
            <mac_min>FDA5272BA281</mac_min>
            <mac_max>FDA5272BA284</mac_max>
        </mac>
        <mac>
            <mac_min>FDA5272BA286</mac_min>
            <mac_max>FDA5272BA28F</mac_max>
        </mac>
        <mac>
            <mac_min>FDA5272BA291</mac_min>
            <mac_max>FDA5272BA298</mac_max>
        </mac>
        <mac>
            <mac_min>FDA5272BA29B</mac_min>
            <mac_max>FDA5272BA29C</mac_max>
        </mac>
    </mac_range>
    <mac_single>
        <mac>C91A00651198</mac>
        <mac>C91A006511A3</mac>
        <mac>C91A006511A7</mac>
        <mac>C91A006511B1</mac>
        <mac>C91A006511B8</mac>
        <mac>C91A006A1997</mac>
        <mac>C91A006A1999</mac>
        <mac>C91A006A199C</mac>
        <mac>C91A006A199F</mac>
        <mac>C91A006A19A2</mac>
        <mac>C91A006A19BE</mac>
        <mac>C91A006A19C5</mac>
        <mac>C91A006F0265</mac>
        <mac>C91A006F0297</mac>
        <mac>C91A006F02ED</mac>
        <mac>FDA52725E4AF</mac>
        <mac>FDA52725E4B6</mac>
        <mac>FDA52725E4C0</mac>
        <mac>FDA52725E4C4</mac>
        <mac>FDA52725E4CF</mac>
        <mac>FDA527289A8C</mac>
        <mac>FDA527289A93</mac>
        <mac>FDA527289AAF</mac>
        <mac>FDA527289AB2</mac>
        <mac>FDA527289AB5</mac>
        <mac>FDA527289AB8</mac>
        <mac>FDA527289ABA</mac>
        <mac>FDA5272BA216</mac>
        <mac>FDA5272BA248</mac>
        <mac>FDA5272BA29E</mac>
    </mac_single>
    <mac_warn />
</build_mac>
