<?xml version="1.0" encoding="utf-8" ?>
<build_mac>
    <build_id>860400020020300005</build_id>
    <mac_range>
        <mac>
            <mac_min>C91A006B42EC</mac_min>
            <mac_max>C91A006B42ED</mac_max>
        </mac>
        <mac>
            <mac_min>FDA527298400</mac_min>
            <mac_max>FDA527298401</mac_max>
        </mac>
    </mac_range>
    <mac_single>
        <mac>C91A006B42CC</mac>
        <mac>C91A006B42CF</mac>
        <mac>C91A006B42D4</mac>
        <mac>C91A006B42DA</mac>
        <mac>C91A006B42DD</mac>
        <mac>C91A006B42E2</mac>
        <mac>C91A006B42E7</mac>
        <mac>C91A006B42F5</mac>
        <mac>FDA5272983F8</mac>
        <mac>FDA527298406</mac>
        <mac>FDA52729840B</mac>
        <mac>FDA527298410</mac>
        <mac>FDA527298413</mac>
        <mac>FDA527298419</mac>
        <mac>FDA52729841E</mac>
        <mac>FDA527298421</mac>
    </mac_single>
    <mac_warn />
</build_mac>
