<?xml version="1.0" encoding="utf-8" ?>
<build_mac>
    <build_id>860400010010300004</build_id>
    <mac_range>
        <mac>
            <mac_min>C91A0061057E</mac_min>
            <mac_max>C91A00610580</mac_max>
        </mac>
        <mac>
            <mac_min>C91A00610595</mac_min>
            <mac_max>C91A00610596</mac_max>
        </mac>
        <mac>
            <mac_min>C91A00610D22</mac_min>
            <mac_max>C91A00610D23</mac_max>
        </mac>
        <mac>
            <mac_min>C91A00610D26</mac_min>
            <mac_max>C91A00610D27</mac_max>
        </mac>
        <mac>
            <mac_min>C91A00610D2C</mac_min>
            <mac_max>C91A00610D2E</mac_max>
        </mac>
        <mac>
            <mac_min>C91A00610D32</mac_min>
            <mac_max>C91A00610D33</mac_max>
        </mac>
        <mac>
            <mac_min>C91A00610D35</mac_min>
            <mac_max>C91A00610D37</mac_max>
        </mac>
        <mac>
            <mac_min>C91A00610D3D</mac_min>
            <mac_max>C91A00610D3E</mac_max>
        </mac>
        <mac>
            <mac_min>C91A00610D46</mac_min>
            <mac_max>C91A00610D47</mac_max>
        </mac>
        <mac>
            <mac_min>C91A006F0226</mac_min>
            <mac_max>C91A006F0257</mac_max>
        </mac>
        <mac>
            <mac_min>C91A006F03A1</mac_min>
            <mac_max>C91A006F03A2</mac_max>
        </mac>
        <mac>
            <mac_min>FDA52722A3BA</mac_min>
            <mac_max>FDA52722A3BB</mac_max>
        </mac>
        <mac>
            <mac_min>FDA52722A3C3</mac_min>
            <mac_max>FDA52722A3C4</mac_max>
        </mac>
        <mac>
            <mac_min>FDA52722A3CA</mac_min>
            <mac_max>FDA52722A3CC</mac_max>
        </mac>
        <mac>
            <mac_min>FDA52722A3CE</mac_min>
            <mac_max>FDA52722A3CF</mac_max>
        </mac>
        <mac>
            <mac_min>FDA52722A3D3</mac_min>
            <mac_max>FDA52722A3D5</mac_max>
        </mac>
        <mac>
            <mac_min>FDA52722A3DA</mac_min>
            <mac_max>FDA52722A3DB</mac_max>
        </mac>
        <mac>
            <mac_min>FDA52722A3DE</mac_min>
            <mac_max>FDA52722A3DF</mac_max>
        </mac>
        <mac>
            <mac_min>FDA52722AB6C</mac_min>
            <mac_max>FDA52722AB6D</mac_max>
        </mac>
        <mac>
            <mac_min>FDA52722AB82</mac_min>
            <mac_max>FDA52722AB84</mac_max>
        </mac>
        <mac>
            <mac_min>FDA5272BA1D7</mac_min>
            <mac_max>FDA5272BA208</mac_max>
        </mac>
        <mac>
            <mac_min>FDA5272BA352</mac_min>
            <mac_max>FDA5272BA353</mac_max>
        </mac>
    </mac_range>
    <mac_single>
        <mac>C91A006102EA</mac>
        <mac>C91A0061057A</mac>
        <mac>C91A00610584</mac>
        <mac>C91A0061058A</mac>
        <mac>C91A0061058D</mac>
        <mac>C91A00610591</mac>
        <mac>C91A006105A2</mac>
        <mac>C91A006105A6</mac>
        <mac>C91A00610D19</mac>
        <mac>C91A00610D1E</mac>
        <mac>C91A00610D2A</mac>
        <mac>C91A00610D3A</mac>
        <mac>C91A00610D40</mac>
        <mac>C91A00610D42</mac>
        <mac>C91A006F0359</mac>
        <mac>C91A006F0364</mac>
        <mac>C91A006F0367</mac>
        <mac>C91A006F036B</mac>
        <mac>C91A006F0373</mac>
        <mac>C91A006F037C</mac>
        <mac>C91A006F0383</mac>
        <mac>C91A006F038A</mac>
        <mac>C91A006F03A5</mac>
        <mac>C91A006F03A8</mac>
        <mac>FDA52722A3BF</mac>
        <mac>FDA52722A3C1</mac>
        <mac>FDA52722A3C7</mac>
        <mac>FDA52722A3D7</mac>
        <mac>FDA52722A3E3</mac>
        <mac>FDA52722A3E8</mac>
        <mac>FDA52722AB5C</mac>
        <mac>FDA52722AB60</mac>
        <mac>FDA52722AB71</mac>
        <mac>FDA52722AB75</mac>
        <mac>FDA52722AB78</mac>
        <mac>FDA52722AB7E</mac>
        <mac>FDA52722AB88</mac>
        <mac>FDA52722AE18</mac>
        <mac>FDA5272BA30A</mac>
        <mac>FDA5272BA315</mac>
        <mac>FDA5272BA318</mac>
        <mac>FDA5272BA31C</mac>
        <mac>FDA5272BA324</mac>
        <mac>FDA5272BA32D</mac>
        <mac>FDA5272BA334</mac>
        <mac>FDA5272BA33B</mac>
        <mac>FDA5272BA356</mac>
        <mac>FDA5272BA359</mac>
    </mac_single>
    <mac_warn />
</build_mac>
