<?xml version="1.0" encoding="utf-8" ?>
<build_mac>
    <build_id>860400070020300003</build_id>
    <mac_range>
        <mac>
            <mac_min>C91A006A1036</mac_min>
            <mac_max>C91A006A1038</mac_max>
        </mac>
        <mac>
            <mac_min>C91A006A103A</mac_min>
            <mac_max>C91A006A103C</mac_max>
        </mac>
        <mac>
            <mac_min>C91A006A1041</mac_min>
            <mac_max>C91A006A1042</mac_max>
        </mac>
        <mac>
            <mac_min>C91A006A1044</mac_min>
            <mac_max>C91A006A1045</mac_max>
        </mac>
        <mac>
            <mac_min>C91A006A1047</mac_min>
            <mac_max>C91A006A1048</mac_max>
        </mac>
        <mac>
            <mac_min>C91A006A104C</mac_min>
            <mac_max>C91A006A104D</mac_max>
        </mac>
        <mac>
            <mac_min>C91A006A1053</mac_min>
            <mac_max>C91A006A1054</mac_max>
        </mac>
        <mac>
            <mac_min>C91A006A1058</mac_min>
            <mac_max>C91A006A1059</mac_max>
        </mac>
        <mac>
            <mac_min>C91A006A105B</mac_min>
            <mac_max>C91A006A105C</mac_max>
        </mac>
        <mac>
            <mac_min>C91A006A1061</mac_min>
            <mac_max>C91A006A1062</mac_max>
        </mac>
        <mac>
            <mac_min>C91A006A1065</mac_min>
            <mac_max>C91A006A1066</mac_max>
        </mac>
        <mac>
            <mac_min>C91A006A1079</mac_min>
            <mac_max>C91A006A107B</mac_max>
        </mac>
        <mac>
            <mac_min>C91A006A107E</mac_min>
            <mac_max>C91A006A1081</mac_max>
        </mac>
        <mac>
            <mac_min>C91A006A1086</mac_min>
            <mac_max>C91A006A1089</mac_max>
        </mac>
        <mac>
            <mac_min>C91A006A1095</mac_min>
            <mac_max>C91A006A1096</mac_max>
        </mac>
        <mac>
            <mac_min>C91A006B07D0</mac_min>
            <mac_max>C91A006B0833</mac_max>
        </mac>
        <mac>
            <mac_min>C91A006B08CA</mac_min>
            <mac_max>C91A006B08D3</mac_max>
        </mac>
        <mac>
            <mac_min>C91A006B08D5</mac_min>
            <mac_max>C91A006B08E2</mac_max>
        </mac>
        <mac>
            <mac_min>C91A006B08E4</mac_min>
            <mac_max>C91A006B08E5</mac_max>
        </mac>
        <mac>
            <mac_min>C91A006B08E7</mac_min>
            <mac_max>C91A006B08EA</mac_max>
        </mac>
        <mac>
            <mac_min>C91A006B08EF</mac_min>
            <mac_max>C91A006B08F0</mac_max>
        </mac>
        <mac>
            <mac_min>C91A006B08F3</mac_min>
            <mac_max>C91A006B0900</mac_max>
        </mac>
        <mac>
            <mac_min>C91A006B0902</mac_min>
            <mac_max>C91A006B0911</mac_max>
        </mac>
        <mac>
            <mac_min>C91A006B0913</mac_min>
            <mac_max>C91A006B0915</mac_max>
        </mac>
        <mac>
            <mac_min>C91A006B0918</mac_min>
            <mac_max>C91A006B091B</mac_max>
        </mac>
        <mac>
            <mac_min>C91A006B091E</mac_min>
            <mac_max>C91A006B0923</mac_max>
        </mac>
        <mac>
            <mac_min>C91A006B0926</mac_min>
            <mac_max>C91A006B092A</mac_max>
        </mac>
        <mac>
            <mac_min>C91A006B0992</mac_min>
            <mac_max>C91A006B09C3</mac_max>
        </mac>
        <mac>
            <mac_min>FDA52728A3BB</mac_min>
            <mac_max>FDA52728A3BC</mac_max>
        </mac>
        <mac>
            <mac_min>FDA52728A3C8</mac_min>
            <mac_max>FDA52728A3CB</mac_max>
        </mac>
        <mac>
            <mac_min>FDA52728A3D0</mac_min>
            <mac_max>FDA52728A3D3</mac_max>
        </mac>
        <mac>
            <mac_min>FDA52728A3D6</mac_min>
            <mac_max>FDA52728A3D8</mac_max>
        </mac>
        <mac>
            <mac_min>FDA52728A3EB</mac_min>
            <mac_max>FDA52728A3EC</mac_max>
        </mac>
        <mac>
            <mac_min>FDA52728A3EF</mac_min>
            <mac_max>FDA52728A3F0</mac_max>
        </mac>
        <mac>
            <mac_min>FDA52728A3F5</mac_min>
            <mac_max>FDA52728A3F6</mac_max>
        </mac>
        <mac>
            <mac_min>FDA52728A3F8</mac_min>
            <mac_max>FDA52728A3F9</mac_max>
        </mac>
        <mac>
            <mac_min>FDA52728A3FD</mac_min>
            <mac_max>FDA52728A3FE</mac_max>
        </mac>
        <mac>
            <mac_min>FDA52728A404</mac_min>
            <mac_max>FDA52728A405</mac_max>
        </mac>
        <mac>
            <mac_min>FDA52728A409</mac_min>
            <mac_max>FDA52728A40A</mac_max>
        </mac>
        <mac>
            <mac_min>FDA52728A40C</mac_min>
            <mac_max>FDA52728A40D</mac_max>
        </mac>
        <mac>
            <mac_min>FDA52728A40F</mac_min>
            <mac_max>FDA52728A410</mac_max>
        </mac>
        <mac>
            <mac_min>FDA52728A415</mac_min>
            <mac_max>FDA52728A417</mac_max>
        </mac>
        <mac>
            <mac_min>FDA52728A419</mac_min>
            <mac_max>FDA52728A41B</mac_max>
        </mac>
        <mac>
            <mac_min>FDA527292E6A</mac_min>
            <mac_max>FDA527292E9B</mac_max>
        </mac>
        <mac>
            <mac_min>FDA527292F03</mac_min>
            <mac_max>FDA527292F07</mac_max>
        </mac>
        <mac>
            <mac_min>FDA527292F0A</mac_min>
            <mac_max>FDA527292F0F</mac_max>
        </mac>
        <mac>
            <mac_min>FDA527292F12</mac_min>
            <mac_max>FDA527292F15</mac_max>
        </mac>
        <mac>
            <mac_min>FDA527292F18</mac_min>
            <mac_max>FDA527292F1A</mac_max>
        </mac>
        <mac>
            <mac_min>FDA527292F1C</mac_min>
            <mac_max>FDA527292F2B</mac_max>
        </mac>
        <mac>
            <mac_min>FDA527292F2D</mac_min>
            <mac_max>FDA527292F3A</mac_max>
        </mac>
        <mac>
            <mac_min>FDA527292F3D</mac_min>
            <mac_max>FDA527292F3E</mac_max>
        </mac>
        <mac>
            <mac_min>FDA527292F43</mac_min>
            <mac_max>FDA527292F46</mac_max>
        </mac>
        <mac>
            <mac_min>FDA527292F48</mac_min>
            <mac_max>FDA527292F49</mac_max>
        </mac>
        <mac>
            <mac_min>FDA527292F4B</mac_min>
            <mac_max>FDA527292F58</mac_max>
        </mac>
        <mac>
            <mac_min>FDA527292F5A</mac_min>
            <mac_max>FDA527292F63</mac_max>
        </mac>
        <mac>
            <mac_min>FDA527292FFA</mac_min>
            <mac_max>FDA52729305D</mac_max>
        </mac>
    </mac_range>
    <mac_single>
        <mac>C91A006A103F</mac>
        <mac>C91A006A104A</mac>
        <mac>C91A006A1056</mac>
        <mac>C91A006A105E</mac>
        <mac>C91A006A106A</mac>
        <mac>C91A006A106C</mac>
        <mac>C91A006A1070</mac>
        <mac>C91A006A1073</mac>
        <mac>C91A006A1076</mac>
        <mac>C91A006A108D</mac>
        <mac>C91A006A1093</mac>
        <mac>C91A006A1099</mac>
        <mac>C91A006B08ED</mac>
        <mac>C91A006B092D</mac>
        <mac>FDA52728A3B8</mac>
        <mac>FDA52728A3BE</mac>
        <mac>FDA52728A3C4</mac>
        <mac>FDA52728A3DB</mac>
        <mac>FDA52728A3DE</mac>
        <mac>FDA52728A3E1</mac>
        <mac>FDA52728A3E5</mac>
        <mac>FDA52728A3E7</mac>
        <mac>FDA52728A3F3</mac>
        <mac>FDA52728A3FB</mac>
        <mac>FDA52728A407</mac>
        <mac>FDA52728A412</mac>
        <mac>FDA527292F00</mac>
        <mac>FDA527292F40</mac>
    </mac_single>
    <mac_warn />
</build_mac>
