<?xml version="1.0" encoding="utf-8" ?>
<build_mac>
    <build_id>860400010030300009</build_id>
    <mac_range>
        <mac>
            <mac_min>C91A006F0FAD</mac_min>
            <mac_max>C91A006F0FB1</mac_max>
        </mac>
        <mac>
            <mac_min>C91A006F0FBD</mac_min>
            <mac_max>C91A006F0FBE</mac_max>
        </mac>
        <mac>
            <mac_min>C91A006F0FC0</mac_min>
            <mac_max>C91A006F0FC2</mac_max>
        </mac>
        <mac>
            <mac_min>C91A006F0FC9</mac_min>
            <mac_max>C91A006F0FCA</mac_max>
        </mac>
        <mac>
            <mac_min>C91A00714970</mac_min>
            <mac_max>C91A00714975</mac_max>
        </mac>
        <mac>
            <mac_min>C91A00714977</mac_min>
            <mac_max>C91A0071497D</mac_max>
        </mac>
        <mac>
            <mac_min>C91A0071497F</mac_min>
            <mac_max>C91A00714980</mac_max>
        </mac>
        <mac>
            <mac_min>C91A00714985</mac_min>
            <mac_max>C91A00714989</mac_max>
        </mac>
        <mac>
            <mac_min>C91A0071498B</mac_min>
            <mac_max>C91A0071498E</mac_max>
        </mac>
        <mac>
            <mac_min>C91A00714990</mac_min>
            <mac_max>C91A00714992</mac_max>
        </mac>
        <mac>
            <mac_min>C91A00714996</mac_min>
            <mac_max>C91A0071499A</mac_max>
        </mac>
        <mac>
            <mac_min>C91A0071499C</mac_min>
            <mac_max>C91A007149A1</mac_max>
        </mac>
        <mac>
            <mac_min>C91A0072093C</mac_min>
            <mac_max>C91A0072093D</mac_max>
        </mac>
        <mac>
            <mac_min>C91A00720957</mac_min>
            <mac_max>C91A00720959</mac_max>
        </mac>
        <mac>
            <mac_min>C91A0072206C</mac_min>
            <mac_max>C91A0072209D</mac_max>
        </mac>
        <mac>
            <mac_min>C91A00722102</mac_min>
            <mac_max>C91A00722110</mac_max>
        </mac>
        <mac>
            <mac_min>C91A00722112</mac_min>
            <mac_max>C91A00722113</mac_max>
        </mac>
        <mac>
            <mac_min>C91A00722115</mac_min>
            <mac_max>C91A00722116</mac_max>
        </mac>
        <mac>
            <mac_min>C91A00722118</mac_min>
            <mac_max>C91A0072211C</mac_max>
        </mac>
        <mac>
            <mac_min>C91A00722124</mac_min>
            <mac_max>C91A00722128</mac_max>
        </mac>
        <mac>
            <mac_min>C91A0072212B</mac_min>
            <mac_max>C91A0072212F</mac_max>
        </mac>
        <mac>
            <mac_min>C91A00722131</mac_min>
            <mac_max>C91A00722133</mac_max>
        </mac>
        <mac>
            <mac_min>C91A00722198</mac_min>
            <mac_max>C91A007221C9</mac_max>
        </mac>
        <mac>
            <mac_min>FDA5272BAF5F</mac_min>
            <mac_max>FDA5272BAF63</mac_max>
        </mac>
        <mac>
            <mac_min>FDA5272BAF6F</mac_min>
            <mac_max>FDA5272BAF70</mac_max>
        </mac>
        <mac>
            <mac_min>FDA5272BAF72</mac_min>
            <mac_max>FDA5272BAF74</mac_max>
        </mac>
        <mac>
            <mac_min>FDA5272BAF7B</mac_min>
            <mac_max>FDA5272BAF7C</mac_max>
        </mac>
        <mac>
            <mac_min>FDA5272E3393</mac_min>
            <mac_max>FDA5272E3398</mac_max>
        </mac>
        <mac>
            <mac_min>FDA5272E339A</mac_min>
            <mac_max>FDA5272E33A0</mac_max>
        </mac>
        <mac>
            <mac_min>FDA5272E33A2</mac_min>
            <mac_max>FDA5272E33A3</mac_max>
        </mac>
        <mac>
            <mac_min>FDA5272E33A8</mac_min>
            <mac_max>FDA5272E33AC</mac_max>
        </mac>
        <mac>
            <mac_min>FDA5272E33AE</mac_min>
            <mac_max>FDA5272E33B1</mac_max>
        </mac>
        <mac>
            <mac_min>FDA5272E33B3</mac_min>
            <mac_max>FDA5272E33B5</mac_max>
        </mac>
        <mac>
            <mac_min>FDA5272E33B9</mac_min>
            <mac_max>FDA5272E33BD</mac_max>
        </mac>
        <mac>
            <mac_min>FDA5272E33BF</mac_min>
            <mac_max>FDA5272E33C4</mac_max>
        </mac>
        <mac>
            <mac_min>FDA5272F26DF</mac_min>
            <mac_max>FDA5272F26E0</mac_max>
        </mac>
        <mac>
            <mac_min>FDA5272F26FA</mac_min>
            <mac_max>FDA5272F26FC</mac_max>
        </mac>
        <mac>
            <mac_min>FDA5272FBE87</mac_min>
            <mac_max>FDA5272FBEB8</mac_max>
        </mac>
        <mac>
            <mac_min>FDA5272FBF1D</mac_min>
            <mac_max>FDA5272FBF2B</mac_max>
        </mac>
        <mac>
            <mac_min>FDA5272FBF2D</mac_min>
            <mac_max>FDA5272FBF2E</mac_max>
        </mac>
        <mac>
            <mac_min>FDA5272FBF30</mac_min>
            <mac_max>FDA5272FBF31</mac_max>
        </mac>
        <mac>
            <mac_min>FDA5272FBF33</mac_min>
            <mac_max>FDA5272FBF37</mac_max>
        </mac>
        <mac>
            <mac_min>FDA5272FBF3F</mac_min>
            <mac_max>FDA5272FBF43</mac_max>
        </mac>
        <mac>
            <mac_min>FDA5272FBF46</mac_min>
            <mac_max>FDA5272FBF4A</mac_max>
        </mac>
        <mac>
            <mac_min>FDA5272FBF4C</mac_min>
            <mac_max>FDA5272FBF4E</mac_max>
        </mac>
        <mac>
            <mac_min>FDA5272FBFB3</mac_min>
            <mac_max>FDA5272FBFE4</mac_max>
        </mac>
    </mac_range>
    <mac_single>
        <mac>C91A006F0325</mac>
        <mac>C91A006F0FA0</mac>
        <mac>C91A006F0FA5</mac>
        <mac>C91A006F0FB7</mac>
        <mac>C91A006F0FBA</mac>
        <mac>C91A006F0FC7</mac>
        <mac>C91A006F0FCC</mac>
        <mac>C91A006F0FD1</mac>
        <mac>C91A00714983</mac>
        <mac>C91A00714994</mac>
        <mac>C91A0072092F</mac>
        <mac>C91A00720935</mac>
        <mac>C91A0072093F</mac>
        <mac>C91A00720943</mac>
        <mac>C91A00720945</mac>
        <mac>C91A0072094A</mac>
        <mac>C91A0072094C</mac>
        <mac>C91A00720950</mac>
        <mac>C91A00720952</mac>
        <mac>C91A00720954</mac>
        <mac>C91A0072095C</mac>
        <mac>C91A0072203C</mac>
        <mac>C91A00722054</mac>
        <mac>C91A00722060</mac>
        <mac>C91A0072211E</mac>
        <mac>C91A00722120</mac>
        <mac>C91A00722122</mac>
        <mac>FDA5272BA2D6</mac>
        <mac>FDA5272BAF52</mac>
        <mac>FDA5272BAF57</mac>
        <mac>FDA5272BAF69</mac>
        <mac>FDA5272BAF6C</mac>
        <mac>FDA5272BAF79</mac>
        <mac>FDA5272BAF7E</mac>
        <mac>FDA5272BAF83</mac>
        <mac>FDA5272E33A6</mac>
        <mac>FDA5272E33B7</mac>
        <mac>FDA5272F26D2</mac>
        <mac>FDA5272F26D8</mac>
        <mac>FDA5272F26E2</mac>
        <mac>FDA5272F26E6</mac>
        <mac>FDA5272F26E8</mac>
        <mac>FDA5272F26ED</mac>
        <mac>FDA5272F26EF</mac>
        <mac>FDA5272F26F3</mac>
        <mac>FDA5272F26F5</mac>
        <mac>FDA5272F26F7</mac>
        <mac>FDA5272F26FF</mac>
        <mac>FDA5272FBE57</mac>
        <mac>FDA5272FBE6F</mac>
        <mac>FDA5272FBE7B</mac>
        <mac>FDA5272FBF39</mac>
        <mac>FDA5272FBF3B</mac>
        <mac>FDA5272FBF3D</mac>
    </mac_single>
    <mac_warn />
</build_mac>
