<?xml version="1.0" encoding="utf-8" ?>
<build_mac>
    <build_id>860400010090300003</build_id>
    <mac_range>
        <mac>
            <mac_min>C91A006E5686</mac_min>
            <mac_max>C91A006E56B7</mac_max>
        </mac>
        <mac>
            <mac_min>C91A006E56BD</mac_min>
            <mac_max>C91A006E56BE</mac_max>
        </mac>
        <mac>
            <mac_min>C91A006E56C0</mac_min>
            <mac_max>C91A006E56C1</mac_max>
        </mac>
        <mac>
            <mac_min>C91A006E56C5</mac_min>
            <mac_max>C91A006E56C7</mac_max>
        </mac>
        <mac>
            <mac_min>C91A006E56D0</mac_min>
            <mac_max>C91A006E56D1</mac_max>
        </mac>
        <mac>
            <mac_min>C91A006E56D5</mac_min>
            <mac_max>C91A006E56D6</mac_max>
        </mac>
        <mac>
            <mac_min>C91A006E56D8</mac_min>
            <mac_max>C91A006E56DB</mac_max>
        </mac>
        <mac>
            <mac_min>C91A006E56DE</mac_min>
            <mac_max>C91A006E56E0</mac_max>
        </mac>
        <mac>
            <mac_min>C91A006E56E2</mac_min>
            <mac_max>C91A006E56E6</mac_max>
        </mac>
        <mac>
            <mac_min>C91A006E56EA</mac_min>
            <mac_max>C91A006E577F</mac_max>
        </mac>
        <mac>
            <mac_min>C91A006F103D</mac_min>
            <mac_max>C91A006F103E</mac_max>
        </mac>
        <mac>
            <mac_min>C91A006F1049</mac_min>
            <mac_max>C91A006F104A</mac_max>
        </mac>
        <mac>
            <mac_min>C91A006F1053</mac_min>
            <mac_max>C91A006F1054</mac_max>
        </mac>
        <mac>
            <mac_min>C91A006F1068</mac_min>
            <mac_max>C91A006F1099</mac_max>
        </mac>
        <mac>
            <mac_min>C91A006F1165</mac_min>
            <mac_max>C91A006F116B</mac_max>
        </mac>
        <mac>
            <mac_min>C91A006F116F</mac_min>
            <mac_max>C91A006F117F</mac_max>
        </mac>
        <mac>
            <mac_min>C91A006F1183</mac_min>
            <mac_max>C91A006F1193</mac_max>
        </mac>
        <mac>
            <mac_min>FDA5272B7EF6</mac_min>
            <mac_max>FDA5272B7F27</mac_max>
        </mac>
        <mac>
            <mac_min>FDA5272B7F2D</mac_min>
            <mac_max>FDA5272B7F2E</mac_max>
        </mac>
        <mac>
            <mac_min>FDA5272B7F30</mac_min>
            <mac_max>FDA5272B7F31</mac_max>
        </mac>
        <mac>
            <mac_min>FDA5272B7F35</mac_min>
            <mac_max>FDA5272B7F37</mac_max>
        </mac>
        <mac>
            <mac_min>FDA5272B7F40</mac_min>
            <mac_max>FDA5272B7F41</mac_max>
        </mac>
        <mac>
            <mac_min>FDA5272B7F45</mac_min>
            <mac_max>FDA5272B7F46</mac_max>
        </mac>
        <mac>
            <mac_min>FDA5272B7F48</mac_min>
            <mac_max>FDA5272B7F4B</mac_max>
        </mac>
        <mac>
            <mac_min>FDA5272B7F4E</mac_min>
            <mac_max>FDA5272B7F50</mac_max>
        </mac>
        <mac>
            <mac_min>FDA5272B7F52</mac_min>
            <mac_max>FDA5272B7F56</mac_max>
        </mac>
        <mac>
            <mac_min>FDA5272B7F5A</mac_min>
            <mac_max>FDA5272B7FEF</mac_max>
        </mac>
        <mac>
            <mac_min>FDA5272BAFEF</mac_min>
            <mac_max>FDA5272BAFF0</mac_max>
        </mac>
        <mac>
            <mac_min>FDA5272BAFFB</mac_min>
            <mac_max>FDA5272BAFFC</mac_max>
        </mac>
        <mac>
            <mac_min>FDA5272BB005</mac_min>
            <mac_max>FDA5272BB006</mac_max>
        </mac>
        <mac>
            <mac_min>FDA5272BB01A</mac_min>
            <mac_max>FDA5272BB04B</mac_max>
        </mac>
        <mac>
            <mac_min>FDA5272BB117</mac_min>
            <mac_max>FDA5272BB11D</mac_max>
        </mac>
        <mac>
            <mac_min>FDA5272BB121</mac_min>
            <mac_max>FDA5272BB131</mac_max>
        </mac>
        <mac>
            <mac_min>FDA5272BB135</mac_min>
            <mac_max>FDA5272BB145</mac_max>
        </mac>
    </mac_range>
    <mac_single>
        <mac>C91A006E56CB</mac>
        <mac>C91A006E56CE</mac>
        <mac>C91A006E56E8</mac>
        <mac>C91A006F1041</mac>
        <mac>C91A006F1046</mac>
        <mac>C91A006F1057</mac>
        <mac>C91A006F105C</mac>
        <mac>C91A006F1065</mac>
        <mac>C91A006F1163</mac>
        <mac>C91A006F116D</mac>
        <mac>C91A006F1181</mac>
        <mac>FDA5272B7F3B</mac>
        <mac>FDA5272B7F3E</mac>
        <mac>FDA5272B7F58</mac>
        <mac>FDA5272BAFF3</mac>
        <mac>FDA5272BAFF8</mac>
        <mac>FDA5272BB009</mac>
        <mac>FDA5272BB00E</mac>
        <mac>FDA5272BB017</mac>
        <mac>FDA5272BB115</mac>
        <mac>FDA5272BB11F</mac>
        <mac>FDA5272BB133</mac>
    </mac_single>
    <mac_warn />
</build_mac>
