<?xml version="1.0" encoding="utf-8" ?>
<build_mac>
    <build_id>860400020030300001</build_id>
    <mac_range>
        <mac>
            <mac_min>C91A00622260</mac_min>
            <mac_max>C91A00622270</mac_max>
        </mac>
        <mac>
            <mac_min>C91A00622272</mac_min>
            <mac_max>C91A006222F5</mac_max>
        </mac>
        <mac>
            <mac_min>C91A00622328</mac_min>
            <mac_max>C91A00622359</mac_max>
        </mac>
        <mac>
            <mac_min>C91A0062238C</mac_min>
            <mac_max>C91A0062239C</mac_max>
        </mac>
        <mac>
            <mac_min>C91A0062239E</mac_min>
            <mac_max>C91A006223EF</mac_max>
        </mac>
        <mac>
            <mac_min>C91A00622403</mac_min>
            <mac_max>C91A00622404</mac_max>
        </mac>
        <mac>
            <mac_min>C91A0062241B</mac_min>
            <mac_max>C91A0062241C</mac_max>
        </mac>
        <mac>
            <mac_min>C91A00622422</mac_min>
            <mac_max>C91A006224B7</mac_max>
        </mac>
        <mac>
            <mac_min>C91A006504B0</mac_min>
            <mac_max>C91A006504DA</mac_max>
        </mac>
        <mac>
            <mac_min>C91A006504DC</mac_min>
            <mac_max>C91A006504E1</mac_max>
        </mac>
        <mac>
            <mac_min>C91A006505C8</mac_min>
            <mac_max>C91A006505C9</mac_max>
        </mac>
        <mac>
            <mac_min>ECB328A30000</mac_min>
            <mac_max>ECB328A30010</mac_max>
        </mac>
        <mac>
            <mac_min>ECB328A30012</mac_min>
            <mac_max>ECB328A30095</mac_max>
        </mac>
        <mac>
            <mac_min>ECB328A300C8</mac_min>
            <mac_max>ECB328A300F9</mac_max>
        </mac>
        <mac>
            <mac_min>ECB328A3012C</mac_min>
            <mac_max>ECB328A3013C</mac_max>
        </mac>
        <mac>
            <mac_min>ECB328A3013E</mac_min>
            <mac_max>ECB328A3018F</mac_max>
        </mac>
        <mac>
            <mac_min>ECB328A301A3</mac_min>
            <mac_max>ECB328A301A4</mac_max>
        </mac>
        <mac>
            <mac_min>ECB328A301BB</mac_min>
            <mac_max>ECB328A301BC</mac_max>
        </mac>
        <mac>
            <mac_min>ECB328A301C2</mac_min>
            <mac_max>ECB328A30282</mac_max>
        </mac>
        <mac>
            <mac_min>ECB328A30284</mac_min>
            <mac_max>ECB328A30289</mac_max>
        </mac>
        <mac>
            <mac_min>ECB328A30370</mac_min>
            <mac_max>ECB328A30371</mac_max>
        </mac>
        <mac>
            <mac_min>FDA52723A9D3</mac_min>
            <mac_max>FDA52723AA68</mac_max>
        </mac>
        <mac>
            <mac_min>FDA52723AA6E</mac_min>
            <mac_max>FDA52723AA6F</mac_max>
        </mac>
        <mac>
            <mac_min>FDA52723AA86</mac_min>
            <mac_max>FDA52723AA87</mac_max>
        </mac>
        <mac>
            <mac_min>FDA52723AA9B</mac_min>
            <mac_max>FDA52723AAEC</mac_max>
        </mac>
        <mac>
            <mac_min>FDA52723AAEE</mac_min>
            <mac_max>FDA52723AAFE</mac_max>
        </mac>
        <mac>
            <mac_min>FDA52723AB31</mac_min>
            <mac_max>FDA52723AB62</mac_max>
        </mac>
        <mac>
            <mac_min>FDA52723AB96</mac_min>
            <mac_max>FDA52723AC19</mac_max>
        </mac>
        <mac>
            <mac_min>FDA52723AC1B</mac_min>
            <mac_max>FDA52723AC2B</mac_max>
        </mac>
        <mac>
            <mac_min>FDA52725F09E</mac_min>
            <mac_max>FDA52725F09F</mac_max>
        </mac>
        <mac>
            <mac_min>FDA52725F186</mac_min>
            <mac_max>FDA52725F18B</mac_max>
        </mac>
        <mac>
            <mac_min>FDA52725F18D</mac_min>
            <mac_max>FDA52725F1B7</mac_max>
        </mac>
    </mac_range>
    <mac_single>
        <mac>C91A006223F4</mac>
        <mac>C91A006223FB</mac>
        <mac>C91A00622406</mac>
        <mac>C91A00622409</mac>
        <mac>C91A0062240B</mac>
        <mac>C91A0062240E</mac>
        <mac>C91A00622413</mac>
        <mac>C91A00622420</mac>
        <mac>C91A006505B7</mac>
        <mac>C91A006505B9</mac>
        <mac>C91A006505BF</mac>
        <mac>C91A006505C2</mac>
        <mac>C91A006505CC</mac>
        <mac>C91A006505CF</mac>
        <mac>C91A006505D1</mac>
        <mac>ECB328A30194</mac>
        <mac>ECB328A3019B</mac>
        <mac>ECB328A301A6</mac>
        <mac>ECB328A301A9</mac>
        <mac>ECB328A301AB</mac>
        <mac>ECB328A301AE</mac>
        <mac>ECB328A301B3</mac>
        <mac>ECB328A301C0</mac>
        <mac>ECB328A3035F</mac>
        <mac>ECB328A30361</mac>
        <mac>ECB328A30367</mac>
        <mac>ECB328A3036A</mac>
        <mac>ECB328A30374</mac>
        <mac>ECB328A30377</mac>
        <mac>ECB328A30379</mac>
        <mac>FDA52723AA6A</mac>
        <mac>FDA52723AA77</mac>
        <mac>FDA52723AA7C</mac>
        <mac>FDA52723AA7F</mac>
        <mac>FDA52723AA81</mac>
        <mac>FDA52723AA84</mac>
        <mac>FDA52723AA8F</mac>
        <mac>FDA52723AA96</mac>
        <mac>FDA52725F096</mac>
        <mac>FDA52725F098</mac>
        <mac>FDA52725F09B</mac>
        <mac>FDA52725F0A5</mac>
        <mac>FDA52725F0A8</mac>
        <mac>FDA52725F0AE</mac>
        <mac>FDA52725F0B0</mac>
    </mac_single>
    <mac_warn />
</build_mac>
