<?xml version="1.0" encoding="utf-8" ?>
<build_mac>
    <build_id>860400010020300003</build_id>
    <mac_range>
        <mac>
            <mac_min>C91A006100C8</mac_min>
            <mac_max>C91A006100F9</mac_max>
        </mac>
        <mac>
            <mac_min>C91A006101F4</mac_min>
            <mac_max>C91A00610257</mac_max>
        </mac>
        <mac>
            <mac_min>C91A00610352</mac_min>
            <mac_max>C91A00610383</mac_max>
        </mac>
        <mac>
            <mac_min>C91A006106A4</mac_min>
            <mac_max>C91A006106A7</mac_max>
        </mac>
        <mac>
            <mac_min>C91A006106A9</mac_min>
            <mac_max>C91A006106AB</mac_max>
        </mac>
        <mac>
            <mac_min>C91A006106B5</mac_min>
            <mac_max>C91A006106B9</mac_max>
        </mac>
        <mac>
            <mac_min>C91A006106BB</mac_min>
            <mac_max>C91A006106BC</mac_max>
        </mac>
        <mac>
            <mac_min>C91A006106BF</mac_min>
            <mac_max>C91A006106C4</mac_max>
        </mac>
        <mac>
            <mac_min>C91A006106C7</mac_min>
            <mac_max>C91A006106C8</mac_max>
        </mac>
        <mac>
            <mac_min>C91A0061079E</mac_min>
            <mac_max>C91A006107CF</mac_max>
        </mac>
        <mac>
            <mac_min>C91A00610834</mac_min>
            <mac_max>C91A00610865</mac_max>
        </mac>
        <mac>
            <mac_min>C91A00610CB2</mac_min>
            <mac_max>C91A00610CE3</mac_max>
        </mac>
        <mac>
            <mac_min>C91A006F03B8</mac_min>
            <mac_max>C91A006F03B9</mac_max>
        </mac>
        <mac>
            <mac_min>C91A006F03CF</mac_min>
            <mac_max>C91A006F03D0</mac_max>
        </mac>
        <mac>
            <mac_min>C91A006F03D9</mac_min>
            <mac_max>C91A006F03DA</mac_max>
        </mac>
        <mac>
            <mac_min>C91A006F03DC</mac_min>
            <mac_max>C91A006F03DD</mac_max>
        </mac>
        <mac>
            <mac_min>C91A006F03E5</mac_min>
            <mac_max>C91A006F03E6</mac_max>
        </mac>
        <mac>
            <mac_min>FDA52722A41E</mac_min>
            <mac_max>FDA52722A44F</mac_max>
        </mac>
        <mac>
            <mac_min>FDA52722A89D</mac_min>
            <mac_max>FDA52722A8CE</mac_max>
        </mac>
        <mac>
            <mac_min>FDA52722A933</mac_min>
            <mac_max>FDA52722A964</mac_max>
        </mac>
        <mac>
            <mac_min>FDA52722AA3A</mac_min>
            <mac_max>FDA52722AA3B</mac_max>
        </mac>
        <mac>
            <mac_min>FDA52722AA3E</mac_min>
            <mac_max>FDA52722AA43</mac_max>
        </mac>
        <mac>
            <mac_min>FDA52722AA46</mac_min>
            <mac_max>FDA52722AA47</mac_max>
        </mac>
        <mac>
            <mac_min>FDA52722AA49</mac_min>
            <mac_max>FDA52722AA4D</mac_max>
        </mac>
        <mac>
            <mac_min>FDA52722AA57</mac_min>
            <mac_max>FDA52722AA59</mac_max>
        </mac>
        <mac>
            <mac_min>FDA52722AA5B</mac_min>
            <mac_max>FDA52722AA5E</mac_max>
        </mac>
        <mac>
            <mac_min>FDA52722AD7F</mac_min>
            <mac_max>FDA52722ADB0</mac_max>
        </mac>
        <mac>
            <mac_min>FDA52722AEAB</mac_min>
            <mac_max>FDA52722AF0E</mac_max>
        </mac>
        <mac>
            <mac_min>FDA52722B009</mac_min>
            <mac_max>FDA52722B03A</mac_max>
        </mac>
        <mac>
            <mac_min>FDA5272BA369</mac_min>
            <mac_max>FDA5272BA36A</mac_max>
        </mac>
        <mac>
            <mac_min>FDA5272BA380</mac_min>
            <mac_max>FDA5272BA381</mac_max>
        </mac>
        <mac>
            <mac_min>FDA5272BA38A</mac_min>
            <mac_max>FDA5272BA38B</mac_max>
        </mac>
        <mac>
            <mac_min>FDA5272BA38D</mac_min>
            <mac_max>FDA5272BA38E</mac_max>
        </mac>
        <mac>
            <mac_min>FDA5272BA396</mac_min>
            <mac_max>FDA5272BA397</mac_max>
        </mac>
    </mac_range>
    <mac_single>
        <mac>C91A006102EB</mac>
        <mac>C91A006106AD</mac>
        <mac>C91A006106B3</mac>
        <mac>C91A006106CD</mac>
        <mac>C91A006106D1</mac>
        <mac>C91A006F0356</mac>
        <mac>C91A006F0361</mac>
        <mac>C91A006F0368</mac>
        <mac>C91A006F036F</mac>
        <mac>C91A006F0372</mac>
        <mac>C91A006F0374</mac>
        <mac>C91A006F0379</mac>
        <mac>C91A006F037B</mac>
        <mac>C91A006F037D</mac>
        <mac>C91A006F0382</mac>
        <mac>C91A006F03BC</mac>
        <mac>C91A006F03C2</mac>
        <mac>C91A006F03C5</mac>
        <mac>C91A006F03D3</mac>
        <mac>C91A006F03D7</mac>
        <mac>FDA52722AA31</mac>
        <mac>FDA52722AA35</mac>
        <mac>FDA52722AA4F</mac>
        <mac>FDA52722AA55</mac>
        <mac>FDA52722AE17</mac>
        <mac>FDA5272BA307</mac>
        <mac>FDA5272BA312</mac>
        <mac>FDA5272BA319</mac>
        <mac>FDA5272BA320</mac>
        <mac>FDA5272BA323</mac>
        <mac>FDA5272BA325</mac>
        <mac>FDA5272BA32A</mac>
        <mac>FDA5272BA32C</mac>
        <mac>FDA5272BA32E</mac>
        <mac>FDA5272BA333</mac>
        <mac>FDA5272BA36D</mac>
        <mac>FDA5272BA373</mac>
        <mac>FDA5272BA376</mac>
        <mac>FDA5272BA384</mac>
        <mac>FDA5272BA388</mac>
    </mac_single>
    <mac_warn />
</build_mac>
