<?xml version="1.0" encoding="utf-8" ?>
<build_mac>
    <build_id>860400020010300005</build_id>
    <mac_range>
        <mac>
            <mac_min>C91A006E493E</mac_min>
            <mac_max>C91A006E4942</mac_max>
        </mac>
        <mac>
            <mac_min>C91A006E4944</mac_min>
            <mac_max>C91A006E494A</mac_max>
        </mac>
        <mac>
            <mac_min>C91A006E494C</mac_min>
            <mac_max>C91A006E494D</mac_max>
        </mac>
        <mac>
            <mac_min>C91A006E4950</mac_min>
            <mac_max>C91A006E496F</mac_max>
        </mac>
        <mac>
            <mac_min>FDA5272B715A</mac_min>
            <mac_max>FDA5272B715E</mac_max>
        </mac>
        <mac>
            <mac_min>FDA5272B7160</mac_min>
            <mac_max>FDA5272B7166</mac_max>
        </mac>
        <mac>
            <mac_min>FDA5272B7168</mac_min>
            <mac_max>FDA5272B7169</mac_max>
        </mac>
        <mac>
            <mac_min>FDA5272B716C</mac_min>
            <mac_max>FDA5272B718B</mac_max>
        </mac>
    </mac_range>
    <mac_single>
        <mac>C91A006E48AF</mac>
        <mac>C91A006E48B2</mac>
        <mac>C91A006E48C4</mac>
        <mac>C91A006E48D0</mac>
        <mac>C91A006E48D3</mac>
        <mac>C91A006E48D6</mac>
        <mac>FDA5272B70CB</mac>
        <mac>FDA5272B70CE</mac>
        <mac>FDA5272B70E0</mac>
        <mac>FDA5272B70EC</mac>
        <mac>FDA5272B70EF</mac>
        <mac>FDA5272B70F2</mac>
    </mac_single>
    <mac_warn />
</build_mac>
