<?xml version="1.0" encoding="utf-8" ?>
<build_mac>
    <build_id>860400020040300007</build_id>
    <mac_range>
        <mac>
            <mac_min>C91A006D0FA2</mac_min>
            <mac_max>C91A006D0FA3</mac_max>
        </mac>
        <mac>
            <mac_min>C91A006D0FB3</mac_min>
            <mac_max>C91A006D0FB5</mac_max>
        </mac>
        <mac>
            <mac_min>C91A006D0FBD</mac_min>
            <mac_max>C91A006D0FBE</mac_max>
        </mac>
        <mac>
            <mac_min>C91A006D0FD2</mac_min>
            <mac_max>C91A006D0FD7</mac_max>
        </mac>
        <mac>
            <mac_min>C91A006D0FD9</mac_min>
            <mac_max>C91A006D0FE2</mac_max>
        </mac>
        <mac>
            <mac_min>C91A006D0FE4</mac_min>
            <mac_max>C91A006D0FF8</mac_max>
        </mac>
        <mac>
            <mac_min>C91A006D0FFA</mac_min>
            <mac_max>C91A006D1007</mac_max>
        </mac>
        <mac>
            <mac_min>C91A006D1009</mac_min>
            <mac_max>C91A006D1021</mac_max>
        </mac>
        <mac>
            <mac_min>C91A006D1023</mac_min>
            <mac_max>C91A006D1029</mac_max>
        </mac>
        <mac>
            <mac_min>C91A006D102B</mac_min>
            <mac_max>C91A006D1035</mac_max>
        </mac>
        <mac>
            <mac_min>C91A006D1068</mac_min>
            <mac_max>C91A006D10CB</mac_max>
        </mac>
        <mac>
            <mac_min>C91A006D10FE</mac_min>
            <mac_max>C91A006D1110</mac_max>
        </mac>
        <mac>
            <mac_min>C91A006D1112</mac_min>
            <mac_max>C91A006D1133</mac_max>
        </mac>
        <mac>
            <mac_min>C91A006D1135</mac_min>
            <mac_max>C91A006D114D</mac_max>
        </mac>
        <mac>
            <mac_min>C91A006D114F</mac_min>
            <mac_max>C91A006D1161</mac_max>
        </mac>
        <mac>
            <mac_min>FDA5272AD065</mac_min>
            <mac_max>FDA5272AD066</mac_max>
        </mac>
        <mac>
            <mac_min>FDA5272AD076</mac_min>
            <mac_max>FDA5272AD078</mac_max>
        </mac>
        <mac>
            <mac_min>FDA5272AD080</mac_min>
            <mac_max>FDA5272AD081</mac_max>
        </mac>
        <mac>
            <mac_min>FDA5272AD095</mac_min>
            <mac_max>FDA5272AD09A</mac_max>
        </mac>
        <mac>
            <mac_min>FDA5272AD09C</mac_min>
            <mac_max>FDA5272AD0A5</mac_max>
        </mac>
        <mac>
            <mac_min>FDA5272AD0A7</mac_min>
            <mac_max>FDA5272AD0BB</mac_max>
        </mac>
        <mac>
            <mac_min>FDA5272AD0BD</mac_min>
            <mac_max>FDA5272AD0CA</mac_max>
        </mac>
        <mac>
            <mac_min>FDA5272AD0CC</mac_min>
            <mac_max>FDA5272AD0E4</mac_max>
        </mac>
        <mac>
            <mac_min>FDA5272AD0E6</mac_min>
            <mac_max>FDA5272AD0EC</mac_max>
        </mac>
        <mac>
            <mac_min>FDA5272AD0EE</mac_min>
            <mac_max>FDA5272AD0F8</mac_max>
        </mac>
        <mac>
            <mac_min>FDA5272AD12B</mac_min>
            <mac_max>FDA5272AD18E</mac_max>
        </mac>
        <mac>
            <mac_min>FDA5272AD1C1</mac_min>
            <mac_max>FDA5272AD1D3</mac_max>
        </mac>
        <mac>
            <mac_min>FDA5272AD1D5</mac_min>
            <mac_max>FDA5272AD1F6</mac_max>
        </mac>
        <mac>
            <mac_min>FDA5272AD1F8</mac_min>
            <mac_max>FDA5272AD210</mac_max>
        </mac>
        <mac>
            <mac_min>FDA5272AD212</mac_min>
            <mac_max>FDA5272AD224</mac_max>
        </mac>
    </mac_range>
    <mac_single>
        <mac>C91A006D0FA6</mac>
        <mac>C91A006D0FAA</mac>
        <mac>C91A006D0FB0</mac>
        <mac>C91A006D0FB7</mac>
        <mac>C91A006D0FB9</mac>
        <mac>C91A006D0FC2</mac>
        <mac>C91A006D0FC4</mac>
        <mac>C91A006D0FC6</mac>
        <mac>C91A006D0FD0</mac>
        <mac>C91A006D11FC</mac>
        <mac>FDA5272AD069</mac>
        <mac>FDA5272AD06D</mac>
        <mac>FDA5272AD073</mac>
        <mac>FDA5272AD07A</mac>
        <mac>FDA5272AD07C</mac>
        <mac>FDA5272AD085</mac>
        <mac>FDA5272AD087</mac>
        <mac>FDA5272AD089</mac>
        <mac>FDA5272AD093</mac>
        <mac>FDA5272AD2BF</mac>
    </mac_single>
    <mac_warn />
</build_mac>
