<?xml version="1.0" encoding="utf-8" ?>
<build_mac>
    <build_id>860400060020300001</build_id>
    <mac_range>
        <mac>
            <mac_min>C91A00681B58</mac_min>
            <mac_max>C91A00681B62</mac_max>
        </mac>
        <mac>
            <mac_min>C91A00681B64</mac_min>
            <mac_max>C91A00681C3D</mac_max>
        </mac>
        <mac>
            <mac_min>C91A00681C3F</mac_min>
            <mac_max>C91A00681CF2</mac_max>
        </mac>
        <mac>
            <mac_min>C91A00681CF6</mac_min>
            <mac_max>C91A00681CF7</mac_max>
        </mac>
        <mac>
            <mac_min>C91A00681CF9</mac_min>
            <mac_max>C91A00681D2B</mac_max>
        </mac>
        <mac>
            <mac_min>C91A00681D2D</mac_min>
            <mac_max>C91A00681DAF</mac_max>
        </mac>
        <mac>
            <mac_min>ECB328A50000</mac_min>
            <mac_max>ECB328A5000A</mac_max>
        </mac>
        <mac>
            <mac_min>ECB328A5000C</mac_min>
            <mac_max>ECB328A500E5</mac_max>
        </mac>
        <mac>
            <mac_min>ECB328A500E7</mac_min>
            <mac_max>ECB328A5019A</mac_max>
        </mac>
        <mac>
            <mac_min>ECB328A5019E</mac_min>
            <mac_max>ECB328A5019F</mac_max>
        </mac>
        <mac>
            <mac_min>ECB328A501A1</mac_min>
            <mac_max>ECB328A501D3</mac_max>
        </mac>
        <mac>
            <mac_min>ECB328A501D5</mac_min>
            <mac_max>ECB328A50257</mac_max>
        </mac>
        <mac>
            <mac_min>FDA527283803</mac_min>
            <mac_max>FDA527283885</mac_max>
        </mac>
        <mac>
            <mac_min>FDA527283887</mac_min>
            <mac_max>FDA5272838B9</mac_max>
        </mac>
        <mac>
            <mac_min>FDA5272838BB</mac_min>
            <mac_max>FDA5272838BC</mac_max>
        </mac>
        <mac>
            <mac_min>FDA5272838C0</mac_min>
            <mac_max>FDA527283973</mac_max>
        </mac>
        <mac>
            <mac_min>FDA527283975</mac_min>
            <mac_max>FDA527283A4E</mac_max>
        </mac>
        <mac>
            <mac_min>FDA527283A50</mac_min>
            <mac_max>FDA527283A5A</mac_max>
        </mac>
    </mac_range>
    <mac_single>
        <mac>C91A00681CF4</mac>
        <mac>ECB328A5019C</mac>
        <mac>FDA5272838BE</mac>
    </mac_single>
    <mac_warn />
</build_mac>
