<?xml version="1.0" encoding="utf-8" ?>
<build_mac>
    <build_id>860400020030300016</build_id>
    <mac_range>
        <mac>
            <mac_min>C91A006E48AA</mac_min>
            <mac_max>C91A006E48AB</mac_max>
        </mac>
        <mac>
            <mac_min>FDA5272B70C6</mac_min>
            <mac_max>FDA5272B70C7</mac_max>
        </mac>
    </mac_range>
    <mac_single>
        <mac>C91A006E48A8</mac>
        <mac>C91A006E48B1</mac>
        <mac>C91A006E48BA</mac>
        <mac>C91A006E48C1</mac>
        <mac>C91A006E48C9</mac>
        <mac>C91A006E48CC</mac>
        <mac>C91A006E48D2</mac>
        <mac>FDA5272B70C4</mac>
        <mac>FDA5272B70CD</mac>
        <mac>FDA5272B70D6</mac>
        <mac>FDA5272B70DD</mac>
        <mac>FDA5272B70E5</mac>
        <mac>FDA5272B70E8</mac>
        <mac>FDA5272B70EE</mac>
    </mac_single>
    <mac_warn />
</build_mac>
