<?xml version="1.0" encoding="utf-8" ?>
<build_mac>
    <build_id>860400010080300001</build_id>
    <mac_range>
        <mac>
            <mac_min>C91A00610547</mac_min>
            <mac_max>C91A00610551</mac_max>
        </mac>
        <mac>
            <mac_min>C91A0061055B</mac_min>
            <mac_max>C91A0061055E</mac_max>
        </mac>
        <mac>
            <mac_min>C91A00610566</mac_min>
            <mac_max>C91A00610568</mac_max>
        </mac>
        <mac>
            <mac_min>C91A00610572</mac_min>
            <mac_max>C91A00610573</mac_max>
        </mac>
        <mac>
            <mac_min>C91A00610575</mac_min>
            <mac_max>C91A00610576</mac_max>
        </mac>
        <mac>
            <mac_min>C91A006109E7</mac_min>
            <mac_max>C91A006109E9</mac_max>
        </mac>
        <mac>
            <mac_min>C91A006A1965</mac_min>
            <mac_max>C91A006A196E</mac_max>
        </mac>
        <mac>
            <mac_min>C91A006A1970</mac_min>
            <mac_max>C91A006A1972</mac_max>
        </mac>
        <mac>
            <mac_min>C91A006A1976</mac_min>
            <mac_max>C91A006A1977</mac_max>
        </mac>
        <mac>
            <mac_min>C91A006A197E</mac_min>
            <mac_max>C91A006A1982</mac_max>
        </mac>
        <mac>
            <mac_min>C91A006A1984</mac_min>
            <mac_max>C91A006A1988</mac_max>
        </mac>
        <mac>
            <mac_min>C91A006A198A</mac_min>
            <mac_max>C91A006A198D</mac_max>
        </mac>
        <mac>
            <mac_min>C91A006A1990</mac_min>
            <mac_max>C91A006A1996</mac_max>
        </mac>
        <mac>
            <mac_min>C91A006A199A</mac_min>
            <mac_max>C91A006A199B</mac_max>
        </mac>
        <mac>
            <mac_min>C91A006A199D</mac_min>
            <mac_max>C91A006A199E</mac_max>
        </mac>
        <mac>
            <mac_min>C91A006A19A0</mac_min>
            <mac_max>C91A006A19A1</mac_max>
        </mac>
        <mac>
            <mac_min>C91A006A19A3</mac_min>
            <mac_max>C91A006A19A6</mac_max>
        </mac>
        <mac>
            <mac_min>C91A006A19AA</mac_min>
            <mac_max>C91A006A19AC</mac_max>
        </mac>
        <mac>
            <mac_min>C91A006A19AF</mac_min>
            <mac_max>C91A006A19BD</mac_max>
        </mac>
        <mac>
            <mac_min>C91A006A19BF</mac_min>
            <mac_max>C91A006A19C0</mac_max>
        </mac>
        <mac>
            <mac_min>C91A006A19C3</mac_min>
            <mac_max>C91A006A19C4</mac_max>
        </mac>
        <mac>
            <mac_min>C91A006A19C6</mac_min>
            <mac_max>C91A006A19C7</mac_max>
        </mac>
        <mac>
            <mac_min>FDA52722A719</mac_min>
            <mac_max>FDA52722A71B</mac_max>
        </mac>
        <mac>
            <mac_min>FDA52722AB8C</mac_min>
            <mac_max>FDA52722AB8D</mac_max>
        </mac>
        <mac>
            <mac_min>FDA52722AB8F</mac_min>
            <mac_max>FDA52722AB90</mac_max>
        </mac>
        <mac>
            <mac_min>FDA52722AB9A</mac_min>
            <mac_max>FDA52722AB9C</mac_max>
        </mac>
        <mac>
            <mac_min>FDA52722ABA4</mac_min>
            <mac_max>FDA52722ABA7</mac_max>
        </mac>
        <mac>
            <mac_min>FDA52722ABB1</mac_min>
            <mac_max>FDA52722ABBB</mac_max>
        </mac>
        <mac>
            <mac_min>FDA527289A8A</mac_min>
            <mac_max>FDA527289A8B</mac_max>
        </mac>
        <mac>
            <mac_min>FDA527289A8D</mac_min>
            <mac_max>FDA527289A8E</mac_max>
        </mac>
        <mac>
            <mac_min>FDA527289A91</mac_min>
            <mac_max>FDA527289A92</mac_max>
        </mac>
        <mac>
            <mac_min>FDA527289A94</mac_min>
            <mac_max>FDA527289AA2</mac_max>
        </mac>
        <mac>
            <mac_min>FDA527289AA5</mac_min>
            <mac_max>FDA527289AA7</mac_max>
        </mac>
        <mac>
            <mac_min>FDA527289AAB</mac_min>
            <mac_max>FDA527289AAE</mac_max>
        </mac>
        <mac>
            <mac_min>FDA527289AB0</mac_min>
            <mac_max>FDA527289AB1</mac_max>
        </mac>
        <mac>
            <mac_min>FDA527289AB3</mac_min>
            <mac_max>FDA527289AB4</mac_max>
        </mac>
        <mac>
            <mac_min>FDA527289AB6</mac_min>
            <mac_max>FDA527289AB7</mac_max>
        </mac>
        <mac>
            <mac_min>FDA527289ABB</mac_min>
            <mac_max>FDA527289AC1</mac_max>
        </mac>
        <mac>
            <mac_min>FDA527289AC4</mac_min>
            <mac_max>FDA527289AC7</mac_max>
        </mac>
        <mac>
            <mac_min>FDA527289AC9</mac_min>
            <mac_max>FDA527289ACD</mac_max>
        </mac>
        <mac>
            <mac_min>FDA527289ACF</mac_min>
            <mac_max>FDA527289AD3</mac_max>
        </mac>
        <mac>
            <mac_min>FDA527289ADA</mac_min>
            <mac_max>FDA527289ADB</mac_max>
        </mac>
        <mac>
            <mac_min>FDA527289ADF</mac_min>
            <mac_max>FDA527289AE1</mac_max>
        </mac>
        <mac>
            <mac_min>FDA527289AE3</mac_min>
            <mac_max>FDA527289AEC</mac_max>
        </mac>
    </mac_range>
    <mac_single>
        <mac>C91A00610559</mac>
        <mac>C91A00610562</mac>
        <mac>C91A0061056E</mac>
        <mac>C91A006109C5</mac>
        <mac>C91A006109CB</mac>
        <mac>C91A006109CD</mac>
        <mac>C91A006109CF</mac>
        <mac>C91A006109D5</mac>
        <mac>C91A006109D7</mac>
        <mac>C91A006109DB</mac>
        <mac>C91A006109E0</mac>
        <mac>C91A006109F0</mac>
        <mac>C91A006109F4</mac>
        <mac>C91A006A1974</mac>
        <mac>C91A006A1979</mac>
        <mac>C91A006A197C</mac>
        <mac>C91A006A1998</mac>
        <mac>FDA52722A70E</mac>
        <mac>FDA52722A712</mac>
        <mac>FDA52722A722</mac>
        <mac>FDA52722A727</mac>
        <mac>FDA52722A72B</mac>
        <mac>FDA52722A72D</mac>
        <mac>FDA52722A733</mac>
        <mac>FDA52722A735</mac>
        <mac>FDA52722A737</mac>
        <mac>FDA52722A73D</mac>
        <mac>FDA52722AB94</mac>
        <mac>FDA52722ABA0</mac>
        <mac>FDA52722ABA9</mac>
        <mac>FDA527289AB9</mac>
        <mac>FDA527289AD5</mac>
        <mac>FDA527289AD8</mac>
        <mac>FDA527289ADD</mac>
    </mac_single>
    <mac_warn />
</build_mac>
