<?xml version="1.0" encoding="utf-8" ?>
<build_mac>
    <build_id>860400020090300001</build_id>
    <mac_range>
        <mac>
            <mac_min>C91A00710BB8</mac_min>
            <mac_max>C91A00710E0F</mac_max>
        </mac>
        <mac>
            <mac_min>ECB352EA0000</mac_min>
            <mac_max>ECB352EA0257</mac_max>
        </mac>
        <mac>
            <mac_min>FDA5272DEE02</mac_min>
            <mac_max>FDA5272DF059</mac_max>
        </mac>
    </mac_range>
    <mac_single />
    <mac_warn />
</build_mac>
