<?xml version="1.0" encoding="utf-8" ?>
<build_mac>
    <build_id>860400020030300004</build_id>
    <mac_range>
        <mac>
            <mac_min>FDA5272593C8</mac_min>
            <mac_max>FDA5272593CC</mac_max>
        </mac>
        <mac>
            <mac_min>FDA5272593D3</mac_min>
            <mac_max>FDA5272593D4</mac_max>
        </mac>
        <mac>
            <mac_min>FDA5272593D6</mac_min>
            <mac_max>FDA5272593D8</mac_max>
        </mac>
        <mac>
            <mac_min>FDA5272593DA</mac_min>
            <mac_max>FDA5272593DE</mac_max>
        </mac>
        <mac>
            <mac_min>FDA5272593E2</mac_min>
            <mac_max>FDA5272593E3</mac_max>
        </mac>
        <mac>
            <mac_min>FDA52725941D</mac_min>
            <mac_max>FDA52725941E</mac_max>
        </mac>
        <mac>
            <mac_min>FDA527259421</mac_min>
            <mac_max>FDA527259424</mac_max>
        </mac>
        <mac>
            <mac_min>FDA527259426</mac_min>
            <mac_max>FDA527259428</mac_max>
        </mac>
        <mac>
            <mac_min>FDA52725942A</mac_min>
            <mac_max>FDA52725942C</mac_max>
        </mac>
        <mac>
            <mac_min>FDA527259430</mac_min>
            <mac_max>FDA527259431</mac_max>
        </mac>
        <mac>
            <mac_min>FDA527259433</mac_min>
            <mac_max>FDA527259434</mac_max>
        </mac>
        <mac>
            <mac_min>FDA527259438</mac_min>
            <mac_max>FDA52725943E</mac_max>
        </mac>
        <mac>
            <mac_min>FDA52725944D</mac_min>
            <mac_max>FDA52725944E</mac_max>
        </mac>
        <mac>
            <mac_min>FDA52725946E</mac_min>
            <mac_max>FDA52725946F</mac_max>
        </mac>
        <mac>
            <mac_min>FDA5272594C5</mac_min>
            <mac_max>FDA5272594C7</mac_max>
        </mac>
        <mac>
            <mac_min>FDA5272594CC</mac_min>
            <mac_max>FDA5272594CD</mac_max>
        </mac>
        <mac>
            <mac_min>FDA5272594E5</mac_min>
            <mac_max>FDA5272594E6</mac_max>
        </mac>
        <mac>
            <mac_min>FDA527259504</mac_min>
            <mac_max>FDA527259507</mac_max>
        </mac>
        <mac>
            <mac_min>FDA52725950A</mac_min>
            <mac_max>FDA52725950B</mac_max>
        </mac>
        <mac>
            <mac_min>FDA52725951C</mac_min>
            <mac_max>FDA52725951D</mac_max>
        </mac>
        <mac>
            <mac_min>FDA527259529</mac_min>
            <mac_max>FDA52725952A</mac_max>
        </mac>
        <mac>
            <mac_min>FDA52725952E</mac_min>
            <mac_max>FDA52725952F</mac_max>
        </mac>
        <mac>
            <mac_min>FDA527259532</mac_min>
            <mac_max>FDA527259533</mac_max>
        </mac>
        <mac>
            <mac_min>FDA527259535</mac_min>
            <mac_max>FDA527259537</mac_max>
        </mac>
        <mac>
            <mac_min>FDA52725953B</mac_min>
            <mac_max>FDA52725953D</mac_max>
        </mac>
        <mac>
            <mac_min>FDA52725953F</mac_min>
            <mac_max>FDA527259541</mac_max>
        </mac>
        <mac>
            <mac_min>FDA527259548</mac_min>
            <mac_max>FDA52725954B</mac_max>
        </mac>
        <mac>
            <mac_min>FDA52725955D</mac_min>
            <mac_max>FDA527259565</mac_max>
        </mac>
        <mac>
            <mac_min>FDA52725956C</mac_min>
            <mac_max>FDA52725956D</mac_max>
        </mac>
    </mac_range>
    <mac_single>
        <mac>FDA5272593BC</mac>
        <mac>FDA5272593CE</mac>
        <mac>FDA5272593E6</mac>
        <mac>FDA5272593F3</mac>
        <mac>FDA527259414</mac>
        <mac>FDA52725942E</mac>
        <mac>FDA527259436</mac>
        <mac>FDA527259447</mac>
        <mac>FDA52725944A</mac>
        <mac>FDA527259450</mac>
        <mac>FDA527259457</mac>
        <mac>FDA52725945B</mac>
        <mac>FDA52725945F</mac>
        <mac>FDA527259467</mac>
        <mac>FDA52725947E</mac>
        <mac>FDA5272594D0</mac>
        <mac>FDA5272594DB</mac>
        <mac>FDA5272594DD</mac>
        <mac>FDA5272594E0</mac>
        <mac>FDA5272594F0</mac>
        <mac>FDA5272594F7</mac>
        <mac>FDA5272594F9</mac>
        <mac>FDA5272594FB</mac>
        <mac>FDA52725950D</mac>
        <mac>FDA52725950F</mac>
        <mac>FDA527259516</mac>
        <mac>FDA52725951F</mac>
        <mac>FDA527259521</mac>
        <mac>FDA527259525</mac>
        <mac>FDA527259543</mac>
        <mac>FDA527259545</mac>
        <mac>FDA527259551</mac>
        <mac>FDA527259554</mac>
        <mac>FDA527259558</mac>
        <mac>FDA52725955A</mac>
        <mac>FDA52725957B</mac>
    </mac_single>
    <mac_warn />
</build_mac>
