<?xml version="1.0" encoding="utf-8" ?>
<build_mac>
    <build_id>860400070020300002</build_id>
    <mac_range>
        <mac>
            <mac_min>FDA5272582E1</mac_min>
            <mac_max>FDA5272582E2</mac_max>
        </mac>
        <mac>
            <mac_min>FDA5272588C3</mac_min>
            <mac_max>FDA5272588C4</mac_max>
        </mac>
        <mac>
            <mac_min>FDA5272588C8</mac_min>
            <mac_max>FDA5272588CA</mac_max>
        </mac>
        <mac>
            <mac_min>FDA527258902</mac_min>
            <mac_max>FDA527258903</mac_max>
        </mac>
        <mac>
            <mac_min>FDA5272589F6</mac_min>
            <mac_max>FDA5272589F8</mac_max>
        </mac>
        <mac>
            <mac_min>FDA527258A07</mac_min>
            <mac_max>FDA527258A09</mac_max>
        </mac>
        <mac>
            <mac_min>FDA527258A28</mac_min>
            <mac_max>FDA527258A29</mac_max>
        </mac>
        <mac>
            <mac_min>FDA527258AEC</mac_min>
            <mac_max>FDA527258AEF</mac_max>
        </mac>
        <mac>
            <mac_min>FDA527258AF6</mac_min>
            <mac_max>FDA527258AF8</mac_max>
        </mac>
        <mac>
            <mac_min>FDA527258AFC</mac_min>
            <mac_max>FDA527258B00</mac_max>
        </mac>
        <mac>
            <mac_min>FDA527258B04</mac_min>
            <mac_max>FDA527258B06</mac_max>
        </mac>
        <mac>
            <mac_min>FDA527258B0C</mac_min>
            <mac_max>FDA527258B0E</mac_max>
        </mac>
        <mac>
            <mac_min>FDA527258B15</mac_min>
            <mac_max>FDA527258B16</mac_max>
        </mac>
        <mac>
            <mac_min>FDA527258B54</mac_min>
            <mac_max>FDA527258B55</mac_max>
        </mac>
        <mac>
            <mac_min>FDA527258CE3</mac_min>
            <mac_max>FDA527258CE4</mac_max>
        </mac>
        <mac>
            <mac_min>FDA527259402</mac_min>
            <mac_max>FDA527259403</mac_max>
        </mac>
        <mac>
            <mac_min>FDA527259445</mac_min>
            <mac_max>FDA527259446</mac_max>
        </mac>
        <mac>
            <mac_min>FDA527259452</mac_min>
            <mac_max>FDA527259453</mac_max>
        </mac>
        <mac>
            <mac_min>FDA52725947B</mac_min>
            <mac_max>FDA52725947C</mac_max>
        </mac>
    </mac_range>
    <mac_single>
        <mac>FDA527258231</mac>
        <mac>FDA5272582C9</mac>
        <mac>FDA5272582E4</mac>
        <mac>FDA527258454</mac>
        <mac>FDA5272588E0</mac>
        <mac>FDA5272588FE</mac>
        <mac>FDA5272589EE</mac>
        <mac>FDA5272589F1</mac>
        <mac>FDA5272589FC</mac>
        <mac>FDA5272589FF</mac>
        <mac>FDA527258A04</mac>
        <mac>FDA527258A2E</mac>
        <mac>FDA527258A30</mac>
        <mac>FDA527258A34</mac>
        <mac>FDA527258A37</mac>
        <mac>FDA527258A3F</mac>
        <mac>FDA527258AF4</mac>
        <mac>FDA527258B18</mac>
        <mac>FDA527258B20</mac>
        <mac>FDA527258B23</mac>
        <mac>FDA527258B25</mac>
        <mac>FDA527258B27</mac>
        <mac>FDA527258B29</mac>
        <mac>FDA527258B33</mac>
        <mac>FDA527258B4C</mac>
        <mac>FDA527258B52</mac>
        <mac>FDA5272593B6</mac>
        <mac>FDA5272593D2</mac>
        <mac>FDA527259443</mac>
        <mac>FDA527259455</mac>
        <mac>FDA527259465</mac>
        <mac>FDA527259482</mac>
        <mac>FDA52725948D</mac>
        <mac>FDA52725948F</mac>
        <mac>FDA527259495</mac>
        <mac>FDA5272594C9</mac>
        <mac>FDA5272594E4</mac>
        <mac>FDA52725951A</mac>
        <mac>FDA527259522</mac>
        <mac>FDA52725954F</mac>
        <mac>FDA527259557</mac>
    </mac_single>
    <mac_warn />
</build_mac>
