<?xml version="1.0" encoding="utf-8" ?>
<build_mac>
    <build_id>860400010011800001</build_id>
    <mac_range>
        <mac>
            <mac_min>C91A006102C0</mac_min>
            <mac_max>C91A006102C2</mac_max>
        </mac>
        <mac>
            <mac_min>C91A006102C4</mac_min>
            <mac_max>C91A006102C5</mac_max>
        </mac>
        <mac>
            <mac_min>C91A006102CE</mac_min>
            <mac_max>C91A006102D1</mac_max>
        </mac>
        <mac>
            <mac_min>C91A006102D3</mac_min>
            <mac_max>C91A006102D6</mac_max>
        </mac>
        <mac>
            <mac_min>C91A006102D8</mac_min>
            <mac_max>C91A006102DB</mac_max>
        </mac>
        <mac>
            <mac_min>C91A006102E3</mac_min>
            <mac_max>C91A006102E8</mac_max>
        </mac>
        <mac>
            <mac_min>C91A00610389</mac_min>
            <mac_max>C91A0061038B</mac_max>
        </mac>
        <mac>
            <mac_min>C91A006103B6</mac_min>
            <mac_max>C91A006103D1</mac_max>
        </mac>
        <mac>
            <mac_min>C91A006103D3</mac_min>
            <mac_max>C91A006103E3</mac_max>
        </mac>
        <mac>
            <mac_min>C91A006103E5</mac_min>
            <mac_max>C91A006103E7</mac_max>
        </mac>
        <mac>
            <mac_min>C91A006109C6</mac_min>
            <mac_max>C91A006109CA</mac_max>
        </mac>
        <mac>
            <mac_min>C91A006109D0</mac_min>
            <mac_max>C91A006109D4</mac_max>
        </mac>
        <mac>
            <mac_min>C91A006109D8</mac_min>
            <mac_max>C91A006109DA</mac_max>
        </mac>
        <mac>
            <mac_min>C91A006109DC</mac_min>
            <mac_max>C91A006109DF</mac_max>
        </mac>
        <mac>
            <mac_min>C91A006109E1</mac_min>
            <mac_max>C91A006109E6</mac_max>
        </mac>
        <mac>
            <mac_min>C91A006109EA</mac_min>
            <mac_max>C91A006109EF</mac_max>
        </mac>
        <mac>
            <mac_min>C91A006109F1</mac_min>
            <mac_max>C91A006109F3</mac_max>
        </mac>
        <mac>
            <mac_min>C91A006F01F4</mac_min>
            <mac_max>C91A006F0225</mac_max>
        </mac>
        <mac>
            <mac_min>C91A006F0258</mac_min>
            <mac_max>C91A006F0264</mac_max>
        </mac>
        <mac>
            <mac_min>C91A006F0266</mac_min>
            <mac_max>C91A006F0289</mac_max>
        </mac>
        <mac>
            <mac_min>C91A006F02C7</mac_min>
            <mac_max>C91A006F02C9</mac_max>
        </mac>
        <mac>
            <mac_min>C91A006F02E8</mac_min>
            <mac_max>C91A006F02E9</mac_max>
        </mac>
        <mac>
            <mac_min>C91A006F02EE</mac_min>
            <mac_max>C91A006F02F1</mac_max>
        </mac>
        <mac>
            <mac_min>C91A006F02F3</mac_min>
            <mac_max>C91A006F031F</mac_max>
        </mac>
        <mac>
            <mac_min>C91A006F0384</mac_min>
            <mac_max>C91A006F0389</mac_max>
        </mac>
        <mac>
            <mac_min>C91A006F038B</mac_min>
            <mac_max>C91A006F03A0</mac_max>
        </mac>
        <mac>
            <mac_min>C91A006F03A3</mac_min>
            <mac_max>C91A006F03A4</mac_max>
        </mac>
        <mac>
            <mac_min>C91A006F03A6</mac_min>
            <mac_max>C91A006F03A7</mac_max>
        </mac>
        <mac>
            <mac_min>C91A006F03A9</mac_min>
            <mac_max>C91A006F03B5</mac_max>
        </mac>
        <mac>
            <mac_min>FDA52722A70F</mac_min>
            <mac_max>FDA52722A711</mac_max>
        </mac>
        <mac>
            <mac_min>FDA52722A713</mac_min>
            <mac_max>FDA52722A718</mac_max>
        </mac>
        <mac>
            <mac_min>FDA52722A71C</mac_min>
            <mac_max>FDA52722A721</mac_max>
        </mac>
        <mac>
            <mac_min>FDA52722A723</mac_min>
            <mac_max>FDA52722A726</mac_max>
        </mac>
        <mac>
            <mac_min>FDA52722A728</mac_min>
            <mac_max>FDA52722A72A</mac_max>
        </mac>
        <mac>
            <mac_min>FDA52722A72E</mac_min>
            <mac_max>FDA52722A732</mac_max>
        </mac>
        <mac>
            <mac_min>FDA52722A738</mac_min>
            <mac_max>FDA52722A73C</mac_max>
        </mac>
        <mac>
            <mac_min>FDA52722AD1B</mac_min>
            <mac_max>FDA52722AD1D</mac_max>
        </mac>
        <mac>
            <mac_min>FDA52722AD1F</mac_min>
            <mac_max>FDA52722AD2F</mac_max>
        </mac>
        <mac>
            <mac_min>FDA52722AD31</mac_min>
            <mac_max>FDA52722AD4C</mac_max>
        </mac>
        <mac>
            <mac_min>FDA52722AD77</mac_min>
            <mac_max>FDA52722AD79</mac_max>
        </mac>
        <mac>
            <mac_min>FDA52722AE1A</mac_min>
            <mac_max>FDA52722AE1F</mac_max>
        </mac>
        <mac>
            <mac_min>FDA52722AE27</mac_min>
            <mac_max>FDA52722AE2A</mac_max>
        </mac>
        <mac>
            <mac_min>FDA52722AE2C</mac_min>
            <mac_max>FDA52722AE2F</mac_max>
        </mac>
        <mac>
            <mac_min>FDA52722AE31</mac_min>
            <mac_max>FDA52722AE34</mac_max>
        </mac>
        <mac>
            <mac_min>FDA52722AE3D</mac_min>
            <mac_max>FDA52722AE3E</mac_max>
        </mac>
        <mac>
            <mac_min>FDA52722AE40</mac_min>
            <mac_max>FDA52722AE42</mac_max>
        </mac>
        <mac>
            <mac_min>FDA5272BA1A5</mac_min>
            <mac_max>FDA5272BA1D6</mac_max>
        </mac>
        <mac>
            <mac_min>FDA5272BA209</mac_min>
            <mac_max>FDA5272BA215</mac_max>
        </mac>
        <mac>
            <mac_min>FDA5272BA217</mac_min>
            <mac_max>FDA5272BA23A</mac_max>
        </mac>
        <mac>
            <mac_min>FDA5272BA278</mac_min>
            <mac_max>FDA5272BA27A</mac_max>
        </mac>
        <mac>
            <mac_min>FDA5272BA299</mac_min>
            <mac_max>FDA5272BA29A</mac_max>
        </mac>
        <mac>
            <mac_min>FDA5272BA29F</mac_min>
            <mac_max>FDA5272BA2A2</mac_max>
        </mac>
        <mac>
            <mac_min>FDA5272BA2A4</mac_min>
            <mac_max>FDA5272BA2D0</mac_max>
        </mac>
        <mac>
            <mac_min>FDA5272BA335</mac_min>
            <mac_max>FDA5272BA33A</mac_max>
        </mac>
        <mac>
            <mac_min>FDA5272BA33C</mac_min>
            <mac_max>FDA5272BA351</mac_max>
        </mac>
        <mac>
            <mac_min>FDA5272BA354</mac_min>
            <mac_max>FDA5272BA355</mac_max>
        </mac>
        <mac>
            <mac_min>FDA5272BA357</mac_min>
            <mac_max>FDA5272BA358</mac_max>
        </mac>
        <mac>
            <mac_min>FDA5272BA35A</mac_min>
            <mac_max>FDA5272BA366</mac_max>
        </mac>
    </mac_range>
    <mac_single>
        <mac>C91A005E09D6</mac>
        <mac>C91A006102BA</mac>
        <mac>C91A006102BC</mac>
        <mac>C91A006102BE</mac>
        <mac>C91A006102C8</mac>
        <mac>C91A006102CA</mac>
        <mac>C91A006102CC</mac>
        <mac>C91A006102DD</mac>
        <mac>C91A006103A6</mac>
        <mac>C91A006103AF</mac>
        <mac>C91A00610590</mac>
        <mac>C91A006109C4</mac>
        <mac>C91A006109CC</mac>
        <mac>C91A006109CE</mac>
        <mac>C91A006109D6</mac>
        <mac>C91A006109F5</mac>
        <mac>C91A006F02BE</mac>
        <mac>C91A006F02C3</mac>
        <mac>C91A006F02CC</mac>
        <mac>C91A006F02CF</mac>
        <mac>C91A006F02D4</mac>
        <mac>C91A006F02DF</mac>
        <mac>C91A006F02EC</mac>
        <mac>FDA52722A70D</mac>
        <mac>FDA52722A72C</mac>
        <mac>FDA52722A734</mac>
        <mac>FDA52722A736</mac>
        <mac>FDA52722A73E</mac>
        <mac>FDA52722AB72</mac>
        <mac>FDA52722AD53</mac>
        <mac>FDA52722AD5C</mac>
        <mac>FDA52722AE25</mac>
        <mac>FDA52722AE36</mac>
        <mac>FDA52722AE38</mac>
        <mac>FDA52722AE3A</mac>
        <mac>FDA52722AE44</mac>
        <mac>FDA52722AE46</mac>
        <mac>FDA52722AE48</mac>
        <mac>FDA5272BA26F</mac>
        <mac>FDA5272BA274</mac>
        <mac>FDA5272BA27D</mac>
        <mac>FDA5272BA280</mac>
        <mac>FDA5272BA285</mac>
        <mac>FDA5272BA290</mac>
        <mac>FDA5272BA29D</mac>
    </mac_single>
    <mac_warn />
</build_mac>
