<?xml version="1.0" encoding="utf-8" ?>
<build_mac>
    <build_id>860400010090300002</build_id>
    <mac_range>
        <mac>
            <mac_min>C91A006E0AF0</mac_min>
            <mac_max>C91A006E0B2C</mac_max>
        </mac>
        <mac>
            <mac_min>C91A006E0B2F</mac_min>
            <mac_max>C91A006E0B46</mac_max>
        </mac>
        <mac>
            <mac_min>C91A006E0B48</mac_min>
            <mac_max>C91A006E0B4B</mac_max>
        </mac>
        <mac>
            <mac_min>C91A006E0B4E</mac_min>
            <mac_max>C91A006E0B56</mac_max>
        </mac>
        <mac>
            <mac_min>C91A006E0B58</mac_min>
            <mac_max>C91A006E0B59</mac_max>
        </mac>
        <mac>
            <mac_min>C91A006E0B5B</mac_min>
            <mac_max>C91A006E0B66</mac_max>
        </mac>
        <mac>
            <mac_min>C91A006E0B6A</mac_min>
            <mac_max>C91A006E0B7C</mac_max>
        </mac>
        <mac>
            <mac_min>C91A006E0B7E</mac_min>
            <mac_max>C91A006E0B80</mac_max>
        </mac>
        <mac>
            <mac_min>C91A006E0B82</mac_min>
            <mac_max>C91A006E0B88</mac_max>
        </mac>
        <mac>
            <mac_min>C91A006E0B8A</mac_min>
            <mac_max>C91A006E0B8E</mac_max>
        </mac>
        <mac>
            <mac_min>C91A006E0B90</mac_min>
            <mac_max>C91A006E0B93</mac_max>
        </mac>
        <mac>
            <mac_min>C91A006E0B95</mac_min>
            <mac_max>C91A006E0BA3</mac_max>
        </mac>
        <mac>
            <mac_min>C91A006E0BA7</mac_min>
            <mac_max>C91A006E0BBB</mac_max>
        </mac>
        <mac>
            <mac_min>C91A006E0BBD</mac_min>
            <mac_max>C91A006E0BD4</mac_max>
        </mac>
        <mac>
            <mac_min>C91A006E0BD6</mac_min>
            <mac_max>C91A006E0C0A</mac_max>
        </mac>
        <mac>
            <mac_min>C91A006E0C0C</mac_min>
            <mac_max>C91A006E0C0F</mac_max>
        </mac>
        <mac>
            <mac_min>C91A006E0C12</mac_min>
            <mac_max>C91A006E0C1B</mac_max>
        </mac>
        <mac>
            <mac_min>C91A006E0C1F</mac_min>
            <mac_max>C91A006E0C24</mac_max>
        </mac>
        <mac>
            <mac_min>C91A006E0C26</mac_min>
            <mac_max>C91A006E0C2B</mac_max>
        </mac>
        <mac>
            <mac_min>C91A006E0C2D</mac_min>
            <mac_max>C91A006E0C4B</mac_max>
        </mac>
        <mac>
            <mac_min>C91A006E0C80</mac_min>
            <mac_max>C91A006E0C98</mac_max>
        </mac>
        <mac>
            <mac_min>C91A006E0C9A</mac_min>
            <mac_max>C91A006E0CA9</mac_max>
        </mac>
        <mac>
            <mac_min>C91A006E0CAB</mac_min>
            <mac_max>C91A006E0CB1</mac_max>
        </mac>
        <mac>
            <mac_min>C91A006E0CE4</mac_min>
            <mac_max>C91A006E0CF0</mac_max>
        </mac>
        <mac>
            <mac_min>C91A006E0CF2</mac_min>
            <mac_max>C91A006E0D15</mac_max>
        </mac>
        <mac>
            <mac_min>ECB352DD0000</mac_min>
            <mac_max>ECB352DD003C</mac_max>
        </mac>
        <mac>
            <mac_min>ECB352DD003F</mac_min>
            <mac_max>ECB352DD0056</mac_max>
        </mac>
        <mac>
            <mac_min>ECB352DD0058</mac_min>
            <mac_max>ECB352DD005B</mac_max>
        </mac>
        <mac>
            <mac_min>ECB352DD005E</mac_min>
            <mac_max>ECB352DD0066</mac_max>
        </mac>
        <mac>
            <mac_min>ECB352DD0068</mac_min>
            <mac_max>ECB352DD0069</mac_max>
        </mac>
        <mac>
            <mac_min>ECB352DD006B</mac_min>
            <mac_max>ECB352DD0076</mac_max>
        </mac>
        <mac>
            <mac_min>ECB352DD007A</mac_min>
            <mac_max>ECB352DD008C</mac_max>
        </mac>
        <mac>
            <mac_min>ECB352DD008E</mac_min>
            <mac_max>ECB352DD0090</mac_max>
        </mac>
        <mac>
            <mac_min>ECB352DD0092</mac_min>
            <mac_max>ECB352DD0098</mac_max>
        </mac>
        <mac>
            <mac_min>ECB352DD009A</mac_min>
            <mac_max>ECB352DD009E</mac_max>
        </mac>
        <mac>
            <mac_min>ECB352DD00A0</mac_min>
            <mac_max>ECB352DD00A3</mac_max>
        </mac>
        <mac>
            <mac_min>ECB352DD00A5</mac_min>
            <mac_max>ECB352DD00B3</mac_max>
        </mac>
        <mac>
            <mac_min>ECB352DD00B7</mac_min>
            <mac_max>ECB352DD00CB</mac_max>
        </mac>
        <mac>
            <mac_min>ECB352DD00CD</mac_min>
            <mac_max>ECB352DD00E4</mac_max>
        </mac>
        <mac>
            <mac_min>ECB352DD00E6</mac_min>
            <mac_max>ECB352DD011A</mac_max>
        </mac>
        <mac>
            <mac_min>ECB352DD011C</mac_min>
            <mac_max>ECB352DD011F</mac_max>
        </mac>
        <mac>
            <mac_min>ECB352DD0122</mac_min>
            <mac_max>ECB352DD012B</mac_max>
        </mac>
        <mac>
            <mac_min>ECB352DD012F</mac_min>
            <mac_max>ECB352DD0134</mac_max>
        </mac>
        <mac>
            <mac_min>ECB352DD0136</mac_min>
            <mac_max>ECB352DD013B</mac_max>
        </mac>
        <mac>
            <mac_min>ECB352DD013D</mac_min>
            <mac_max>ECB352DD015B</mac_max>
        </mac>
        <mac>
            <mac_min>ECB352DD0190</mac_min>
            <mac_max>ECB352DD01A8</mac_max>
        </mac>
        <mac>
            <mac_min>ECB352DD01AA</mac_min>
            <mac_max>ECB352DD01B9</mac_max>
        </mac>
        <mac>
            <mac_min>ECB352DD01BB</mac_min>
            <mac_max>ECB352DD01C1</mac_max>
        </mac>
        <mac>
            <mac_min>ECB352DD01F4</mac_min>
            <mac_max>ECB352DD0200</mac_max>
        </mac>
        <mac>
            <mac_min>ECB352DD0202</mac_min>
            <mac_max>ECB352DD0225</mac_max>
        </mac>
        <mac>
            <mac_min>FDA5272B1BDE</mac_min>
            <mac_max>FDA5272B1C1A</mac_max>
        </mac>
        <mac>
            <mac_min>FDA5272B1C1D</mac_min>
            <mac_max>FDA5272B1C34</mac_max>
        </mac>
        <mac>
            <mac_min>FDA5272B1C36</mac_min>
            <mac_max>FDA5272B1C39</mac_max>
        </mac>
        <mac>
            <mac_min>FDA5272B1C3C</mac_min>
            <mac_max>FDA5272B1C44</mac_max>
        </mac>
        <mac>
            <mac_min>FDA5272B1C46</mac_min>
            <mac_max>FDA5272B1C47</mac_max>
        </mac>
        <mac>
            <mac_min>FDA5272B1C49</mac_min>
            <mac_max>FDA5272B1C54</mac_max>
        </mac>
        <mac>
            <mac_min>FDA5272B1C58</mac_min>
            <mac_max>FDA5272B1C6A</mac_max>
        </mac>
        <mac>
            <mac_min>FDA5272B1C6C</mac_min>
            <mac_max>FDA5272B1C6E</mac_max>
        </mac>
        <mac>
            <mac_min>FDA5272B1C70</mac_min>
            <mac_max>FDA5272B1C76</mac_max>
        </mac>
        <mac>
            <mac_min>FDA5272B1C78</mac_min>
            <mac_max>FDA5272B1C7C</mac_max>
        </mac>
        <mac>
            <mac_min>FDA5272B1C7E</mac_min>
            <mac_max>FDA5272B1C81</mac_max>
        </mac>
        <mac>
            <mac_min>FDA5272B1C83</mac_min>
            <mac_max>FDA5272B1C91</mac_max>
        </mac>
        <mac>
            <mac_min>FDA5272B1C95</mac_min>
            <mac_max>FDA5272B1CA9</mac_max>
        </mac>
        <mac>
            <mac_min>FDA5272B1CAB</mac_min>
            <mac_max>FDA5272B1CC2</mac_max>
        </mac>
        <mac>
            <mac_min>FDA5272B1CC4</mac_min>
            <mac_max>FDA5272B1CF8</mac_max>
        </mac>
        <mac>
            <mac_min>FDA5272B1CFA</mac_min>
            <mac_max>FDA5272B1CFD</mac_max>
        </mac>
        <mac>
            <mac_min>FDA5272B1D00</mac_min>
            <mac_max>FDA5272B1D09</mac_max>
        </mac>
        <mac>
            <mac_min>FDA5272B1D0D</mac_min>
            <mac_max>FDA5272B1D12</mac_max>
        </mac>
        <mac>
            <mac_min>FDA5272B1D14</mac_min>
            <mac_max>FDA5272B1D19</mac_max>
        </mac>
        <mac>
            <mac_min>FDA5272B1D1B</mac_min>
            <mac_max>FDA5272B1D39</mac_max>
        </mac>
        <mac>
            <mac_min>FDA5272B1D6E</mac_min>
            <mac_max>FDA5272B1D86</mac_max>
        </mac>
        <mac>
            <mac_min>FDA5272B1D88</mac_min>
            <mac_max>FDA5272B1D97</mac_max>
        </mac>
        <mac>
            <mac_min>FDA5272B1D99</mac_min>
            <mac_max>FDA5272B1D9F</mac_max>
        </mac>
        <mac>
            <mac_min>FDA5272B1DD2</mac_min>
            <mac_max>FDA5272B1DDE</mac_max>
        </mac>
        <mac>
            <mac_min>FDA5272B1DE0</mac_min>
            <mac_max>FDA5272B1E03</mac_max>
        </mac>
    </mac_range>
    <mac_single>
        <mac>C91A006E0BA5</mac>
        <mac>C91A006E0C1D</mac>
        <mac>C91A006E0C4D</mac>
        <mac>C91A006E0D38</mac>
        <mac>C91A006E0D45</mac>
        <mac>C91A006E0D47</mac>
        <mac>ECB352DD00B5</mac>
        <mac>ECB352DD012D</mac>
        <mac>ECB352DD015D</mac>
        <mac>ECB352DD0248</mac>
        <mac>ECB352DD0255</mac>
        <mac>ECB352DD0257</mac>
        <mac>FDA5272B1C93</mac>
        <mac>FDA5272B1D0B</mac>
        <mac>FDA5272B1D3B</mac>
        <mac>FDA5272B1E26</mac>
        <mac>FDA5272B1E33</mac>
        <mac>FDA5272B1E35</mac>
    </mac_single>
    <mac_warn />
</build_mac>
