<?xml version="1.0" encoding="utf-8" ?>
<build_mac>
    <build_id>860400010050300002</build_id>
    <mac_range>
        <mac>
            <mac_min>C91A00622008</mac_min>
            <mac_max>C91A00622039</mac_max>
        </mac>
        <mac>
            <mac_min>C91A0062209E</mac_min>
            <mac_max>C91A0062209F</mac_max>
        </mac>
        <mac>
            <mac_min>C91A006220A1</mac_min>
            <mac_max>C91A006220B0</mac_max>
        </mac>
        <mac>
            <mac_min>C91A006220B2</mac_min>
            <mac_max>C91A006220BA</mac_max>
        </mac>
        <mac>
            <mac_min>C91A006220BC</mac_min>
            <mac_max>C91A006220C9</mac_max>
        </mac>
        <mac>
            <mac_min>C91A006220CB</mac_min>
            <mac_max>C91A006220CE</mac_max>
        </mac>
        <mac>
            <mac_min>C91A00622166</mac_min>
            <mac_max>C91A00622168</mac_max>
        </mac>
        <mac>
            <mac_min>C91A0062216A</mac_min>
            <mac_max>C91A00622177</mac_max>
        </mac>
        <mac>
            <mac_min>C91A0062217A</mac_min>
            <mac_max>C91A0062217C</mac_max>
        </mac>
        <mac>
            <mac_min>C91A0062217F</mac_min>
            <mac_max>C91A00622181</mac_max>
        </mac>
        <mac>
            <mac_min>C91A00622183</mac_min>
            <mac_max>C91A00622185</mac_max>
        </mac>
        <mac>
            <mac_min>C91A00622187</mac_min>
            <mac_max>C91A0062218D</mac_max>
        </mac>
        <mac>
            <mac_min>C91A00622190</mac_min>
            <mac_max>C91A00622192</mac_max>
        </mac>
        <mac>
            <mac_min>C91A00622194</mac_min>
            <mac_max>C91A006221A2</mac_max>
        </mac>
        <mac>
            <mac_min>C91A006221A5</mac_min>
            <mac_max>C91A006221C8</mac_max>
        </mac>
        <mac>
            <mac_min>C91A006221CA</mac_min>
            <mac_max>C91A006221CD</mac_max>
        </mac>
        <mac>
            <mac_min>C91A006221CF</mac_min>
            <mac_max>C91A006221D8</mac_max>
        </mac>
        <mac>
            <mac_min>C91A006221DA</mac_min>
            <mac_max>C91A006221DC</mac_max>
        </mac>
        <mac>
            <mac_min>C91A006221DE</mac_min>
            <mac_max>C91A006221F6</mac_max>
        </mac>
        <mac>
            <mac_min>C91A006221F8</mac_min>
            <mac_max>C91A006221FC</mac_max>
        </mac>
        <mac>
            <mac_min>C91A006221FE</mac_min>
            <mac_max>C91A006221FF</mac_max>
        </mac>
        <mac>
            <mac_min>C91A00622209</mac_min>
            <mac_max>C91A0062220E</mac_max>
        </mac>
        <mac>
            <mac_min>C91A00622212</mac_min>
            <mac_max>C91A00622213</mac_max>
        </mac>
        <mac>
            <mac_min>C91A00622217</mac_min>
            <mac_max>C91A00622219</mac_max>
        </mac>
        <mac>
            <mac_min>C91A0062221D</mac_min>
            <mac_max>C91A00622220</mac_max>
        </mac>
        <mac>
            <mac_min>C91A00622224</mac_min>
            <mac_max>C91A0062222C</mac_max>
        </mac>
        <mac>
            <mac_min>C91A00622245</mac_min>
            <mac_max>C91A00622246</mac_max>
        </mac>
        <mac>
            <mac_min>C91A00650352</mac_min>
            <mac_max>C91A0065035F</mac_max>
        </mac>
        <mac>
            <mac_min>C91A00650361</mac_min>
            <mac_max>C91A00650383</mac_max>
        </mac>
        <mac>
            <mac_min>C91A006503B6</mac_min>
            <mac_max>C91A006503BC</mac_max>
        </mac>
        <mac>
            <mac_min>C91A006503C0</mac_min>
            <mac_max>C91A006503C1</mac_max>
        </mac>
        <mac>
            <mac_min>C91A006503C3</mac_min>
            <mac_max>C91A006503C8</mac_max>
        </mac>
        <mac>
            <mac_min>C91A006503CA</mac_min>
            <mac_max>C91A006503CE</mac_max>
        </mac>
        <mac>
            <mac_min>C91A006503D2</mac_min>
            <mac_max>C91A006503D5</mac_max>
        </mac>
        <mac>
            <mac_min>C91A006503D9</mac_min>
            <mac_max>C91A006503E3</mac_max>
        </mac>
        <mac>
            <mac_min>C91A006503E7</mac_min>
            <mac_max>C91A00650419</mac_max>
        </mac>
        <mac>
            <mac_min>C91A0065044C</mac_min>
            <mac_max>C91A0065047D</mac_max>
        </mac>
        <mac>
            <mac_min>ECB328A20000</mac_min>
            <mac_max>ECB328A20031</mac_max>
        </mac>
        <mac>
            <mac_min>ECB328A20096</mac_min>
            <mac_max>ECB328A20097</mac_max>
        </mac>
        <mac>
            <mac_min>ECB328A20099</mac_min>
            <mac_max>ECB328A200A8</mac_max>
        </mac>
        <mac>
            <mac_min>ECB328A200AA</mac_min>
            <mac_max>ECB328A200B2</mac_max>
        </mac>
        <mac>
            <mac_min>ECB328A200B4</mac_min>
            <mac_max>ECB328A200C1</mac_max>
        </mac>
        <mac>
            <mac_min>ECB328A200C3</mac_min>
            <mac_max>ECB328A200C6</mac_max>
        </mac>
        <mac>
            <mac_min>ECB328A2015E</mac_min>
            <mac_max>ECB328A20160</mac_max>
        </mac>
        <mac>
            <mac_min>ECB328A20162</mac_min>
            <mac_max>ECB328A2016F</mac_max>
        </mac>
        <mac>
            <mac_min>ECB328A20172</mac_min>
            <mac_max>ECB328A20174</mac_max>
        </mac>
        <mac>
            <mac_min>ECB328A20177</mac_min>
            <mac_max>ECB328A20179</mac_max>
        </mac>
        <mac>
            <mac_min>ECB328A2017B</mac_min>
            <mac_max>ECB328A2017D</mac_max>
        </mac>
        <mac>
            <mac_min>ECB328A2017F</mac_min>
            <mac_max>ECB328A20185</mac_max>
        </mac>
        <mac>
            <mac_min>ECB328A20188</mac_min>
            <mac_max>ECB328A2018A</mac_max>
        </mac>
        <mac>
            <mac_min>ECB328A2018C</mac_min>
            <mac_max>ECB328A2019A</mac_max>
        </mac>
        <mac>
            <mac_min>ECB328A2019D</mac_min>
            <mac_max>ECB328A201C0</mac_max>
        </mac>
        <mac>
            <mac_min>ECB328A201C2</mac_min>
            <mac_max>ECB328A201C5</mac_max>
        </mac>
        <mac>
            <mac_min>ECB328A201C7</mac_min>
            <mac_max>ECB328A201D0</mac_max>
        </mac>
        <mac>
            <mac_min>ECB328A201D2</mac_min>
            <mac_max>ECB328A201D4</mac_max>
        </mac>
        <mac>
            <mac_min>ECB328A201D6</mac_min>
            <mac_max>ECB328A201EE</mac_max>
        </mac>
        <mac>
            <mac_min>ECB328A201F0</mac_min>
            <mac_max>ECB328A201F4</mac_max>
        </mac>
        <mac>
            <mac_min>ECB328A201F6</mac_min>
            <mac_max>ECB328A201F7</mac_max>
        </mac>
        <mac>
            <mac_min>ECB328A20201</mac_min>
            <mac_max>ECB328A20206</mac_max>
        </mac>
        <mac>
            <mac_min>ECB328A2020A</mac_min>
            <mac_max>ECB328A2020B</mac_max>
        </mac>
        <mac>
            <mac_min>ECB328A2020F</mac_min>
            <mac_max>ECB328A20211</mac_max>
        </mac>
        <mac>
            <mac_min>ECB328A20215</mac_min>
            <mac_max>ECB328A20218</mac_max>
        </mac>
        <mac>
            <mac_min>ECB328A2021C</mac_min>
            <mac_max>ECB328A20224</mac_max>
        </mac>
        <mac>
            <mac_min>ECB328A2023D</mac_min>
            <mac_max>ECB328A2023E</mac_max>
        </mac>
        <mac>
            <mac_min>ECB328A2028A</mac_min>
            <mac_max>ECB328A20297</mac_max>
        </mac>
        <mac>
            <mac_min>ECB328A20299</mac_min>
            <mac_max>ECB328A202BB</mac_max>
        </mac>
        <mac>
            <mac_min>ECB328A202EE</mac_min>
            <mac_max>ECB328A202F4</mac_max>
        </mac>
        <mac>
            <mac_min>ECB328A202F8</mac_min>
            <mac_max>ECB328A202F9</mac_max>
        </mac>
        <mac>
            <mac_min>ECB328A202FB</mac_min>
            <mac_max>ECB328A20300</mac_max>
        </mac>
        <mac>
            <mac_min>ECB328A20302</mac_min>
            <mac_max>ECB328A20306</mac_max>
        </mac>
        <mac>
            <mac_min>ECB328A2030A</mac_min>
            <mac_max>ECB328A2030D</mac_max>
        </mac>
        <mac>
            <mac_min>ECB328A20311</mac_min>
            <mac_max>ECB328A2031B</mac_max>
        </mac>
        <mac>
            <mac_min>ECB328A2031F</mac_min>
            <mac_max>ECB328A20351</mac_max>
        </mac>
        <mac>
            <mac_min>ECB328A20384</mac_min>
            <mac_max>ECB328A203B5</mac_max>
        </mac>
        <mac>
            <mac_min>FDA52723AC45</mac_min>
            <mac_max>FDA52723AC46</mac_max>
        </mac>
        <mac>
            <mac_min>FDA52723AC5F</mac_min>
            <mac_max>FDA52723AC67</mac_max>
        </mac>
        <mac>
            <mac_min>FDA52723AC6B</mac_min>
            <mac_max>FDA52723AC6E</mac_max>
        </mac>
        <mac>
            <mac_min>FDA52723AC72</mac_min>
            <mac_max>FDA52723AC74</mac_max>
        </mac>
        <mac>
            <mac_min>FDA52723AC78</mac_min>
            <mac_max>FDA52723AC79</mac_max>
        </mac>
        <mac>
            <mac_min>FDA52723AC7D</mac_min>
            <mac_max>FDA52723AC82</mac_max>
        </mac>
        <mac>
            <mac_min>FDA52723AC8C</mac_min>
            <mac_max>FDA52723AC8D</mac_max>
        </mac>
        <mac>
            <mac_min>FDA52723AC8F</mac_min>
            <mac_max>FDA52723AC93</mac_max>
        </mac>
        <mac>
            <mac_min>FDA52723AC95</mac_min>
            <mac_max>FDA52723ACAD</mac_max>
        </mac>
        <mac>
            <mac_min>FDA52723ACAF</mac_min>
            <mac_max>FDA52723ACB1</mac_max>
        </mac>
        <mac>
            <mac_min>FDA52723ACB3</mac_min>
            <mac_max>FDA52723ACBC</mac_max>
        </mac>
        <mac>
            <mac_min>FDA52723ACBE</mac_min>
            <mac_max>FDA52723ACC1</mac_max>
        </mac>
        <mac>
            <mac_min>FDA52723ACC3</mac_min>
            <mac_max>FDA52723ACE6</mac_max>
        </mac>
        <mac>
            <mac_min>FDA52723ACE9</mac_min>
            <mac_max>FDA52723ACF7</mac_max>
        </mac>
        <mac>
            <mac_min>FDA52723ACF9</mac_min>
            <mac_max>FDA52723ACFB</mac_max>
        </mac>
        <mac>
            <mac_min>FDA52723ACFE</mac_min>
            <mac_max>FDA52723AD04</mac_max>
        </mac>
        <mac>
            <mac_min>FDA52723AD06</mac_min>
            <mac_max>FDA52723AD08</mac_max>
        </mac>
        <mac>
            <mac_min>FDA52723AD0A</mac_min>
            <mac_max>FDA52723AD0C</mac_max>
        </mac>
        <mac>
            <mac_min>FDA52723AD0F</mac_min>
            <mac_max>FDA52723AD11</mac_max>
        </mac>
        <mac>
            <mac_min>FDA52723AD14</mac_min>
            <mac_max>FDA52723AD21</mac_max>
        </mac>
        <mac>
            <mac_min>FDA52723AD23</mac_min>
            <mac_max>FDA52723AD25</mac_max>
        </mac>
        <mac>
            <mac_min>FDA52723ADBF</mac_min>
            <mac_max>FDA52723ADC2</mac_max>
        </mac>
        <mac>
            <mac_min>FDA52723ADC4</mac_min>
            <mac_max>FDA52723ADD1</mac_max>
        </mac>
        <mac>
            <mac_min>FDA52723ADD3</mac_min>
            <mac_max>FDA52723ADDB</mac_max>
        </mac>
        <mac>
            <mac_min>FDA52723ADDD</mac_min>
            <mac_max>FDA52723ADEC</mac_max>
        </mac>
        <mac>
            <mac_min>FDA52723ADEE</mac_min>
            <mac_max>FDA52723ADEF</mac_max>
        </mac>
        <mac>
            <mac_min>FDA52723AE54</mac_min>
            <mac_max>FDA52723AE85</mac_max>
        </mac>
        <mac>
            <mac_min>FDA52725F1EA</mac_min>
            <mac_max>FDA52725F21B</mac_max>
        </mac>
        <mac>
            <mac_min>FDA52725F24E</mac_min>
            <mac_max>FDA52725F280</mac_max>
        </mac>
        <mac>
            <mac_min>FDA52725F284</mac_min>
            <mac_max>FDA52725F28E</mac_max>
        </mac>
        <mac>
            <mac_min>FDA52725F292</mac_min>
            <mac_max>FDA52725F295</mac_max>
        </mac>
        <mac>
            <mac_min>FDA52725F299</mac_min>
            <mac_max>FDA52725F29D</mac_max>
        </mac>
        <mac>
            <mac_min>FDA52725F29F</mac_min>
            <mac_max>FDA52725F2A4</mac_max>
        </mac>
        <mac>
            <mac_min>FDA52725F2A6</mac_min>
            <mac_max>FDA52725F2A7</mac_max>
        </mac>
        <mac>
            <mac_min>FDA52725F2AB</mac_min>
            <mac_max>FDA52725F2B1</mac_max>
        </mac>
        <mac>
            <mac_min>FDA52725F2E4</mac_min>
            <mac_max>FDA52725F306</mac_max>
        </mac>
        <mac>
            <mac_min>FDA52725F308</mac_min>
            <mac_max>FDA52725F315</mac_max>
        </mac>
    </mac_range>
    <mac_single>
        <mac>C91A00622204</mac>
        <mac>C91A00622207</mac>
        <mac>C91A00622210</mac>
        <mac>C91A0062221B</mac>
        <mac>C91A00622222</mac>
        <mac>C91A00622233</mac>
        <mac>C91A00622241</mac>
        <mac>C91A00622249</mac>
        <mac>C91A00622253</mac>
        <mac>C91A00622259</mac>
        <mac>C91A006503BE</mac>
        <mac>C91A006503D0</mac>
        <mac>C91A006503D7</mac>
        <mac>ECB328A201FC</mac>
        <mac>ECB328A201FF</mac>
        <mac>ECB328A20208</mac>
        <mac>ECB328A20213</mac>
        <mac>ECB328A2021A</mac>
        <mac>ECB328A2022B</mac>
        <mac>ECB328A20239</mac>
        <mac>ECB328A20241</mac>
        <mac>ECB328A2024B</mac>
        <mac>ECB328A20251</mac>
        <mac>ECB328A202F6</mac>
        <mac>ECB328A20308</mac>
        <mac>ECB328A2030F</mac>
        <mac>FDA52723AC32</mac>
        <mac>FDA52723AC38</mac>
        <mac>FDA52723AC42</mac>
        <mac>FDA52723AC4A</mac>
        <mac>FDA52723AC58</mac>
        <mac>FDA52723AC69</mac>
        <mac>FDA52723AC70</mac>
        <mac>FDA52723AC7B</mac>
        <mac>FDA52723AC84</mac>
        <mac>FDA52723AC87</mac>
        <mac>FDA52725F290</mac>
        <mac>FDA52725F297</mac>
        <mac>FDA52725F2A9</mac>
    </mac_single>
    <mac_warn />
</build_mac>
