<?xml version="1.0" encoding="utf-8" ?>
<build_mac>
    <build_id>860500010010300016</build_id>
    <mac_range>
        <mac>
            <mac_min>C91A006F2710</mac_min>
            <mac_max>C91A006F2718</mac_max>
        </mac>
        <mac>
            <mac_min>C91A006F271A</mac_min>
            <mac_max>C91A006F271C</mac_max>
        </mac>
        <mac>
            <mac_min>C91A006F271E</mac_min>
            <mac_max>C91A006F271F</mac_max>
        </mac>
        <mac>
            <mac_min>C91A006F2721</mac_min>
            <mac_max>C91A006F2722</mac_max>
        </mac>
        <mac>
            <mac_min>C91A006F2724</mac_min>
            <mac_max>C91A006F2726</mac_max>
        </mac>
        <mac>
            <mac_min>C91A006F2728</mac_min>
            <mac_max>C91A006F272C</mac_max>
        </mac>
        <mac>
            <mac_min>C91A006F272E</mac_min>
            <mac_max>C91A006F2733</mac_max>
        </mac>
        <mac>
            <mac_min>C91A006F273B</mac_min>
            <mac_max>C91A006F273C</mac_max>
        </mac>
        <mac>
            <mac_min>C91A006F2740</mac_min>
            <mac_max>C91A006F2741</mac_max>
        </mac>
        <mac>
            <mac_min>C91A006F28A0</mac_min>
            <mac_max>C91A006F28D3</mac_max>
        </mac>
        <mac>
            <mac_min>C91A006F28D5</mac_min>
            <mac_max>C91A006F28D7</mac_max>
        </mac>
        <mac>
            <mac_min>C91A006F28D9</mac_min>
            <mac_max>C91A006F28DB</mac_max>
        </mac>
        <mac>
            <mac_min>C91A006F28DD</mac_min>
            <mac_max>C91A006F28DE</mac_max>
        </mac>
        <mac>
            <mac_min>C91A006F28E0</mac_min>
            <mac_max>C91A006F28E4</mac_max>
        </mac>
        <mac>
            <mac_min>C91A006F28EB</mac_min>
            <mac_max>C91A006F28ED</mac_max>
        </mac>
        <mac>
            <mac_min>C91A006F28EF</mac_min>
            <mac_max>C91A006F28F0</mac_max>
        </mac>
        <mac>
            <mac_min>C91A006F28F2</mac_min>
            <mac_max>C91A006F28F8</mac_max>
        </mac>
        <mac>
            <mac_min>C91A006F28FA</mac_min>
            <mac_max>C91A006F28FB</mac_max>
        </mac>
        <mac>
            <mac_min>FDA5272C10FB</mac_min>
            <mac_max>FDA5272C1103</mac_max>
        </mac>
        <mac>
            <mac_min>FDA5272C1105</mac_min>
            <mac_max>FDA5272C1107</mac_max>
        </mac>
        <mac>
            <mac_min>FDA5272C1109</mac_min>
            <mac_max>FDA5272C110A</mac_max>
        </mac>
        <mac>
            <mac_min>FDA5272C110C</mac_min>
            <mac_max>FDA5272C110D</mac_max>
        </mac>
        <mac>
            <mac_min>FDA5272C110F</mac_min>
            <mac_max>FDA5272C1111</mac_max>
        </mac>
        <mac>
            <mac_min>FDA5272C1113</mac_min>
            <mac_max>FDA5272C1117</mac_max>
        </mac>
        <mac>
            <mac_min>FDA5272C1119</mac_min>
            <mac_max>FDA5272C111E</mac_max>
        </mac>
        <mac>
            <mac_min>FDA5272C1126</mac_min>
            <mac_max>FDA5272C1127</mac_max>
        </mac>
        <mac>
            <mac_min>FDA5272C112B</mac_min>
            <mac_max>FDA5272C112C</mac_max>
        </mac>
        <mac>
            <mac_min>FDA5272C128B</mac_min>
            <mac_max>FDA5272C12BE</mac_max>
        </mac>
        <mac>
            <mac_min>FDA5272C12C0</mac_min>
            <mac_max>FDA5272C12C2</mac_max>
        </mac>
        <mac>
            <mac_min>FDA5272C12C4</mac_min>
            <mac_max>FDA5272C12C6</mac_max>
        </mac>
        <mac>
            <mac_min>FDA5272C12C8</mac_min>
            <mac_max>FDA5272C12C9</mac_max>
        </mac>
        <mac>
            <mac_min>FDA5272C12CB</mac_min>
            <mac_max>FDA5272C12CF</mac_max>
        </mac>
        <mac>
            <mac_min>FDA5272C12D6</mac_min>
            <mac_max>FDA5272C12D8</mac_max>
        </mac>
        <mac>
            <mac_min>FDA5272C12DA</mac_min>
            <mac_max>FDA5272C12DB</mac_max>
        </mac>
        <mac>
            <mac_min>FDA5272C12DD</mac_min>
            <mac_max>FDA5272C12E3</mac_max>
        </mac>
        <mac>
            <mac_min>FDA5272C12E5</mac_min>
            <mac_max>FDA5272C12E6</mac_max>
        </mac>
    </mac_range>
    <mac_single>
        <mac>C91A006F2737</mac>
        <mac>C91A006F2739</mac>
        <mac>C91A006F2874</mac>
        <mac>C91A006F2879</mac>
        <mac>C91A006F2886</mac>
        <mac>C91A006F2889</mac>
        <mac>C91A006F2895</mac>
        <mac>C91A006F28E6</mac>
        <mac>C91A006F28E9</mac>
        <mac>C91A006F28FD</mac>
        <mac>C91A006F2900</mac>
        <mac>C91A00727062</mac>
        <mac>FDA5272C1122</mac>
        <mac>FDA5272C1124</mac>
        <mac>FDA5272C125F</mac>
        <mac>FDA5272C1264</mac>
        <mac>FDA5272C1271</mac>
        <mac>FDA5272C1274</mac>
        <mac>FDA5272C1280</mac>
        <mac>FDA5272C12D1</mac>
        <mac>FDA5272C12D4</mac>
        <mac>FDA5272C12E8</mac>
        <mac>FDA5272C12EB</mac>
        <mac>FDA52730C0DE</mac>
    </mac_single>
    <mac_warn />
</build_mac>
