<?xml version="1.0" encoding="utf-8" ?>
<build_mac>
    <build_id>860500010010300017</build_id>
    <mac_range>
        <mac>
            <mac_min>C91A007147EB</mac_min>
            <mac_max>C91A007147EC</mac_max>
        </mac>
        <mac>
            <mac_min>FDA5272E320E</mac_min>
            <mac_max>FDA5272E320F</mac_max>
        </mac>
    </mac_range>
    <mac_single>
        <mac>C91A007147EE</mac>
        <mac>C91A007147F2</mac>
        <mac>C91A007147F7</mac>
        <mac>C91A00714806</mac>
        <mac>C91A00714810</mac>
        <mac>FDA5272E3211</mac>
        <mac>FDA5272E3215</mac>
        <mac>FDA5272E321A</mac>
        <mac>FDA5272E3229</mac>
        <mac>FDA5272E3233</mac>
    </mac_single>
    <mac_warn />
</build_mac>
