<?xml version="1.0" encoding="utf-8" ?>
<build_mac>
    <build_id>860500010130300011</build_id>
    <mac_range>
        <mac>
            <mac_min>C91A00714650</mac_min>
            <mac_max>C91A00714659</mac_max>
        </mac>
        <mac>
            <mac_min>C91A0071465C</mac_min>
            <mac_max>C91A0071465F</mac_max>
        </mac>
        <mac>
            <mac_min>C91A00714661</mac_min>
            <mac_max>C91A00714662</mac_max>
        </mac>
        <mac>
            <mac_min>C91A00714666</mac_min>
            <mac_max>C91A0071466D</mac_max>
        </mac>
        <mac>
            <mac_min>C91A0071466F</mac_min>
            <mac_max>C91A00714671</mac_max>
        </mac>
        <mac>
            <mac_min>C91A00714676</mac_min>
            <mac_max>C91A00714677</mac_max>
        </mac>
        <mac>
            <mac_min>C91A00714679</mac_min>
            <mac_max>C91A0071467D</mac_max>
        </mac>
        <mac>
            <mac_min>C91A007147AF</mac_min>
            <mac_max>C91A007147B4</mac_max>
        </mac>
        <mac>
            <mac_min>C91A007147B6</mac_min>
            <mac_max>C91A007147C8</mac_max>
        </mac>
        <mac>
            <mac_min>C91A007147CC</mac_min>
            <mac_max>C91A007147CD</mac_max>
        </mac>
        <mac>
            <mac_min>C91A007147CF</mac_min>
            <mac_max>C91A007147DD</mac_max>
        </mac>
        <mac>
            <mac_min>C91A00714812</mac_min>
            <mac_max>C91A00714843</mac_max>
        </mac>
        <mac>
            <mac_min>FDA5272E3073</mac_min>
            <mac_max>FDA5272E307C</mac_max>
        </mac>
        <mac>
            <mac_min>FDA5272E307F</mac_min>
            <mac_max>FDA5272E3082</mac_max>
        </mac>
        <mac>
            <mac_min>FDA5272E3084</mac_min>
            <mac_max>FDA5272E3085</mac_max>
        </mac>
        <mac>
            <mac_min>FDA5272E3089</mac_min>
            <mac_max>FDA5272E3090</mac_max>
        </mac>
        <mac>
            <mac_min>FDA5272E3092</mac_min>
            <mac_max>FDA5272E3094</mac_max>
        </mac>
        <mac>
            <mac_min>FDA5272E3099</mac_min>
            <mac_max>FDA5272E309A</mac_max>
        </mac>
        <mac>
            <mac_min>FDA5272E309C</mac_min>
            <mac_max>FDA5272E30A0</mac_max>
        </mac>
        <mac>
            <mac_min>FDA5272E31D2</mac_min>
            <mac_max>FDA5272E31D7</mac_max>
        </mac>
        <mac>
            <mac_min>FDA5272E31D9</mac_min>
            <mac_max>FDA5272E31EB</mac_max>
        </mac>
        <mac>
            <mac_min>FDA5272E31EF</mac_min>
            <mac_max>FDA5272E31F0</mac_max>
        </mac>
        <mac>
            <mac_min>FDA5272E31F2</mac_min>
            <mac_max>FDA5272E3200</mac_max>
        </mac>
        <mac>
            <mac_min>FDA5272E3235</mac_min>
            <mac_max>FDA5272E3266</mac_max>
        </mac>
    </mac_range>
    <mac_single>
        <mac>C91A00714673</mac>
        <mac>C91A00714680</mac>
        <mac>C91A007147DF</mac>
        <mac>FDA5272E3096</mac>
        <mac>FDA5272E30A3</mac>
        <mac>FDA5272E3202</mac>
    </mac_single>
    <mac_warn />
</build_mac>
