<?xml version="1.0" encoding="utf-8" ?>
<build_mac>
    <build_id>860500010060300002</build_id>
    <mac_range>
        <mac>
            <mac_min>C91A006E5014</mac_min>
            <mac_max>C91A006E5015</mac_max>
        </mac>
        <mac>
            <mac_min>C91A006E5018</mac_min>
            <mac_max>C91A006E501D</mac_max>
        </mac>
        <mac>
            <mac_min>C91A006E5022</mac_min>
            <mac_max>C91A006E5025</mac_max>
        </mac>
        <mac>
            <mac_min>C91A006E5028</mac_min>
            <mac_max>C91A006E502A</mac_max>
        </mac>
        <mac>
            <mac_min>C91A006E502D</mac_min>
            <mac_max>C91A006E5030</mac_max>
        </mac>
        <mac>
            <mac_min>C91A006E5032</mac_min>
            <mac_max>C91A006E5033</mac_max>
        </mac>
        <mac>
            <mac_min>C91A006E5036</mac_min>
            <mac_max>C91A006E503A</mac_max>
        </mac>
        <mac>
            <mac_min>C91A006E503D</mac_min>
            <mac_max>C91A006E5040</mac_max>
        </mac>
        <mac>
            <mac_min>C91A006E5078</mac_min>
            <mac_max>C91A006E50B1</mac_max>
        </mac>
        <mac>
            <mac_min>C91A006E50B3</mac_min>
            <mac_max>C91A006E50BE</mac_max>
        </mac>
        <mac>
            <mac_min>C91A006E50C0</mac_min>
            <mac_max>C91A006E50DB</mac_max>
        </mac>
        <mac>
            <mac_min>C91A006E5140</mac_min>
            <mac_max>C91A006E518B</mac_max>
        </mac>
        <mac>
            <mac_min>C91A006E518D</mac_min>
            <mac_max>C91A006E5207</mac_max>
        </mac>
        <mac>
            <mac_min>FDA5272B7881</mac_min>
            <mac_max>FDA5272B7882</mac_max>
        </mac>
        <mac>
            <mac_min>FDA5272B7885</mac_min>
            <mac_max>FDA5272B788A</mac_max>
        </mac>
        <mac>
            <mac_min>FDA5272B788F</mac_min>
            <mac_max>FDA5272B7892</mac_max>
        </mac>
        <mac>
            <mac_min>FDA5272B7895</mac_min>
            <mac_max>FDA5272B7897</mac_max>
        </mac>
        <mac>
            <mac_min>FDA5272B789A</mac_min>
            <mac_max>FDA5272B789D</mac_max>
        </mac>
        <mac>
            <mac_min>FDA5272B789F</mac_min>
            <mac_max>FDA5272B78A0</mac_max>
        </mac>
        <mac>
            <mac_min>FDA5272B78A3</mac_min>
            <mac_max>FDA5272B78A7</mac_max>
        </mac>
        <mac>
            <mac_min>FDA5272B78AA</mac_min>
            <mac_max>FDA5272B78AD</mac_max>
        </mac>
        <mac>
            <mac_min>FDA5272B78E5</mac_min>
            <mac_max>FDA5272B791E</mac_max>
        </mac>
        <mac>
            <mac_min>FDA5272B7920</mac_min>
            <mac_max>FDA5272B792B</mac_max>
        </mac>
        <mac>
            <mac_min>FDA5272B792D</mac_min>
            <mac_max>FDA5272B7948</mac_max>
        </mac>
        <mac>
            <mac_min>FDA5272B79AD</mac_min>
            <mac_max>FDA5272B79F8</mac_max>
        </mac>
        <mac>
            <mac_min>FDA5272B79FA</mac_min>
            <mac_max>FDA5272B7A74</mac_max>
        </mac>
    </mac_range>
    <mac_single>
        <mac>C91A006E5043</mac>
        <mac>C91A006E5045</mac>
        <mac>FDA5272B78B0</mac>
        <mac>FDA5272B78B2</mac>
    </mac_single>
    <mac_warn />
</build_mac>
