<?xml version="1.0" encoding="utf-8" ?>
<build_mac>
    <build_id>860500010090300004</build_id>
    <mac_range>
        <mac>
            <mac_min>C91A006D4BFE</mac_min>
            <mac_max>C91A006D4BFF</mac_max>
        </mac>
        <mac>
            <mac_min>C91A006D4C27</mac_min>
            <mac_max>C91A006D4C28</mac_max>
        </mac>
        <mac>
            <mac_min>C91A006E43F8</mac_min>
            <mac_max>C91A006E43FA</mac_max>
        </mac>
        <mac>
            <mac_min>C91A006E43FE</mac_min>
            <mac_max>C91A006E4400</mac_max>
        </mac>
        <mac>
            <mac_min>C91A006E4409</mac_min>
            <mac_max>C91A006E440A</mac_max>
        </mac>
        <mac>
            <mac_min>C91A006E4410</mac_min>
            <mac_max>C91A006E4411</mac_max>
        </mac>
        <mac>
            <mac_min>C91A006E4418</mac_min>
            <mac_max>C91A006E441A</mac_max>
        </mac>
        <mac>
            <mac_min>C91A006E4426</mac_min>
            <mac_max>C91A006E4428</mac_max>
        </mac>
        <mac>
            <mac_min>C91A006F15AE</mac_min>
            <mac_max>C91A006F15AF</mac_max>
        </mac>
        <mac>
            <mac_min>C91A006F15B1</mac_min>
            <mac_max>C91A006F15B2</mac_max>
        </mac>
        <mac>
            <mac_min>C91A006F15B6</mac_min>
            <mac_max>C91A006F15B7</mac_max>
        </mac>
        <mac>
            <mac_min>C91A006F15BC</mac_min>
            <mac_max>C91A006F15BF</mac_max>
        </mac>
        <mac>
            <mac_min>C91A006F15C4</mac_min>
            <mac_max>C91A006F15C8</mac_max>
        </mac>
        <mac>
            <mac_min>C91A006F15D2</mac_min>
            <mac_max>C91A006F15D3</mac_max>
        </mac>
        <mac>
            <mac_min>C91A006F15D5</mac_min>
            <mac_max>C91A006F15D7</mac_max>
        </mac>
        <mac>
            <mac_min>C91A006F15D9</mac_min>
            <mac_max>C91A006F15DF</mac_max>
        </mac>
        <mac>
            <mac_min>FDA5272B0ECC</mac_min>
            <mac_max>FDA5272B0ECD</mac_max>
        </mac>
        <mac>
            <mac_min>FDA5272B0EF5</mac_min>
            <mac_max>FDA5272B0EF6</mac_max>
        </mac>
        <mac>
            <mac_min>FDA5272B6C13</mac_min>
            <mac_max>FDA5272B6C15</mac_max>
        </mac>
        <mac>
            <mac_min>FDA5272B6C19</mac_min>
            <mac_max>FDA5272B6C1B</mac_max>
        </mac>
        <mac>
            <mac_min>FDA5272B6C24</mac_min>
            <mac_max>FDA5272B6C25</mac_max>
        </mac>
        <mac>
            <mac_min>FDA5272B6C2B</mac_min>
            <mac_max>FDA5272B6C2C</mac_max>
        </mac>
        <mac>
            <mac_min>FDA5272B6C33</mac_min>
            <mac_max>FDA5272B6C35</mac_max>
        </mac>
        <mac>
            <mac_min>FDA5272B6C41</mac_min>
            <mac_max>FDA5272B6C43</mac_max>
        </mac>
        <mac>
            <mac_min>FDA5272BB562</mac_min>
            <mac_max>FDA5272BB563</mac_max>
        </mac>
        <mac>
            <mac_min>FDA5272BB565</mac_min>
            <mac_max>FDA5272BB566</mac_max>
        </mac>
        <mac>
            <mac_min>FDA5272BB56A</mac_min>
            <mac_max>FDA5272BB56B</mac_max>
        </mac>
        <mac>
            <mac_min>FDA5272BB570</mac_min>
            <mac_max>FDA5272BB573</mac_max>
        </mac>
        <mac>
            <mac_min>FDA5272BB578</mac_min>
            <mac_max>FDA5272BB57C</mac_max>
        </mac>
        <mac>
            <mac_min>FDA5272BB586</mac_min>
            <mac_max>FDA5272BB587</mac_max>
        </mac>
        <mac>
            <mac_min>FDA5272BB589</mac_min>
            <mac_max>FDA5272BB58B</mac_max>
        </mac>
        <mac>
            <mac_min>FDA5272BB58D</mac_min>
            <mac_max>FDA5272BB593</mac_max>
        </mac>
    </mac_range>
    <mac_single>
        <mac>C91A006D4BFA</mac>
        <mac>C91A006D4C04</mac>
        <mac>C91A006D4C06</mac>
        <mac>C91A006D4C08</mac>
        <mac>C91A006D4C18</mac>
        <mac>C91A006D4C1C</mac>
        <mac>C91A006E42A0</mac>
        <mac>C91A006E42A4</mac>
        <mac>C91A006E42BC</mac>
        <mac>C91A006E42F6</mac>
        <mac>C91A006E42FC</mac>
        <mac>C91A006E4302</mac>
        <mac>C91A006E4336</mac>
        <mac>C91A006E4350</mac>
        <mac>C91A006E439D</mac>
        <mac>C91A006E43A3</mac>
        <mac>C91A006E43AF</mac>
        <mac>C91A006E43FC</mac>
        <mac>C91A006E4402</mac>
        <mac>C91A006E440C</mac>
        <mac>C91A006E4413</mac>
        <mac>C91A006E4420</mac>
        <mac>C91A006E4422</mac>
        <mac>C91A006E4424</mac>
        <mac>C91A006E4439</mac>
        <mac>C91A006F15A8</mac>
        <mac>C91A006F15BA</mac>
        <mac>C91A006F15C2</mac>
        <mac>C91A006F15CA</mac>
        <mac>C91A006F15CE</mac>
        <mac>C91A006F16CB</mac>
        <mac>C91A006F3A3A</mac>
        <mac>C91A006F3A4C</mac>
        <mac>C91A006F3A5D</mac>
        <mac>C91A006F3A61</mac>
        <mac>C91A006F3A65</mac>
        <mac>FDA5272B0EC8</mac>
        <mac>FDA5272B0ED2</mac>
        <mac>FDA5272B0ED4</mac>
        <mac>FDA5272B0ED6</mac>
        <mac>FDA5272B0EE6</mac>
        <mac>FDA5272B0EEA</mac>
        <mac>FDA5272B6ABB</mac>
        <mac>FDA5272B6ABF</mac>
        <mac>FDA5272B6AD7</mac>
        <mac>FDA5272B6B11</mac>
        <mac>FDA5272B6B17</mac>
        <mac>FDA5272B6B1D</mac>
        <mac>FDA5272B6B51</mac>
        <mac>FDA5272B6B6B</mac>
        <mac>FDA5272B6BB8</mac>
        <mac>FDA5272B6BBE</mac>
        <mac>FDA5272B6BCA</mac>
        <mac>FDA5272B6C17</mac>
        <mac>FDA5272B6C1D</mac>
        <mac>FDA5272B6C27</mac>
        <mac>FDA5272B6C2E</mac>
        <mac>FDA5272B6C3B</mac>
        <mac>FDA5272B6C3D</mac>
        <mac>FDA5272B6C3F</mac>
        <mac>FDA5272B6C54</mac>
        <mac>FDA5272BB55C</mac>
        <mac>FDA5272BB56E</mac>
        <mac>FDA5272BB576</mac>
        <mac>FDA5272BB57E</mac>
        <mac>FDA5272BB582</mac>
        <mac>FDA5272BB67F</mac>
        <mac>FDA5272C5FB5</mac>
        <mac>FDA5272C5FC7</mac>
        <mac>FDA5272C5FD8</mac>
        <mac>FDA5272C5FDC</mac>
        <mac>FDA5272C5FE0</mac>
    </mac_single>
    <mac_warn />
</build_mac>
