<?xml version="1.0" encoding="utf-8" ?>
<build_mac>
    <build_id>860500010030300002</build_id>
    <mac_range>
        <mac>
            <mac_min>C91A006508CA</mac_min>
            <mac_max>C91A006508FB</mac_max>
        </mac>
        <mac>
            <mac_min>C91A0065092E</mac_min>
            <mac_max>C91A0065095F</mac_max>
        </mac>
        <mac>
            <mac_min>C91A00650A28</mac_min>
            <mac_max>C91A00650A59</mac_max>
        </mac>
        <mac>
            <mac_min>C91A00650CB2</mac_min>
            <mac_max>C91A00650CE3</mac_max>
        </mac>
        <mac>
            <mac_min>C91A00650DBF</mac_min>
            <mac_max>C91A00650DC0</mac_max>
        </mac>
        <mac>
            <mac_min>C91A00650DCB</mac_min>
            <mac_max>C91A00650DCC</mac_max>
        </mac>
        <mac>
            <mac_min>C91A00650DDC</mac_min>
            <mac_max>C91A00650DDD</mac_max>
        </mac>
        <mac>
            <mac_min>C91A00650ED8</mac_min>
            <mac_max>C91A00650F09</mac_max>
        </mac>
        <mac>
            <mac_min>C91A0065128E</mac_min>
            <mac_max>C91A006512BF</mac_max>
        </mac>
        <mac>
            <mac_min>C91A006512FC</mac_min>
            <mac_max>C91A006512FD</mac_max>
        </mac>
        <mac>
            <mac_min>C91A00651306</mac_min>
            <mac_max>C91A00651307</mac_max>
        </mac>
        <mac>
            <mac_min>C91A0065130B</mac_min>
            <mac_max>C91A0065130C</mac_max>
        </mac>
        <mac>
            <mac_min>C91A00651312</mac_min>
            <mac_max>C91A00651313</mac_max>
        </mac>
        <mac>
            <mac_min>C91A00651316</mac_min>
            <mac_max>C91A00651317</mac_max>
        </mac>
        <mac>
            <mac_min>C91A0065131A</mac_min>
            <mac_max>C91A0065131C</mac_max>
        </mac>
        <mac>
            <mac_min>C91A0065131E</mac_min>
            <mac_max>C91A00651320</mac_max>
        </mac>
        <mac>
            <mac_min>C91A00651324</mac_min>
            <mac_max>C91A00651355</mac_max>
        </mac>
        <mac>
            <mac_min>C91A00660000</mac_min>
            <mac_max>C91A00660063</mac_max>
        </mac>
        <mac>
            <mac_min>C91A0066015E</mac_min>
            <mac_max>C91A006601C1</mac_max>
        </mac>
        <mac>
            <mac_min>C91A00660258</mac_min>
            <mac_max>C91A006602ED</mac_max>
        </mac>
        <mac>
            <mac_min>C91A00660320</mac_min>
            <mac_max>C91A00660351</mac_max>
        </mac>
        <mac>
            <mac_min>C91A0066044C</mac_min>
            <mac_max>C91A0066047D</mac_max>
        </mac>
        <mac>
            <mac_min>C91A006604B0</mac_min>
            <mac_max>C91A006604B4</mac_max>
        </mac>
        <mac>
            <mac_min>C91A006604B6</mac_min>
            <mac_max>C91A006604E1</mac_max>
        </mac>
        <mac>
            <mac_min>C91A00660578</mac_min>
            <mac_max>C91A0066058C</mac_max>
        </mac>
        <mac>
            <mac_min>C91A0066058E</mac_min>
            <mac_max>C91A006605AE</mac_max>
        </mac>
        <mac>
            <mac_min>C91A006605B0</mac_min>
            <mac_max>C91A006605DB</mac_max>
        </mac>
        <mac>
            <mac_min>C91A006606A4</mac_min>
            <mac_max>C91A006606D5</mac_max>
        </mac>
        <mac>
            <mac_min>FDA52723C825</mac_min>
            <mac_max>FDA52723C856</mac_max>
        </mac>
        <mac>
            <mac_min>FDA52723C920</mac_min>
            <mac_max>FDA52723C94B</mac_max>
        </mac>
        <mac>
            <mac_min>FDA52723C94D</mac_min>
            <mac_max>FDA52723C96D</mac_max>
        </mac>
        <mac>
            <mac_min>FDA52723C96F</mac_min>
            <mac_max>FDA52723C983</mac_max>
        </mac>
        <mac>
            <mac_min>FDA52723CA1A</mac_min>
            <mac_max>FDA52723CA45</mac_max>
        </mac>
        <mac>
            <mac_min>FDA52723CA47</mac_min>
            <mac_max>FDA52723CA4B</mac_max>
        </mac>
        <mac>
            <mac_min>FDA52723CA7E</mac_min>
            <mac_max>FDA52723CAAF</mac_max>
        </mac>
        <mac>
            <mac_min>FDA52723CBAA</mac_min>
            <mac_max>FDA52723CBDB</mac_max>
        </mac>
        <mac>
            <mac_min>FDA52723CC0E</mac_min>
            <mac_max>FDA52723CCA3</mac_max>
        </mac>
        <mac>
            <mac_min>FDA52723CD3A</mac_min>
            <mac_max>FDA52723CD9D</mac_max>
        </mac>
        <mac>
            <mac_min>FDA52723CE98</mac_min>
            <mac_max>FDA52723CEFA</mac_max>
        </mac>
        <mac>
            <mac_min>FDA52725E312</mac_min>
            <mac_max>FDA52725E343</mac_max>
        </mac>
        <mac>
            <mac_min>FDA52725E347</mac_min>
            <mac_max>FDA52725E349</mac_max>
        </mac>
        <mac>
            <mac_min>FDA52725E34B</mac_min>
            <mac_max>FDA52725E34D</mac_max>
        </mac>
        <mac>
            <mac_min>FDA52725E350</mac_min>
            <mac_max>FDA52725E351</mac_max>
        </mac>
        <mac>
            <mac_min>FDA52725E354</mac_min>
            <mac_max>FDA52725E355</mac_max>
        </mac>
        <mac>
            <mac_min>FDA52725E35B</mac_min>
            <mac_max>FDA52725E35C</mac_max>
        </mac>
        <mac>
            <mac_min>FDA52725E360</mac_min>
            <mac_max>FDA52725E361</mac_max>
        </mac>
        <mac>
            <mac_min>FDA52725E36A</mac_min>
            <mac_max>FDA52725E36B</mac_max>
        </mac>
        <mac>
            <mac_min>FDA52725E3A8</mac_min>
            <mac_max>FDA52725E3D9</mac_max>
        </mac>
        <mac>
            <mac_min>FDA52725E75E</mac_min>
            <mac_max>FDA52725E78F</mac_max>
        </mac>
        <mac>
            <mac_min>FDA52725E88A</mac_min>
            <mac_max>FDA52725E88B</mac_max>
        </mac>
        <mac>
            <mac_min>FDA52725E89B</mac_min>
            <mac_max>FDA52725E89C</mac_max>
        </mac>
        <mac>
            <mac_min>FDA52725E8A7</mac_min>
            <mac_max>FDA52725E8A8</mac_max>
        </mac>
        <mac>
            <mac_min>FDA52725E984</mac_min>
            <mac_max>FDA52725E9B5</mac_max>
        </mac>
        <mac>
            <mac_min>FDA52725EC0E</mac_min>
            <mac_max>FDA52725EC3F</mac_max>
        </mac>
        <mac>
            <mac_min>FDA52725ED08</mac_min>
            <mac_max>FDA52725ED39</mac_max>
        </mac>
        <mac>
            <mac_min>FDA52725ED6C</mac_min>
            <mac_max>FDA52725ED9D</mac_max>
        </mac>
    </mac_range>
    <mac_single>
        <mac>C91A006006B5</mac>
        <mac>C91A006006C5</mac>
        <mac>C91A006006CA</mac>
        <mac>C91A006008FF</mac>
        <mac>C91A0060090A</mac>
        <mac>C91A0060091D</mac>
        <mac>C91A0060092A</mac>
        <mac>C91A0061076C</mac>
        <mac>C91A00610813</mac>
        <mac>C91A00610833</mac>
        <mac>C91A00610899</mac>
        <mac>C91A006108D9</mac>
        <mac>C91A006108E6</mac>
        <mac>C91A006108ED</mac>
        <mac>C91A006108F0</mac>
        <mac>C91A00610A35</mac>
        <mac>C91A0061199E</mac>
        <mac>C91A006119C5</mac>
        <mac>C91A00650DB2</mac>
        <mac>C91A00650DC4</mac>
        <mac>C91A00650DC9</mac>
        <mac>C91A00650DCE</mac>
        <mac>C91A00650DD1</mac>
        <mac>C91A00650DD4</mac>
        <mac>C91A00650DD6</mac>
        <mac>C91A006512F5</mac>
        <mac>C91A006512F8</mac>
        <mac>C91A006512FF</mac>
        <mac>C91A00651303</mac>
        <mac>C91A00651309</mac>
        <mac>C91A0065130F</mac>
        <mac>C91A00651322</mac>
        <mac>FDA5271A20A4</mac>
        <mac>FDA5271A20B4</mac>
        <mac>FDA5271A20B9</mac>
        <mac>FDA5271A2B9C</mac>
        <mac>FDA5271A2BA7</mac>
        <mac>FDA5271A2BBA</mac>
        <mac>FDA5271A2BC7</mac>
        <mac>FDA52722973A</mac>
        <mac>FDA527229761</mac>
        <mac>FDA52722A6CD</mac>
        <mac>FDA52722A812</mac>
        <mac>FDA52722A815</mac>
        <mac>FDA52722A81C</mac>
        <mac>FDA52722A829</mac>
        <mac>FDA52722A869</mac>
        <mac>FDA52722A8CF</mac>
        <mac>FDA52722A8EF</mac>
        <mac>FDA52722A996</mac>
        <mac>FDA52725E345</mac>
        <mac>FDA52725E358</mac>
        <mac>FDA52725E35E</mac>
        <mac>FDA52725E364</mac>
        <mac>FDA52725E368</mac>
        <mac>FDA52725E36F</mac>
        <mac>FDA52725E372</mac>
        <mac>FDA52725E891</mac>
        <mac>FDA52725E893</mac>
        <mac>FDA52725E896</mac>
        <mac>FDA52725E899</mac>
        <mac>FDA52725E89E</mac>
        <mac>FDA52725E8A3</mac>
        <mac>FDA52725E8B5</mac>
    </mac_single>
    <mac_warn />
</build_mac>
