<?xml version="1.0" encoding="utf-8" ?>
<build_mac>
    <build_id>860500010010300002</build_id>
    <mac_range>
        <mac>
            <mac_min>FDA527258E5F</mac_min>
            <mac_max>FDA527258E61</mac_max>
        </mac>
        <mac>
            <mac_min>FDA527258E7B</mac_min>
            <mac_max>FDA527258E7C</mac_max>
        </mac>
        <mac>
            <mac_min>FDA527258E8F</mac_min>
            <mac_max>FDA527258E91</mac_max>
        </mac>
        <mac>
            <mac_min>FDA527258E96</mac_min>
            <mac_max>FDA527258E99</mac_max>
        </mac>
        <mac>
            <mac_min>FDA527258E9B</mac_min>
            <mac_max>FDA527258E9D</mac_max>
        </mac>
        <mac>
            <mac_min>FDA527258EB2</mac_min>
            <mac_max>FDA527258EB3</mac_max>
        </mac>
        <mac>
            <mac_min>FDA527258EBB</mac_min>
            <mac_max>FDA527258EBC</mac_max>
        </mac>
        <mac>
            <mac_min>FDA527258F32</mac_min>
            <mac_max>FDA527258F33</mac_max>
        </mac>
        <mac>
            <mac_min>FDA527258F35</mac_min>
            <mac_max>FDA527258F36</mac_max>
        </mac>
        <mac>
            <mac_min>FDA527258F42</mac_min>
            <mac_max>FDA527258F44</mac_max>
        </mac>
        <mac>
            <mac_min>FDA527258F52</mac_min>
            <mac_max>FDA527258F53</mac_max>
        </mac>
        <mac>
            <mac_min>FDA527258F5F</mac_min>
            <mac_max>FDA527258F60</mac_max>
        </mac>
        <mac>
            <mac_min>FDA527258F63</mac_min>
            <mac_max>FDA527258F65</mac_max>
        </mac>
        <mac>
            <mac_min>FDA527258F69</mac_min>
            <mac_max>FDA527258F6D</mac_max>
        </mac>
        <mac>
            <mac_min>FDA527258F71</mac_min>
            <mac_max>FDA527258F75</mac_max>
        </mac>
        <mac>
            <mac_min>FDA527258F7A</mac_min>
            <mac_max>FDA527258F7B</mac_max>
        </mac>
        <mac>
            <mac_min>FDA527258F7E</mac_min>
            <mac_max>FDA527258F80</mac_max>
        </mac>
        <mac>
            <mac_min>FDA527258F82</mac_min>
            <mac_max>FDA527258F83</mac_max>
        </mac>
        <mac>
            <mac_min>FDA527258F90</mac_min>
            <mac_max>FDA527258F91</mac_max>
        </mac>
        <mac>
            <mac_min>FDA527259007</mac_min>
            <mac_max>FDA527259009</mac_max>
        </mac>
        <mac>
            <mac_min>FDA527259013</mac_min>
            <mac_max>FDA527259014</mac_max>
        </mac>
        <mac>
            <mac_min>FDA52725901C</mac_min>
            <mac_max>FDA52725901D</mac_max>
        </mac>
        <mac>
            <mac_min>FDA527259024</mac_min>
            <mac_max>FDA527259025</mac_max>
        </mac>
        <mac>
            <mac_min>FDA52725916B</mac_min>
            <mac_max>FDA52725916C</mac_max>
        </mac>
        <mac>
            <mac_min>FDA527259180</mac_min>
            <mac_max>FDA527259183</mac_max>
        </mac>
        <mac>
            <mac_min>FDA52725918D</mac_min>
            <mac_max>FDA52725918E</mac_max>
        </mac>
    </mac_range>
    <mac_single>
        <mac>FDA527258E68</mac>
        <mac>FDA527258E6C</mac>
        <mac>FDA527258E72</mac>
        <mac>FDA527258E85</mac>
        <mac>FDA527258E94</mac>
        <mac>FDA527258EA0</mac>
        <mac>FDA527258EA2</mac>
        <mac>FDA527258EA5</mac>
        <mac>FDA527258EAB</mac>
        <mac>FDA527258EB5</mac>
        <mac>FDA527258EC2</mac>
        <mac>FDA527258EC4</mac>
        <mac>FDA527258EE7</mac>
        <mac>FDA527258F3A</mac>
        <mac>FDA527258F3D</mac>
        <mac>FDA527258F3F</mac>
        <mac>FDA527258F46</mac>
        <mac>FDA527258F4F</mac>
        <mac>FDA527258F55</mac>
        <mac>FDA527258F57</mac>
        <mac>FDA527258F59</mac>
        <mac>FDA527258F5C</mac>
        <mac>FDA527258F85</mac>
        <mac>FDA527258F88</mac>
        <mac>FDA527258F8C</mac>
        <mac>FDA527258FA5</mac>
        <mac>FDA527258FC0</mac>
        <mac>FDA527259005</mac>
        <mac>FDA52725900F</mac>
        <mac>FDA527259019</mac>
        <mac>FDA52725901F</mac>
        <mac>FDA52725902A</mac>
        <mac>FDA5272590E1</mac>
        <mac>FDA52725914B</mac>
        <mac>FDA527259154</mac>
        <mac>FDA527259156</mac>
        <mac>FDA527259159</mac>
        <mac>FDA527259161</mac>
        <mac>FDA527259165</mac>
        <mac>FDA52725916E</mac>
        <mac>FDA527259186</mac>
        <mac>FDA527259188</mac>
        <mac>FDA52725918B</mac>
    </mac_single>
    <mac_warn />
</build_mac>
