<?xml version="1.0" encoding="utf-8" ?>
<build_mac>
    <build_id>860500010030300011</build_id>
    <mac_range>
        <mac>
            <mac_min>C91A006F27A1</mac_min>
            <mac_max>C91A006F27A2</mac_max>
        </mac>
        <mac>
            <mac_min>C91A006F27A5</mac_min>
            <mac_max>C91A006F27D7</mac_max>
        </mac>
        <mac>
            <mac_min>C91A006F27EA</mac_min>
            <mac_max>C91A006F27EB</mac_max>
        </mac>
        <mac>
            <mac_min>C91A006F2801</mac_min>
            <mac_max>C91A006F2802</mac_max>
        </mac>
        <mac>
            <mac_min>C91A006F286E</mac_min>
            <mac_max>C91A006F2873</mac_max>
        </mac>
        <mac>
            <mac_min>C91A006F2875</mac_min>
            <mac_max>C91A006F2878</mac_max>
        </mac>
        <mac>
            <mac_min>C91A006F287A</mac_min>
            <mac_max>C91A006F2885</mac_max>
        </mac>
        <mac>
            <mac_min>C91A006F2887</mac_min>
            <mac_max>C91A006F2888</mac_max>
        </mac>
        <mac>
            <mac_min>C91A006F288A</mac_min>
            <mac_max>C91A006F2894</mac_max>
        </mac>
        <mac>
            <mac_min>C91A006F2896</mac_min>
            <mac_max>C91A006F289F</mac_max>
        </mac>
        <mac>
            <mac_min>C91A006F28E7</mac_min>
            <mac_max>C91A006F28E8</mac_max>
        </mac>
        <mac>
            <mac_min>C91A006F28FE</mac_min>
            <mac_max>C91A006F28FF</mac_max>
        </mac>
        <mac>
            <mac_min>C91A006F2901</mac_min>
            <mac_max>C91A006F2903</mac_max>
        </mac>
        <mac>
            <mac_min>FDA5272C118C</mac_min>
            <mac_max>FDA5272C118D</mac_max>
        </mac>
        <mac>
            <mac_min>FDA5272C1190</mac_min>
            <mac_max>FDA5272C11C2</mac_max>
        </mac>
        <mac>
            <mac_min>FDA5272C11D5</mac_min>
            <mac_max>FDA5272C11D6</mac_max>
        </mac>
        <mac>
            <mac_min>FDA5272C11EC</mac_min>
            <mac_max>FDA5272C11ED</mac_max>
        </mac>
        <mac>
            <mac_min>FDA5272C1259</mac_min>
            <mac_max>FDA5272C125E</mac_max>
        </mac>
        <mac>
            <mac_min>FDA5272C1260</mac_min>
            <mac_max>FDA5272C1263</mac_max>
        </mac>
        <mac>
            <mac_min>FDA5272C1265</mac_min>
            <mac_max>FDA5272C1270</mac_max>
        </mac>
        <mac>
            <mac_min>FDA5272C1272</mac_min>
            <mac_max>FDA5272C1273</mac_max>
        </mac>
        <mac>
            <mac_min>FDA5272C1275</mac_min>
            <mac_max>FDA5272C127F</mac_max>
        </mac>
        <mac>
            <mac_min>FDA5272C1281</mac_min>
            <mac_max>FDA5272C128A</mac_max>
        </mac>
        <mac>
            <mac_min>FDA5272C12D2</mac_min>
            <mac_max>FDA5272C12D3</mac_max>
        </mac>
        <mac>
            <mac_min>FDA5272C12E9</mac_min>
            <mac_max>FDA5272C12EA</mac_max>
        </mac>
        <mac>
            <mac_min>FDA5272C12EC</mac_min>
            <mac_max>FDA5272C12EE</mac_max>
        </mac>
    </mac_range>
    <mac_single>
        <mac>C91A006F2774</mac>
        <mac>C91A006F2779</mac>
        <mac>C91A006F2789</mac>
        <mac>C91A006F2794</mac>
        <mac>C91A006F2796</mac>
        <mac>C91A006F2798</mac>
        <mac>C91A006F27D9</mac>
        <mac>C91A006F27DD</mac>
        <mac>C91A006F27E8</mac>
        <mac>C91A006F27EE</mac>
        <mac>C91A006F27F2</mac>
        <mac>C91A006F27FB</mac>
        <mac>C91A006F2809</mac>
        <mac>C91A006F28D4</mac>
        <mac>C91A006F28D8</mac>
        <mac>C91A006F28DC</mac>
        <mac>C91A006F28DF</mac>
        <mac>C91A006F28E5</mac>
        <mac>C91A006F28EA</mac>
        <mac>C91A006F28EE</mac>
        <mac>C91A006F28F1</mac>
        <mac>C91A006F28F9</mac>
        <mac>C91A006F28FC</mac>
        <mac>FDA5272C115F</mac>
        <mac>FDA5272C1164</mac>
        <mac>FDA5272C1174</mac>
        <mac>FDA5272C117F</mac>
        <mac>FDA5272C1181</mac>
        <mac>FDA5272C1183</mac>
        <mac>FDA5272C11C4</mac>
        <mac>FDA5272C11C8</mac>
        <mac>FDA5272C11D3</mac>
        <mac>FDA5272C11D9</mac>
        <mac>FDA5272C11DD</mac>
        <mac>FDA5272C11E6</mac>
        <mac>FDA5272C11F4</mac>
        <mac>FDA5272C12BF</mac>
        <mac>FDA5272C12C3</mac>
        <mac>FDA5272C12C7</mac>
        <mac>FDA5272C12CA</mac>
        <mac>FDA5272C12D0</mac>
        <mac>FDA5272C12D5</mac>
        <mac>FDA5272C12D9</mac>
        <mac>FDA5272C12DC</mac>
        <mac>FDA5272C12E4</mac>
        <mac>FDA5272C12E7</mac>
    </mac_single>
    <mac_warn />
</build_mac>
