<?xml version="1.0" encoding="utf-8" ?>
<build_mac>
    <build_id>860500010130300003</build_id>
    <mac_range>
        <mac>
            <mac_min>C91A006F3908</mac_min>
            <mac_max>C91A006F3909</mac_max>
        </mac>
        <mac>
            <mac_min>C91A006F390D</mac_min>
            <mac_max>C91A006F390E</mac_max>
        </mac>
        <mac>
            <mac_min>C91A006F3910</mac_min>
            <mac_max>C91A006F3911</mac_max>
        </mac>
        <mac>
            <mac_min>C91A006F3913</mac_min>
            <mac_max>C91A006F3914</mac_max>
        </mac>
        <mac>
            <mac_min>C91A006F3917</mac_min>
            <mac_max>C91A006F391C</mac_max>
        </mac>
        <mac>
            <mac_min>C91A006F391F</mac_min>
            <mac_max>C91A006F3920</mac_max>
        </mac>
        <mac>
            <mac_min>C91A006F3925</mac_min>
            <mac_max>C91A006F3926</mac_max>
        </mac>
        <mac>
            <mac_min>C91A006F3929</mac_min>
            <mac_max>C91A006F392B</mac_max>
        </mac>
        <mac>
            <mac_min>C91A006F392D</mac_min>
            <mac_max>C91A006F392E</mac_max>
        </mac>
        <mac>
            <mac_min>C91A006F3937</mac_min>
            <mac_max>C91A006F3938</mac_max>
        </mac>
        <mac>
            <mac_min>C91A006F3A34</mac_min>
            <mac_max>C91A006F3A35</mac_max>
        </mac>
        <mac>
            <mac_min>C91A006F3A4D</mac_min>
            <mac_max>C91A006F3A4E</mac_max>
        </mac>
        <mac>
            <mac_min>C91A006F3A51</mac_min>
            <mac_max>C91A006F3A52</mac_max>
        </mac>
        <mac>
            <mac_min>C91A006F3A62</mac_min>
            <mac_max>C91A006F3A63</mac_max>
        </mac>
        <mac>
            <mac_min>FDA5272C5E83</mac_min>
            <mac_max>FDA5272C5E84</mac_max>
        </mac>
        <mac>
            <mac_min>FDA5272C5E88</mac_min>
            <mac_max>FDA5272C5E89</mac_max>
        </mac>
        <mac>
            <mac_min>FDA5272C5E8B</mac_min>
            <mac_max>FDA5272C5E8C</mac_max>
        </mac>
        <mac>
            <mac_min>FDA5272C5E8E</mac_min>
            <mac_max>FDA5272C5E8F</mac_max>
        </mac>
        <mac>
            <mac_min>FDA5272C5E92</mac_min>
            <mac_max>FDA5272C5E97</mac_max>
        </mac>
        <mac>
            <mac_min>FDA5272C5E9A</mac_min>
            <mac_max>FDA5272C5E9B</mac_max>
        </mac>
        <mac>
            <mac_min>FDA5272C5EA0</mac_min>
            <mac_max>FDA5272C5EA1</mac_max>
        </mac>
        <mac>
            <mac_min>FDA5272C5EA4</mac_min>
            <mac_max>FDA5272C5EA6</mac_max>
        </mac>
        <mac>
            <mac_min>FDA5272C5EA8</mac_min>
            <mac_max>FDA5272C5EA9</mac_max>
        </mac>
        <mac>
            <mac_min>FDA5272C5EB2</mac_min>
            <mac_max>FDA5272C5EB3</mac_max>
        </mac>
        <mac>
            <mac_min>FDA5272C5FAF</mac_min>
            <mac_max>FDA5272C5FB0</mac_max>
        </mac>
        <mac>
            <mac_min>FDA5272C5FC8</mac_min>
            <mac_max>FDA5272C5FC9</mac_max>
        </mac>
        <mac>
            <mac_min>FDA5272C5FCC</mac_min>
            <mac_max>FDA5272C5FCD</mac_max>
        </mac>
        <mac>
            <mac_min>FDA5272C5FDD</mac_min>
            <mac_max>FDA5272C5FDE</mac_max>
        </mac>
    </mac_range>
    <mac_single>
        <mac>C91A006F3922</mac>
        <mac>C91A006F3930</mac>
        <mac>C91A006F3932</mac>
        <mac>C91A006F3A3C</mac>
        <mac>C91A006F3A3E</mac>
        <mac>C91A006F3A40</mac>
        <mac>C91A006F3A46</mac>
        <mac>C91A006F3A4B</mac>
        <mac>C91A006F3A54</mac>
        <mac>C91A006F3A57</mac>
        <mac>C91A006F3A5A</mac>
        <mac>C91A006F3A60</mac>
        <mac>FDA5272C5E9D</mac>
        <mac>FDA5272C5EAB</mac>
        <mac>FDA5272C5EAD</mac>
        <mac>FDA5272C5FB7</mac>
        <mac>FDA5272C5FB9</mac>
        <mac>FDA5272C5FBB</mac>
        <mac>FDA5272C5FC1</mac>
        <mac>FDA5272C5FC6</mac>
        <mac>FDA5272C5FCF</mac>
        <mac>FDA5272C5FD2</mac>
        <mac>FDA5272C5FD5</mac>
        <mac>FDA5272C5FDB</mac>
    </mac_single>
    <mac_warn />
</build_mac>
