<?xml version="1.0" encoding="utf-8" ?>
<build_mac>
    <build_id>860500010140300001</build_id>
    <mac_range>
        <mac>
            <mac_min>C91A006D06A5</mac_min>
            <mac_max>C91A006D06AA</mac_max>
        </mac>
        <mac>
            <mac_min>C91A006D06AC</mac_min>
            <mac_max>C91A006D06AF</mac_max>
        </mac>
        <mac>
            <mac_min>C91A006D06B1</mac_min>
            <mac_max>C91A006D06BC</mac_max>
        </mac>
        <mac>
            <mac_min>C91A006D06BE</mac_min>
            <mac_max>C91A006D06CA</mac_max>
        </mac>
        <mac>
            <mac_min>C91A006D06CC</mac_min>
            <mac_max>C91A006D06CE</mac_max>
        </mac>
        <mac>
            <mac_min>C91A006D06D0</mac_min>
            <mac_max>C91A006D06D5</mac_max>
        </mac>
        <mac>
            <mac_min>C91A006D1B8A</mac_min>
            <mac_max>C91A006D1BB6</mac_max>
        </mac>
        <mac>
            <mac_min>C91A006D1BB8</mac_min>
            <mac_max>C91A006D1BD6</mac_max>
        </mac>
        <mac>
            <mac_min>C91A006D1BD8</mac_min>
            <mac_max>C91A006D1BEA</mac_max>
        </mac>
        <mac>
            <mac_min>C91A006D1BEC</mac_min>
            <mac_max>C91A006D1C04</mac_max>
        </mac>
        <mac>
            <mac_min>C91A006D1C06</mac_min>
            <mac_max>C91A006D1C1F</mac_max>
        </mac>
        <mac>
            <mac_min>C91A006D1CB6</mac_min>
            <mac_max>C91A006D1CE7</mac_max>
        </mac>
        <mac>
            <mac_min>C91A006D1D1A</mac_min>
            <mac_max>C91A006D1D4B</mac_max>
        </mac>
        <mac>
            <mac_min>FDA5272AC766</mac_min>
            <mac_max>FDA5272AC76B</mac_max>
        </mac>
        <mac>
            <mac_min>FDA5272AC76D</mac_min>
            <mac_max>FDA5272AC770</mac_max>
        </mac>
        <mac>
            <mac_min>FDA5272AC772</mac_min>
            <mac_max>FDA5272AC77D</mac_max>
        </mac>
        <mac>
            <mac_min>FDA5272AC77F</mac_min>
            <mac_max>FDA5272AC78B</mac_max>
        </mac>
        <mac>
            <mac_min>FDA5272AC78D</mac_min>
            <mac_max>FDA5272AC78F</mac_max>
        </mac>
        <mac>
            <mac_min>FDA5272AC791</mac_min>
            <mac_max>FDA5272AC796</mac_max>
        </mac>
        <mac>
            <mac_min>FDA5272ADC63</mac_min>
            <mac_max>FDA5272ADC8F</mac_max>
        </mac>
        <mac>
            <mac_min>FDA5272ADC91</mac_min>
            <mac_max>FDA5272ADCAF</mac_max>
        </mac>
        <mac>
            <mac_min>FDA5272ADCB1</mac_min>
            <mac_max>FDA5272ADCC3</mac_max>
        </mac>
        <mac>
            <mac_min>FDA5272ADCC5</mac_min>
            <mac_max>FDA5272ADCDD</mac_max>
        </mac>
        <mac>
            <mac_min>FDA5272ADCDF</mac_min>
            <mac_max>FDA5272ADCF8</mac_max>
        </mac>
        <mac>
            <mac_min>FDA5272ADD8F</mac_min>
            <mac_max>FDA5272ADDC0</mac_max>
        </mac>
        <mac>
            <mac_min>FDA5272ADDF3</mac_min>
            <mac_max>FDA5272ADE24</mac_max>
        </mac>
    </mac_range>
    <mac_single />
    <mac_warn />
</build_mac>
