<?xml version="1.0" encoding="utf-8" ?>
<build_mac>
    <build_id>860500010030300001</build_id>
    <mac_range>
        <mac>
            <mac_min>C91A00540008</mac_min>
            <mac_max>C91A0054000A</mac_max>
        </mac>
        <mac>
            <mac_min>C91A0054001A</mac_min>
            <mac_max>C91A0054001B</mac_max>
        </mac>
        <mac>
            <mac_min>C91A00540022</mac_min>
            <mac_max>C91A00540023</mac_max>
        </mac>
        <mac>
            <mac_min>C91A0054002B</mac_min>
            <mac_max>C91A0054002C</mac_max>
        </mac>
        <mac>
            <mac_min>C91A00540031</mac_min>
            <mac_max>C91A00540032</mac_max>
        </mac>
        <mac>
            <mac_min>C91A005401C6</mac_min>
            <mac_max>C91A005401C8</mac_max>
        </mac>
        <mac>
            <mac_min>C91A005401F2</mac_min>
            <mac_max>C91A005401F4</mac_max>
        </mac>
        <mac>
            <mac_min>C91A00540216</mac_min>
            <mac_max>C91A00540217</mac_max>
        </mac>
        <mac>
            <mac_min>C91A00540256</mac_min>
            <mac_max>C91A00540257</mac_max>
        </mac>
        <mac>
            <mac_min>C91A005402DE</mac_min>
            <mac_max>C91A005402DF</mac_max>
        </mac>
        <mac>
            <mac_min>C91A00540314</mac_min>
            <mac_max>C91A00540315</mac_max>
        </mac>
        <mac>
            <mac_min>C91A0054038B</mac_min>
            <mac_max>C91A0054038D</mac_max>
        </mac>
        <mac>
            <mac_min>C91A00540392</mac_min>
            <mac_max>C91A00540394</mac_max>
        </mac>
        <mac>
            <mac_min>C91A0054039A</mac_min>
            <mac_max>C91A0054039C</mac_max>
        </mac>
        <mac>
            <mac_min>C91A005403B2</mac_min>
            <mac_max>C91A005403B3</mac_max>
        </mac>
        <mac>
            <mac_min>C91A005405D4</mac_min>
            <mac_max>C91A005405D5</mac_max>
        </mac>
        <mac>
            <mac_min>C91A00540741</mac_min>
            <mac_max>C91A00540742</mac_max>
        </mac>
        <mac>
            <mac_min>C91A00540764</mac_min>
            <mac_max>C91A00540766</mac_max>
        </mac>
        <mac>
            <mac_min>C91A00540769</mac_min>
            <mac_max>C91A0054076B</mac_max>
        </mac>
        <mac>
            <mac_min>C91A005407AA</mac_min>
            <mac_max>C91A005407AC</mac_max>
        </mac>
        <mac>
            <mac_min>C91A005407B4</mac_min>
            <mac_max>C91A005407B5</mac_max>
        </mac>
        <mac>
            <mac_min>C91A005407C2</mac_min>
            <mac_max>C91A005407C4</mac_max>
        </mac>
        <mac>
            <mac_min>C91A005407C8</mac_min>
            <mac_max>C91A005407C9</mac_max>
        </mac>
        <mac>
            <mac_min>C91A005407CE</mac_min>
            <mac_max>C91A005407CF</mac_max>
        </mac>
        <mac>
            <mac_min>C91A00610ABF</mac_min>
            <mac_max>C91A00610AC1</mac_max>
        </mac>
        <mac>
            <mac_min>C91A00610AC5</mac_min>
            <mac_max>C91A00610AC7</mac_max>
        </mac>
        <mac>
            <mac_min>C91A00610AC9</mac_min>
            <mac_max>C91A00610ACB</mac_max>
        </mac>
        <mac>
            <mac_min>C91A00610AD8</mac_min>
            <mac_max>C91A00610AD9</mac_max>
        </mac>
        <mac>
            <mac_min>C91A00610ADC</mac_min>
            <mac_max>C91A00610AE1</mac_max>
        </mac>
        <mac>
            <mac_min>C91A00610AE8</mac_min>
            <mac_max>C91A00610AED</mac_max>
        </mac>
        <mac>
            <mac_min>C91A00610B22</mac_min>
            <mac_max>C91A00610B24</mac_max>
        </mac>
        <mac>
            <mac_min>C91A00610B27</mac_min>
            <mac_max>C91A00610B2F</mac_max>
        </mac>
        <mac>
            <mac_min>C91A00610B31</mac_min>
            <mac_max>C91A00610B3A</mac_max>
        </mac>
        <mac>
            <mac_min>C91A00610B3E</mac_min>
            <mac_max>C91A00610B3F</mac_max>
        </mac>
        <mac>
            <mac_min>C91A00610B41</mac_min>
            <mac_max>C91A00610B43</mac_max>
        </mac>
        <mac>
            <mac_min>C91A00610B45</mac_min>
            <mac_max>C91A00610B4F</mac_max>
        </mac>
        <mac>
            <mac_min>C91A00610B51</mac_min>
            <mac_max>C91A00610B53</mac_max>
        </mac>
        <mac>
            <mac_min>C91A00610FA3</mac_min>
            <mac_max>C91A00610FA5</mac_max>
        </mac>
        <mac>
            <mac_min>C91A00610FA7</mac_min>
            <mac_max>C91A00610FA8</mac_max>
        </mac>
        <mac>
            <mac_min>C91A00610FAD</mac_min>
            <mac_max>C91A00610FAE</mac_max>
        </mac>
        <mac>
            <mac_min>C91A00610FB1</mac_min>
            <mac_max>C91A00610FB4</mac_max>
        </mac>
        <mac>
            <mac_min>C91A00610FC7</mac_min>
            <mac_max>C91A00610FC8</mac_max>
        </mac>
        <mac>
            <mac_min>C91A00610FCF</mac_min>
            <mac_max>C91A00610FD1</mac_max>
        </mac>
        <mac>
            <mac_min>FDA52722A130</mac_min>
            <mac_max>FDA52722A132</mac_max>
        </mac>
        <mac>
            <mac_min>FDA52722A139</mac_min>
            <mac_max>FDA52722A13A</mac_max>
        </mac>
        <mac>
            <mac_min>FDA52722A14D</mac_min>
            <mac_max>FDA52722A150</mac_max>
        </mac>
        <mac>
            <mac_min>FDA52722A153</mac_min>
            <mac_max>FDA52722A154</mac_max>
        </mac>
        <mac>
            <mac_min>FDA52722A159</mac_min>
            <mac_max>FDA52722A15A</mac_max>
        </mac>
        <mac>
            <mac_min>FDA52722A15C</mac_min>
            <mac_max>FDA52722A15E</mac_max>
        </mac>
        <mac>
            <mac_min>FDA52722A5AF</mac_min>
            <mac_max>FDA52722A5B1</mac_max>
        </mac>
        <mac>
            <mac_min>FDA52722A5B3</mac_min>
            <mac_max>FDA52722A5BD</mac_max>
        </mac>
        <mac>
            <mac_min>FDA52722A5BF</mac_min>
            <mac_max>FDA52722A5C1</mac_max>
        </mac>
        <mac>
            <mac_min>FDA52722A5C3</mac_min>
            <mac_max>FDA52722A5C4</mac_max>
        </mac>
        <mac>
            <mac_min>FDA52722A5C8</mac_min>
            <mac_max>FDA52722A5D1</mac_max>
        </mac>
        <mac>
            <mac_min>FDA52722A5D3</mac_min>
            <mac_max>FDA52722A5DB</mac_max>
        </mac>
        <mac>
            <mac_min>FDA52722A5DE</mac_min>
            <mac_max>FDA52722A5E0</mac_max>
        </mac>
        <mac>
            <mac_min>FDA52722A615</mac_min>
            <mac_max>FDA52722A61A</mac_max>
        </mac>
        <mac>
            <mac_min>FDA52722A621</mac_min>
            <mac_max>FDA52722A626</mac_max>
        </mac>
        <mac>
            <mac_min>FDA52722A629</mac_min>
            <mac_max>FDA52722A62A</mac_max>
        </mac>
        <mac>
            <mac_min>FDA52722A637</mac_min>
            <mac_max>FDA52722A639</mac_max>
        </mac>
        <mac>
            <mac_min>FDA52722A63B</mac_min>
            <mac_max>FDA52722A63D</mac_max>
        </mac>
        <mac>
            <mac_min>FDA52722A641</mac_min>
            <mac_max>FDA52722A643</mac_max>
        </mac>
    </mac_range>
    <mac_single>
        <mac>C91A00540001</mac>
        <mac>C91A0054000C</mac>
        <mac>C91A00540011</mac>
        <mac>C91A00540017</mac>
        <mac>C91A00540027</mac>
        <mac>C91A0054002F</mac>
        <mac>C91A00540045</mac>
        <mac>C91A00540053</mac>
        <mac>C91A00540058</mac>
        <mac>C91A0054018C</mac>
        <mac>C91A005401CB</mac>
        <mac>C91A005401D1</mac>
        <mac>C91A005401D4</mac>
        <mac>C91A005401D9</mac>
        <mac>C91A005401E1</mac>
        <mac>C91A005401E9</mac>
        <mac>C91A005401EC</mac>
        <mac>C91A005401EE</mac>
        <mac>C91A005401FA</mac>
        <mac>C91A00540200</mac>
        <mac>C91A00540207</mac>
        <mac>C91A0054020A</mac>
        <mac>C91A0054021F</mac>
        <mac>C91A00540223</mac>
        <mac>C91A00540225</mac>
        <mac>C91A0054022D</mac>
        <mac>C91A0054024E</mac>
        <mac>C91A00540251</mac>
        <mac>C91A005402C1</mac>
        <mac>C91A005402C5</mac>
        <mac>C91A005402CC</mac>
        <mac>C91A005402D1</mac>
        <mac>C91A005402D9</mac>
        <mac>C91A005402DB</mac>
        <mac>C91A005402EB</mac>
        <mac>C91A005402ED</mac>
        <mac>C91A005402F0</mac>
        <mac>C91A005402F2</mac>
        <mac>C91A005402F7</mac>
        <mac>C91A00540305</mac>
        <mac>C91A0054031F</mac>
        <mac>C91A00540386</mac>
        <mac>C91A00540388</mac>
        <mac>C91A00540398</mac>
        <mac>C91A005403A4</mac>
        <mac>C91A005403A6</mac>
        <mac>C91A005403A8</mac>
        <mac>C91A005403AF</mac>
        <mac>C91A005403B5</mac>
        <mac>C91A005403DE</mac>
        <mac>C91A005403E1</mac>
        <mac>C91A0054041E</mac>
        <mac>C91A00540453</mac>
        <mac>C91A00540458</mac>
        <mac>C91A00540468</mac>
        <mac>C91A0054046A</mac>
        <mac>C91A00540476</mac>
        <mac>C91A00540479</mac>
        <mac>C91A005405AA</mac>
        <mac>C91A005405AC</mac>
        <mac>C91A005405B0</mac>
        <mac>C91A005405BC</mac>
        <mac>C91A005405C3</mac>
        <mac>C91A005405C7</mac>
        <mac>C91A005405C9</mac>
        <mac>C91A005405CB</mac>
        <mac>C91A005405CF</mac>
        <mac>C91A005405D7</mac>
        <mac>C91A005405DA</mac>
        <mac>C91A00540612</mac>
        <mac>C91A0054068C</mac>
        <mac>C91A00540714</mac>
        <mac>C91A0054073B</mac>
        <mac>C91A0054073F</mac>
        <mac>C91A00540746</mac>
        <mac>C91A0054074C</mac>
        <mac>C91A00540750</mac>
        <mac>C91A00540752</mac>
        <mac>C91A0054075B</mac>
        <mac>C91A00540762</mac>
        <mac>C91A005407A0</mac>
        <mac>C91A005407B8</mac>
        <mac>C91A005407C0</mac>
        <mac>C91A005C00C9</mac>
        <mac>C91A005C00CF</mac>
        <mac>C91A005C00D3</mac>
        <mac>C91A005C00D9</mac>
        <mac>C91A005C00DB</mac>
        <mac>C91A005C00DD</mac>
        <mac>C91A005C00ED</mac>
        <mac>C91A005C0179</mac>
        <mac>C91A00610AC3</mac>
        <mac>C91A00610ACF</mac>
        <mac>C91A00610AD4</mac>
        <mac>C91A00610AE3</mac>
        <mac>C91A00610AE6</mac>
        <mac>C91A00610AEF</mac>
        <mac>C91A00610B3C</mac>
        <mac>C91A00610FB8</mac>
        <mac>C91A00610FBD</mac>
        <mac>C91A00610FCB</mac>
        <mac>FDA52722A136</mac>
        <mac>FDA52722A144</mac>
        <mac>FDA52722A149</mac>
        <mac>FDA52722A5C6</mac>
        <mac>FDA52722A613</mac>
        <mac>FDA52722A61C</mac>
        <mac>FDA52722A61F</mac>
        <mac>FDA52722A62E</mac>
        <mac>FDA52722A633</mac>
        <mac>FDA52722A63F</mac>
    </mac_single>
    <mac_warn />
</build_mac>
