<?xml version="1.0" encoding="utf-8" ?>
<build_mac>
    <build_id>860500010070300002</build_id>
    <mac_range>
        <mac>
            <mac_min>C91A006D05DC</mac_min>
            <mac_max>C91A006D060D</mac_max>
        </mac>
        <mac>
            <mac_min>C91A006D0672</mac_min>
            <mac_max>C91A006D06A3</mac_max>
        </mac>
        <mac>
            <mac_min>C91A006D06D6</mac_min>
            <mac_max>C91A006D0707</mac_max>
        </mac>
        <mac>
            <mac_min>C91A006D1C20</mac_min>
            <mac_max>C91A006D1C83</mac_max>
        </mac>
        <mac>
            <mac_min>C91A006D1C8E</mac_min>
            <mac_max>C91A006D1C8F</mac_max>
        </mac>
        <mac>
            <mac_min>C91A006D1C92</mac_min>
            <mac_max>C91A006D1C94</mac_max>
        </mac>
        <mac>
            <mac_min>FDA5272AC69D</mac_min>
            <mac_max>FDA5272AC6CE</mac_max>
        </mac>
        <mac>
            <mac_min>FDA5272AC733</mac_min>
            <mac_max>FDA5272AC764</mac_max>
        </mac>
        <mac>
            <mac_min>FDA5272AC797</mac_min>
            <mac_max>FDA5272AC7C8</mac_max>
        </mac>
        <mac>
            <mac_min>FDA5272ADCF9</mac_min>
            <mac_max>FDA5272ADD5C</mac_max>
        </mac>
        <mac>
            <mac_min>FDA5272ADD67</mac_min>
            <mac_max>FDA5272ADD68</mac_max>
        </mac>
        <mac>
            <mac_min>FDA5272ADD6B</mac_min>
            <mac_max>FDA5272ADD6D</mac_max>
        </mac>
    </mac_range>
    <mac_single>
        <mac>C91A006D07B6</mac>
        <mac>C91A006D1C86</mac>
        <mac>C91A006D1C8A</mac>
        <mac>C91A006D1C9A</mac>
        <mac>C91A006D1CB5</mac>
        <mac>FDA5272AC877</mac>
        <mac>FDA5272ADD5F</mac>
        <mac>FDA5272ADD63</mac>
        <mac>FDA5272ADD73</mac>
        <mac>FDA5272ADD8E</mac>
    </mac_single>
    <mac_warn />
</build_mac>
