<?xml version="1.0" encoding="utf-8" ?>
<build_mac>
    <build_id>860500010030300012</build_id>
    <mac_range>
        <mac>
            <mac_min>C91A006F2775</mac_min>
            <mac_max>C91A006F2778</mac_max>
        </mac>
        <mac>
            <mac_min>C91A006F277A</mac_min>
            <mac_max>C91A006F2788</mac_max>
        </mac>
        <mac>
            <mac_min>C91A006F278A</mac_min>
            <mac_max>C91A006F2793</mac_max>
        </mac>
        <mac>
            <mac_min>C91A006F2799</mac_min>
            <mac_max>C91A006F27A0</mac_max>
        </mac>
        <mac>
            <mac_min>C91A006F27A3</mac_min>
            <mac_max>C91A006F27A4</mac_max>
        </mac>
        <mac>
            <mac_min>C91A006F27DA</mac_min>
            <mac_max>C91A006F27DC</mac_max>
        </mac>
        <mac>
            <mac_min>C91A006F27DE</mac_min>
            <mac_max>C91A006F27E7</mac_max>
        </mac>
        <mac>
            <mac_min>C91A006F27EC</mac_min>
            <mac_max>C91A006F27ED</mac_max>
        </mac>
        <mac>
            <mac_min>C91A006F27EF</mac_min>
            <mac_max>C91A006F27F1</mac_max>
        </mac>
        <mac>
            <mac_min>C91A006F27F3</mac_min>
            <mac_max>C91A006F27FA</mac_max>
        </mac>
        <mac>
            <mac_min>C91A006F27FC</mac_min>
            <mac_max>C91A006F27FE</mac_max>
        </mac>
        <mac>
            <mac_min>C91A006F2803</mac_min>
            <mac_max>C91A006F2808</mac_max>
        </mac>
        <mac>
            <mac_min>FDA5272C1160</mac_min>
            <mac_max>FDA5272C1163</mac_max>
        </mac>
        <mac>
            <mac_min>FDA5272C1165</mac_min>
            <mac_max>FDA5272C1173</mac_max>
        </mac>
        <mac>
            <mac_min>FDA5272C1175</mac_min>
            <mac_max>FDA5272C117E</mac_max>
        </mac>
        <mac>
            <mac_min>FDA5272C1184</mac_min>
            <mac_max>FDA5272C118B</mac_max>
        </mac>
        <mac>
            <mac_min>FDA5272C118E</mac_min>
            <mac_max>FDA5272C118F</mac_max>
        </mac>
        <mac>
            <mac_min>FDA5272C11C5</mac_min>
            <mac_max>FDA5272C11C7</mac_max>
        </mac>
        <mac>
            <mac_min>FDA5272C11C9</mac_min>
            <mac_max>FDA5272C11D2</mac_max>
        </mac>
        <mac>
            <mac_min>FDA5272C11D7</mac_min>
            <mac_max>FDA5272C11D8</mac_max>
        </mac>
        <mac>
            <mac_min>FDA5272C11DA</mac_min>
            <mac_max>FDA5272C11DC</mac_max>
        </mac>
        <mac>
            <mac_min>FDA5272C11DE</mac_min>
            <mac_max>FDA5272C11E5</mac_max>
        </mac>
        <mac>
            <mac_min>FDA5272C11E7</mac_min>
            <mac_max>FDA5272C11E9</mac_max>
        </mac>
        <mac>
            <mac_min>FDA5272C11EE</mac_min>
            <mac_max>FDA5272C11F3</mac_max>
        </mac>
    </mac_range>
    <mac_single>
        <mac>C91A006F2795</mac>
        <mac>C91A006F2797</mac>
        <mac>C91A006F27D8</mac>
        <mac>C91A006F27E9</mac>
        <mac>C91A006F2800</mac>
        <mac>FDA5272C1180</mac>
        <mac>FDA5272C1182</mac>
        <mac>FDA5272C11C3</mac>
        <mac>FDA5272C11D4</mac>
        <mac>FDA5272C11EB</mac>
    </mac_single>
    <mac_warn />
</build_mac>
