<?xml version="1.0" encoding="utf-8" ?>
<build_mac>
    <build_id>860500010130300012</build_id>
    <mac_range>
        <mac>
            <mac_min>C91A006F2734</mac_min>
            <mac_max>C91A006F2736</mac_max>
        </mac>
        <mac>
            <mac_min>C91A006F273D</mac_min>
            <mac_max>C91A006F273F</mac_max>
        </mac>
        <mac>
            <mac_min>C91A006F2742</mac_min>
            <mac_max>C91A006F2773</mac_max>
        </mac>
        <mac>
            <mac_min>C91A006F280A</mac_min>
            <mac_max>C91A006F283B</mac_max>
        </mac>
        <mac>
            <mac_min>C91A006F2855</mac_min>
            <mac_max>C91A006F2856</mac_max>
        </mac>
        <mac>
            <mac_min>FDA5272C111F</mac_min>
            <mac_max>FDA5272C1121</mac_max>
        </mac>
        <mac>
            <mac_min>FDA5272C1128</mac_min>
            <mac_max>FDA5272C112A</mac_max>
        </mac>
        <mac>
            <mac_min>FDA5272C112D</mac_min>
            <mac_max>FDA5272C115E</mac_max>
        </mac>
        <mac>
            <mac_min>FDA5272C11F5</mac_min>
            <mac_max>FDA5272C1226</mac_max>
        </mac>
        <mac>
            <mac_min>FDA5272C1240</mac_min>
            <mac_max>FDA5272C1241</mac_max>
        </mac>
    </mac_range>
    <mac_single>
        <mac>C91A006F2719</mac>
        <mac>C91A006F271D</mac>
        <mac>C91A006F2720</mac>
        <mac>C91A006F2723</mac>
        <mac>C91A006F2727</mac>
        <mac>C91A006F272D</mac>
        <mac>C91A006F2738</mac>
        <mac>C91A006F273A</mac>
        <mac>C91A006F283D</mac>
        <mac>C91A006F2848</mac>
        <mac>C91A006F284B</mac>
        <mac>C91A006F284D</mac>
        <mac>C91A006F285C</mac>
        <mac>C91A006F285E</mac>
        <mac>C91A006F2863</mac>
        <mac>FDA5272C1104</mac>
        <mac>FDA5272C1108</mac>
        <mac>FDA5272C110B</mac>
        <mac>FDA5272C110E</mac>
        <mac>FDA5272C1112</mac>
        <mac>FDA5272C1118</mac>
        <mac>FDA5272C1123</mac>
        <mac>FDA5272C1125</mac>
        <mac>FDA5272C1228</mac>
        <mac>FDA5272C1233</mac>
        <mac>FDA5272C1236</mac>
        <mac>FDA5272C1238</mac>
        <mac>FDA5272C1247</mac>
        <mac>FDA5272C1249</mac>
        <mac>FDA5272C124E</mac>
    </mac_single>
    <mac_warn />
</build_mac>
