<?xml version="1.0" encoding="utf-8" ?>
<build_mac>
    <build_id>860500010010300015</build_id>
    <mac_range>
        <mac>
            <mac_min>C91A00714074</mac_min>
            <mac_max>C91A00714166</mac_max>
        </mac>
        <mac>
            <mac_min>C91A00714168</mac_min>
            <mac_max>C91A00714210</mac_max>
        </mac>
        <mac>
            <mac_min>C91A00714212</mac_min>
            <mac_max>C91A0071422B</mac_max>
        </mac>
        <mac>
            <mac_min>C91A0071422D</mac_min>
            <mac_max>C91A00714267</mac_max>
        </mac>
        <mac>
            <mac_min>FDA5272E2A97</mac_min>
            <mac_max>FDA5272E2B89</mac_max>
        </mac>
        <mac>
            <mac_min>FDA5272E2B8B</mac_min>
            <mac_max>FDA5272E2C33</mac_max>
        </mac>
        <mac>
            <mac_min>FDA5272E2C35</mac_min>
            <mac_max>FDA5272E2C4E</mac_max>
        </mac>
        <mac>
            <mac_min>FDA5272E2C50</mac_min>
            <mac_max>FDA5272E2C8A</mac_max>
        </mac>
    </mac_range>
    <mac_single />
    <mac_warn />
</build_mac>
