<?xml version="1.0" encoding="utf-8" ?>
<build_mac>
    <build_id>860500010130300002</build_id>
    <mac_range>
        <mac>
            <mac_min>C91A006F157C</mac_min>
            <mac_max>C91A006F15A7</mac_max>
        </mac>
        <mac>
            <mac_min>C91A006F15A9</mac_min>
            <mac_max>C91A006F15AD</mac_max>
        </mac>
        <mac>
            <mac_min>C91A006F390A</mac_min>
            <mac_max>C91A006F390C</mac_max>
        </mac>
        <mac>
            <mac_min>C91A006F3915</mac_min>
            <mac_max>C91A006F3916</mac_max>
        </mac>
        <mac>
            <mac_min>C91A006F391D</mac_min>
            <mac_max>C91A006F391E</mac_max>
        </mac>
        <mac>
            <mac_min>C91A006F3923</mac_min>
            <mac_max>C91A006F3924</mac_max>
        </mac>
        <mac>
            <mac_min>C91A006F3927</mac_min>
            <mac_max>C91A006F3928</mac_max>
        </mac>
        <mac>
            <mac_min>C91A006F3934</mac_min>
            <mac_max>C91A006F3936</mac_max>
        </mac>
        <mac>
            <mac_min>FDA5272BB530</mac_min>
            <mac_max>FDA5272BB55B</mac_max>
        </mac>
        <mac>
            <mac_min>FDA5272BB55D</mac_min>
            <mac_max>FDA5272BB561</mac_max>
        </mac>
        <mac>
            <mac_min>FDA5272C5E85</mac_min>
            <mac_max>FDA5272C5E87</mac_max>
        </mac>
        <mac>
            <mac_min>FDA5272C5E90</mac_min>
            <mac_max>FDA5272C5E91</mac_max>
        </mac>
        <mac>
            <mac_min>FDA5272C5E98</mac_min>
            <mac_max>FDA5272C5E99</mac_max>
        </mac>
        <mac>
            <mac_min>FDA5272C5E9E</mac_min>
            <mac_max>FDA5272C5E9F</mac_max>
        </mac>
        <mac>
            <mac_min>FDA5272C5EA2</mac_min>
            <mac_max>FDA5272C5EA3</mac_max>
        </mac>
        <mac>
            <mac_min>FDA5272C5EAF</mac_min>
            <mac_max>FDA5272C5EB1</mac_max>
        </mac>
    </mac_range>
    <mac_single>
        <mac>C91A006F390F</mac>
        <mac>C91A006F3912</mac>
        <mac>C91A006F3921</mac>
        <mac>C91A006F392C</mac>
        <mac>C91A006F392F</mac>
        <mac>C91A006F3931</mac>
        <mac>C91A006F3939</mac>
        <mac>FDA5272C5E8A</mac>
        <mac>FDA5272C5E8D</mac>
        <mac>FDA5272C5E9C</mac>
        <mac>FDA5272C5EA7</mac>
        <mac>FDA5272C5EAA</mac>
        <mac>FDA5272C5EAC</mac>
        <mac>FDA5272C5EB4</mac>
    </mac_single>
    <mac_warn />
</build_mac>
