<?xml version="1.0" encoding="utf-8" ?>
<build_mac>
    <build_id>860500010050300001</build_id>
    <mac_range>
        <mac>
            <mac_min>C91A006F299A</mac_min>
            <mac_max>C91A006F29CB</mac_max>
        </mac>
        <mac>
            <mac_min>C91A00714718</mac_min>
            <mac_max>C91A00714738</mac_max>
        </mac>
        <mac>
            <mac_min>C91A0071473A</mac_min>
            <mac_max>C91A00714749</mac_max>
        </mac>
        <mac>
            <mac_min>C91A007147E2</mac_min>
            <mac_max>C91A007147EA</mac_max>
        </mac>
        <mac>
            <mac_min>C91A007147EF</mac_min>
            <mac_max>C91A007147F1</mac_max>
        </mac>
        <mac>
            <mac_min>C91A007147F5</mac_min>
            <mac_max>C91A007147F6</mac_max>
        </mac>
        <mac>
            <mac_min>C91A007147FB</mac_min>
            <mac_max>C91A00714800</mac_max>
        </mac>
        <mac>
            <mac_min>FDA5272C1385</mac_min>
            <mac_max>FDA5272C13B6</mac_max>
        </mac>
        <mac>
            <mac_min>FDA5272E313B</mac_min>
            <mac_max>FDA5272E315B</mac_max>
        </mac>
        <mac>
            <mac_min>FDA5272E315D</mac_min>
            <mac_max>FDA5272E316C</mac_max>
        </mac>
        <mac>
            <mac_min>FDA5272E3205</mac_min>
            <mac_max>FDA5272E320D</mac_max>
        </mac>
        <mac>
            <mac_min>FDA5272E3212</mac_min>
            <mac_max>FDA5272E3214</mac_max>
        </mac>
        <mac>
            <mac_min>FDA5272E3218</mac_min>
            <mac_max>FDA5272E3219</mac_max>
        </mac>
        <mac>
            <mac_min>FDA5272E321E</mac_min>
            <mac_max>FDA5272E3223</mac_max>
        </mac>
    </mac_range>
    <mac_single>
        <mac>C91A007147E0</mac>
        <mac>C91A007147ED</mac>
        <mac>C91A007147F3</mac>
        <mac>C91A007147F8</mac>
        <mac>C91A00714802</mac>
        <mac>C91A0071480D</mac>
        <mac>FDA5272E3203</mac>
        <mac>FDA5272E3210</mac>
        <mac>FDA5272E3216</mac>
        <mac>FDA5272E321B</mac>
        <mac>FDA5272E3225</mac>
        <mac>FDA5272E3230</mac>
    </mac_single>
    <mac_warn />
</build_mac>
