<?xml version="1.0" encoding="utf-8" ?>
<build_mac>
    <build_id>860600020010300001</build_id>
    <mac_range>
        <mac>
            <mac_min>C91A006E1DB0</mac_min>
            <mac_max>C91A006E1DE1</mac_max>
        </mac>
        <mac>
            <mac_min>C91A006E2134</mac_min>
            <mac_max>C91A006E2165</mac_max>
        </mac>
        <mac>
            <mac_min>C91A006E2198</mac_min>
            <mac_max>C91A006E21C9</mac_max>
        </mac>
        <mac>
            <mac_min>C91A006E21CC</mac_min>
            <mac_max>C91A006E21CF</mac_max>
        </mac>
        <mac>
            <mac_min>C91A006E21D5</mac_min>
            <mac_max>C91A006E21D7</mac_max>
        </mac>
        <mac>
            <mac_min>C91A006E21DC</mac_min>
            <mac_max>C91A006E21DD</mac_max>
        </mac>
        <mac>
            <mac_min>C91A006E21F4</mac_min>
            <mac_max>C91A006E21F5</mac_max>
        </mac>
        <mac>
            <mac_min>C91A006E21FA</mac_min>
            <mac_max>C91A006E222D</mac_max>
        </mac>
        <mac>
            <mac_min>C91A006E2230</mac_min>
            <mac_max>C91A006E2231</mac_max>
        </mac>
        <mac>
            <mac_min>C91A006E2235</mac_min>
            <mac_max>C91A006E2236</mac_max>
        </mac>
        <mac>
            <mac_min>C91A006E2238</mac_min>
            <mac_max>C91A006E223A</mac_max>
        </mac>
        <mac>
            <mac_min>C91A006E223D</mac_min>
            <mac_max>C91A006E2240</mac_max>
        </mac>
        <mac>
            <mac_min>C91A006E2245</mac_min>
            <mac_max>C91A006E2246</mac_max>
        </mac>
        <mac>
            <mac_min>C91A006E224B</mac_min>
            <mac_max>C91A006E224E</mac_max>
        </mac>
        <mac>
            <mac_min>C91A006E2251</mac_min>
            <mac_max>C91A006E2253</mac_max>
        </mac>
        <mac>
            <mac_min>C91A006E2256</mac_min>
            <mac_max>C91A006E225B</mac_max>
        </mac>
        <mac>
            <mac_min>C91A006E225D</mac_min>
            <mac_max>C91A006E225F</mac_max>
        </mac>
        <mac>
            <mac_min>C91A006E2292</mac_min>
            <mac_max>C91A006E22A4</mac_max>
        </mac>
        <mac>
            <mac_min>C91A006E22A6</mac_min>
            <mac_max>C91A006E2327</mac_max>
        </mac>
        <mac>
            <mac_min>FDA5272584D5</mac_min>
            <mac_max>FDA5272584D6</mac_max>
        </mac>
        <mac>
            <mac_min>FDA52725852B</mac_min>
            <mac_max>FDA52725852C</mac_max>
        </mac>
        <mac>
            <mac_min>FDA527258533</mac_min>
            <mac_max>FDA527258535</mac_max>
        </mac>
        <mac>
            <mac_min>FDA52725859B</mac_min>
            <mac_max>FDA52725859C</mac_max>
        </mac>
        <mac>
            <mac_min>FDA5272585AB</mac_min>
            <mac_max>FDA5272585AC</mac_max>
        </mac>
        <mac>
            <mac_min>FDA527258724</mac_min>
            <mac_max>FDA527258725</mac_max>
        </mac>
        <mac>
            <mac_min>FDA52725883E</mac_min>
            <mac_max>FDA52725883F</mac_max>
        </mac>
        <mac>
            <mac_min>FDA52725907A</mac_min>
            <mac_max>FDA52725907B</mac_max>
        </mac>
        <mac>
            <mac_min>FDA527259094</mac_min>
            <mac_max>FDA527259095</mac_max>
        </mac>
        <mac>
            <mac_min>FDA527259106</mac_min>
            <mac_max>FDA527259107</mac_max>
        </mac>
        <mac>
            <mac_min>FDA52725910F</mac_min>
            <mac_max>FDA527259110</mac_max>
        </mac>
        <mac>
            <mac_min>FDA527259114</mac_min>
            <mac_max>FDA527259115</mac_max>
        </mac>
        <mac>
            <mac_min>FDA527259117</mac_min>
            <mac_max>FDA527259118</mac_max>
        </mac>
        <mac>
            <mac_min>FDA52725911F</mac_min>
            <mac_max>FDA527259124</mac_max>
        </mac>
        <mac>
            <mac_min>FDA527259129</mac_min>
            <mac_max>FDA52725912B</mac_max>
        </mac>
        <mac>
            <mac_min>FDA5272592E0</mac_min>
            <mac_max>FDA5272592E1</mac_max>
        </mac>
        <mac>
            <mac_min>FDA527259302</mac_min>
            <mac_max>FDA527259303</mac_max>
        </mac>
        <mac>
            <mac_min>FDA527259310</mac_min>
            <mac_max>FDA527259311</mac_max>
        </mac>
        <mac>
            <mac_min>FDA527259316</mac_min>
            <mac_max>FDA527259318</mac_max>
        </mac>
        <mac>
            <mac_min>FDA527259325</mac_min>
            <mac_max>FDA527259328</mac_max>
        </mac>
        <mac>
            <mac_min>FDA5272B2E9E</mac_min>
            <mac_max>FDA5272B2ECF</mac_max>
        </mac>
        <mac>
            <mac_min>FDA5272B3222</mac_min>
            <mac_max>FDA5272B3253</mac_max>
        </mac>
        <mac>
            <mac_min>FDA5272B3286</mac_min>
            <mac_max>FDA5272B32B7</mac_max>
        </mac>
        <mac>
            <mac_min>FDA5272B32BA</mac_min>
            <mac_max>FDA5272B32BD</mac_max>
        </mac>
        <mac>
            <mac_min>FDA5272B32C3</mac_min>
            <mac_max>FDA5272B32C5</mac_max>
        </mac>
        <mac>
            <mac_min>FDA5272B32CA</mac_min>
            <mac_max>FDA5272B32CB</mac_max>
        </mac>
        <mac>
            <mac_min>FDA5272B32E2</mac_min>
            <mac_max>FDA5272B32E3</mac_max>
        </mac>
        <mac>
            <mac_min>FDA5272B32E8</mac_min>
            <mac_max>FDA5272B331B</mac_max>
        </mac>
        <mac>
            <mac_min>FDA5272B331E</mac_min>
            <mac_max>FDA5272B331F</mac_max>
        </mac>
        <mac>
            <mac_min>FDA5272B3323</mac_min>
            <mac_max>FDA5272B3324</mac_max>
        </mac>
        <mac>
            <mac_min>FDA5272B3326</mac_min>
            <mac_max>FDA5272B3328</mac_max>
        </mac>
        <mac>
            <mac_min>FDA5272B332B</mac_min>
            <mac_max>FDA5272B332E</mac_max>
        </mac>
        <mac>
            <mac_min>FDA5272B3333</mac_min>
            <mac_max>FDA5272B3334</mac_max>
        </mac>
        <mac>
            <mac_min>FDA5272B3339</mac_min>
            <mac_max>FDA5272B333C</mac_max>
        </mac>
        <mac>
            <mac_min>FDA5272B333F</mac_min>
            <mac_max>FDA5272B3341</mac_max>
        </mac>
        <mac>
            <mac_min>FDA5272B3344</mac_min>
            <mac_max>FDA5272B3349</mac_max>
        </mac>
        <mac>
            <mac_min>FDA5272B334B</mac_min>
            <mac_max>FDA5272B334D</mac_max>
        </mac>
        <mac>
            <mac_min>FDA5272B3380</mac_min>
            <mac_max>FDA5272B3392</mac_max>
        </mac>
        <mac>
            <mac_min>FDA5272B3394</mac_min>
            <mac_max>FDA5272B3415</mac_max>
        </mac>
    </mac_range>
    <mac_single>
        <mac>C91A006E21D3</mac>
        <mac>C91A006E21DA</mac>
        <mac>C91A006E21E2</mac>
        <mac>C91A006E21E4</mac>
        <mac>C91A006E21E7</mac>
        <mac>C91A006E21EC</mac>
        <mac>C91A006E21F1</mac>
        <mac>C91A006E21F8</mac>
        <mac>C91A006E2233</mac>
        <mac>FDA5272584B6</mac>
        <mac>FDA5272584BF</mac>
        <mac>FDA5272584C6</mac>
        <mac>FDA5272584E1</mac>
        <mac>FDA5272584EA</mac>
        <mac>FDA52725853C</mac>
        <mac>FDA52725854D</mac>
        <mac>FDA52725855D</mac>
        <mac>FDA527258576</mac>
        <mac>FDA52725857E</mac>
        <mac>FDA527258588</mac>
        <mac>FDA5272585A4</mac>
        <mac>FDA52725884A</mac>
        <mac>FDA52725884C</mac>
        <mac>FDA527258885</mac>
        <mac>FDA527258891</mac>
        <mac>FDA52725889A</mac>
        <mac>FDA527258ED2</mac>
        <mac>FDA52725909A</mac>
        <mac>FDA52725909C</mac>
        <mac>FDA5272590BC</mac>
        <mac>FDA5272590F2</mac>
        <mac>FDA5272590FD</mac>
        <mac>FDA5272590FF</mac>
        <mac>FDA527259102</mac>
        <mac>FDA527259104</mac>
        <mac>FDA52725910B</mac>
        <mac>FDA52725910D</mac>
        <mac>FDA527259112</mac>
        <mac>FDA52725911A</mac>
        <mac>FDA52725911D</mac>
        <mac>FDA52725913A</mac>
        <mac>FDA52725923A</mac>
        <mac>FDA527259299</mac>
        <mac>FDA5272592D7</mac>
        <mac>FDA5272592DE</mac>
        <mac>FDA5272592E4</mac>
        <mac>FDA5272592F2</mac>
        <mac>FDA5272592F6</mac>
        <mac>FDA5272592FA</mac>
        <mac>FDA527259305</mac>
        <mac>FDA52725931F</mac>
        <mac>FDA52725932D</mac>
        <mac>FDA527259333</mac>
        <mac>FDA52725933A</mac>
        <mac>FDA52725933E</mac>
        <mac>FDA5272B32C1</mac>
        <mac>FDA5272B32C8</mac>
        <mac>FDA5272B32D0</mac>
        <mac>FDA5272B32D2</mac>
        <mac>FDA5272B32D5</mac>
        <mac>FDA5272B32DA</mac>
        <mac>FDA5272B32DF</mac>
        <mac>FDA5272B32E6</mac>
        <mac>FDA5272B3321</mac>
    </mac_single>
    <mac_warn />
</build_mac>
