<?xml version="1.0" encoding="utf-8" ?>
<build_mac>
    <build_id>860600090010300002</build_id>
    <mac_range>
        <mac>
            <mac_min>C91A007311C6</mac_min>
            <mac_max>C91A007311D8</mac_max>
        </mac>
        <mac>
            <mac_min>C91A007311DA</mac_min>
            <mac_max>C91A007311F7</mac_max>
        </mac>
        <mac>
            <mac_min>C91A0073125C</mac_min>
            <mac_max>C91A0073128D</mac_max>
        </mac>
        <mac>
            <mac_min>C91A00731324</mac_min>
            <mac_max>C91A00731355</mac_max>
        </mac>
        <mac>
            <mac_min>FDA5273176EA</mac_min>
            <mac_max>FDA5273176FC</mac_max>
        </mac>
        <mac>
            <mac_min>FDA5273176FE</mac_min>
            <mac_max>FDA52731771B</mac_max>
        </mac>
        <mac>
            <mac_min>FDA527317780</mac_min>
            <mac_max>FDA5273177B1</mac_max>
        </mac>
        <mac>
            <mac_min>FDA527317848</mac_min>
            <mac_max>FDA527317879</mac_max>
        </mac>
    </mac_range>
    <mac_single />
    <mac_warn />
</build_mac>
