<?xml version="1.0" encoding="utf-8" ?>
<build_mac>
    <build_id>860600020030300002</build_id>
    <mac_range>
        <mac>
            <mac_min>C91A006004E4</mac_min>
            <mac_max>C91A006004E7</mac_max>
        </mac>
        <mac>
            <mac_min>C91A006004EB</mac_min>
            <mac_max>C91A006004EE</mac_max>
        </mac>
        <mac>
            <mac_min>C91A006004FE</mac_min>
            <mac_max>C91A00600503</mac_max>
        </mac>
        <mac>
            <mac_min>C91A0060050A</mac_min>
            <mac_max>C91A0060050C</mac_max>
        </mac>
        <mac>
            <mac_min>C91A006009FA</mac_min>
            <mac_max>C91A006009FD</mac_max>
        </mac>
        <mac>
            <mac_min>C91A006009FF</mac_min>
            <mac_max>C91A00600A07</mac_max>
        </mac>
        <mac>
            <mac_min>C91A00600A09</mac_min>
            <mac_max>C91A00600A10</mac_max>
        </mac>
        <mac>
            <mac_min>C91A00600A12</mac_min>
            <mac_max>C91A00600A25</mac_max>
        </mac>
        <mac>
            <mac_min>C91A00714A78</mac_min>
            <mac_max>C91A00714A79</mac_max>
        </mac>
        <mac>
            <mac_min>C91A00714A8E</mac_min>
            <mac_max>C91A00714A8F</mac_max>
        </mac>
        <mac>
            <mac_min>C91A00714B32</mac_min>
            <mac_max>C91A00714B45</mac_max>
        </mac>
        <mac>
            <mac_min>C91A00714B47</mac_min>
            <mac_max>C91A00714B63</mac_max>
        </mac>
        <mac>
            <mac_min>C91A00714BC8</mac_min>
            <mac_max>C91A00714BDA</mac_max>
        </mac>
        <mac>
            <mac_min>C91A00714BDC</mac_min>
            <mac_max>C91A00714BE0</mac_max>
        </mac>
        <mac>
            <mac_min>C91A00714BE2</mac_min>
            <mac_max>C91A00714BF1</mac_max>
        </mac>
        <mac>
            <mac_min>C91A00714BF5</mac_min>
            <mac_max>C91A00714BF9</mac_max>
        </mac>
        <mac>
            <mac_min>FDA5271A223A</mac_min>
            <mac_max>FDA5271A223D</mac_max>
        </mac>
        <mac>
            <mac_min>FDA5271A223F</mac_min>
            <mac_max>FDA5271A2247</mac_max>
        </mac>
        <mac>
            <mac_min>FDA5271A2249</mac_min>
            <mac_max>FDA5271A2250</mac_max>
        </mac>
        <mac>
            <mac_min>FDA5271A2252</mac_min>
            <mac_max>FDA5271A2265</mac_max>
        </mac>
        <mac>
            <mac_min>FDA5271A263F</mac_min>
            <mac_max>FDA5271A2642</mac_max>
        </mac>
        <mac>
            <mac_min>FDA5271A2646</mac_min>
            <mac_max>FDA5271A2649</mac_max>
        </mac>
        <mac>
            <mac_min>FDA5271A2659</mac_min>
            <mac_max>FDA5271A265E</mac_max>
        </mac>
        <mac>
            <mac_min>FDA5271A2665</mac_min>
            <mac_max>FDA5271A2667</mac_max>
        </mac>
        <mac>
            <mac_min>FDA5272E349B</mac_min>
            <mac_max>FDA5272E349C</mac_max>
        </mac>
        <mac>
            <mac_min>FDA5272E34B1</mac_min>
            <mac_max>FDA5272E34B2</mac_max>
        </mac>
        <mac>
            <mac_min>FDA5272E3555</mac_min>
            <mac_max>FDA5272E3568</mac_max>
        </mac>
        <mac>
            <mac_min>FDA5272E356A</mac_min>
            <mac_max>FDA5272E3586</mac_max>
        </mac>
        <mac>
            <mac_min>FDA5272E35EB</mac_min>
            <mac_max>FDA5272E35FD</mac_max>
        </mac>
        <mac>
            <mac_min>FDA5272E35FF</mac_min>
            <mac_max>FDA5272E3603</mac_max>
        </mac>
        <mac>
            <mac_min>FDA5272E3605</mac_min>
            <mac_max>FDA5272E3614</mac_max>
        </mac>
        <mac>
            <mac_min>FDA5272E3618</mac_min>
            <mac_max>FDA5272E361C</mac_max>
        </mac>
    </mac_range>
    <mac_single>
        <mac>C91A006004E2</mac>
        <mac>C91A006004F2</mac>
        <mac>C91A006004F6</mac>
        <mac>C91A006004FA</mac>
        <mac>C91A006004FC</mac>
        <mac>C91A00600507</mac>
        <mac>C91A0060050E</mac>
        <mac>C91A00600510</mac>
        <mac>C91A006009F8</mac>
        <mac>C91A00714A6B</mac>
        <mac>C91A00714A73</mac>
        <mac>C91A00714A7B</mac>
        <mac>C91A00714A85</mac>
        <mac>C91A00714A88</mac>
        <mac>C91A00714A95</mac>
        <mac>C91A00714A97</mac>
        <mac>C91A00714A99</mac>
        <mac>C91A00714A9B</mac>
        <mac>C91A00714BF3</mac>
        <mac>FDA5271A2238</mac>
        <mac>FDA5271A263D</mac>
        <mac>FDA5271A264D</mac>
        <mac>FDA5271A2651</mac>
        <mac>FDA5271A2655</mac>
        <mac>FDA5271A2657</mac>
        <mac>FDA5271A2662</mac>
        <mac>FDA5271A2669</mac>
        <mac>FDA5271A266B</mac>
        <mac>FDA5272E348E</mac>
        <mac>FDA5272E3496</mac>
        <mac>FDA5272E349E</mac>
        <mac>FDA5272E34A8</mac>
        <mac>FDA5272E34AB</mac>
        <mac>FDA5272E34B8</mac>
        <mac>FDA5272E34BA</mac>
        <mac>FDA5272E34BC</mac>
        <mac>FDA5272E34BE</mac>
        <mac>FDA5272E3616</mac>
    </mac_single>
    <mac_warn />
</build_mac>
