<?xml version="1.0" encoding="utf-8" ?>
<build_mac>
    <build_id>860600040080300001</build_id>
    <mac_range>
        <mac>
            <mac_min>C91A0061222E</mac_min>
            <mac_max>C91A00612235</mac_max>
        </mac>
        <mac>
            <mac_min>C91A00612238</mac_min>
            <mac_max>C91A00612239</mac_max>
        </mac>
        <mac>
            <mac_min>C91A0061223B</mac_min>
            <mac_max>C91A0061223C</mac_max>
        </mac>
        <mac>
            <mac_min>C91A00612241</mac_min>
            <mac_max>C91A00612245</mac_max>
        </mac>
        <mac>
            <mac_min>C91A00612247</mac_min>
            <mac_max>C91A0061224E</mac_max>
        </mac>
        <mac>
            <mac_min>C91A00612250</mac_min>
            <mac_max>C91A00612253</mac_max>
        </mac>
        <mac>
            <mac_min>C91A00612255</mac_min>
            <mac_max>C91A00612258</mac_max>
        </mac>
        <mac>
            <mac_min>C91A0061225A</mac_min>
            <mac_max>C91A0061225F</mac_max>
        </mac>
        <mac>
            <mac_min>C91A00612700</mac_min>
            <mac_max>C91A00612701</mac_max>
        </mac>
        <mac>
            <mac_min>C91A006E1E1B</mac_min>
            <mac_max>C91A006E1E1F</mac_max>
        </mac>
        <mac>
            <mac_min>C91A006E1E21</mac_min>
            <mac_max>C91A006E1E22</mac_max>
        </mac>
        <mac>
            <mac_min>C91A006E1E28</mac_min>
            <mac_max>C91A006E1E29</mac_max>
        </mac>
        <mac>
            <mac_min>C91A006E1E2C</mac_min>
            <mac_max>C91A006E1E2D</mac_max>
        </mac>
        <mac>
            <mac_min>C91A006E1E31</mac_min>
            <mac_max>C91A006E1E33</mac_max>
        </mac>
        <mac>
            <mac_min>C91A006E1E37</mac_min>
            <mac_max>C91A006E1E38</mac_max>
        </mac>
        <mac>
            <mac_min>C91A006E1E3C</mac_min>
            <mac_max>C91A006E1E3D</mac_max>
        </mac>
        <mac>
            <mac_min>C91A006F3C8C</mac_min>
            <mac_max>C91A006F3CA9</mac_max>
        </mac>
        <mac>
            <mac_min>C91A006F3CAB</mac_min>
            <mac_max>C91A006F3CBD</mac_max>
        </mac>
        <mac>
            <mac_min>C91A006F3D86</mac_min>
            <mac_max>C91A006F3DB7</mac_max>
        </mac>
        <mac>
            <mac_min>FDA5272289FA</mac_min>
            <mac_max>FDA5272289FB</mac_max>
        </mac>
        <mac>
            <mac_min>FDA527228E9D</mac_min>
            <mac_max>FDA527228EA2</mac_max>
        </mac>
        <mac>
            <mac_min>FDA527228EA4</mac_min>
            <mac_max>FDA527228EA7</mac_max>
        </mac>
        <mac>
            <mac_min>FDA527228EA9</mac_min>
            <mac_max>FDA527228EAC</mac_max>
        </mac>
        <mac>
            <mac_min>FDA527228EAE</mac_min>
            <mac_max>FDA527228EB5</mac_max>
        </mac>
        <mac>
            <mac_min>FDA527228EB7</mac_min>
            <mac_max>FDA527228EBB</mac_max>
        </mac>
        <mac>
            <mac_min>FDA527228EC0</mac_min>
            <mac_max>FDA527228EC1</mac_max>
        </mac>
        <mac>
            <mac_min>FDA527228EC3</mac_min>
            <mac_max>FDA527228EC4</mac_max>
        </mac>
        <mac>
            <mac_min>FDA527228EC7</mac_min>
            <mac_max>FDA527228ECE</mac_max>
        </mac>
        <mac>
            <mac_min>FDA5272B2F09</mac_min>
            <mac_max>FDA5272B2F0D</mac_max>
        </mac>
        <mac>
            <mac_min>FDA5272B2F0F</mac_min>
            <mac_max>FDA5272B2F10</mac_max>
        </mac>
        <mac>
            <mac_min>FDA5272B2F16</mac_min>
            <mac_max>FDA5272B2F17</mac_max>
        </mac>
        <mac>
            <mac_min>FDA5272B2F1A</mac_min>
            <mac_max>FDA5272B2F1B</mac_max>
        </mac>
        <mac>
            <mac_min>FDA5272B2F1F</mac_min>
            <mac_max>FDA5272B2F21</mac_max>
        </mac>
        <mac>
            <mac_min>FDA5272B2F25</mac_min>
            <mac_max>FDA5272B2F26</mac_max>
        </mac>
        <mac>
            <mac_min>FDA5272B2F2A</mac_min>
            <mac_max>FDA5272B2F2B</mac_max>
        </mac>
        <mac>
            <mac_min>FDA5272C6209</mac_min>
            <mac_max>FDA5272C6226</mac_max>
        </mac>
        <mac>
            <mac_min>FDA5272C6228</mac_min>
            <mac_max>FDA5272C623A</mac_max>
        </mac>
        <mac>
            <mac_min>FDA5272C6303</mac_min>
            <mac_max>FDA5272C6334</mac_max>
        </mac>
    </mac_range>
    <mac_single>
        <mac>C91A0061223F</mac>
        <mac>C91A00612279</mac>
        <mac>C91A006126E2</mac>
        <mac>C91A006126EE</mac>
        <mac>C91A00612705</mac>
        <mac>C91A006E1E16</mac>
        <mac>C91A006E1E19</mac>
        <mac>C91A006E1E26</mac>
        <mac>C91A006E1E2F</mac>
        <mac>C91A006E1E3A</mac>
        <mac>C91A006E1E40</mac>
        <mac>C91A006E1E42</mac>
        <mac>FDA5272289F6</mac>
        <mac>FDA527228A0D</mac>
        <mac>FDA527228A19</mac>
        <mac>FDA527228E83</mac>
        <mac>FDA527228EBD</mac>
        <mac>FDA5272B2F04</mac>
        <mac>FDA5272B2F07</mac>
        <mac>FDA5272B2F14</mac>
        <mac>FDA5272B2F1D</mac>
        <mac>FDA5272B2F28</mac>
        <mac>FDA5272B2F2E</mac>
        <mac>FDA5272B2F30</mac>
    </mac_single>
    <mac_warn />
</build_mac>
