<?xml version="1.0" encoding="utf-8" ?>
<build_mac>
    <build_id>860600010020300003</build_id>
    <mac_range>
        <mac>
            <mac_min>C91A00610960</mac_min>
            <mac_max>C91A00610965</mac_max>
        </mac>
        <mac>
            <mac_min>C91A00610967</mac_min>
            <mac_max>C91A00610979</mac_max>
        </mac>
        <mac>
            <mac_min>C91A0061097B</mac_min>
            <mac_max>C91A00610991</mac_max>
        </mac>
        <mac>
            <mac_min>C91A00610FD3</mac_min>
            <mac_max>C91A00610FD4</mac_max>
        </mac>
        <mac>
            <mac_min>C91A00610FE6</mac_min>
            <mac_max>C91A00610FE8</mac_max>
        </mac>
        <mac>
            <mac_min>C91A00610FF8</mac_min>
            <mac_max>C91A00610FF9</mac_max>
        </mac>
        <mac>
            <mac_min>C91A00610FFC</mac_min>
            <mac_max>C91A00610FFD</mac_max>
        </mac>
        <mac>
            <mac_min>C91A00611001</mac_min>
            <mac_max>C91A00611002</mac_max>
        </mac>
        <mac>
            <mac_min>C91A006B4682</mac_min>
            <mac_max>C91A006B4685</mac_max>
        </mac>
        <mac>
            <mac_min>C91A006B4687</mac_min>
            <mac_max>C91A006B4689</mac_max>
        </mac>
        <mac>
            <mac_min>C91A006B468C</mac_min>
            <mac_max>C91A006B468F</mac_max>
        </mac>
        <mac>
            <mac_min>C91A006B4693</mac_min>
            <mac_max>C91A006B4695</mac_max>
        </mac>
        <mac>
            <mac_min>C91A006B4697</mac_min>
            <mac_max>C91A006B469B</mac_max>
        </mac>
        <mac>
            <mac_min>C91A006B469D</mac_min>
            <mac_max>C91A006B469F</mac_max>
        </mac>
        <mac>
            <mac_min>C91A006B46A5</mac_min>
            <mac_max>C91A006B46A9</mac_max>
        </mac>
        <mac>
            <mac_min>C91A006B46AB</mac_min>
            <mac_max>C91A006B46B3</mac_max>
        </mac>
        <mac>
            <mac_min>C91A006B4718</mac_min>
            <mac_max>C91A006B4723</mac_max>
        </mac>
        <mac>
            <mac_min>C91A006B4725</mac_min>
            <mac_max>C91A006B472B</mac_max>
        </mac>
        <mac>
            <mac_min>C91A006B472D</mac_min>
            <mac_max>C91A006B473C</mac_max>
        </mac>
        <mac>
            <mac_min>C91A006B473E</mac_min>
            <mac_max>C91A006B4745</mac_max>
        </mac>
        <mac>
            <mac_min>C91A006B4747</mac_min>
            <mac_max>C91A006B4749</mac_max>
        </mac>
        <mac>
            <mac_min>C91A006B477E</mac_min>
            <mac_max>C91A006B4784</mac_max>
        </mac>
        <mac>
            <mac_min>C91A006B4876</mac_min>
            <mac_max>C91A006B488F</mac_max>
        </mac>
        <mac>
            <mac_min>C91A006B4891</mac_min>
            <mac_max>C91A006B489B</mac_max>
        </mac>
        <mac>
            <mac_min>C91A006B489D</mac_min>
            <mac_max>C91A006B48A7</mac_max>
        </mac>
        <mac>
            <mac_min>C91A006B48DA</mac_min>
            <mac_max>C91A006B490B</mac_max>
        </mac>
        <mac>
            <mac_min>C91A006B493E</mac_min>
            <mac_max>C91A006B495C</mac_max>
        </mac>
        <mac>
            <mac_min>C91A006B495E</mac_min>
            <mac_max>C91A006B498E</mac_max>
        </mac>
        <mac>
            <mac_min>C91A006B4990</mac_min>
            <mac_max>C91A006B49A1</mac_max>
        </mac>
        <mac>
            <mac_min>C91A006B49D5</mac_min>
            <mac_max>C91A006B49D8</mac_max>
        </mac>
        <mac>
            <mac_min>C91A006B49DA</mac_min>
            <mac_max>C91A006B49DD</mac_max>
        </mac>
        <mac>
            <mac_min>C91A006B49DF</mac_min>
            <mac_max>C91A006B49E2</mac_max>
        </mac>
        <mac>
            <mac_min>C91A006B49E7</mac_min>
            <mac_max>C91A006B49F6</mac_max>
        </mac>
        <mac>
            <mac_min>C91A006B49F8</mac_min>
            <mac_max>C91A006B49F9</mac_max>
        </mac>
        <mac>
            <mac_min>C91A006B49FB</mac_min>
            <mac_max>C91A006B49FD</mac_max>
        </mac>
        <mac>
            <mac_min>C91A006B49FF</mac_min>
            <mac_max>C91A006B4A19</mac_max>
        </mac>
        <mac>
            <mac_min>C91A006B4A1B</mac_min>
            <mac_max>C91A006B4A37</mac_max>
        </mac>
        <mac>
            <mac_min>FDA52722A0FF</mac_min>
            <mac_max>FDA52722A100</mac_max>
        </mac>
        <mac>
            <mac_min>FDA52722A104</mac_min>
            <mac_max>FDA52722A105</mac_max>
        </mac>
        <mac>
            <mac_min>FDA52722A108</mac_min>
            <mac_max>FDA52722A109</mac_max>
        </mac>
        <mac>
            <mac_min>FDA52722A119</mac_min>
            <mac_max>FDA52722A11B</mac_max>
        </mac>
        <mac>
            <mac_min>FDA52722A12D</mac_min>
            <mac_max>FDA52722A12E</mac_max>
        </mac>
        <mac>
            <mac_min>FDA52722A771</mac_min>
            <mac_max>FDA52722A787</mac_max>
        </mac>
        <mac>
            <mac_min>FDA52722A789</mac_min>
            <mac_max>FDA52722A79B</mac_max>
        </mac>
        <mac>
            <mac_min>FDA52722A79D</mac_min>
            <mac_max>FDA52722A7A2</mac_max>
        </mac>
        <mac>
            <mac_min>FDA527297CB6</mac_min>
            <mac_max>FDA527297CD2</mac_max>
        </mac>
        <mac>
            <mac_min>FDA527297CD4</mac_min>
            <mac_max>FDA527297CEE</mac_max>
        </mac>
        <mac>
            <mac_min>FDA527297CF0</mac_min>
            <mac_max>FDA527297CF2</mac_max>
        </mac>
        <mac>
            <mac_min>FDA527297CF4</mac_min>
            <mac_max>FDA527297CF5</mac_max>
        </mac>
        <mac>
            <mac_min>FDA527297CF7</mac_min>
            <mac_max>FDA527297D06</mac_max>
        </mac>
        <mac>
            <mac_min>FDA527297D0B</mac_min>
            <mac_max>FDA527297D0E</mac_max>
        </mac>
        <mac>
            <mac_min>FDA527297D10</mac_min>
            <mac_max>FDA527297D13</mac_max>
        </mac>
        <mac>
            <mac_min>FDA527297D15</mac_min>
            <mac_max>FDA527297D18</mac_max>
        </mac>
        <mac>
            <mac_min>FDA527297D4C</mac_min>
            <mac_max>FDA527297D5D</mac_max>
        </mac>
        <mac>
            <mac_min>FDA527297D5F</mac_min>
            <mac_max>FDA527297D8F</mac_max>
        </mac>
        <mac>
            <mac_min>FDA527297D91</mac_min>
            <mac_max>FDA527297DAF</mac_max>
        </mac>
        <mac>
            <mac_min>FDA527297DE2</mac_min>
            <mac_max>FDA527297E13</mac_max>
        </mac>
        <mac>
            <mac_min>FDA527297E46</mac_min>
            <mac_max>FDA527297E50</mac_max>
        </mac>
        <mac>
            <mac_min>FDA527297E52</mac_min>
            <mac_max>FDA527297E5C</mac_max>
        </mac>
        <mac>
            <mac_min>FDA527297E5E</mac_min>
            <mac_max>FDA527297E77</mac_max>
        </mac>
        <mac>
            <mac_min>FDA527297F69</mac_min>
            <mac_max>FDA527297F6F</mac_max>
        </mac>
        <mac>
            <mac_min>FDA527297FA4</mac_min>
            <mac_max>FDA527297FA6</mac_max>
        </mac>
        <mac>
            <mac_min>FDA527297FA8</mac_min>
            <mac_max>FDA527297FAF</mac_max>
        </mac>
        <mac>
            <mac_min>FDA527297FB1</mac_min>
            <mac_max>FDA527297FC0</mac_max>
        </mac>
        <mac>
            <mac_min>FDA527297FC2</mac_min>
            <mac_max>FDA527297FC8</mac_max>
        </mac>
        <mac>
            <mac_min>FDA527297FCA</mac_min>
            <mac_max>FDA527297FD5</mac_max>
        </mac>
        <mac>
            <mac_min>FDA52729803A</mac_min>
            <mac_max>FDA527298042</mac_max>
        </mac>
        <mac>
            <mac_min>FDA527298044</mac_min>
            <mac_max>FDA527298048</mac_max>
        </mac>
        <mac>
            <mac_min>FDA52729804E</mac_min>
            <mac_max>FDA527298050</mac_max>
        </mac>
        <mac>
            <mac_min>FDA527298052</mac_min>
            <mac_max>FDA527298056</mac_max>
        </mac>
        <mac>
            <mac_min>FDA527298058</mac_min>
            <mac_max>FDA52729805A</mac_max>
        </mac>
        <mac>
            <mac_min>FDA52729805E</mac_min>
            <mac_max>FDA527298061</mac_max>
        </mac>
        <mac>
            <mac_min>FDA527298064</mac_min>
            <mac_max>FDA527298066</mac_max>
        </mac>
        <mac>
            <mac_min>FDA527298068</mac_min>
            <mac_max>FDA52729806B</mac_max>
        </mac>
    </mac_range>
    <mac_single>
        <mac>C91A00610FDF</mac>
        <mac>C91A00610FE3</mac>
        <mac>C91A00610FEB</mac>
        <mac>C91A00610FED</mac>
        <mac>C91A00610FF2</mac>
        <mac>C91A00610FF6</mac>
        <mac>C91A00650DF7</mac>
        <mac>C91A006B46A1</mac>
        <mac>C91A006B46A3</mac>
        <mac>C91A006B46BF</mac>
        <mac>C91A006B4708</mac>
        <mac>C91A006B4765</mac>
        <mac>C91A006B4786</mac>
        <mac>C91A006B479A</mac>
        <mac>C91A006B479F</mac>
        <mac>C91A006B47AA</mac>
        <mac>C91A006B47E6</mac>
        <mac>C91A006B4809</mac>
        <mac>C91A006B4818</mac>
        <mac>C91A006B4843</mac>
        <mac>C91A006B4849</mac>
        <mac>C91A006B4860</mac>
        <mac>FDA52722A10B</mac>
        <mac>FDA52722A10F</mac>
        <mac>FDA52722A114</mac>
        <mac>FDA52722A116</mac>
        <mac>FDA52722A11E</mac>
        <mac>FDA52722A122</mac>
        <mac>FDA52725E870</mac>
        <mac>FDA527297E8D</mac>
        <mac>FDA527297EA4</mac>
        <mac>FDA527297EAA</mac>
        <mac>FDA527297ED5</mac>
        <mac>FDA527297EE4</mac>
        <mac>FDA527297F07</mac>
        <mac>FDA527297F43</mac>
        <mac>FDA527297F4E</mac>
        <mac>FDA527297F53</mac>
        <mac>FDA527297F67</mac>
        <mac>FDA527297F88</mac>
        <mac>FDA527297FE5</mac>
        <mac>FDA52729802E</mac>
        <mac>FDA52729804A</mac>
        <mac>FDA52729804C</mac>
    </mac_single>
    <mac_warn />
</build_mac>
