<?xml version="1.0" encoding="utf-8" ?>
<build_mac>
    <build_id>860600020020300001</build_id>
    <mac_range>
        <mac>
            <mac_min>C91A006004E8</mac_min>
            <mac_max>C91A006004EA</mac_max>
        </mac>
        <mac>
            <mac_min>C91A006004EF</mac_min>
            <mac_max>C91A006004F1</mac_max>
        </mac>
        <mac>
            <mac_min>C91A006004F3</mac_min>
            <mac_max>C91A006004F5</mac_max>
        </mac>
        <mac>
            <mac_min>C91A006004F7</mac_min>
            <mac_max>C91A006004F9</mac_max>
        </mac>
        <mac>
            <mac_min>C91A00600504</mac_min>
            <mac_max>C91A00600505</mac_max>
        </mac>
        <mac>
            <mac_min>C91A00600508</mac_min>
            <mac_max>C91A00600509</mac_max>
        </mac>
        <mac>
            <mac_min>C91A00600511</mac_min>
            <mac_max>C91A00600513</mac_max>
        </mac>
        <mac>
            <mac_min>C91A00600834</mac_min>
            <mac_max>C91A0060083F</mac_max>
        </mac>
        <mac>
            <mac_min>C91A00600841</mac_min>
            <mac_max>C91A00600848</mac_max>
        </mac>
        <mac>
            <mac_min>C91A0060084E</mac_min>
            <mac_max>C91A00600852</mac_max>
        </mac>
        <mac>
            <mac_min>C91A00600854</mac_min>
            <mac_max>C91A00600855</mac_max>
        </mac>
        <mac>
            <mac_min>C91A00600858</mac_min>
            <mac_max>C91A00600864</mac_max>
        </mac>
        <mac>
            <mac_min>C91A00600D01</mac_min>
            <mac_max>C91A00600D02</mac_max>
        </mac>
        <mac>
            <mac_min>C91A00600D08</mac_min>
            <mac_max>C91A00600D09</mac_max>
        </mac>
        <mac>
            <mac_min>C91A006E203A</mac_min>
            <mac_max>C91A006E2041</mac_max>
        </mac>
        <mac>
            <mac_min>C91A006E2043</mac_min>
            <mac_max>C91A006E2048</mac_max>
        </mac>
        <mac>
            <mac_min>C91A006E204C</mac_min>
            <mac_max>C91A006E204D</mac_max>
        </mac>
        <mac>
            <mac_min>C91A006E204F</mac_min>
            <mac_max>C91A006E2050</mac_max>
        </mac>
        <mac>
            <mac_min>C91A006E2055</mac_min>
            <mac_max>C91A006E2056</mac_max>
        </mac>
        <mac>
            <mac_min>C91A006E205A</mac_min>
            <mac_max>C91A006E205B</mac_max>
        </mac>
        <mac>
            <mac_min>C91A006E2064</mac_min>
            <mac_max>C91A006E2065</mac_max>
        </mac>
        <mac>
            <mac_min>C91A006E2067</mac_min>
            <mac_max>C91A006E2069</mac_max>
        </mac>
        <mac>
            <mac_min>C91A006E209E</mac_min>
            <mac_max>C91A006E20CF</mac_max>
        </mac>
        <mac>
            <mac_min>C91A006E3DEA</mac_min>
            <mac_max>C91A006E3DF4</mac_max>
        </mac>
        <mac>
            <mac_min>C91A006E3DF6</mac_min>
            <mac_max>C91A006E3DFA</mac_max>
        </mac>
        <mac>
            <mac_min>C91A006E3DFC</mac_min>
            <mac_max>C91A006E3E1B</mac_max>
        </mac>
        <mac>
            <mac_min>FDA5271A2643</mac_min>
            <mac_max>FDA5271A2645</mac_max>
        </mac>
        <mac>
            <mac_min>FDA5271A264A</mac_min>
            <mac_max>FDA5271A264C</mac_max>
        </mac>
        <mac>
            <mac_min>FDA5271A264E</mac_min>
            <mac_max>FDA5271A2650</mac_max>
        </mac>
        <mac>
            <mac_min>FDA5271A2652</mac_min>
            <mac_max>FDA5271A2654</mac_max>
        </mac>
        <mac>
            <mac_min>FDA5271A265F</mac_min>
            <mac_max>FDA5271A2660</mac_max>
        </mac>
        <mac>
            <mac_min>FDA5271A2663</mac_min>
            <mac_max>FDA5271A2664</mac_max>
        </mac>
        <mac>
            <mac_min>FDA5271A266C</mac_min>
            <mac_max>FDA5271A266E</mac_max>
        </mac>
        <mac>
            <mac_min>FDA5271A2AD1</mac_min>
            <mac_max>FDA5271A2ADC</mac_max>
        </mac>
        <mac>
            <mac_min>FDA5271A2ADE</mac_min>
            <mac_max>FDA5271A2AE5</mac_max>
        </mac>
        <mac>
            <mac_min>FDA5271A2AEB</mac_min>
            <mac_max>FDA5271A2AEF</mac_max>
        </mac>
        <mac>
            <mac_min>FDA5271A2AF1</mac_min>
            <mac_max>FDA5271A2AF2</mac_max>
        </mac>
        <mac>
            <mac_min>FDA5271A2AF5</mac_min>
            <mac_max>FDA5271A2B01</mac_max>
        </mac>
        <mac>
            <mac_min>FDA5271BE4A4</mac_min>
            <mac_max>FDA5271BE4A5</mac_max>
        </mac>
        <mac>
            <mac_min>FDA5271BE4AB</mac_min>
            <mac_max>FDA5271BE4AC</mac_max>
        </mac>
        <mac>
            <mac_min>FDA5272B3128</mac_min>
            <mac_max>FDA5272B312F</mac_max>
        </mac>
        <mac>
            <mac_min>FDA5272B3131</mac_min>
            <mac_max>FDA5272B3136</mac_max>
        </mac>
        <mac>
            <mac_min>FDA5272B313A</mac_min>
            <mac_max>FDA5272B313B</mac_max>
        </mac>
        <mac>
            <mac_min>FDA5272B313D</mac_min>
            <mac_max>FDA5272B313E</mac_max>
        </mac>
        <mac>
            <mac_min>FDA5272B3143</mac_min>
            <mac_max>FDA5272B3144</mac_max>
        </mac>
        <mac>
            <mac_min>FDA5272B3148</mac_min>
            <mac_max>FDA5272B3149</mac_max>
        </mac>
        <mac>
            <mac_min>FDA5272B3152</mac_min>
            <mac_max>FDA5272B3153</mac_max>
        </mac>
        <mac>
            <mac_min>FDA5272B3155</mac_min>
            <mac_max>FDA5272B3157</mac_max>
        </mac>
        <mac>
            <mac_min>FDA5272B318C</mac_min>
            <mac_max>FDA5272B31BD</mac_max>
        </mac>
        <mac>
            <mac_min>FDA5272B65FD</mac_min>
            <mac_max>FDA5272B6607</mac_max>
        </mac>
        <mac>
            <mac_min>FDA5272B6609</mac_min>
            <mac_max>FDA5272B660D</mac_max>
        </mac>
        <mac>
            <mac_min>FDA5272B660F</mac_min>
            <mac_max>FDA5272B662E</mac_max>
        </mac>
    </mac_range>
    <mac_single>
        <mac>C91A006004FB</mac>
        <mac>C91A006004FD</mac>
        <mac>C91A0060050D</mac>
        <mac>C91A0060050F</mac>
        <mac>C91A0060084B</mac>
        <mac>C91A00600CE7</mac>
        <mac>C91A00600CF9</mac>
        <mac>C91A00600CFE</mac>
        <mac>C91A00600D0C</mac>
        <mac>C91A00600D0E</mac>
        <mac>C91A00600D11</mac>
        <mac>C91A006E2053</mac>
        <mac>C91A006E205D</mac>
        <mac>C91A006E2060</mac>
        <mac>C91A006E2062</mac>
        <mac>FDA5271A2656</mac>
        <mac>FDA5271A2658</mac>
        <mac>FDA5271A2668</mac>
        <mac>FDA5271A266A</mac>
        <mac>FDA5271A2AE8</mac>
        <mac>FDA5271BE48A</mac>
        <mac>FDA5271BE49C</mac>
        <mac>FDA5271BE4A1</mac>
        <mac>FDA5271BE4AF</mac>
        <mac>FDA5271BE4B1</mac>
        <mac>FDA5271BE4B4</mac>
        <mac>FDA5272B3141</mac>
        <mac>FDA5272B314B</mac>
        <mac>FDA5272B314E</mac>
        <mac>FDA5272B3150</mac>
    </mac_single>
    <mac_warn />
</build_mac>
