<?xml version="1.0" encoding="utf-8" ?>
<build_mac>
    <build_id>860600080010300001</build_id>
    <mac_range>
        <mac>
            <mac_min>C91A00621B90</mac_min>
            <mac_max>C91A00621B91</mac_max>
        </mac>
        <mac>
            <mac_min>C91A00621B98</mac_min>
            <mac_max>C91A00621B9B</mac_max>
        </mac>
        <mac>
            <mac_min>C91A00621B9F</mac_min>
            <mac_max>C91A00621BA1</mac_max>
        </mac>
        <mac>
            <mac_min>C91A00621BAE</mac_min>
            <mac_max>C91A00621BAF</mac_max>
        </mac>
        <mac>
            <mac_min>C91A00621BB2</mac_min>
            <mac_max>C91A00621BB4</mac_max>
        </mac>
        <mac>
            <mac_min>C91A00621C54</mac_min>
            <mac_max>C91A00621C55</mac_max>
        </mac>
        <mac>
            <mac_min>C91A00621C57</mac_min>
            <mac_max>C91A00621C5A</mac_max>
        </mac>
        <mac>
            <mac_min>C91A00621C5D</mac_min>
            <mac_max>C91A00621C62</mac_max>
        </mac>
        <mac>
            <mac_min>C91A00621C69</mac_min>
            <mac_max>C91A00621C6B</mac_max>
        </mac>
        <mac>
            <mac_min>C91A00621C6D</mac_min>
            <mac_max>C91A00621C6E</mac_max>
        </mac>
        <mac>
            <mac_min>C91A00621C71</mac_min>
            <mac_max>C91A00621C73</mac_max>
        </mac>
        <mac>
            <mac_min>C91A00621C75</mac_min>
            <mac_max>C91A00621C76</mac_max>
        </mac>
        <mac>
            <mac_min>C91A00621C7B</mac_min>
            <mac_max>C91A00621C7D</mac_max>
        </mac>
        <mac>
            <mac_min>C91A00621C7F</mac_min>
            <mac_max>C91A00621C80</mac_max>
        </mac>
        <mac>
            <mac_min>C91A00621C85</mac_min>
            <mac_max>C91A00621C86</mac_max>
        </mac>
        <mac>
            <mac_min>C91A00621C88</mac_min>
            <mac_max>C91A00621C89</mac_max>
        </mac>
        <mac>
            <mac_min>C91A00621C9C</mac_min>
            <mac_max>C91A00621C9D</mac_max>
        </mac>
        <mac>
            <mac_min>C91A00621CA3</mac_min>
            <mac_max>C91A00621CA4</mac_max>
        </mac>
        <mac>
            <mac_min>C91A00621CAC</mac_min>
            <mac_max>C91A00621CAD</mac_max>
        </mac>
        <mac>
            <mac_min>C91A006E2936</mac_min>
            <mac_max>C91A006E2973</mac_max>
        </mac>
        <mac>
            <mac_min>C91A006E2975</mac_min>
            <mac_max>C91A006E298E</mac_max>
        </mac>
        <mac>
            <mac_min>C91A006E2992</mac_min>
            <mac_max>C91A006E29B7</mac_max>
        </mac>
        <mac>
            <mac_min>C91A006E29B9</mac_min>
            <mac_max>C91A006E29BB</mac_max>
        </mac>
        <mac>
            <mac_min>C91A006E29BD</mac_min>
            <mac_max>C91A006E29CB</mac_max>
        </mac>
        <mac>
            <mac_min>C91A006E2A30</mac_min>
            <mac_max>C91A006E2A54</mac_max>
        </mac>
        <mac>
            <mac_min>C91A006E2A56</mac_min>
            <mac_max>C91A006E2A99</mac_max>
        </mac>
        <mac>
            <mac_min>C91A006E2A9B</mac_min>
            <mac_max>C91A006E2A9F</mac_max>
        </mac>
        <mac>
            <mac_min>C91A006E2AA1</mac_min>
            <mac_max>C91A006E2AC8</mac_max>
        </mac>
        <mac>
            <mac_min>C91A006E2ACC</mac_min>
            <mac_max>C91A006E2ACD</mac_max>
        </mac>
        <mac>
            <mac_min>C91A006E2AD4</mac_min>
            <mac_max>C91A006E2AD5</mac_max>
        </mac>
        <mac>
            <mac_min>C91A006E2ADB</mac_min>
            <mac_max>C91A006E2AE5</mac_max>
        </mac>
        <mac>
            <mac_min>C91A006E2AEA</mac_min>
            <mac_max>C91A006E2AEC</mac_max>
        </mac>
        <mac>
            <mac_min>C91A006E2AEE</mac_min>
            <mac_max>C91A006E2AEF</mac_max>
        </mac>
        <mac>
            <mac_min>C91A006E2AF5</mac_min>
            <mac_max>C91A006E2AF7</mac_max>
        </mac>
        <mac>
            <mac_min>FDA52723B248</mac_min>
            <mac_max>FDA52723B249</mac_max>
        </mac>
        <mac>
            <mac_min>FDA52723B251</mac_min>
            <mac_max>FDA52723B252</mac_max>
        </mac>
        <mac>
            <mac_min>FDA52723B258</mac_min>
            <mac_max>FDA52723B259</mac_max>
        </mac>
        <mac>
            <mac_min>FDA52723B26C</mac_min>
            <mac_max>FDA52723B26D</mac_max>
        </mac>
        <mac>
            <mac_min>FDA52723B26F</mac_min>
            <mac_max>FDA52723B270</mac_max>
        </mac>
        <mac>
            <mac_min>FDA52723B275</mac_min>
            <mac_max>FDA52723B276</mac_max>
        </mac>
        <mac>
            <mac_min>FDA52723B278</mac_min>
            <mac_max>FDA52723B27A</mac_max>
        </mac>
        <mac>
            <mac_min>FDA52723B27F</mac_min>
            <mac_max>FDA52723B280</mac_max>
        </mac>
        <mac>
            <mac_min>FDA52723B282</mac_min>
            <mac_max>FDA52723B284</mac_max>
        </mac>
        <mac>
            <mac_min>FDA52723B287</mac_min>
            <mac_max>FDA52723B288</mac_max>
        </mac>
        <mac>
            <mac_min>FDA52723B28A</mac_min>
            <mac_max>FDA52723B28C</mac_max>
        </mac>
        <mac>
            <mac_min>FDA52723B293</mac_min>
            <mac_max>FDA52723B298</mac_max>
        </mac>
        <mac>
            <mac_min>FDA52723B29B</mac_min>
            <mac_max>FDA52723B29E</mac_max>
        </mac>
        <mac>
            <mac_min>FDA52723B2A0</mac_min>
            <mac_max>FDA52723B2A1</mac_max>
        </mac>
        <mac>
            <mac_min>FDA52723B341</mac_min>
            <mac_max>FDA52723B343</mac_max>
        </mac>
        <mac>
            <mac_min>FDA52723B346</mac_min>
            <mac_max>FDA52723B347</mac_max>
        </mac>
        <mac>
            <mac_min>FDA52723B354</mac_min>
            <mac_max>FDA52723B356</mac_max>
        </mac>
        <mac>
            <mac_min>FDA52723B35A</mac_min>
            <mac_max>FDA52723B35D</mac_max>
        </mac>
        <mac>
            <mac_min>FDA52723B364</mac_min>
            <mac_max>FDA52723B365</mac_max>
        </mac>
        <mac>
            <mac_min>FDA5272B5144</mac_min>
            <mac_max>FDA5272B5181</mac_max>
        </mac>
        <mac>
            <mac_min>FDA5272B5183</mac_min>
            <mac_max>FDA5272B519C</mac_max>
        </mac>
        <mac>
            <mac_min>FDA5272B51A0</mac_min>
            <mac_max>FDA5272B51C5</mac_max>
        </mac>
        <mac>
            <mac_min>FDA5272B51C7</mac_min>
            <mac_max>FDA5272B51C9</mac_max>
        </mac>
        <mac>
            <mac_min>FDA5272B51CB</mac_min>
            <mac_max>FDA5272B51D9</mac_max>
        </mac>
        <mac>
            <mac_min>FDA5272B523E</mac_min>
            <mac_max>FDA5272B5262</mac_max>
        </mac>
        <mac>
            <mac_min>FDA5272B5264</mac_min>
            <mac_max>FDA5272B52A7</mac_max>
        </mac>
        <mac>
            <mac_min>FDA5272B52A9</mac_min>
            <mac_max>FDA5272B52AD</mac_max>
        </mac>
        <mac>
            <mac_min>FDA5272B52AF</mac_min>
            <mac_max>FDA5272B52D6</mac_max>
        </mac>
        <mac>
            <mac_min>FDA5272B52DA</mac_min>
            <mac_max>FDA5272B52DB</mac_max>
        </mac>
        <mac>
            <mac_min>FDA5272B52E2</mac_min>
            <mac_max>FDA5272B52E3</mac_max>
        </mac>
        <mac>
            <mac_min>FDA5272B52E9</mac_min>
            <mac_max>FDA5272B52F3</mac_max>
        </mac>
        <mac>
            <mac_min>FDA5272B52F8</mac_min>
            <mac_max>FDA5272B52FA</mac_max>
        </mac>
        <mac>
            <mac_min>FDA5272B52FC</mac_min>
            <mac_max>FDA5272B52FD</mac_max>
        </mac>
        <mac>
            <mac_min>FDA5272B5303</mac_min>
            <mac_max>FDA5272B5305</mac_max>
        </mac>
    </mac_range>
    <mac_single>
        <mac>C91A00621B8A</mac>
        <mac>C91A00621B93</mac>
        <mac>C91A00621B96</mac>
        <mac>C91A00621BA9</mac>
        <mac>C91A00621BAB</mac>
        <mac>C91A00621BB6</mac>
        <mac>C91A00621BBB</mac>
        <mac>C91A00621C65</mac>
        <mac>C91A00621C67</mac>
        <mac>C91A00621C78</mac>
        <mac>C91A00621C8E</mac>
        <mac>C91A00621C93</mac>
        <mac>C91A00621C97</mac>
        <mac>C91A00621C99</mac>
        <mac>C91A00621CA9</mac>
        <mac>C91A00621CB5</mac>
        <mac>C91A006E2990</mac>
        <mac>C91A006E2ACA</mac>
        <mac>C91A006E2AD9</mac>
        <mac>C91A006E2AF1</mac>
        <mac>FDA52723B240</mac>
        <mac>FDA52723B24C</mac>
        <mac>FDA52723B25C</mac>
        <mac>FDA52723B25E</mac>
        <mac>FDA52723B262</mac>
        <mac>FDA52723B267</mac>
        <mac>FDA52723B27D</mac>
        <mac>FDA52723B28E</mac>
        <mac>FDA52723B290</mac>
        <mac>FDA52723B33A</mac>
        <mac>FDA52723B33F</mac>
        <mac>FDA52723B34A</mac>
        <mac>FDA52723B34C</mac>
        <mac>FDA52723B35F</mac>
        <mac>FDA52723B362</mac>
        <mac>FDA52723B36B</mac>
        <mac>FDA5272B519E</mac>
        <mac>FDA5272B52D8</mac>
        <mac>FDA5272B52E7</mac>
        <mac>FDA5272B52FF</mac>
    </mac_single>
    <mac_warn />
</build_mac>
