<?xml version="1.0" encoding="utf-8" ?>
<build_mac>
    <build_id>860600060020300001</build_id>
    <mac_range>
        <mac>
            <mac_min>C91A00600C84</mac_min>
            <mac_max>C91A00600C88</mac_max>
        </mac>
        <mac>
            <mac_min>C91A00600C8A</mac_min>
            <mac_max>C91A00600C8E</mac_max>
        </mac>
        <mac>
            <mac_min>C91A00600C90</mac_min>
            <mac_max>C91A00600C97</mac_max>
        </mac>
        <mac>
            <mac_min>C91A00600C9B</mac_min>
            <mac_max>C91A00600C9D</mac_max>
        </mac>
        <mac>
            <mac_min>C91A00600C9F</mac_min>
            <mac_max>C91A00600CA9</mac_max>
        </mac>
        <mac>
            <mac_min>C91A00600CAB</mac_min>
            <mac_max>C91A00600CB1</mac_max>
        </mac>
        <mac>
            <mac_min>C91A00600CE4</mac_min>
            <mac_max>C91A00600CE6</mac_max>
        </mac>
        <mac>
            <mac_min>C91A00600CEA</mac_min>
            <mac_max>C91A00600CEE</mac_max>
        </mac>
        <mac>
            <mac_min>C91A00600CF0</mac_min>
            <mac_max>C91A00600CF1</mac_max>
        </mac>
        <mac>
            <mac_min>C91A00600CF5</mac_min>
            <mac_max>C91A00600CF8</mac_max>
        </mac>
        <mac>
            <mac_min>C91A00600CFA</mac_min>
            <mac_max>C91A00600CFD</mac_max>
        </mac>
        <mac>
            <mac_min>C91A00600CFF</mac_min>
            <mac_max>C91A00600D00</mac_max>
        </mac>
        <mac>
            <mac_min>C91A00600D0A</mac_min>
            <mac_max>C91A00600D0B</mac_max>
        </mac>
        <mac>
            <mac_min>C91A00600D0F</mac_min>
            <mac_max>C91A00600D10</mac_max>
        </mac>
        <mac>
            <mac_min>C91A00717148</mac_min>
            <mac_max>C91A00717179</mac_max>
        </mac>
        <mac>
            <mac_min>C91A0071718A</mac_min>
            <mac_max>C91A0071718C</mac_max>
        </mac>
        <mac>
            <mac_min>C91A007171AC</mac_min>
            <mac_max>C91A0071720F</mac_max>
        </mac>
        <mac>
            <mac_min>FDA5271BE427</mac_min>
            <mac_max>FDA5271BE42B</mac_max>
        </mac>
        <mac>
            <mac_min>FDA5271BE42D</mac_min>
            <mac_max>FDA5271BE431</mac_max>
        </mac>
        <mac>
            <mac_min>FDA5271BE433</mac_min>
            <mac_max>FDA5271BE43A</mac_max>
        </mac>
        <mac>
            <mac_min>FDA5271BE43E</mac_min>
            <mac_max>FDA5271BE440</mac_max>
        </mac>
        <mac>
            <mac_min>FDA5271BE442</mac_min>
            <mac_max>FDA5271BE44C</mac_max>
        </mac>
        <mac>
            <mac_min>FDA5271BE44E</mac_min>
            <mac_max>FDA5271BE454</mac_max>
        </mac>
        <mac>
            <mac_min>FDA5271BE487</mac_min>
            <mac_max>FDA5271BE489</mac_max>
        </mac>
        <mac>
            <mac_min>FDA5271BE48D</mac_min>
            <mac_max>FDA5271BE491</mac_max>
        </mac>
        <mac>
            <mac_min>FDA5271BE493</mac_min>
            <mac_max>FDA5271BE494</mac_max>
        </mac>
        <mac>
            <mac_min>FDA5271BE498</mac_min>
            <mac_max>FDA5271BE49B</mac_max>
        </mac>
        <mac>
            <mac_min>FDA5271BE49D</mac_min>
            <mac_max>FDA5271BE4A0</mac_max>
        </mac>
        <mac>
            <mac_min>FDA5271BE4A2</mac_min>
            <mac_max>FDA5271BE4A3</mac_max>
        </mac>
        <mac>
            <mac_min>FDA5271BE4AD</mac_min>
            <mac_max>FDA5271BE4AE</mac_max>
        </mac>
        <mac>
            <mac_min>FDA5271BE4B2</mac_min>
            <mac_max>FDA5271BE4B3</mac_max>
        </mac>
        <mac>
            <mac_min>FDA5272E6345</mac_min>
            <mac_max>FDA5272E6376</mac_max>
        </mac>
        <mac>
            <mac_min>FDA5272E6387</mac_min>
            <mac_max>FDA5272E6389</mac_max>
        </mac>
        <mac>
            <mac_min>FDA5272E63A9</mac_min>
            <mac_max>FDA5272E640C</mac_max>
        </mac>
    </mac_range>
    <mac_single>
        <mac>C91A00600907</mac>
        <mac>C91A00600A08</mac>
        <mac>C91A00600A29</mac>
        <mac>C91A00600A42</mac>
        <mac>C91A00600A49</mac>
        <mac>C91A00600A4E</mac>
        <mac>C91A00600C82</mac>
        <mac>C91A00600CE8</mac>
        <mac>C91A00600D04</mac>
        <mac>C91A00600D06</mac>
        <mac>C91A00600D12</mac>
        <mac>C91A00717188</mac>
        <mac>C91A0071718F</mac>
        <mac>C91A007171A7</mac>
        <mac>FDA5271A2248</mac>
        <mac>FDA5271A2269</mac>
        <mac>FDA5271A2282</mac>
        <mac>FDA5271A2289</mac>
        <mac>FDA5271A228E</mac>
        <mac>FDA5271A2BA4</mac>
        <mac>FDA5271BE425</mac>
        <mac>FDA5271BE48B</mac>
        <mac>FDA5271BE4A7</mac>
        <mac>FDA5271BE4A9</mac>
        <mac>FDA5271BE4B5</mac>
        <mac>FDA5272E6385</mac>
        <mac>FDA5272E638C</mac>
        <mac>FDA5272E63A4</mac>
    </mac_single>
    <mac_warn />
</build_mac>
