<?xml version="1.0" encoding="utf-8" ?>
<build_mac>
    <build_id>860600020070300002</build_id>
    <mac_range>
        <mac>
            <mac_min>C91A006E2057</mac_min>
            <mac_max>C91A006E2058</mac_max>
        </mac>
        <mac>
            <mac_min>C91A00714A6D</mac_min>
            <mac_max>C91A00714A6E</mac_max>
        </mac>
        <mac>
            <mac_min>C91A00714A81</mac_min>
            <mac_max>C91A00714A83</mac_max>
        </mac>
        <mac>
            <mac_min>FDA5272B3145</mac_min>
            <mac_max>FDA5272B3146</mac_max>
        </mac>
        <mac>
            <mac_min>FDA5272E3490</mac_min>
            <mac_max>FDA5272E3491</mac_max>
        </mac>
        <mac>
            <mac_min>FDA5272E34A4</mac_min>
            <mac_max>FDA5272E34A6</mac_max>
        </mac>
    </mac_range>
    <mac_single>
        <mac>C91A006E2042</mac>
        <mac>C91A006E2049</mac>
        <mac>C91A006E204B</mac>
        <mac>C91A006E2054</mac>
        <mac>C91A006E205C</mac>
        <mac>C91A006E205E</mac>
        <mac>C91A006E2066</mac>
        <mac>C91A006E206A</mac>
        <mac>C91A006E3DFB</mac>
        <mac>C91A00714A74</mac>
        <mac>C91A00714A77</mac>
        <mac>C91A00714A98</mac>
        <mac>C91A00714B46</mac>
        <mac>C91A00714BF4</mac>
        <mac>C91A0071717F</mac>
        <mac>C91A00717186</mac>
        <mac>C91A00717194</mac>
        <mac>C91A0071719D</mac>
        <mac>C91A007171A0</mac>
        <mac>C91A007171A6</mac>
        <mac>FDA5272B3130</mac>
        <mac>FDA5272B3137</mac>
        <mac>FDA5272B3139</mac>
        <mac>FDA5272B3142</mac>
        <mac>FDA5272B314A</mac>
        <mac>FDA5272B314C</mac>
        <mac>FDA5272B3154</mac>
        <mac>FDA5272B3158</mac>
        <mac>FDA5272B660E</mac>
        <mac>FDA5272E3497</mac>
        <mac>FDA5272E349A</mac>
        <mac>FDA5272E34BB</mac>
        <mac>FDA5272E3569</mac>
        <mac>FDA5272E3617</mac>
        <mac>FDA5272E637C</mac>
        <mac>FDA5272E6383</mac>
        <mac>FDA5272E6391</mac>
        <mac>FDA5272E639A</mac>
        <mac>FDA5272E639D</mac>
        <mac>FDA5272E63A3</mac>
    </mac_single>
    <mac_warn />
</build_mac>
