<?xml version="1.0" encoding="utf-8" ?>
<build_mac>
    <build_id>860600020020300003</build_id>
    <mac_range>
        <mac>
            <mac_min>C91A006213BB</mac_min>
            <mac_max>C91A006213C1</mac_max>
        </mac>
        <mac>
            <mac_min>C91A006213C4</mac_min>
            <mac_max>C91A006213C9</mac_max>
        </mac>
        <mac>
            <mac_min>C91A006213CB</mac_min>
            <mac_max>C91A006213CF</mac_max>
        </mac>
        <mac>
            <mac_min>C91A006213D1</mac_min>
            <mac_max>C91A006213D8</mac_max>
        </mac>
        <mac>
            <mac_min>C91A006213DC</mac_min>
            <mac_max>C91A006213DD</mac_max>
        </mac>
        <mac>
            <mac_min>C91A006213DF</mac_min>
            <mac_max>C91A006213E7</mac_max>
        </mac>
        <mac>
            <mac_min>C91A006213E9</mac_min>
            <mac_max>C91A006213EB</mac_max>
        </mac>
        <mac>
            <mac_min>C91A006215E0</mac_min>
            <mac_max>C91A006215E6</mac_max>
        </mac>
        <mac>
            <mac_min>C91A006215E8</mac_min>
            <mac_max>C91A006215FA</mac_max>
        </mac>
        <mac>
            <mac_min>C91A006215FC</mac_min>
            <mac_max>C91A00621601</mac_max>
        </mac>
        <mac>
            <mac_min>C91A00621603</mac_min>
            <mac_max>C91A00621611</mac_max>
        </mac>
        <mac>
            <mac_min>C91A00621679</mac_min>
            <mac_max>C91A0062167B</mac_max>
        </mac>
        <mac>
            <mac_min>C91A0062167E</mac_min>
            <mac_max>C91A00621680</mac_max>
        </mac>
        <mac>
            <mac_min>C91A00621684</mac_min>
            <mac_max>C91A00621689</mac_max>
        </mac>
        <mac>
            <mac_min>C91A00621690</mac_min>
            <mac_max>C91A00621699</mac_max>
        </mac>
        <mac>
            <mac_min>C91A0062169E</mac_min>
            <mac_max>C91A0062169F</mac_max>
        </mac>
        <mac>
            <mac_min>C91A00621BEE</mac_min>
            <mac_max>C91A00621BF4</mac_max>
        </mac>
        <mac>
            <mac_min>C91A00621BF6</mac_min>
            <mac_max>C91A00621C0B</mac_max>
        </mac>
        <mac>
            <mac_min>C91A00621C0D</mac_min>
            <mac_max>C91A00621C21</mac_max>
        </mac>
        <mac>
            <mac_min>C91A00621C23</mac_min>
            <mac_max>C91A00621C47</mac_max>
        </mac>
        <mac>
            <mac_min>C91A00621C49</mac_min>
            <mac_max>C91A00621C4D</mac_max>
        </mac>
        <mac>
            <mac_min>C91A00621C4F</mac_min>
            <mac_max>C91A00621C51</mac_max>
        </mac>
        <mac>
            <mac_min>FDA52723B2A4</mac_min>
            <mac_max>FDA52723B2A6</mac_max>
        </mac>
        <mac>
            <mac_min>FDA52723B2A8</mac_min>
            <mac_max>FDA52723B2AC</mac_max>
        </mac>
        <mac>
            <mac_min>FDA52723B2AE</mac_min>
            <mac_max>FDA52723B2D2</mac_max>
        </mac>
        <mac>
            <mac_min>FDA52723B2D4</mac_min>
            <mac_max>FDA52723B2E8</mac_max>
        </mac>
        <mac>
            <mac_min>FDA52723B2EA</mac_min>
            <mac_max>FDA52723B2FF</mac_max>
        </mac>
        <mac>
            <mac_min>FDA52723B301</mac_min>
            <mac_max>FDA52723B307</mac_max>
        </mac>
        <mac>
            <mac_min>FDA52723B857</mac_min>
            <mac_max>FDA52723B858</mac_max>
        </mac>
        <mac>
            <mac_min>FDA52723B85D</mac_min>
            <mac_max>FDA52723B866</mac_max>
        </mac>
        <mac>
            <mac_min>FDA52723B86D</mac_min>
            <mac_max>FDA52723B872</mac_max>
        </mac>
        <mac>
            <mac_min>FDA52723B876</mac_min>
            <mac_max>FDA52723B878</mac_max>
        </mac>
        <mac>
            <mac_min>FDA52723B87B</mac_min>
            <mac_max>FDA52723B87D</mac_max>
        </mac>
        <mac>
            <mac_min>FDA52723B8E5</mac_min>
            <mac_max>FDA52723B8F3</mac_max>
        </mac>
        <mac>
            <mac_min>FDA52723B8F5</mac_min>
            <mac_max>FDA52723B8FA</mac_max>
        </mac>
        <mac>
            <mac_min>FDA52723B8FC</mac_min>
            <mac_max>FDA52723B90E</mac_max>
        </mac>
        <mac>
            <mac_min>FDA52723B910</mac_min>
            <mac_max>FDA52723B916</mac_max>
        </mac>
        <mac>
            <mac_min>FDA52723BB0C</mac_min>
            <mac_max>FDA52723BB0E</mac_max>
        </mac>
        <mac>
            <mac_min>FDA52723BB10</mac_min>
            <mac_max>FDA52723BB18</mac_max>
        </mac>
        <mac>
            <mac_min>FDA52723BB1A</mac_min>
            <mac_max>FDA52723BB1B</mac_max>
        </mac>
        <mac>
            <mac_min>FDA52723BB1F</mac_min>
            <mac_max>FDA52723BB26</mac_max>
        </mac>
        <mac>
            <mac_min>FDA52723BB28</mac_min>
            <mac_max>FDA52723BB2C</mac_max>
        </mac>
        <mac>
            <mac_min>FDA52723BB2E</mac_min>
            <mac_max>FDA52723BB33</mac_max>
        </mac>
        <mac>
            <mac_min>FDA52723BB36</mac_min>
            <mac_max>FDA52723BB3C</mac_max>
        </mac>
    </mac_range>
    <mac_single>
        <mac>C91A005F15FB</mac>
        <mac>C91A005F1C22</mac>
        <mac>C91A006213DA</mac>
        <mac>C91A00621677</mac>
        <mac>C91A00621682</mac>
        <mac>C91A0062168C</mac>
        <mac>C91A0062169B</mac>
        <mac>C91A006216A1</mac>
        <mac>C91A006216A5</mac>
        <mac>C91A00621DD8</mac>
        <mac>FDA52723B0B6</mac>
        <mac>FDA52723B851</mac>
        <mac>FDA52723B855</mac>
        <mac>FDA52723B85B</mac>
        <mac>FDA52723B86A</mac>
        <mac>FDA52723B874</mac>
        <mac>FDA52723B87F</mac>
        <mac>FDA52723BB1D</mac>
    </mac_single>
    <mac_warn />
</build_mac>
