<?xml version="1.0" encoding="utf-8" ?>
<build_mac>
    <build_id>860600020020300002</build_id>
    <mac_range>
        <mac>
            <mac_min>C91A006B4650</mac_min>
            <mac_max>C91A006B4681</mac_max>
        </mac>
        <mac>
            <mac_min>C91A006B477C</mac_min>
            <mac_max>C91A006B477D</mac_max>
        </mac>
        <mac>
            <mac_min>C91A006B4787</mac_min>
            <mac_max>C91A006B478C</mac_max>
        </mac>
        <mac>
            <mac_min>C91A006B478E</mac_min>
            <mac_max>C91A006B4799</mac_max>
        </mac>
        <mac>
            <mac_min>C91A006B479B</mac_min>
            <mac_max>C91A006B479E</mac_max>
        </mac>
        <mac>
            <mac_min>C91A006B47A0</mac_min>
            <mac_max>C91A006B47A9</mac_max>
        </mac>
        <mac>
            <mac_min>C91A006B47AB</mac_min>
            <mac_max>C91A006B47AD</mac_max>
        </mac>
        <mac>
            <mac_min>C91A006B48A8</mac_min>
            <mac_max>C91A006B48C3</mac_max>
        </mac>
        <mac>
            <mac_min>C91A006B48C5</mac_min>
            <mac_max>C91A006B48D9</mac_max>
        </mac>
        <mac>
            <mac_min>C91A006B490C</mac_min>
            <mac_max>C91A006B491E</mac_max>
        </mac>
        <mac>
            <mac_min>C91A006B4920</mac_min>
            <mac_max>C91A006B493D</mac_max>
        </mac>
        <mac>
            <mac_min>C91A006B49A2</mac_min>
            <mac_max>C91A006B49D3</mac_max>
        </mac>
        <mac>
            <mac_min>C91A006D0DAE</mac_min>
            <mac_max>C91A006D0DAF</mac_max>
        </mac>
        <mac>
            <mac_min>C91A006D0DBB</mac_min>
            <mac_max>C91A006D0DBC</mac_max>
        </mac>
        <mac>
            <mac_min>C91A006D0F6E</mac_min>
            <mac_max>C91A006D0F9F</mac_max>
        </mac>
        <mac>
            <mac_min>C91A006E21CA</mac_min>
            <mac_max>C91A006E21CB</mac_max>
        </mac>
        <mac>
            <mac_min>C91A006E21D0</mac_min>
            <mac_max>C91A006E21D2</mac_max>
        </mac>
        <mac>
            <mac_min>C91A006E21D8</mac_min>
            <mac_max>C91A006E21D9</mac_max>
        </mac>
        <mac>
            <mac_min>C91A006E21DE</mac_min>
            <mac_max>C91A006E21E1</mac_max>
        </mac>
        <mac>
            <mac_min>C91A006E21E5</mac_min>
            <mac_max>C91A006E21E6</mac_max>
        </mac>
        <mac>
            <mac_min>C91A006E21E8</mac_min>
            <mac_max>C91A006E21EB</mac_max>
        </mac>
        <mac>
            <mac_min>C91A006E21EE</mac_min>
            <mac_max>C91A006E21F0</mac_max>
        </mac>
        <mac>
            <mac_min>C91A006E21F6</mac_min>
            <mac_max>C91A006E21F7</mac_max>
        </mac>
        <mac>
            <mac_min>FDA527258EB8</mac_min>
            <mac_max>FDA527258EB9</mac_max>
        </mac>
        <mac>
            <mac_min>FDA527258EDE</mac_min>
            <mac_max>FDA527258EDF</mac_max>
        </mac>
        <mac>
            <mac_min>FDA527258EE5</mac_min>
            <mac_max>FDA527258EE6</mac_max>
        </mac>
        <mac>
            <mac_min>FDA527259010</mac_min>
            <mac_max>FDA527259012</mac_max>
        </mac>
        <mac>
            <mac_min>FDA527259015</mac_min>
            <mac_max>FDA527259018</mac_max>
        </mac>
        <mac>
            <mac_min>FDA527259022</mac_min>
            <mac_max>FDA527259023</mac_max>
        </mac>
        <mac>
            <mac_min>FDA527259027</mac_min>
            <mac_max>FDA527259028</mac_max>
        </mac>
        <mac>
            <mac_min>FDA52725902C</mac_min>
            <mac_max>FDA52725902D</mac_max>
        </mac>
        <mac>
            <mac_min>FDA527259030</mac_min>
            <mac_max>FDA527259031</mac_max>
        </mac>
        <mac>
            <mac_min>FDA527259033</mac_min>
            <mac_max>FDA527259034</mac_max>
        </mac>
        <mac>
            <mac_min>FDA5272590C5</mac_min>
            <mac_max>FDA5272590C8</mac_max>
        </mac>
        <mac>
            <mac_min>FDA5272590CE</mac_min>
            <mac_max>FDA5272590CF</mac_max>
        </mac>
        <mac>
            <mac_min>FDA5272590D4</mac_min>
            <mac_max>FDA5272590D6</mac_max>
        </mac>
        <mac>
            <mac_min>FDA52725915E</mac_min>
            <mac_max>FDA527259160</mac_max>
        </mac>
        <mac>
            <mac_min>FDA527259176</mac_min>
            <mac_max>FDA527259177</mac_max>
        </mac>
        <mac>
            <mac_min>FDA527297D1A</mac_min>
            <mac_max>FDA527297D4B</mac_max>
        </mac>
        <mac>
            <mac_min>FDA527297DB0</mac_min>
            <mac_max>FDA527297DCD</mac_max>
        </mac>
        <mac>
            <mac_min>FDA527297DCF</mac_min>
            <mac_max>FDA527297DE1</mac_max>
        </mac>
        <mac>
            <mac_min>FDA527297E14</mac_min>
            <mac_max>FDA527297E28</mac_max>
        </mac>
        <mac>
            <mac_min>FDA527297E2A</mac_min>
            <mac_max>FDA527297E45</mac_max>
        </mac>
        <mac>
            <mac_min>FDA527297F40</mac_min>
            <mac_max>FDA527297F42</mac_max>
        </mac>
        <mac>
            <mac_min>FDA527297F44</mac_min>
            <mac_max>FDA527297F4D</mac_max>
        </mac>
        <mac>
            <mac_min>FDA527297F4F</mac_min>
            <mac_max>FDA527297F52</mac_max>
        </mac>
        <mac>
            <mac_min>FDA527297F54</mac_min>
            <mac_max>FDA527297F5F</mac_max>
        </mac>
        <mac>
            <mac_min>FDA527297F61</mac_min>
            <mac_max>FDA527297F66</mac_max>
        </mac>
        <mac>
            <mac_min>FDA527297F70</mac_min>
            <mac_max>FDA527297F71</mac_max>
        </mac>
        <mac>
            <mac_min>FDA52729806C</mac_min>
            <mac_max>FDA52729809D</mac_max>
        </mac>
        <mac>
            <mac_min>FDA5272ACE71</mac_min>
            <mac_max>FDA5272ACE72</mac_max>
        </mac>
        <mac>
            <mac_min>FDA5272ACE7E</mac_min>
            <mac_max>FDA5272ACE7F</mac_max>
        </mac>
        <mac>
            <mac_min>FDA5272AD031</mac_min>
            <mac_max>FDA5272AD062</mac_max>
        </mac>
        <mac>
            <mac_min>FDA5272B32B8</mac_min>
            <mac_max>FDA5272B32B9</mac_max>
        </mac>
        <mac>
            <mac_min>FDA5272B32BE</mac_min>
            <mac_max>FDA5272B32C0</mac_max>
        </mac>
        <mac>
            <mac_min>FDA5272B32C6</mac_min>
            <mac_max>FDA5272B32C7</mac_max>
        </mac>
        <mac>
            <mac_min>FDA5272B32CC</mac_min>
            <mac_max>FDA5272B32CF</mac_max>
        </mac>
        <mac>
            <mac_min>FDA5272B32D3</mac_min>
            <mac_max>FDA5272B32D4</mac_max>
        </mac>
        <mac>
            <mac_min>FDA5272B32D6</mac_min>
            <mac_max>FDA5272B32D9</mac_max>
        </mac>
        <mac>
            <mac_min>FDA5272B32DC</mac_min>
            <mac_max>FDA5272B32DE</mac_max>
        </mac>
        <mac>
            <mac_min>FDA5272B32E4</mac_min>
            <mac_max>FDA5272B32E5</mac_max>
        </mac>
    </mac_range>
    <mac_single>
        <mac>C91A006B4785</mac>
        <mac>C91A006B4842</mac>
        <mac>C91A006B4A1A</mac>
        <mac>C91A006D0DAC</mac>
        <mac>C91A006D0DB4</mac>
        <mac>C91A006D0DB7</mac>
        <mac>C91A006D0DC1</mac>
        <mac>C91A006D0DC9</mac>
        <mac>C91A006D0DCC</mac>
        <mac>C91A006D0DD6</mac>
        <mac>C91A006E21D4</mac>
        <mac>C91A006E21DB</mac>
        <mac>C91A006E21E3</mac>
        <mac>C91A006E21F3</mac>
        <mac>C91A006E21F9</mac>
        <mac>C91A006E2243</mac>
        <mac>FDA527258E7A</mac>
        <mac>FDA527258E7F</mac>
        <mac>FDA527258E86</mac>
        <mac>FDA527258EE2</mac>
        <mac>FDA527258EE9</mac>
        <mac>FDA527259001</mac>
        <mac>FDA52725900D</mac>
        <mac>FDA52725901B</mac>
        <mac>FDA527259020</mac>
        <mac>FDA527259036</mac>
        <mac>FDA527259038</mac>
        <mac>FDA52725903E</mac>
        <mac>FDA527259042</mac>
        <mac>FDA52725904A</mac>
        <mac>FDA5272590B0</mac>
        <mac>FDA5272590B8</mac>
        <mac>FDA5272590BD</mac>
        <mac>FDA527259146</mac>
        <mac>FDA52725914E</mac>
        <mac>FDA527259153</mac>
        <mac>FDA52725915A</mac>
        <mac>FDA52725915C</mac>
        <mac>FDA527259162</mac>
        <mac>FDA527259164</mac>
        <mac>FDA527259166</mac>
        <mac>FDA527259169</mac>
        <mac>FDA52725917A</mac>
        <mac>FDA52725917C</mac>
        <mac>FDA527297CD3</mac>
        <mac>FDA527297EAB</mac>
        <mac>FDA527297F68</mac>
        <mac>FDA5272ACE6F</mac>
        <mac>FDA5272ACE77</mac>
        <mac>FDA5272ACE7A</mac>
        <mac>FDA5272ACE84</mac>
        <mac>FDA5272ACE8C</mac>
        <mac>FDA5272ACE8F</mac>
        <mac>FDA5272ACE99</mac>
        <mac>FDA5272B32C2</mac>
        <mac>FDA5272B32C9</mac>
        <mac>FDA5272B32D1</mac>
        <mac>FDA5272B32E1</mac>
        <mac>FDA5272B32E7</mac>
        <mac>FDA5272B3331</mac>
    </mac_single>
    <mac_warn />
</build_mac>
