<?xml version="1.0" encoding="utf-8" ?>
<build_mac>
    <build_id>860600080040300001</build_id>
    <mac_range>
        <mac>
            <mac_min>C91A00714A9D</mac_min>
            <mac_max>C91A00714AA1</mac_max>
        </mac>
        <mac>
            <mac_min>C91A00714AA4</mac_min>
            <mac_max>C91A00714AA6</mac_max>
        </mac>
        <mac>
            <mac_min>C91A00714AAA</mac_min>
            <mac_max>C91A00714AAC</mac_max>
        </mac>
        <mac>
            <mac_min>C91A00714AAF</mac_min>
            <mac_max>C91A00714AB1</mac_max>
        </mac>
        <mac>
            <mac_min>C91A00714ABA</mac_min>
            <mac_max>C91A00714ABE</mac_max>
        </mac>
        <mac>
            <mac_min>C91A00714AC2</mac_min>
            <mac_max>C91A00714AC3</mac_max>
        </mac>
        <mac>
            <mac_min>C91A00714ACB</mac_min>
            <mac_max>C91A00714ACC</mac_max>
        </mac>
        <mac>
            <mac_min>C91A00714C2E</mac_min>
            <mac_max>C91A00714C39</mac_max>
        </mac>
        <mac>
            <mac_min>C91A00714C3B</mac_min>
            <mac_max>C91A00714C3C</mac_max>
        </mac>
        <mac>
            <mac_min>C91A00714C3E</mac_min>
            <mac_max>C91A00714C4A</mac_max>
        </mac>
        <mac>
            <mac_min>C91A00714C4D</mac_min>
            <mac_max>C91A00714C4F</mac_max>
        </mac>
        <mac>
            <mac_min>C91A00714C51</mac_min>
            <mac_max>C91A00714C54</mac_max>
        </mac>
        <mac>
            <mac_min>C91A00714C56</mac_min>
            <mac_max>C91A00714C59</mac_max>
        </mac>
        <mac>
            <mac_min>C91A00714C5B</mac_min>
            <mac_max>C91A00714C5D</mac_max>
        </mac>
        <mac>
            <mac_min>FDA5272E34C0</mac_min>
            <mac_max>FDA5272E34C4</mac_max>
        </mac>
        <mac>
            <mac_min>FDA5272E34C7</mac_min>
            <mac_max>FDA5272E34C9</mac_max>
        </mac>
        <mac>
            <mac_min>FDA5272E34CD</mac_min>
            <mac_max>FDA5272E34CF</mac_max>
        </mac>
        <mac>
            <mac_min>FDA5272E34D2</mac_min>
            <mac_max>FDA5272E34D4</mac_max>
        </mac>
        <mac>
            <mac_min>FDA5272E34DD</mac_min>
            <mac_max>FDA5272E34E1</mac_max>
        </mac>
        <mac>
            <mac_min>FDA5272E34E5</mac_min>
            <mac_max>FDA5272E34E6</mac_max>
        </mac>
        <mac>
            <mac_min>FDA5272E34EE</mac_min>
            <mac_max>FDA5272E34EF</mac_max>
        </mac>
        <mac>
            <mac_min>FDA5272E3651</mac_min>
            <mac_max>FDA5272E365C</mac_max>
        </mac>
        <mac>
            <mac_min>FDA5272E365E</mac_min>
            <mac_max>FDA5272E365F</mac_max>
        </mac>
        <mac>
            <mac_min>FDA5272E3661</mac_min>
            <mac_max>FDA5272E366D</mac_max>
        </mac>
        <mac>
            <mac_min>FDA5272E3670</mac_min>
            <mac_max>FDA5272E3672</mac_max>
        </mac>
        <mac>
            <mac_min>FDA5272E3674</mac_min>
            <mac_max>FDA5272E3677</mac_max>
        </mac>
        <mac>
            <mac_min>FDA5272E3679</mac_min>
            <mac_max>FDA5272E367C</mac_max>
        </mac>
        <mac>
            <mac_min>FDA5272E367E</mac_min>
            <mac_max>FDA5272E3680</mac_max>
        </mac>
    </mac_range>
    <mac_single>
        <mac>C91A006E3C99</mac>
        <mac>C91A006E3CA4</mac>
        <mac>C91A006E3CA7</mac>
        <mac>C91A006E65FB</mac>
        <mac>C91A006E6603</mac>
        <mac>C91A00714AA8</mac>
        <mac>C91A00714AB3</mac>
        <mac>C91A00714AB8</mac>
        <mac>C91A00714AC0</mac>
        <mac>C91A00714AC9</mac>
        <mac>C91A00714C2C</mac>
        <mac>C91A00714DEE</mac>
        <mac>C91A00714E1D</mac>
        <mac>C91A0073022E</mac>
        <mac>C91A007302FB</mac>
        <mac>C91A0073031B</mac>
        <mac>FDA5272B64AC</mac>
        <mac>FDA5272B64B7</mac>
        <mac>FDA5272B64BA</mac>
        <mac>FDA5272B8E81</mac>
        <mac>FDA5272B8E89</mac>
        <mac>FDA5272E34CB</mac>
        <mac>FDA5272E34D6</mac>
        <mac>FDA5272E34DB</mac>
        <mac>FDA5272E34E3</mac>
        <mac>FDA5272E34EC</mac>
        <mac>FDA5272E364F</mac>
        <mac>FDA5272E3811</mac>
        <mac>FDA5272E3840</mac>
        <mac>FDA52730C7DC</mac>
        <mac>FDA52730C8A9</mac>
        <mac>FDA52730C8C9</mac>
    </mac_single>
    <mac_warn />
</build_mac>
