<?xml version="1.0" encoding="utf-8" ?>
<build_mac>
    <build_id>860600010020300002</build_id>
    <mac_range>
        <mac>
            <mac_min>C91A00610032</mac_min>
            <mac_max>C91A00610063</mac_max>
        </mac>
        <mac>
            <mac_min>C91A00610E74</mac_min>
            <mac_max>C91A00610E75</mac_max>
        </mac>
        <mac>
            <mac_min>C91A00610E80</mac_min>
            <mac_max>C91A00610E82</mac_max>
        </mac>
        <mac>
            <mac_min>C91A00610E85</mac_min>
            <mac_max>C91A00610E8C</mac_max>
        </mac>
        <mac>
            <mac_min>C91A00610E93</mac_min>
            <mac_max>C91A00610E94</mac_max>
        </mac>
        <mac>
            <mac_min>C91A00610E97</mac_min>
            <mac_max>C91A00610E9A</mac_max>
        </mac>
        <mac>
            <mac_min>C91A00610EA1</mac_min>
            <mac_max>C91A00610EA5</mac_max>
        </mac>
    </mac_range>
    <mac_single>
        <mac>C91A00610E7C</mac>
        <mac>C91A00610E7E</mac>
        <mac>C91A00610E8E</mac>
        <mac>C91A00610E9C</mac>
        <mac>C91A00610E9E</mac>
    </mac_single>
    <mac_warn />
</build_mac>
