<?xml version="1.0" encoding="utf-8" ?>
<build_mac>
    <build_id>860600060020300002</build_id>
    <mac_range>
        <mac>
            <mac_min>C91A00621087</mac_min>
            <mac_max>C91A00621089</mac_max>
        </mac>
        <mac>
            <mac_min>C91A0062108F</mac_min>
            <mac_max>C91A00621090</mac_max>
        </mac>
        <mac>
            <mac_min>C91A0062154A</mac_min>
            <mac_max>C91A0062154B</mac_max>
        </mac>
        <mac>
            <mac_min>C91A0062154D</mac_min>
            <mac_max>C91A0062154F</mac_max>
        </mac>
        <mac>
            <mac_min>C91A00621555</mac_min>
            <mac_max>C91A00621556</mac_max>
        </mac>
        <mac>
            <mac_min>C91A00621561</mac_min>
            <mac_max>C91A0062156C</mac_max>
        </mac>
        <mac>
            <mac_min>C91A0062156F</mac_min>
            <mac_max>C91A00621570</mac_max>
        </mac>
        <mac>
            <mac_min>C91A00621574</mac_min>
            <mac_max>C91A00621576</mac_max>
        </mac>
        <mac>
            <mac_min>C91A0062157A</mac_min>
            <mac_max>C91A0062157B</mac_max>
        </mac>
        <mac>
            <mac_min>FDA52723B97C</mac_min>
            <mac_max>FDA52723B97D</mac_max>
        </mac>
        <mac>
            <mac_min>FDA52723B981</mac_min>
            <mac_max>FDA52723B983</mac_max>
        </mac>
        <mac>
            <mac_min>FDA52723B987</mac_min>
            <mac_max>FDA52723B988</mac_max>
        </mac>
        <mac>
            <mac_min>FDA52723B98B</mac_min>
            <mac_max>FDA52723B996</mac_max>
        </mac>
        <mac>
            <mac_min>FDA52723B9A1</mac_min>
            <mac_max>FDA52723B9A2</mac_max>
        </mac>
        <mac>
            <mac_min>FDA52723B9A8</mac_min>
            <mac_max>FDA52723B9AA</mac_max>
        </mac>
        <mac>
            <mac_min>FDA52723B9AC</mac_min>
            <mac_max>FDA52723B9AD</mac_max>
        </mac>
        <mac>
            <mac_min>FDA52723BE6F</mac_min>
            <mac_max>FDA52723BE71</mac_max>
        </mac>
    </mac_range>
    <mac_single>
        <mac>C91A00621068</mac>
        <mac>C91A0062106B</mac>
        <mac>C91A0062106E</mac>
        <mac>C91A00621072</mac>
        <mac>C91A00621074</mac>
        <mac>C91A0062107A</mac>
        <mac>C91A00621083</mac>
        <mac>C91A0062108B</mac>
        <mac>C91A00621092</mac>
        <mac>C91A00621094</mac>
        <mac>C91A00621098</mac>
        <mac>C91A006213BA</mac>
        <mac>C91A006213C2</mac>
        <mac>C91A006213CA</mac>
        <mac>C91A006213D0</mac>
        <mac>C91A006213D9</mac>
        <mac>C91A006213DB</mac>
        <mac>C91A006213DE</mac>
        <mac>C91A006213E8</mac>
        <mac>C91A00621551</mac>
        <mac>C91A00621553</mac>
        <mac>C91A0062155B</mac>
        <mac>C91A0062155D</mac>
        <mac>C91A00621572</mac>
        <mac>C91A006215E7</mac>
        <mac>C91A0062161B</mac>
        <mac>C91A0062169D</mac>
        <mac>C91A006216A0</mac>
        <mac>C91A006216A7</mac>
        <mac>C91A00621F1F</mac>
        <mac>C91A00621F3D</mac>
        <mac>FDA52723AF51</mac>
        <mac>FDA52723AF6F</mac>
        <mac>FDA52723B84F</mac>
        <mac>FDA52723B856</mac>
        <mac>FDA52723B859</mac>
        <mac>FDA52723B90F</mac>
        <mac>FDA52723B985</mac>
        <mac>FDA52723B99A</mac>
        <mac>FDA52723B99C</mac>
        <mac>FDA52723B9A4</mac>
        <mac>FDA52723B9A6</mac>
        <mac>FDA52723BB0F</mac>
        <mac>FDA52723BB19</mac>
        <mac>FDA52723BB1C</mac>
        <mac>FDA52723BB1E</mac>
        <mac>FDA52723BB27</mac>
        <mac>FDA52723BB2D</mac>
        <mac>FDA52723BB35</mac>
        <mac>FDA52723BE60</mac>
        <mac>FDA52723BE64</mac>
        <mac>FDA52723BE66</mac>
        <mac>FDA52723BE68</mac>
        <mac>FDA52723BE6D</mac>
        <mac>FDA52723BE75</mac>
        <mac>FDA52723BE7E</mac>
        <mac>FDA52723BE84</mac>
        <mac>FDA52723BE86</mac>
        <mac>FDA52723BE8A</mac>
        <mac>FDA52723BE8D</mac>
        <mac>FDA52723BE90</mac>
    </mac_single>
    <mac_warn />
</build_mac>
