<?xml version="1.0" encoding="utf-8" ?>
<build_mac>
    <build_id>860600020020300012</build_id>
    <mac_range>
        <mac>
            <mac_min>C91A0071717A</mac_min>
            <mac_max>C91A0071717D</mac_max>
        </mac>
        <mac>
            <mac_min>C91A00717190</mac_min>
            <mac_max>C91A00717192</mac_max>
        </mac>
        <mac>
            <mac_min>C91A00717196</mac_min>
            <mac_max>C91A00717199</mac_max>
        </mac>
        <mac>
            <mac_min>C91A007171A3</mac_min>
            <mac_max>C91A007171A5</mac_max>
        </mac>
        <mac>
            <mac_min>FDA5272E6377</mac_min>
            <mac_max>FDA5272E637A</mac_max>
        </mac>
        <mac>
            <mac_min>FDA5272E638D</mac_min>
            <mac_max>FDA5272E638F</mac_max>
        </mac>
        <mac>
            <mac_min>FDA5272E6393</mac_min>
            <mac_max>FDA5272E6396</mac_max>
        </mac>
        <mac>
            <mac_min>FDA5272E63A0</mac_min>
            <mac_max>FDA5272E63A2</mac_max>
        </mac>
    </mac_range>
    <mac_single>
        <mac>C91A00714B1B</mac>
        <mac>C91A00717180</mac>
        <mac>C91A00717183</mac>
        <mac>C91A00717185</mac>
        <mac>C91A00717187</mac>
        <mac>C91A00717189</mac>
        <mac>C91A0071719E</mac>
        <mac>C91A007171A1</mac>
        <mac>C91A007171A8</mac>
        <mac>C91A007171AA</mac>
        <mac>FDA5272E353E</mac>
        <mac>FDA5272E637D</mac>
        <mac>FDA5272E6380</mac>
        <mac>FDA5272E6382</mac>
        <mac>FDA5272E6384</mac>
        <mac>FDA5272E6386</mac>
        <mac>FDA5272E639B</mac>
        <mac>FDA5272E639E</mac>
        <mac>FDA5272E63A5</mac>
        <mac>FDA5272E63A7</mac>
    </mac_single>
    <mac_warn />
</build_mac>
