<?xml version="1.0" encoding="utf-8" ?>
<build_mac>
    <build_id>860600010020300001</build_id>
    <mac_range>
        <mac>
            <mac_min>C91A006006A4</mac_min>
            <mac_max>C91A006006B4</mac_max>
        </mac>
        <mac>
            <mac_min>C91A006006B6</mac_min>
            <mac_max>C91A006006BF</mac_max>
        </mac>
        <mac>
            <mac_min>C91A006006C3</mac_min>
            <mac_max>C91A006006C4</mac_max>
        </mac>
        <mac>
            <mac_min>C91A006006C6</mac_min>
            <mac_max>C91A006006C9</mac_max>
        </mac>
        <mac>
            <mac_min>C91A006006CD</mac_min>
            <mac_max>C91A006006CF</mac_max>
        </mac>
        <mac>
            <mac_min>C91A006006D1</mac_min>
            <mac_max>C91A006006D5</mac_max>
        </mac>
        <mac>
            <mac_min>C91A00600A2C</mac_min>
            <mac_max>C91A00600A33</mac_max>
        </mac>
        <mac>
            <mac_min>C91A00600A35</mac_min>
            <mac_max>C91A00600A3A</mac_max>
        </mac>
        <mac>
            <mac_min>C91A00600A3C</mac_min>
            <mac_max>C91A00600A41</mac_max>
        </mac>
        <mac>
            <mac_min>C91A00600A44</mac_min>
            <mac_max>C91A00600A48</mac_max>
        </mac>
        <mac>
            <mac_min>C91A00600A4A</mac_min>
            <mac_max>C91A00600A4D</mac_max>
        </mac>
        <mac>
            <mac_min>C91A00600A51</mac_min>
            <mac_max>C91A00600A52</mac_max>
        </mac>
        <mac>
            <mac_min>C91A00600A54</mac_min>
            <mac_max>C91A00600A55</mac_max>
        </mac>
        <mac>
            <mac_min>C91A00714B96</mac_min>
            <mac_max>C91A00714BC7</mac_max>
        </mac>
        <mac>
            <mac_min>C91A00714BFC</mac_min>
            <mac_max>C91A00714BFD</mac_max>
        </mac>
        <mac>
            <mac_min>C91A00714C04</mac_min>
            <mac_max>C91A00714C05</mac_max>
        </mac>
        <mac>
            <mac_min>C91A00714C08</mac_min>
            <mac_max>C91A00714C09</mac_max>
        </mac>
        <mac>
            <mac_min>C91A00714C17</mac_min>
            <mac_max>C91A00714C18</mac_max>
        </mac>
        <mac>
            <mac_min>C91A00714C1D</mac_min>
            <mac_max>C91A00714C20</mac_max>
        </mac>
        <mac>
            <mac_min>C91A00714C28</mac_min>
            <mac_max>C91A00714C29</mac_max>
        </mac>
        <mac>
            <mac_min>C91A00714C5E</mac_min>
            <mac_max>C91A00714C8F</mac_max>
        </mac>
        <mac>
            <mac_min>C91A00714D8A</mac_min>
            <mac_max>C91A00714DBB</mac_max>
        </mac>
        <mac>
            <mac_min>C91A00714DEF</mac_min>
            <mac_max>C91A00714E1C</mac_max>
        </mac>
        <mac>
            <mac_min>C91A00714E1E</mac_min>
            <mac_max>C91A00714E1F</mac_max>
        </mac>
        <mac>
            <mac_min>FDA5271A2093</mac_min>
            <mac_max>FDA5271A20A3</mac_max>
        </mac>
        <mac>
            <mac_min>FDA5271A20A5</mac_min>
            <mac_max>FDA5271A20AE</mac_max>
        </mac>
        <mac>
            <mac_min>FDA5271A20B2</mac_min>
            <mac_max>FDA5271A20B3</mac_max>
        </mac>
        <mac>
            <mac_min>FDA5271A20B5</mac_min>
            <mac_max>FDA5271A20B8</mac_max>
        </mac>
        <mac>
            <mac_min>FDA5271A20BC</mac_min>
            <mac_max>FDA5271A20BE</mac_max>
        </mac>
        <mac>
            <mac_min>FDA5271A20C0</mac_min>
            <mac_max>FDA5271A20C4</mac_max>
        </mac>
        <mac>
            <mac_min>FDA5271A226C</mac_min>
            <mac_max>FDA5271A2273</mac_max>
        </mac>
        <mac>
            <mac_min>FDA5271A2275</mac_min>
            <mac_max>FDA5271A227A</mac_max>
        </mac>
        <mac>
            <mac_min>FDA5271A227C</mac_min>
            <mac_max>FDA5271A2281</mac_max>
        </mac>
        <mac>
            <mac_min>FDA5271A2284</mac_min>
            <mac_max>FDA5271A2288</mac_max>
        </mac>
        <mac>
            <mac_min>FDA5271A228A</mac_min>
            <mac_max>FDA5271A228D</mac_max>
        </mac>
        <mac>
            <mac_min>FDA5271A2291</mac_min>
            <mac_max>FDA5271A2292</mac_max>
        </mac>
        <mac>
            <mac_min>FDA5271A2294</mac_min>
            <mac_max>FDA5271A2295</mac_max>
        </mac>
        <mac>
            <mac_min>FDA5272E35B9</mac_min>
            <mac_max>FDA5272E35EA</mac_max>
        </mac>
        <mac>
            <mac_min>FDA5272E361F</mac_min>
            <mac_max>FDA5272E3620</mac_max>
        </mac>
        <mac>
            <mac_min>FDA5272E3627</mac_min>
            <mac_max>FDA5272E3628</mac_max>
        </mac>
        <mac>
            <mac_min>FDA5272E362B</mac_min>
            <mac_max>FDA5272E362C</mac_max>
        </mac>
        <mac>
            <mac_min>FDA5272E363A</mac_min>
            <mac_max>FDA5272E363B</mac_max>
        </mac>
        <mac>
            <mac_min>FDA5272E3640</mac_min>
            <mac_max>FDA5272E3643</mac_max>
        </mac>
        <mac>
            <mac_min>FDA5272E364B</mac_min>
            <mac_max>FDA5272E364C</mac_max>
        </mac>
        <mac>
            <mac_min>FDA5272E3681</mac_min>
            <mac_max>FDA5272E36B2</mac_max>
        </mac>
        <mac>
            <mac_min>FDA5272E37AD</mac_min>
            <mac_max>FDA5272E37DE</mac_max>
        </mac>
        <mac>
            <mac_min>FDA5272E3812</mac_min>
            <mac_max>FDA5272E383F</mac_max>
        </mac>
        <mac>
            <mac_min>FDA5272E3841</mac_min>
            <mac_max>FDA5272E3842</mac_max>
        </mac>
    </mac_range>
    <mac_single>
        <mac>C91A006006C1</mac>
        <mac>C91A006006CB</mac>
        <mac>C91A006008FC</mac>
        <mac>C91A00600901</mac>
        <mac>C91A00600903</mac>
        <mac>C91A00600906</mac>
        <mac>C91A00600909</mac>
        <mac>C91A0060090E</mac>
        <mac>C91A00600918</mac>
        <mac>C91A0060091C</mac>
        <mac>C91A00600925</mac>
        <mac>C91A00600928</mac>
        <mac>C91A00600A4F</mac>
        <mac>C91A00600A58</mac>
        <mac>C91A00714BFA</mac>
        <mac>C91A00714C0D</mac>
        <mac>C91A00714C10</mac>
        <mac>C91A00714C15</mac>
        <mac>C91A00714C22</mac>
        <mac>C91A00714C24</mac>
        <mac>C91A00714C2B</mac>
        <mac>FDA5271A20B0</mac>
        <mac>FDA5271A20BA</mac>
        <mac>FDA5271A228F</mac>
        <mac>FDA5271A2298</mac>
        <mac>FDA5271A2B99</mac>
        <mac>FDA5271A2B9E</mac>
        <mac>FDA5271A2BA0</mac>
        <mac>FDA5271A2BA3</mac>
        <mac>FDA5271A2BA6</mac>
        <mac>FDA5271A2BAB</mac>
        <mac>FDA5271A2BB5</mac>
        <mac>FDA5271A2BB9</mac>
        <mac>FDA5271A2BC2</mac>
        <mac>FDA5271A2BC5</mac>
        <mac>FDA5272E361D</mac>
        <mac>FDA5272E3630</mac>
        <mac>FDA5272E3633</mac>
        <mac>FDA5272E3638</mac>
        <mac>FDA5272E3645</mac>
        <mac>FDA5272E3647</mac>
        <mac>FDA5272E364E</mac>
    </mac_single>
    <mac_warn />
</build_mac>
