<?xml version="1.0" encoding="utf-8" ?>
<build_mac>
    <build_id>860600010020300004</build_id>
    <mac_range>
        <mac>
            <mac_min>C91A003D0056</mac_min>
            <mac_max>C91A003D0057</mac_max>
        </mac>
        <mac>
            <mac_min>C91A003D0064</mac_min>
            <mac_max>C91A003D0095</mac_max>
        </mac>
        <mac>
            <mac_min>C91A003D00AE</mac_min>
            <mac_max>C91A003D00B1</mac_max>
        </mac>
        <mac>
            <mac_min>C91A003D00BB</mac_min>
            <mac_max>C91A003D00BD</mac_max>
        </mac>
        <mac>
            <mac_min>C91A003D00C1</mac_min>
            <mac_max>C91A003D00C4</mac_max>
        </mac>
        <mac>
            <mac_min>C91A0046005D</mac_min>
            <mac_max>C91A0046005F</mac_max>
        </mac>
        <mac>
            <mac_min>C91A004600C8</mac_min>
            <mac_max>C91A0046012B</mac_max>
        </mac>
        <mac>
            <mac_min>C91A005401A6</mac_min>
            <mac_max>C91A005401A7</mac_max>
        </mac>
        <mac>
            <mac_min>C91A00540205</mac_min>
            <mac_max>C91A00540206</mac_max>
        </mac>
        <mac>
            <mac_min>C91A00540482</mac_min>
            <mac_max>C91A00540483</mac_max>
        </mac>
        <mac>
            <mac_min>C91A00540490</mac_min>
            <mac_max>C91A00540491</mac_max>
        </mac>
        <mac>
            <mac_min>C91A00612260</mac_min>
            <mac_max>C91A00612278</mac_max>
        </mac>
        <mac>
            <mac_min>C91A0061227A</mac_min>
            <mac_max>C91A00612291</mac_max>
        </mac>
        <mac>
            <mac_min>C91A006122F6</mac_min>
            <mac_max>C91A00612327</mac_max>
        </mac>
        <mac>
            <mac_min>C91A006126DE</mac_min>
            <mac_max>C91A006126DF</mac_max>
        </mac>
        <mac>
            <mac_min>C91A006126E3</mac_min>
            <mac_max>C91A006126E6</mac_max>
        </mac>
        <mac>
            <mac_min>C91A006126E8</mac_min>
            <mac_max>C91A006126EA</mac_max>
        </mac>
        <mac>
            <mac_min>C91A006126F1</mac_min>
            <mac_max>C91A006126FF</mac_max>
        </mac>
        <mac>
            <mac_min>C91A00612703</mac_min>
            <mac_max>C91A00612704</mac_max>
        </mac>
        <mac>
            <mac_min>C91A00612706</mac_min>
            <mac_max>C91A0061270F</mac_max>
        </mac>
        <mac>
            <mac_min>FDA5272289EC</mac_min>
            <mac_max>FDA5272289F5</mac_max>
        </mac>
        <mac>
            <mac_min>FDA5272289F7</mac_min>
            <mac_max>FDA5272289F8</mac_max>
        </mac>
        <mac>
            <mac_min>FDA5272289FC</mac_min>
            <mac_max>FDA527228A0A</mac_max>
        </mac>
        <mac>
            <mac_min>FDA527228A11</mac_min>
            <mac_max>FDA527228A13</mac_max>
        </mac>
        <mac>
            <mac_min>FDA527228A15</mac_min>
            <mac_max>FDA527228A18</mac_max>
        </mac>
        <mac>
            <mac_min>FDA527228A1C</mac_min>
            <mac_max>FDA527228A1D</mac_max>
        </mac>
        <mac>
            <mac_min>FDA527228DD5</mac_min>
            <mac_max>FDA527228E06</mac_max>
        </mac>
        <mac>
            <mac_min>FDA527228E6B</mac_min>
            <mac_max>FDA527228E82</mac_max>
        </mac>
        <mac>
            <mac_min>FDA527228E84</mac_min>
            <mac_max>FDA527228E9C</mac_max>
        </mac>
    </mac_range>
    <mac_single>
        <mac>C91A003D0033</mac>
        <mac>C91A003D0039</mac>
        <mac>C91A003D0043</mac>
        <mac>C91A003D004F</mac>
        <mac>C91A003D005C</mac>
        <mac>C91A003D0097</mac>
        <mac>C91A003D0099</mac>
        <mac>C91A003D009C</mac>
        <mac>C91A003D00A4</mac>
        <mac>C91A003D00A6</mac>
        <mac>C91A003E0352</mac>
        <mac>C91A003E0354</mac>
        <mac>C91A003E035B</mac>
        <mac>C91A003E0360</mac>
        <mac>C91A003E0362</mac>
        <mac>C91A003E036C</mac>
        <mac>C91A003E036F</mac>
        <mac>C91A003E0371</mac>
        <mac>C91A003E037C</mac>
        <mac>C91A003E037F</mac>
        <mac>C91A003E0381</mac>
        <mac>C91A00460034</mac>
        <mac>C91A0046003A</mac>
        <mac>C91A0046003E</mac>
        <mac>C91A00460043</mac>
        <mac>C91A0046004A</mac>
        <mac>C91A0046004E</mac>
        <mac>C91A00460059</mac>
        <mac>C91A00460061</mac>
        <mac>C91A0046036F</mac>
        <mac>C91A00540005</mac>
        <mac>C91A0054000D</mac>
        <mac>C91A0054000F</mac>
        <mac>C91A00540046</mac>
        <mac>C91A00540051</mac>
        <mac>C91A00540054</mac>
        <mac>C91A00540144</mac>
        <mac>C91A00540154</mac>
        <mac>C91A00540191</mac>
        <mac>C91A00540196</mac>
        <mac>C91A005401B5</mac>
        <mac>C91A005401FF</mac>
        <mac>C91A00540322</mac>
        <mac>C91A0054032C</mac>
        <mac>C91A00540335</mac>
        <mac>C91A0054033C</mac>
        <mac>C91A00540340</mac>
        <mac>C91A00540347</mac>
        <mac>C91A0054034D</mac>
        <mac>C91A00540350</mac>
        <mac>C91A00540488</mac>
        <mac>C91A0054048B</mac>
        <mac>C91A00540498</mac>
        <mac>C91A005404A6</mac>
        <mac>C91A006126EC</mac>
        <mac>C91A006126EF</mac>
        <mac>FDA527228A0C</mac>
        <mac>FDA527228A0F</mac>
    </mac_single>
    <mac_warn />
</build_mac>
