<?xml version="1.0" encoding="utf-8" ?>
<build_mac>
    <build_id>860600020010300003</build_id>
    <mac_range>
        <mac>
            <mac_min>C91A006E3D54</mac_min>
            <mac_max>C91A006E3D57</mac_max>
        </mac>
        <mac>
            <mac_min>C91A006E3D59</mac_min>
            <mac_max>C91A006E3D85</mac_max>
        </mac>
        <mac>
            <mac_min>C91A0071267D</mac_min>
            <mac_max>C91A0071267E</mac_max>
        </mac>
        <mac>
            <mac_min>C91A0071268B</mac_min>
            <mac_max>C91A0071268C</mac_max>
        </mac>
        <mac>
            <mac_min>C91A00712691</mac_min>
            <mac_max>C91A00712692</mac_max>
        </mac>
        <mac>
            <mac_min>C91A00712695</mac_min>
            <mac_max>C91A00712698</mac_max>
        </mac>
        <mac>
            <mac_min>C91A007126A3</mac_min>
            <mac_max>C91A007126A4</mac_max>
        </mac>
        <mac>
            <mac_min>C91A0071270D</mac_min>
            <mac_max>C91A0071270F</mac_max>
        </mac>
        <mac>
            <mac_min>C91A00714B94</mac_min>
            <mac_max>C91A00714B95</mac_max>
        </mac>
        <mac>
            <mac_min>FDA5272B6567</mac_min>
            <mac_max>FDA5272B656A</mac_max>
        </mac>
        <mac>
            <mac_min>FDA5272B656C</mac_min>
            <mac_max>FDA5272B6598</mac_max>
        </mac>
        <mac>
            <mac_min>FDA5272E0CB4</mac_min>
            <mac_max>FDA5272E0CB5</mac_max>
        </mac>
        <mac>
            <mac_min>FDA5272E0CC2</mac_min>
            <mac_max>FDA5272E0CC3</mac_max>
        </mac>
        <mac>
            <mac_min>FDA5272E0CC8</mac_min>
            <mac_max>FDA5272E0CC9</mac_max>
        </mac>
        <mac>
            <mac_min>FDA5272E0CCC</mac_min>
            <mac_max>FDA5272E0CCF</mac_max>
        </mac>
        <mac>
            <mac_min>FDA5272E0CDA</mac_min>
            <mac_max>FDA5272E0CDB</mac_max>
        </mac>
        <mac>
            <mac_min>FDA5272E0D44</mac_min>
            <mac_max>FDA5272E0D46</mac_max>
        </mac>
        <mac>
            <mac_min>FDA5272E35B7</mac_min>
            <mac_max>FDA5272E35B8</mac_max>
        </mac>
    </mac_range>
    <mac_single>
        <mac>C91A00712680</mac>
        <mac>C91A00712689</mac>
        <mac>C91A0071269A</mac>
        <mac>C91A0071269D</mac>
        <mac>C91A0071269F</mac>
        <mac>C91A007126FA</mac>
        <mac>C91A007126FE</mac>
        <mac>C91A00712702</mac>
        <mac>C91A00714A6A</mac>
        <mac>C91A00714A90</mac>
        <mac>C91A00714A94</mac>
        <mac>C91A00714B68</mac>
        <mac>C91A00714B74</mac>
        <mac>C91A00714B84</mac>
        <mac>C91A00714B8C</mac>
        <mac>C91A00714B8E</mac>
        <mac>C91A00714BF2</mac>
        <mac>C91A0071719A</mac>
        <mac>C91A0071719C</mac>
        <mac>FDA5272E0CB7</mac>
        <mac>FDA5272E0CC0</mac>
        <mac>FDA5272E0CD1</mac>
        <mac>FDA5272E0CD4</mac>
        <mac>FDA5272E0CD6</mac>
        <mac>FDA5272E0D31</mac>
        <mac>FDA5272E0D35</mac>
        <mac>FDA5272E0D39</mac>
        <mac>FDA5272E348D</mac>
        <mac>FDA5272E34B3</mac>
        <mac>FDA5272E34B7</mac>
        <mac>FDA5272E358B</mac>
        <mac>FDA5272E3597</mac>
        <mac>FDA5272E35A7</mac>
        <mac>FDA5272E35AF</mac>
        <mac>FDA5272E35B1</mac>
        <mac>FDA5272E3615</mac>
        <mac>FDA5272E6397</mac>
        <mac>FDA5272E6399</mac>
    </mac_single>
    <mac_warn />
</build_mac>
