<?xml version="1.0" encoding="utf-8" ?>
<build_mac>
    <build_id>860600100010300001</build_id>
    <mac_range>
        <mac>
            <mac_min>C91A006B4C2C</mac_min>
            <mac_max>C91A006B4C2D</mac_max>
        </mac>
        <mac>
            <mac_min>C91A006B4C2F</mac_min>
            <mac_max>C91A006B4C32</mac_max>
        </mac>
        <mac>
            <mac_min>C91A006B4C34</mac_min>
            <mac_max>C91A006B4C38</mac_max>
        </mac>
        <mac>
            <mac_min>C91A006B4C3A</mac_min>
            <mac_max>C91A006B4C3C</mac_max>
        </mac>
        <mac>
            <mac_min>C91A006B4C3E</mac_min>
            <mac_max>C91A006B4C40</mac_max>
        </mac>
        <mac>
            <mac_min>C91A006B4C44</mac_min>
            <mac_max>C91A006B4C45</mac_max>
        </mac>
        <mac>
            <mac_min>C91A006B4C47</mac_min>
            <mac_max>C91A006B4C4C</mac_max>
        </mac>
        <mac>
            <mac_min>C91A006B4C50</mac_min>
            <mac_max>C91A006B4C52</mac_max>
        </mac>
        <mac>
            <mac_min>C91A006B4C54</mac_min>
            <mac_max>C91A006B4C5D</mac_max>
        </mac>
        <mac>
            <mac_min>C91A006B4CC2</mac_min>
            <mac_max>C91A006B4CCB</mac_max>
        </mac>
        <mac>
            <mac_min>C91A006B4CCD</mac_min>
            <mac_max>C91A006B4CCF</mac_max>
        </mac>
        <mac>
            <mac_min>C91A006B4CD3</mac_min>
            <mac_max>C91A006B4CE0</mac_max>
        </mac>
        <mac>
            <mac_min>C91A006B4CE2</mac_min>
            <mac_max>C91A006B4CED</mac_max>
        </mac>
        <mac>
            <mac_min>C91A006B4CEF</mac_min>
            <mac_max>C91A006B4CF3</mac_max>
        </mac>
        <mac>
            <mac_min>C91A006F3DB8</mac_min>
            <mac_max>C91A006F3DBB</mac_max>
        </mac>
        <mac>
            <mac_min>C91A006F3DBD</mac_min>
            <mac_max>C91A006F3DD9</mac_max>
        </mac>
        <mac>
            <mac_min>C91A006F3DDB</mac_min>
            <mac_max>C91A006F3DE9</mac_max>
        </mac>
        <mac>
            <mac_min>C91A00714A38</mac_min>
            <mac_max>C91A00714A69</mac_max>
        </mac>
        <mac>
            <mac_min>C91A00714A6F</mac_min>
            <mac_max>C91A00714A72</mac_max>
        </mac>
        <mac>
            <mac_min>C91A00714A75</mac_min>
            <mac_max>C91A00714A76</mac_max>
        </mac>
        <mac>
            <mac_min>C91A00714A7C</mac_min>
            <mac_max>C91A00714A80</mac_max>
        </mac>
        <mac>
            <mac_min>C91A00714A86</mac_min>
            <mac_max>C91A00714A87</mac_max>
        </mac>
        <mac>
            <mac_min>C91A00714A89</mac_min>
            <mac_max>C91A00714A8C</mac_max>
        </mac>
        <mac>
            <mac_min>C91A00714A91</mac_min>
            <mac_max>C91A00714A92</mac_max>
        </mac>
        <mac>
            <mac_min>FDA527259086</mac_min>
            <mac_max>FDA52725908A</mac_max>
        </mac>
        <mac>
            <mac_min>FDA52725908E</mac_min>
            <mac_max>FDA527259092</mac_max>
        </mac>
        <mac>
            <mac_min>FDA527259096</mac_min>
            <mac_max>FDA527259099</mac_max>
        </mac>
        <mac>
            <mac_min>FDA5272590DD</mac_min>
            <mac_max>FDA5272590E0</mac_max>
        </mac>
        <mac>
            <mac_min>FDA5272590E6</mac_min>
            <mac_max>FDA5272590E7</mac_max>
        </mac>
        <mac>
            <mac_min>FDA527259208</mac_min>
            <mac_max>FDA527259209</mac_max>
        </mac>
        <mac>
            <mac_min>FDA527259210</mac_min>
            <mac_max>FDA527259211</mac_max>
        </mac>
        <mac>
            <mac_min>FDA527259218</mac_min>
            <mac_max>FDA527259219</mac_max>
        </mac>
        <mac>
            <mac_min>FDA527259228</mac_min>
            <mac_max>FDA52725922E</mac_max>
        </mac>
        <mac>
            <mac_min>FDA527259232</mac_min>
            <mac_max>FDA527259235</mac_max>
        </mac>
        <mac>
            <mac_min>FDA5272979FA</mac_min>
            <mac_max>FDA5272979FE</mac_max>
        </mac>
        <mac>
            <mac_min>FDA527297A00</mac_min>
            <mac_max>FDA527297A0B</mac_max>
        </mac>
        <mac>
            <mac_min>FDA527297A0D</mac_min>
            <mac_max>FDA527297A1A</mac_max>
        </mac>
        <mac>
            <mac_min>FDA527297A1E</mac_min>
            <mac_max>FDA527297A20</mac_max>
        </mac>
        <mac>
            <mac_min>FDA527297A22</mac_min>
            <mac_max>FDA527297A2B</mac_max>
        </mac>
        <mac>
            <mac_min>FDA527297A90</mac_min>
            <mac_max>FDA527297A99</mac_max>
        </mac>
        <mac>
            <mac_min>FDA527297A9B</mac_min>
            <mac_max>FDA527297A9D</mac_max>
        </mac>
        <mac>
            <mac_min>FDA527297AA1</mac_min>
            <mac_max>FDA527297AA6</mac_max>
        </mac>
        <mac>
            <mac_min>FDA527297AA8</mac_min>
            <mac_max>FDA527297AA9</mac_max>
        </mac>
        <mac>
            <mac_min>FDA527297AAD</mac_min>
            <mac_max>FDA527297AAF</mac_max>
        </mac>
        <mac>
            <mac_min>FDA527297AB1</mac_min>
            <mac_max>FDA527297AB3</mac_max>
        </mac>
        <mac>
            <mac_min>FDA527297AB5</mac_min>
            <mac_max>FDA527297AB9</mac_max>
        </mac>
        <mac>
            <mac_min>FDA527297ABB</mac_min>
            <mac_max>FDA527297ABE</mac_max>
        </mac>
        <mac>
            <mac_min>FDA527297AC0</mac_min>
            <mac_max>FDA527297AC1</mac_max>
        </mac>
        <mac>
            <mac_min>FDA5272C6335</mac_min>
            <mac_max>FDA5272C6338</mac_max>
        </mac>
        <mac>
            <mac_min>FDA5272C633A</mac_min>
            <mac_max>FDA5272C6356</mac_max>
        </mac>
        <mac>
            <mac_min>FDA5272C6358</mac_min>
            <mac_max>FDA5272C6366</mac_max>
        </mac>
        <mac>
            <mac_min>FDA5272E345B</mac_min>
            <mac_max>FDA5272E348C</mac_max>
        </mac>
        <mac>
            <mac_min>FDA5272E3492</mac_min>
            <mac_max>FDA5272E3495</mac_max>
        </mac>
        <mac>
            <mac_min>FDA5272E3498</mac_min>
            <mac_max>FDA5272E3499</mac_max>
        </mac>
        <mac>
            <mac_min>FDA5272E349F</mac_min>
            <mac_max>FDA5272E34A3</mac_max>
        </mac>
        <mac>
            <mac_min>FDA5272E34A9</mac_min>
            <mac_max>FDA5272E34AA</mac_max>
        </mac>
        <mac>
            <mac_min>FDA5272E34AC</mac_min>
            <mac_max>FDA5272E34AF</mac_max>
        </mac>
        <mac>
            <mac_min>FDA5272E34B4</mac_min>
            <mac_max>FDA5272E34B5</mac_max>
        </mac>
    </mac_range>
    <mac_single>
        <mac>C91A006009F9</mac>
        <mac>C91A006B4C42</mac>
        <mac>C91A006B4C4E</mac>
        <mac>C91A006B4CD1</mac>
        <mac>C91A00714A6C</mac>
        <mac>C91A00714A7A</mac>
        <mac>C91A00714A84</mac>
        <mac>C91A00714A96</mac>
        <mac>C91A00714A9A</mac>
        <mac>FDA5271A2239</mac>
        <mac>FDA52725909E</mac>
        <mac>FDA5272590A1</mac>
        <mac>FDA5272590ED</mac>
        <mac>FDA5272590F3</mac>
        <mac>FDA5272590FC</mac>
        <mac>FDA527259105</mac>
        <mac>FDA527259155</mac>
        <mac>FDA527259173</mac>
        <mac>FDA527259201</mac>
        <mac>FDA527259221</mac>
        <mac>FDA52725923B</mac>
        <mac>FDA527259289</mac>
        <mac>FDA52725928C</mac>
        <mac>FDA527259293</mac>
        <mac>FDA52725929E</mac>
        <mac>FDA5272592E5</mac>
        <mac>FDA5272592EC</mac>
        <mac>FDA52725931D</mac>
        <mac>FDA527297A1C</mac>
        <mac>FDA527297A9F</mac>
        <mac>FDA527297AAB</mac>
        <mac>FDA5272E348F</mac>
        <mac>FDA5272E349D</mac>
        <mac>FDA5272E34A7</mac>
        <mac>FDA5272E34B9</mac>
        <mac>FDA5272E34BD</mac>
    </mac_single>
    <mac_warn />
</build_mac>
