<?xml version="1.0" encoding="utf-8" ?>
<build_mac>
    <build_id>860600020070300001</build_id>
    <mac_range>
        <mac>
            <mac_min>C91A00714AA2</mac_min>
            <mac_max>C91A00714AA3</mac_max>
        </mac>
        <mac>
            <mac_min>C91A00714AAD</mac_min>
            <mac_max>C91A00714AAE</mac_max>
        </mac>
        <mac>
            <mac_min>C91A00714AB4</mac_min>
            <mac_max>C91A00714AB7</mac_max>
        </mac>
        <mac>
            <mac_min>C91A00714AC4</mac_min>
            <mac_max>C91A00714AC8</mac_max>
        </mac>
        <mac>
            <mac_min>C91A00714BFE</mac_min>
            <mac_max>C91A00714C03</mac_max>
        </mac>
        <mac>
            <mac_min>C91A00714C06</mac_min>
            <mac_max>C91A00714C07</mac_max>
        </mac>
        <mac>
            <mac_min>C91A00714C0A</mac_min>
            <mac_max>C91A00714C0C</mac_max>
        </mac>
        <mac>
            <mac_min>C91A00714C0E</mac_min>
            <mac_max>C91A00714C0F</mac_max>
        </mac>
        <mac>
            <mac_min>C91A00714C11</mac_min>
            <mac_max>C91A00714C14</mac_max>
        </mac>
        <mac>
            <mac_min>C91A00714C19</mac_min>
            <mac_max>C91A00714C1C</mac_max>
        </mac>
        <mac>
            <mac_min>C91A00714C25</mac_min>
            <mac_max>C91A00714C27</mac_max>
        </mac>
        <mac>
            <mac_min>FDA5272E34C5</mac_min>
            <mac_max>FDA5272E34C6</mac_max>
        </mac>
        <mac>
            <mac_min>FDA5272E34D0</mac_min>
            <mac_max>FDA5272E34D1</mac_max>
        </mac>
        <mac>
            <mac_min>FDA5272E34D7</mac_min>
            <mac_max>FDA5272E34DA</mac_max>
        </mac>
        <mac>
            <mac_min>FDA5272E34E7</mac_min>
            <mac_max>FDA5272E34EB</mac_max>
        </mac>
        <mac>
            <mac_min>FDA5272E3621</mac_min>
            <mac_max>FDA5272E3626</mac_max>
        </mac>
        <mac>
            <mac_min>FDA5272E3629</mac_min>
            <mac_max>FDA5272E362A</mac_max>
        </mac>
        <mac>
            <mac_min>FDA5272E362D</mac_min>
            <mac_max>FDA5272E362F</mac_max>
        </mac>
        <mac>
            <mac_min>FDA5272E3631</mac_min>
            <mac_max>FDA5272E3632</mac_max>
        </mac>
        <mac>
            <mac_min>FDA5272E3634</mac_min>
            <mac_max>FDA5272E3637</mac_max>
        </mac>
        <mac>
            <mac_min>FDA5272E363C</mac_min>
            <mac_max>FDA5272E363F</mac_max>
        </mac>
        <mac>
            <mac_min>FDA5272E3648</mac_min>
            <mac_max>FDA5272E364A</mac_max>
        </mac>
    </mac_range>
    <mac_single>
        <mac>C91A00714A9C</mac>
        <mac>C91A00714AA7</mac>
        <mac>C91A00714AA9</mac>
        <mac>C91A00714AB2</mac>
        <mac>C91A00714AB9</mac>
        <mac>C91A00714ABF</mac>
        <mac>C91A00714AC1</mac>
        <mac>C91A00714ACA</mac>
        <mac>C91A00714ACD</mac>
        <mac>C91A00714BFB</mac>
        <mac>C91A00714C16</mac>
        <mac>C91A00714C21</mac>
        <mac>C91A00714C23</mac>
        <mac>C91A00714C2A</mac>
        <mac>FDA5272E34BF</mac>
        <mac>FDA5272E34CA</mac>
        <mac>FDA5272E34CC</mac>
        <mac>FDA5272E34D5</mac>
        <mac>FDA5272E34DC</mac>
        <mac>FDA5272E34E2</mac>
        <mac>FDA5272E34E4</mac>
        <mac>FDA5272E34ED</mac>
        <mac>FDA5272E34F0</mac>
        <mac>FDA5272E361E</mac>
        <mac>FDA5272E3639</mac>
        <mac>FDA5272E3644</mac>
        <mac>FDA5272E3646</mac>
        <mac>FDA5272E364D</mac>
    </mac_single>
    <mac_warn />
</build_mac>
