<?xml version="1.0" encoding="utf-8" ?>
<build_mac>
    <build_id>860600010010300005</build_id>
    <mac_range>
        <mac>
            <mac_min>C91A006C0FA0</mac_min>
            <mac_max>C91A006C0FFF</mac_max>
        </mac>
        <mac>
            <mac_min>C91A006C1001</mac_min>
            <mac_max>C91A006C10CB</mac_max>
        </mac>
        <mac>
            <mac_min>C91A006C10FE</mac_min>
            <mac_max>C91A006C1139</mac_max>
        </mac>
        <mac>
            <mac_min>C91A006C113B</mac_min>
            <mac_max>C91A006C113C</mac_max>
        </mac>
        <mac>
            <mac_min>C91A006C113F</mac_min>
            <mac_max>C91A006C1144</mac_max>
        </mac>
        <mac>
            <mac_min>C91A006C1146</mac_min>
            <mac_max>C91A006C114B</mac_max>
        </mac>
        <mac>
            <mac_min>C91A006C1150</mac_min>
            <mac_max>C91A006C1151</mac_max>
        </mac>
        <mac>
            <mac_min>C91A006C1153</mac_min>
            <mac_max>C91A006C1156</mac_max>
        </mac>
        <mac>
            <mac_min>C91A006C1158</mac_min>
            <mac_max>C91A006C115A</mac_max>
        </mac>
        <mac>
            <mac_min>C91A006C115C</mac_min>
            <mac_max>C91A006C115E</mac_max>
        </mac>
        <mac>
            <mac_min>C91A006C1160</mac_min>
            <mac_max>C91A006C1166</mac_max>
        </mac>
        <mac>
            <mac_min>C91A006C1168</mac_min>
            <mac_max>C91A006C11F7</mac_max>
        </mac>
        <mac>
            <mac_min>ECB352D80000</mac_min>
            <mac_max>ECB352D8005F</mac_max>
        </mac>
        <mac>
            <mac_min>ECB352D80061</mac_min>
            <mac_max>ECB352D8012B</mac_max>
        </mac>
        <mac>
            <mac_min>ECB352D8015E</mac_min>
            <mac_max>ECB352D80199</mac_max>
        </mac>
        <mac>
            <mac_min>ECB352D8019B</mac_min>
            <mac_max>ECB352D8019C</mac_max>
        </mac>
        <mac>
            <mac_min>ECB352D8019F</mac_min>
            <mac_max>ECB352D801A4</mac_max>
        </mac>
        <mac>
            <mac_min>ECB352D801A6</mac_min>
            <mac_max>ECB352D801AB</mac_max>
        </mac>
        <mac>
            <mac_min>ECB352D801B0</mac_min>
            <mac_max>ECB352D801B1</mac_max>
        </mac>
        <mac>
            <mac_min>ECB352D801B3</mac_min>
            <mac_max>ECB352D801B6</mac_max>
        </mac>
        <mac>
            <mac_min>ECB352D801B8</mac_min>
            <mac_max>ECB352D801BA</mac_max>
        </mac>
        <mac>
            <mac_min>ECB352D801BC</mac_min>
            <mac_max>ECB352D801BE</mac_max>
        </mac>
        <mac>
            <mac_min>ECB352D801C0</mac_min>
            <mac_max>ECB352D801C6</mac_max>
        </mac>
        <mac>
            <mac_min>ECB352D801C8</mac_min>
            <mac_max>ECB352D80257</mac_max>
        </mac>
        <mac>
            <mac_min>FDA5272A7882</mac_min>
            <mac_max>FDA5272A78E1</mac_max>
        </mac>
        <mac>
            <mac_min>FDA5272A78E3</mac_min>
            <mac_max>FDA5272A79AD</mac_max>
        </mac>
        <mac>
            <mac_min>FDA5272A79E0</mac_min>
            <mac_max>FDA5272A7A1B</mac_max>
        </mac>
        <mac>
            <mac_min>FDA5272A7A1D</mac_min>
            <mac_max>FDA5272A7A1E</mac_max>
        </mac>
        <mac>
            <mac_min>FDA5272A7A21</mac_min>
            <mac_max>FDA5272A7A26</mac_max>
        </mac>
        <mac>
            <mac_min>FDA5272A7A28</mac_min>
            <mac_max>FDA5272A7A2D</mac_max>
        </mac>
        <mac>
            <mac_min>FDA5272A7A32</mac_min>
            <mac_max>FDA5272A7A33</mac_max>
        </mac>
        <mac>
            <mac_min>FDA5272A7A35</mac_min>
            <mac_max>FDA5272A7A38</mac_max>
        </mac>
        <mac>
            <mac_min>FDA5272A7A3A</mac_min>
            <mac_max>FDA5272A7A3C</mac_max>
        </mac>
        <mac>
            <mac_min>FDA5272A7A3E</mac_min>
            <mac_max>FDA5272A7A40</mac_max>
        </mac>
        <mac>
            <mac_min>FDA5272A7A42</mac_min>
            <mac_max>FDA5272A7A48</mac_max>
        </mac>
        <mac>
            <mac_min>FDA5272A7A4A</mac_min>
            <mac_max>FDA5272A7AD9</mac_max>
        </mac>
    </mac_range>
    <mac_single>
        <mac>C91A006C114D</mac>
        <mac>ECB352D801AD</mac>
        <mac>FDA5272A7A2F</mac>
    </mac_single>
    <mac_warn />
</build_mac>
