<?xml version="1.0" encoding="utf-8" ?>
<build_mac>
    <build_id>860700010010300001</build_id>
    <mac_range>
        <mac>
            <mac_min>C91A00600032</mac_min>
            <mac_max>C91A00600052</mac_max>
        </mac>
        <mac>
            <mac_min>C91A00600056</mac_min>
            <mac_max>C91A00600062</mac_max>
        </mac>
        <mac>
            <mac_min>C91A006004B1</mac_min>
            <mac_max>C91A006004B2</mac_max>
        </mac>
        <mac>
            <mac_min>C91A006004B4</mac_min>
            <mac_max>C91A006004B5</mac_max>
        </mac>
        <mac>
            <mac_min>C91A006004B8</mac_min>
            <mac_max>C91A006004BC</mac_max>
        </mac>
        <mac>
            <mac_min>C91A006004C0</mac_min>
            <mac_max>C91A006004C4</mac_max>
        </mac>
        <mac>
            <mac_min>C91A006004CA</mac_min>
            <mac_max>C91A006004CB</mac_max>
        </mac>
        <mac>
            <mac_min>C91A006004D3</mac_min>
            <mac_max>C91A006004D7</mac_max>
        </mac>
        <mac>
            <mac_min>C91A006004DC</mac_min>
            <mac_max>C91A006004DD</mac_max>
        </mac>
        <mac>
            <mac_min>C91A00601FD6</mac_min>
            <mac_max>C91A00602007</mac_max>
        </mac>
        <mac>
            <mac_min>C91A00602106</mac_min>
            <mac_max>C91A00602107</mac_max>
        </mac>
        <mac>
            <mac_min>C91A0060210D</mac_min>
            <mac_max>C91A00602114</mac_max>
        </mac>
        <mac>
            <mac_min>C91A00602119</mac_min>
            <mac_max>C91A0060211A</mac_max>
        </mac>
        <mac>
            <mac_min>C91A00602128</mac_min>
            <mac_max>C91A0060212D</mac_max>
        </mac>
        <mac>
            <mac_min>C91A00602131</mac_min>
            <mac_max>C91A00602133</mac_max>
        </mac>
        <mac>
            <mac_min>C91A006021D3</mac_min>
            <mac_max>C91A006021D4</mac_max>
        </mac>
        <mac>
            <mac_min>C91A006021E5</mac_min>
            <mac_max>C91A006021E7</mac_max>
        </mac>
        <mac>
            <mac_min>C91A006021E9</mac_min>
            <mac_max>C91A006021EA</mac_max>
        </mac>
        <mac>
            <mac_min>FDA5271A15CA</mac_min>
            <mac_max>FDA5271A15EA</mac_max>
        </mac>
        <mac>
            <mac_min>FDA5271A15EE</mac_min>
            <mac_max>FDA5271A15FA</mac_max>
        </mac>
        <mac>
            <mac_min>FDA5271A260C</mac_min>
            <mac_max>FDA5271A260D</mac_max>
        </mac>
        <mac>
            <mac_min>FDA5271A260F</mac_min>
            <mac_max>FDA5271A2610</mac_max>
        </mac>
        <mac>
            <mac_min>FDA5271A2613</mac_min>
            <mac_max>FDA5271A2617</mac_max>
        </mac>
        <mac>
            <mac_min>FDA5271A261B</mac_min>
            <mac_max>FDA5271A261F</mac_max>
        </mac>
        <mac>
            <mac_min>FDA5271A2625</mac_min>
            <mac_max>FDA5271A2626</mac_max>
        </mac>
        <mac>
            <mac_min>FDA5271A262E</mac_min>
            <mac_max>FDA5271A2632</mac_max>
        </mac>
        <mac>
            <mac_min>FDA5271A2637</mac_min>
            <mac_max>FDA5271A2638</mac_max>
        </mac>
        <mac>
            <mac_min>FDA5271BF234</mac_min>
            <mac_max>FDA5271BF265</mac_max>
        </mac>
        <mac>
            <mac_min>FDA5271BF364</mac_min>
            <mac_max>FDA5271BF365</mac_max>
        </mac>
        <mac>
            <mac_min>FDA5271BF36B</mac_min>
            <mac_max>FDA5271BF372</mac_max>
        </mac>
        <mac>
            <mac_min>FDA5271BF377</mac_min>
            <mac_max>FDA5271BF378</mac_max>
        </mac>
        <mac>
            <mac_min>FDA5271BF386</mac_min>
            <mac_max>FDA5271BF38B</mac_max>
        </mac>
        <mac>
            <mac_min>FDA5271BF38F</mac_min>
            <mac_max>FDA5271BF391</mac_max>
        </mac>
        <mac>
            <mac_min>FDA5271BF9D9</mac_min>
            <mac_max>FDA5271BF9DA</mac_max>
        </mac>
        <mac>
            <mac_min>FDA5271BF9EB</mac_min>
            <mac_max>FDA5271BF9ED</mac_max>
        </mac>
        <mac>
            <mac_min>FDA5271BF9EF</mac_min>
            <mac_max>FDA5271BF9F0</mac_max>
        </mac>
    </mac_range>
    <mac_single>
        <mac>C91A006001FC</mac>
        <mac>C91A006004C7</mac>
        <mac>C91A006004E0</mac>
        <mac>C91A00601E26</mac>
        <mac>C91A00602103</mac>
        <mac>C91A0060210A</mac>
        <mac>C91A0060211C</mac>
        <mac>C91A0060211F</mac>
        <mac>C91A00602121</mac>
        <mac>C91A00602125</mac>
        <mac>C91A0060212F</mac>
        <mac>C91A006021CB</mac>
        <mac>C91A006021D0</mac>
        <mac>C91A006021D8</mac>
        <mac>C91A006021DE</mac>
        <mac>C91A006021E3</mac>
        <mac>C91A006021ED</mac>
        <mac>C91A006021EF</mac>
        <mac>C91A006021F3</mac>
        <mac>C91A006021FA</mac>
        <mac>C91A006024C9</mac>
        <mac>FDA527191642</mac>
        <mac>FDA5271A2622</mac>
        <mac>FDA5271A263B</mac>
        <mac>FDA5271BEE0C</mac>
        <mac>FDA5271BF361</mac>
        <mac>FDA5271BF368</mac>
        <mac>FDA5271BF37A</mac>
        <mac>FDA5271BF37D</mac>
        <mac>FDA5271BF37F</mac>
        <mac>FDA5271BF383</mac>
        <mac>FDA5271BF38D</mac>
        <mac>FDA5271BF9D1</mac>
        <mac>FDA5271BF9D6</mac>
        <mac>FDA5271BF9DE</mac>
        <mac>FDA5271BF9E4</mac>
        <mac>FDA5271BF9E9</mac>
        <mac>FDA5271BF9F3</mac>
        <mac>FDA5271BF9F5</mac>
        <mac>FDA5271BF9F9</mac>
        <mac>FDA5271BFA00</mac>
        <mac>FDA5271BFBDC</mac>
    </mac_single>
    <mac_warn />
</build_mac>
