<?xml version="1.0" encoding="utf-8" ?>
<build_mac>
    <build_id>860800010020300001</build_id>
    <mac_range>
        <mac>
            <mac_min>C91A006924B8</mac_min>
            <mac_max>C91A0069251D</mac_max>
        </mac>
        <mac>
            <mac_min>C91A00692523</mac_min>
            <mac_max>C91A0069252C</mac_max>
        </mac>
        <mac>
            <mac_min>C91A0069252F</mac_min>
            <mac_max>C91A00692530</mac_max>
        </mac>
        <mac>
            <mac_min>C91A00692534</mac_min>
            <mac_max>C91A00692535</mac_max>
        </mac>
        <mac>
            <mac_min>C91A00692537</mac_min>
            <mac_max>C91A0069253C</mac_max>
        </mac>
        <mac>
            <mac_min>C91A0069253E</mac_min>
            <mac_max>C91A00692543</mac_max>
        </mac>
        <mac>
            <mac_min>C91A00692549</mac_min>
            <mac_max>C91A0069254B</mac_max>
        </mac>
        <mac>
            <mac_min>C91A0069254D</mac_min>
            <mac_max>C91A00692587</mac_max>
        </mac>
        <mac>
            <mac_min>C91A00692589</mac_min>
            <mac_max>C91A006925B1</mac_max>
        </mac>
        <mac>
            <mac_min>C91A006925B5</mac_min>
            <mac_max>C91A006925B6</mac_max>
        </mac>
        <mac>
            <mac_min>C91A006925BE</mac_min>
            <mac_max>C91A006925BF</mac_max>
        </mac>
        <mac>
            <mac_min>C91A006925C3</mac_min>
            <mac_max>C91A006925C4</mac_max>
        </mac>
        <mac>
            <mac_min>C91A006925CD</mac_min>
            <mac_max>C91A006925CF</mac_max>
        </mac>
        <mac>
            <mac_min>C91A006925DA</mac_min>
            <mac_max>C91A006925DD</mac_max>
        </mac>
        <mac>
            <mac_min>C91A006925DF</mac_min>
            <mac_max>C91A006925E2</mac_max>
        </mac>
        <mac>
            <mac_min>C91A006925E4</mac_min>
            <mac_max>C91A00692620</mac_max>
        </mac>
        <mac>
            <mac_min>C91A00692622</mac_min>
            <mac_max>C91A00692647</mac_max>
        </mac>
        <mac>
            <mac_min>C91A0069267A</mac_min>
            <mac_max>C91A0069267B</mac_max>
        </mac>
        <mac>
            <mac_min>C91A00692681</mac_min>
            <mac_max>C91A00692685</mac_max>
        </mac>
        <mac>
            <mac_min>C91A00692689</mac_min>
            <mac_max>C91A0069268A</mac_max>
        </mac>
        <mac>
            <mac_min>C91A0069268C</mac_min>
            <mac_max>C91A0069268D</mac_max>
        </mac>
        <mac>
            <mac_min>C91A00692696</mac_min>
            <mac_max>C91A00692697</mac_max>
        </mac>
        <mac>
            <mac_min>C91A006926A9</mac_min>
            <mac_max>C91A0069270F</mac_max>
        </mac>
        <mac>
            <mac_min>ECB32F470000</mac_min>
            <mac_max>ECB32F470065</mac_max>
        </mac>
        <mac>
            <mac_min>ECB32F47006B</mac_min>
            <mac_max>ECB32F470074</mac_max>
        </mac>
        <mac>
            <mac_min>ECB32F470077</mac_min>
            <mac_max>ECB32F470078</mac_max>
        </mac>
        <mac>
            <mac_min>ECB32F47007C</mac_min>
            <mac_max>ECB32F47007D</mac_max>
        </mac>
        <mac>
            <mac_min>ECB32F47007F</mac_min>
            <mac_max>ECB32F470084</mac_max>
        </mac>
        <mac>
            <mac_min>ECB32F470086</mac_min>
            <mac_max>ECB32F47008B</mac_max>
        </mac>
        <mac>
            <mac_min>ECB32F470091</mac_min>
            <mac_max>ECB32F470093</mac_max>
        </mac>
        <mac>
            <mac_min>ECB32F470095</mac_min>
            <mac_max>ECB32F4700CF</mac_max>
        </mac>
        <mac>
            <mac_min>ECB32F4700D1</mac_min>
            <mac_max>ECB32F4700F9</mac_max>
        </mac>
        <mac>
            <mac_min>ECB32F4700FD</mac_min>
            <mac_max>ECB32F4700FE</mac_max>
        </mac>
        <mac>
            <mac_min>ECB32F470106</mac_min>
            <mac_max>ECB32F470107</mac_max>
        </mac>
        <mac>
            <mac_min>ECB32F47010B</mac_min>
            <mac_max>ECB32F47010C</mac_max>
        </mac>
        <mac>
            <mac_min>ECB32F470115</mac_min>
            <mac_max>ECB32F470117</mac_max>
        </mac>
        <mac>
            <mac_min>ECB32F470122</mac_min>
            <mac_max>ECB32F470125</mac_max>
        </mac>
        <mac>
            <mac_min>ECB32F470127</mac_min>
            <mac_max>ECB32F47012A</mac_max>
        </mac>
        <mac>
            <mac_min>ECB32F47012C</mac_min>
            <mac_max>ECB32F470168</mac_max>
        </mac>
        <mac>
            <mac_min>ECB32F47016A</mac_min>
            <mac_max>ECB32F47018F</mac_max>
        </mac>
        <mac>
            <mac_min>ECB32F4701C2</mac_min>
            <mac_max>ECB32F4701C3</mac_max>
        </mac>
        <mac>
            <mac_min>ECB32F4701C9</mac_min>
            <mac_max>ECB32F4701CD</mac_max>
        </mac>
        <mac>
            <mac_min>ECB32F4701D1</mac_min>
            <mac_max>ECB32F4701D2</mac_max>
        </mac>
        <mac>
            <mac_min>ECB32F4701D4</mac_min>
            <mac_max>ECB32F4701D5</mac_max>
        </mac>
        <mac>
            <mac_min>ECB32F4701DE</mac_min>
            <mac_max>ECB32F4701DF</mac_max>
        </mac>
        <mac>
            <mac_min>ECB32F4701F1</mac_min>
            <mac_max>ECB32F470257</mac_max>
        </mac>
        <mac>
            <mac_min>FDA5272861E3</mac_min>
            <mac_max>FDA527286249</mac_max>
        </mac>
        <mac>
            <mac_min>FDA52728625B</mac_min>
            <mac_max>FDA52728625C</mac_max>
        </mac>
        <mac>
            <mac_min>FDA527286265</mac_min>
            <mac_max>FDA527286266</mac_max>
        </mac>
        <mac>
            <mac_min>FDA527286268</mac_min>
            <mac_max>FDA527286269</mac_max>
        </mac>
        <mac>
            <mac_min>FDA52728626D</mac_min>
            <mac_max>FDA527286271</mac_max>
        </mac>
        <mac>
            <mac_min>FDA527286277</mac_min>
            <mac_max>FDA527286278</mac_max>
        </mac>
        <mac>
            <mac_min>FDA5272862AB</mac_min>
            <mac_max>FDA5272862D0</mac_max>
        </mac>
        <mac>
            <mac_min>FDA5272862D2</mac_min>
            <mac_max>FDA52728630E</mac_max>
        </mac>
        <mac>
            <mac_min>FDA527286310</mac_min>
            <mac_max>FDA527286313</mac_max>
        </mac>
        <mac>
            <mac_min>FDA527286315</mac_min>
            <mac_max>FDA527286318</mac_max>
        </mac>
        <mac>
            <mac_min>FDA527286323</mac_min>
            <mac_max>FDA527286325</mac_max>
        </mac>
        <mac>
            <mac_min>FDA52728632E</mac_min>
            <mac_max>FDA52728632F</mac_max>
        </mac>
        <mac>
            <mac_min>FDA527286333</mac_min>
            <mac_max>FDA527286334</mac_max>
        </mac>
        <mac>
            <mac_min>FDA52728633C</mac_min>
            <mac_max>FDA52728633D</mac_max>
        </mac>
        <mac>
            <mac_min>FDA527286341</mac_min>
            <mac_max>FDA527286369</mac_max>
        </mac>
        <mac>
            <mac_min>FDA52728636B</mac_min>
            <mac_max>FDA5272863A5</mac_max>
        </mac>
        <mac>
            <mac_min>FDA5272863A7</mac_min>
            <mac_max>FDA5272863A9</mac_max>
        </mac>
        <mac>
            <mac_min>FDA5272863AF</mac_min>
            <mac_max>FDA5272863B4</mac_max>
        </mac>
        <mac>
            <mac_min>FDA5272863B6</mac_min>
            <mac_max>FDA5272863BB</mac_max>
        </mac>
        <mac>
            <mac_min>FDA5272863BD</mac_min>
            <mac_max>FDA5272863BE</mac_max>
        </mac>
        <mac>
            <mac_min>FDA5272863C2</mac_min>
            <mac_max>FDA5272863C3</mac_max>
        </mac>
        <mac>
            <mac_min>FDA5272863C6</mac_min>
            <mac_max>FDA5272863CF</mac_max>
        </mac>
        <mac>
            <mac_min>FDA5272863D5</mac_min>
            <mac_max>FDA52728643A</mac_max>
        </mac>
    </mac_range>
    <mac_single>
        <mac>C91A00692520</mac>
        <mac>C91A00692532</mac>
        <mac>C91A00692545</mac>
        <mac>C91A006925B8</mac>
        <mac>C91A006925BB</mac>
        <mac>C91A006925C6</mac>
        <mac>C91A006925C9</mac>
        <mac>C91A006925CB</mac>
        <mac>C91A006925D1</mac>
        <mac>C91A006925D5</mac>
        <mac>C91A006925D8</mac>
        <mac>C91A0069267D</mac>
        <mac>C91A00692690</mac>
        <mac>C91A00692693</mac>
        <mac>C91A0069269C</mac>
        <mac>C91A0069269E</mac>
        <mac>C91A006926A0</mac>
        <mac>C91A006926A2</mac>
        <mac>C91A006926A4</mac>
        <mac>C91A006926A7</mac>
        <mac>ECB32F470068</mac>
        <mac>ECB32F47007A</mac>
        <mac>ECB32F47008D</mac>
        <mac>ECB32F470100</mac>
        <mac>ECB32F470103</mac>
        <mac>ECB32F47010E</mac>
        <mac>ECB32F470111</mac>
        <mac>ECB32F470113</mac>
        <mac>ECB32F470119</mac>
        <mac>ECB32F47011D</mac>
        <mac>ECB32F470120</mac>
        <mac>ECB32F4701C5</mac>
        <mac>ECB32F4701D8</mac>
        <mac>ECB32F4701DB</mac>
        <mac>ECB32F4701E4</mac>
        <mac>ECB32F4701E6</mac>
        <mac>ECB32F4701E8</mac>
        <mac>ECB32F4701EA</mac>
        <mac>ECB32F4701EC</mac>
        <mac>ECB32F4701EF</mac>
        <mac>FDA52728624B</mac>
        <mac>FDA52728624E</mac>
        <mac>FDA527286250</mac>
        <mac>FDA527286252</mac>
        <mac>FDA527286254</mac>
        <mac>FDA527286256</mac>
        <mac>FDA52728625F</mac>
        <mac>FDA527286262</mac>
        <mac>FDA527286275</mac>
        <mac>FDA52728631A</mac>
        <mac>FDA52728631D</mac>
        <mac>FDA527286321</mac>
        <mac>FDA527286327</mac>
        <mac>FDA527286329</mac>
        <mac>FDA52728632C</mac>
        <mac>FDA527286337</mac>
        <mac>FDA52728633A</mac>
        <mac>FDA5272863AD</mac>
        <mac>FDA5272863C0</mac>
        <mac>FDA5272863D2</mac>
    </mac_single>
    <mac_warn />
</build_mac>
