<?xml version="1.0" encoding="utf-8" ?>
<build_mac>
    <build_id>860800010030300003</build_id>
    <mac_range>
        <mac>
            <mac_min>C91A006F0DAC</mac_min>
            <mac_max>C91A006F0DB4</mac_max>
        </mac>
        <mac>
            <mac_min>C91A006F0DB6</mac_min>
            <mac_max>C91A006F0DC8</mac_max>
        </mac>
        <mac>
            <mac_min>C91A006F0DCA</mac_min>
            <mac_max>C91A006F0E7D</mac_max>
        </mac>
        <mac>
            <mac_min>C91A006F0E81</mac_min>
            <mac_max>C91A006F0E8E</mac_max>
        </mac>
        <mac>
            <mac_min>C91A006F0E90</mac_min>
            <mac_max>C91A006F0E97</mac_max>
        </mac>
        <mac>
            <mac_min>C91A006F0E99</mac_min>
            <mac_max>C91A006F0EA7</mac_max>
        </mac>
        <mac>
            <mac_min>C91A006F0EA9</mac_min>
            <mac_max>C91A006F0EAE</mac_max>
        </mac>
        <mac>
            <mac_min>C91A006F0EB0</mac_min>
            <mac_max>C91A006F0EEC</mac_max>
        </mac>
        <mac>
            <mac_min>C91A006F0EEE</mac_min>
            <mac_max>C91A006F0F45</mac_max>
        </mac>
        <mac>
            <mac_min>C91A006F0F47</mac_min>
            <mac_max>C91A006F0F6A</mac_max>
        </mac>
        <mac>
            <mac_min>C91A006F0F6C</mac_min>
            <mac_max>C91A006F0F9F</mac_max>
        </mac>
        <mac>
            <mac_min>C91A007132D7</mac_min>
            <mac_max>C91A007132D8</mac_max>
        </mac>
        <mac>
            <mac_min>C91A007132DB</mac_min>
            <mac_max>C91A007132DC</mac_max>
        </mac>
        <mac>
            <mac_min>C91A007132DE</mac_min>
            <mac_max>C91A007132DF</mac_max>
        </mac>
        <mac>
            <mac_min>C91A007132EB</mac_min>
            <mac_max>C91A007132EC</mac_max>
        </mac>
        <mac>
            <mac_min>C91A007132EE</mac_min>
            <mac_max>C91A007132EF</mac_max>
        </mac>
        <mac>
            <mac_min>C91A00730640</mac_min>
            <mac_max>C91A0073064A</mac_max>
        </mac>
        <mac>
            <mac_min>C91A0073064C</mac_min>
            <mac_max>C91A00730661</mac_max>
        </mac>
        <mac>
            <mac_min>C91A00730663</mac_min>
            <mac_max>C91A00730664</mac_max>
        </mac>
        <mac>
            <mac_min>C91A00730666</mac_min>
            <mac_max>C91A00730671</mac_max>
        </mac>
        <mac>
            <mac_min>C91A0073073A</mac_min>
            <mac_max>C91A0073076B</mac_max>
        </mac>
        <mac>
            <mac_min>FDA5272BAD5E</mac_min>
            <mac_max>FDA5272BAD66</mac_max>
        </mac>
        <mac>
            <mac_min>FDA5272BAD68</mac_min>
            <mac_max>FDA5272BAD7A</mac_max>
        </mac>
        <mac>
            <mac_min>FDA5272BAD7C</mac_min>
            <mac_max>FDA5272BAE2F</mac_max>
        </mac>
        <mac>
            <mac_min>FDA5272BAE33</mac_min>
            <mac_max>FDA5272BAE40</mac_max>
        </mac>
        <mac>
            <mac_min>FDA5272BAE42</mac_min>
            <mac_max>FDA5272BAE49</mac_max>
        </mac>
        <mac>
            <mac_min>FDA5272BAE4B</mac_min>
            <mac_max>FDA5272BAE59</mac_max>
        </mac>
        <mac>
            <mac_min>FDA5272BAE5B</mac_min>
            <mac_max>FDA5272BAE60</mac_max>
        </mac>
        <mac>
            <mac_min>FDA5272BAE62</mac_min>
            <mac_max>FDA5272BAE9E</mac_max>
        </mac>
        <mac>
            <mac_min>FDA5272BAEA0</mac_min>
            <mac_max>FDA5272BAEF7</mac_max>
        </mac>
        <mac>
            <mac_min>FDA5272BAEF9</mac_min>
            <mac_max>FDA5272BAF1C</mac_max>
        </mac>
        <mac>
            <mac_min>FDA5272BAF1E</mac_min>
            <mac_max>FDA5272BAF51</mac_max>
        </mac>
        <mac>
            <mac_min>FDA5272E1CFA</mac_min>
            <mac_max>FDA5272E1CFB</mac_max>
        </mac>
        <mac>
            <mac_min>FDA5272E1CFE</mac_min>
            <mac_max>FDA5272E1CFF</mac_max>
        </mac>
        <mac>
            <mac_min>FDA5272E1D01</mac_min>
            <mac_max>FDA5272E1D02</mac_max>
        </mac>
        <mac>
            <mac_min>FDA5272E1D0E</mac_min>
            <mac_max>FDA5272E1D0F</mac_max>
        </mac>
        <mac>
            <mac_min>FDA5272E1D11</mac_min>
            <mac_max>FDA5272E1D12</mac_max>
        </mac>
        <mac>
            <mac_min>FDA52730CBF0</mac_min>
            <mac_max>FDA52730CBFA</mac_max>
        </mac>
        <mac>
            <mac_min>FDA52730CBFC</mac_min>
            <mac_max>FDA52730CC11</mac_max>
        </mac>
        <mac>
            <mac_min>FDA52730CC13</mac_min>
            <mac_max>FDA52730CC14</mac_max>
        </mac>
        <mac>
            <mac_min>FDA52730CC16</mac_min>
            <mac_max>FDA52730CC21</mac_max>
        </mac>
        <mac>
            <mac_min>FDA52730CCEA</mac_min>
            <mac_max>FDA52730CD1B</mac_max>
        </mac>
    </mac_range>
    <mac_single>
        <mac>C91A006F0E7F</mac>
        <mac>C91A00712838</mac>
        <mac>C91A007132CB</mac>
        <mac>C91A007132D5</mac>
        <mac>C91A007132E2</mac>
        <mac>C91A007132E4</mac>
        <mac>C91A007132E6</mac>
        <mac>C91A007132F2</mac>
        <mac>C91A007132F6</mac>
        <mac>C91A007132F9</mac>
        <mac>C91A00713401</mac>
        <mac>C91A00713419</mac>
        <mac>FDA5272BAE31</mac>
        <mac>FDA5272E1064</mac>
        <mac>FDA5272E1CEE</mac>
        <mac>FDA5272E1CF8</mac>
        <mac>FDA5272E1D05</mac>
        <mac>FDA5272E1D07</mac>
        <mac>FDA5272E1D09</mac>
        <mac>FDA5272E1D15</mac>
        <mac>FDA5272E1D19</mac>
        <mac>FDA5272E1D1C</mac>
        <mac>FDA5272E1E24</mac>
        <mac>FDA5272E1E3C</mac>
    </mac_single>
    <mac_warn />
</build_mac>
