<?xml version="1.0" encoding="utf-8" ?>
<build_mac>
    <build_id>860800010030300001</build_id>
    <mac_range>
        <mac>
            <mac_min>C91A00692260</mac_min>
            <mac_max>C91A00692493</mac_max>
        </mac>
        <mac>
            <mac_min>C91A00692495</mac_min>
            <mac_max>C91A006924B7</mac_max>
        </mac>
        <mac>
            <mac_min>ECB32F460000</mac_min>
            <mac_max>ECB32F460233</mac_max>
        </mac>
        <mac>
            <mac_min>ECB32F460235</mac_min>
            <mac_max>ECB32F460257</mac_max>
        </mac>
        <mac>
            <mac_min>FDA52728643B</mac_min>
            <mac_max>FDA52728645D</mac_max>
        </mac>
        <mac>
            <mac_min>FDA52728645F</mac_min>
            <mac_max>FDA527286692</mac_max>
        </mac>
    </mac_range>
    <mac_single />
    <mac_warn />
</build_mac>
