<?xml version="1.0" encoding="utf-8" ?>
<build_mac>
    <build_id>860800010031600001</build_id>
    <mac_range>
        <mac>
            <mac_min>C91A004B0352</mac_min>
            <mac_max>C91A004B0353</mac_max>
        </mac>
        <mac>
            <mac_min>C91A004B0355</mac_min>
            <mac_max>C91A004B0359</mac_max>
        </mac>
        <mac>
            <mac_min>C91A004B0362</mac_min>
            <mac_max>C91A004B0363</mac_max>
        </mac>
        <mac>
            <mac_min>C91A004B036C</mac_min>
            <mac_max>C91A004B036D</mac_max>
        </mac>
        <mac>
            <mac_min>C91A004B0372</mac_min>
            <mac_max>C91A004B0373</mac_max>
        </mac>
        <mac>
            <mac_min>C91A004B0375</mac_min>
            <mac_max>C91A004B0376</mac_max>
        </mac>
        <mac>
            <mac_min>C91A004B0379</mac_min>
            <mac_max>C91A004B037B</mac_max>
        </mac>
        <mac>
            <mac_min>C91A005C0000</mac_min>
            <mac_max>C91A005C0008</mac_max>
        </mac>
        <mac>
            <mac_min>C91A005C000A</mac_min>
            <mac_max>C91A005C000E</mac_max>
        </mac>
        <mac>
            <mac_min>C91A005C0010</mac_min>
            <mac_max>C91A005C0013</mac_max>
        </mac>
        <mac>
            <mac_min>C91A005C0015</mac_min>
            <mac_max>C91A005C0026</mac_max>
        </mac>
        <mac>
            <mac_min>C91A005C002A</mac_min>
            <mac_max>C91A005C0032</mac_max>
        </mac>
        <mac>
            <mac_min>C91A005C0034</mac_min>
            <mac_max>C91A005C0040</mac_max>
        </mac>
        <mac>
            <mac_min>C91A005C0044</mac_min>
            <mac_max>C91A005C0049</mac_max>
        </mac>
        <mac>
            <mac_min>C91A005C004B</mac_min>
            <mac_max>C91A005C004C</mac_max>
        </mac>
        <mac>
            <mac_min>C91A005C004E</mac_min>
            <mac_max>C91A005C0055</mac_max>
        </mac>
        <mac>
            <mac_min>C91A005C0057</mac_min>
            <mac_max>C91A005C005F</mac_max>
        </mac>
        <mac>
            <mac_min>C91A005C0061</mac_min>
            <mac_max>C91A005C0071</mac_max>
        </mac>
        <mac>
            <mac_min>C91A005C0073</mac_min>
            <mac_max>C91A005C007F</mac_max>
        </mac>
        <mac>
            <mac_min>C91A005C0081</mac_min>
            <mac_max>C91A005C008A</mac_max>
        </mac>
        <mac>
            <mac_min>C91A005C008C</mac_min>
            <mac_max>C91A005C0097</mac_max>
        </mac>
        <mac>
            <mac_min>C91A005C0099</mac_min>
            <mac_max>C91A005C009E</mac_max>
        </mac>
        <mac>
            <mac_min>C91A005C00A0</mac_min>
            <mac_max>C91A005C00BB</mac_max>
        </mac>
        <mac>
            <mac_min>C91A005C00BD</mac_min>
            <mac_max>C91A005C00BE</mac_max>
        </mac>
        <mac>
            <mac_min>C91A005C00C0</mac_min>
            <mac_max>C91A005C00C7</mac_max>
        </mac>
        <mac>
            <mac_min>C91A005C00FA</mac_min>
            <mac_max>C91A005C012D</mac_max>
        </mac>
        <mac>
            <mac_min>C91A005C0133</mac_min>
            <mac_max>C91A005C0136</mac_max>
        </mac>
        <mac>
            <mac_min>C91A005C013E</mac_min>
            <mac_max>C91A005C0140</mac_max>
        </mac>
        <mac>
            <mac_min>C91A005C0143</mac_min>
            <mac_max>C91A005C0147</mac_max>
        </mac>
        <mac>
            <mac_min>C91A005C0149</mac_min>
            <mac_max>C91A005C014D</mac_max>
        </mac>
        <mac>
            <mac_min>C91A005C014F</mac_min>
            <mac_max>C91A005C0154</mac_max>
        </mac>
        <mac>
            <mac_min>C91A005C0156</mac_min>
            <mac_max>C91A005C0158</mac_max>
        </mac>
        <mac>
            <mac_min>C91A005C015A</mac_min>
            <mac_max>C91A005C015B</mac_max>
        </mac>
        <mac>
            <mac_min>C91A005C0190</mac_min>
            <mac_max>C91A005C01BD</mac_max>
        </mac>
        <mac>
            <mac_min>C91A005C01BF</mac_min>
            <mac_max>C91A005C01D3</mac_max>
        </mac>
        <mac>
            <mac_min>C91A005C01D5</mac_min>
            <mac_max>C91A005C01F3</mac_max>
        </mac>
    </mac_range>
    <mac_single>
        <mac>C91A004B035B</mac>
        <mac>C91A004B035E</mac>
        <mac>C91A004B0368</mac>
        <mac>C91A004B037E</mac>
        <mac>C91A004B0380</mac>
        <mac>C91A004B0383</mac>
        <mac>C91A005C0028</mac>
        <mac>C91A005C0042</mac>
        <mac>C91A005C0138</mac>
        <mac>C91A005C013A</mac>
        <mac>C91A005C013C</mac>
        <mac>C91A0062125E</mac>
        <mac>C91A00621265</mac>
        <mac>C91A00621269</mac>
        <mac>C91A0062126C</mac>
        <mac>C91A00621271</mac>
        <mac>C91A00621279</mac>
        <mac>C91A0062127D</mac>
        <mac>C91A00621282</mac>
        <mac>C91A00621288</mac>
        <mac>C91A0062165A</mac>
        <mac>FDA52723B89C</mac>
        <mac>FDA52723BC70</mac>
        <mac>FDA52723BC76</mac>
        <mac>FDA52723BC7B</mac>
        <mac>FDA52723BC7F</mac>
        <mac>FDA52723BC87</mac>
        <mac>FDA52723BC8C</mac>
        <mac>FDA52723BC8F</mac>
        <mac>FDA52723BC93</mac>
        <mac>FDA52723BC9A</mac>
    </mac_single>
    <mac_warn />
</build_mac>
