<?xml version="1.0" encoding="utf-8" ?>
<build_mac>
    <build_id>860800010010300001</build_id>
    <mac_range>
        <mac>
            <mac_min>C91A00620FA0</mac_min>
            <mac_max>C91A00620FD1</mac_max>
        </mac>
        <mac>
            <mac_min>C91A006212C0</mac_min>
            <mac_max>C91A006212F1</mac_max>
        </mac>
        <mac>
            <mac_min>C91A00621324</mac_min>
            <mac_max>C91A00621355</mac_max>
        </mac>
        <mac>
            <mac_min>C91A006216DA</mac_min>
            <mac_max>C91A0062170B</mac_max>
        </mac>
        <mac>
            <mac_min>FDA52723B7EB</mac_min>
            <mac_max>FDA52723B81C</mac_max>
        </mac>
        <mac>
            <mac_min>FDA52723BBA3</mac_min>
            <mac_max>FDA52723BBD4</mac_max>
        </mac>
        <mac>
            <mac_min>FDA52723BC07</mac_min>
            <mac_max>FDA52723BC38</mac_max>
        </mac>
        <mac>
            <mac_min>FDA52723BF27</mac_min>
            <mac_max>FDA52723BF58</mac_max>
        </mac>
    </mac_range>
    <mac_single>
        <mac>C91A006212F6</mac>
        <mac>C91A00621309</mac>
        <mac>C91A00621312</mac>
        <mac>FDA52723BBE6</mac>
        <mac>FDA52723BBEF</mac>
        <mac>FDA52723BC02</mac>
    </mac_single>
    <mac_warn />
</build_mac>
