<?xml version="1.0" encoding="utf-8" ?>
<build_mac>
    <build_id>860900010030300001</build_id>
    <mac_range>
        <mac>
            <mac_min>C91A006024B8</mac_min>
            <mac_max>C91A006024C8</mac_max>
        </mac>
        <mac>
            <mac_min>C91A006024CA</mac_min>
            <mac_max>C91A006024E9</mac_max>
        </mac>
        <mac>
            <mac_min>C91A006D32C8</mac_min>
            <mac_max>C91A006D32EB</mac_max>
        </mac>
        <mac>
            <mac_min>C91A006D32ED</mac_min>
            <mac_max>C91A006D32F9</mac_max>
        </mac>
        <mac>
            <mac_min>C91A006D33C2</mac_min>
            <mac_max>C91A006D33F2</mac_max>
        </mac>
        <mac>
            <mac_min>C91A006D33F4</mac_min>
            <mac_max>C91A006D33F6</mac_max>
        </mac>
        <mac>
            <mac_min>C91A006D33FB</mac_min>
            <mac_max>C91A006D33FC</mac_max>
        </mac>
        <mac>
            <mac_min>C91A006D3407</mac_min>
            <mac_max>C91A006D3409</mac_max>
        </mac>
        <mac>
            <mac_min>C91A006D3413</mac_min>
            <mac_max>C91A006D3414</mac_max>
        </mac>
        <mac>
            <mac_min>C91A006D341A</mac_min>
            <mac_max>C91A006D341B</mac_max>
        </mac>
        <mac>
            <mac_min>C91A006D3422</mac_min>
            <mac_max>C91A006D3423</mac_max>
        </mac>
        <mac>
            <mac_min>C91A006D3429</mac_min>
            <mac_max>C91A006D342A</mac_max>
        </mac>
        <mac>
            <mac_min>C91A006D342D</mac_min>
            <mac_max>C91A006D3431</mac_max>
        </mac>
        <mac>
            <mac_min>C91A006D3435</mac_min>
            <mac_max>C91A006D3438</mac_max>
        </mac>
        <mac>
            <mac_min>C91A006D3440</mac_min>
            <mac_max>C91A006D3441</mac_max>
        </mac>
        <mac>
            <mac_min>C91A006D3443</mac_min>
            <mac_max>C91A006D3446</mac_max>
        </mac>
        <mac>
            <mac_min>C91A006D3448</mac_min>
            <mac_max>C91A006D344C</mac_max>
        </mac>
        <mac>
            <mac_min>FDA5271BFBCB</mac_min>
            <mac_max>FDA5271BFBDB</mac_max>
        </mac>
        <mac>
            <mac_min>FDA5271BFBDD</mac_min>
            <mac_max>FDA5271BFBFC</mac_max>
        </mac>
        <mac>
            <mac_min>FDA5272AF3A2</mac_min>
            <mac_max>FDA5272AF3C5</mac_max>
        </mac>
        <mac>
            <mac_min>FDA5272AF3C7</mac_min>
            <mac_max>FDA5272AF3D3</mac_max>
        </mac>
        <mac>
            <mac_min>FDA5272AF49C</mac_min>
            <mac_max>FDA5272AF4CC</mac_max>
        </mac>
        <mac>
            <mac_min>FDA5272AF4CE</mac_min>
            <mac_max>FDA5272AF4D0</mac_max>
        </mac>
        <mac>
            <mac_min>FDA5272AF4D5</mac_min>
            <mac_max>FDA5272AF4D6</mac_max>
        </mac>
        <mac>
            <mac_min>FDA5272AF4E1</mac_min>
            <mac_max>FDA5272AF4E3</mac_max>
        </mac>
        <mac>
            <mac_min>FDA5272AF4ED</mac_min>
            <mac_max>FDA5272AF4EE</mac_max>
        </mac>
        <mac>
            <mac_min>FDA5272AF4F4</mac_min>
            <mac_max>FDA5272AF4F5</mac_max>
        </mac>
        <mac>
            <mac_min>FDA5272AF4FC</mac_min>
            <mac_max>FDA5272AF4FD</mac_max>
        </mac>
        <mac>
            <mac_min>FDA5272AF503</mac_min>
            <mac_max>FDA5272AF504</mac_max>
        </mac>
        <mac>
            <mac_min>FDA5272AF507</mac_min>
            <mac_max>FDA5272AF50B</mac_max>
        </mac>
        <mac>
            <mac_min>FDA5272AF50F</mac_min>
            <mac_max>FDA5272AF512</mac_max>
        </mac>
        <mac>
            <mac_min>FDA5272AF51A</mac_min>
            <mac_max>FDA5272AF51B</mac_max>
        </mac>
        <mac>
            <mac_min>FDA5272AF51D</mac_min>
            <mac_max>FDA5272AF520</mac_max>
        </mac>
        <mac>
            <mac_min>FDA5272AF522</mac_min>
            <mac_max>FDA5272AF526</mac_max>
        </mac>
    </mac_range>
    <mac_single>
        <mac>C91A00601E19</mac>
        <mac>C91A00601E1B</mac>
        <mac>C91A00601E2E</mac>
        <mac>C91A00601E35</mac>
        <mac>C91A00601E39</mac>
        <mac>C91A00601E3B</mac>
        <mac>C91A00601E3E</mac>
        <mac>C91A00602210</mac>
        <mac>C91A006A33F3</mac>
        <mac>C91A006D33F8</mac>
        <mac>C91A006D33FF</mac>
        <mac>C91A006D3402</mac>
        <mac>C91A006D340D</mac>
        <mac>C91A006D3411</mac>
        <mac>C91A006D3417</mac>
        <mac>C91A006D3425</mac>
        <mac>C91A006D344E</mac>
        <mac>C91A006D3452</mac>
        <mac>C91A006D3454</mac>
        <mac>C91A006D3456</mac>
        <mac>FDA5271BEDFF</mac>
        <mac>FDA5271BEE01</mac>
        <mac>FDA5271BEE14</mac>
        <mac>FDA5271BEE1B</mac>
        <mac>FDA5271BEE1F</mac>
        <mac>FDA5271BEE21</mac>
        <mac>FDA5271BEE24</mac>
        <mac>FDA5271BFA16</mac>
        <mac>FDA5272AF4D2</mac>
        <mac>FDA5272AF4D9</mac>
        <mac>FDA5272AF4DC</mac>
        <mac>FDA5272AF4E7</mac>
        <mac>FDA5272AF4EB</mac>
        <mac>FDA5272AF4F1</mac>
        <mac>FDA5272AF4FF</mac>
        <mac>FDA5272AF528</mac>
        <mac>FDA5272AF52C</mac>
        <mac>FDA5272AF52E</mac>
        <mac>FDA5272AF530</mac>
    </mac_single>
    <mac_warn />
</build_mac>
