<?xml version="1.0" encoding="utf-8" ?>
<build_mac>
    <build_id>861000010040300008</build_id>
    <mac_range>
        <mac>
            <mac_min>C91A007127AC</mac_min>
            <mac_max>C91A007127AD</mac_max>
        </mac>
        <mac>
            <mac_min>C91A007127C2</mac_min>
            <mac_max>C91A007127C3</mac_max>
        </mac>
        <mac>
            <mac_min>FDA5272E0FD8</mac_min>
            <mac_max>FDA5272E0FD9</mac_max>
        </mac>
        <mac>
            <mac_min>FDA5272E0FEE</mac_min>
            <mac_max>FDA5272E0FEF</mac_max>
        </mac>
    </mac_range>
    <mac_single>
        <mac>C91A007127A1</mac>
        <mac>C91A007127B9</mac>
        <mac>C91A007127BD</mac>
        <mac>C91A007127BF</mac>
        <mac>C91A007127C6</mac>
        <mac>C91A007127C9</mac>
        <mac>C91A007127CB</mac>
        <mac>C91A007127D3</mac>
        <mac>C91A007127D6</mac>
        <mac>FDA5272E0FCD</mac>
        <mac>FDA5272E0FE5</mac>
        <mac>FDA5272E0FE9</mac>
        <mac>FDA5272E0FEB</mac>
        <mac>FDA5272E0FF2</mac>
        <mac>FDA5272E0FF5</mac>
        <mac>FDA5272E0FF7</mac>
        <mac>FDA5272E0FFF</mac>
        <mac>FDA5272E1002</mac>
    </mac_single>
    <mac_warn />
</build_mac>
