<?xml version="1.0" encoding="utf-8" ?>
<build_mac>
    <build_id>861000010040300003</build_id>
    <mac_range>
        <mac>
            <mac_min>C91A00712777</mac_min>
            <mac_max>C91A00712778</mac_max>
        </mac>
        <mac>
            <mac_min>FDA5272E0FA3</mac_min>
            <mac_max>FDA5272E0FA4</mac_max>
        </mac>
    </mac_range>
    <mac_single>
        <mac>C91A0071277C</mac>
        <mac>C91A00712782</mac>
        <mac>C91A0071278B</mac>
        <mac>C91A0071278F</mac>
        <mac>C91A00712791</mac>
        <mac>C91A00712793</mac>
        <mac>C91A0071279B</mac>
        <mac>FDA5272E0FA8</mac>
        <mac>FDA5272E0FAE</mac>
        <mac>FDA5272E0FB7</mac>
        <mac>FDA5272E0FBB</mac>
        <mac>FDA5272E0FBD</mac>
        <mac>FDA5272E0FBF</mac>
        <mac>FDA5272E0FC7</mac>
    </mac_single>
    <mac_warn />
</build_mac>
