<?xml version="1.0" encoding="utf-8" ?>
<build_mac>
    <build_id>861000010040300005</build_id>
    <mac_range>
        <mac>
            <mac_min>C91A00712785</mac_min>
            <mac_max>C91A00712786</mac_max>
        </mac>
        <mac>
            <mac_min>C91A00712788</mac_min>
            <mac_max>C91A0071278A</mac_max>
        </mac>
        <mac>
            <mac_min>FDA5272E0FB1</mac_min>
            <mac_max>FDA5272E0FB2</mac_max>
        </mac>
        <mac>
            <mac_min>FDA5272E0FB4</mac_min>
            <mac_max>FDA5272E0FB6</mac_max>
        </mac>
    </mac_range>
    <mac_single>
        <mac>C91A0071277A</mac>
        <mac>C91A0071277E</mac>
        <mac>C91A0071278E</mac>
        <mac>C91A00712796</mac>
        <mac>C91A0071279C</mac>
        <mac>C91A007127A0</mac>
        <mac>FDA5272E0FA6</mac>
        <mac>FDA5272E0FAA</mac>
        <mac>FDA5272E0FBA</mac>
        <mac>FDA5272E0FC2</mac>
        <mac>FDA5272E0FC8</mac>
        <mac>FDA5272E0FCC</mac>
    </mac_single>
    <mac_warn />
</build_mac>
