<?xml version="1.0" encoding="utf-8" ?>
<build_mac>
    <build_id>861000010040300015</build_id>
    <mac_range>
        <mac>
            <mac_min>C91A007128A8</mac_min>
            <mac_max>C91A007128A9</mac_max>
        </mac>
        <mac>
            <mac_min>C91A007128BE</mac_min>
            <mac_max>C91A007128BF</mac_max>
        </mac>
        <mac>
            <mac_min>C91A007128C3</mac_min>
            <mac_max>C91A007128C4</mac_max>
        </mac>
        <mac>
            <mac_min>FDA5272E10D4</mac_min>
            <mac_max>FDA5272E10D5</mac_max>
        </mac>
        <mac>
            <mac_min>FDA5272E10EA</mac_min>
            <mac_max>FDA5272E10EB</mac_max>
        </mac>
        <mac>
            <mac_min>FDA5272E10EF</mac_min>
            <mac_max>FDA5272E10F0</mac_max>
        </mac>
    </mac_range>
    <mac_single>
        <mac>C91A007128A1</mac>
        <mac>C91A007128A4</mac>
        <mac>C91A007128AF</mac>
        <mac>C91A007128C6</mac>
        <mac>C91A007128C8</mac>
        <mac>C91A007128CF</mac>
        <mac>FDA5272E10CD</mac>
        <mac>FDA5272E10D0</mac>
        <mac>FDA5272E10DB</mac>
        <mac>FDA5272E10F2</mac>
        <mac>FDA5272E10F4</mac>
        <mac>FDA5272E10FB</mac>
    </mac_single>
    <mac_warn />
</build_mac>
