<?xml version="1.0" encoding="utf-8" ?>
<build_mac>
    <build_id>861000010020300003</build_id>
    <mac_range>
        <mac>
            <mac_min>C91A0062109A</mac_min>
            <mac_max>C91A0062109B</mac_max>
        </mac>
        <mac>
            <mac_min>C91A0062109E</mac_min>
            <mac_max>C91A006210A5</mac_max>
        </mac>
        <mac>
            <mac_min>C91A006210AB</mac_min>
            <mac_max>C91A006210BA</mac_max>
        </mac>
        <mac>
            <mac_min>C91A006210BC</mac_min>
            <mac_max>C91A006210BD</mac_max>
        </mac>
        <mac>
            <mac_min>C91A006210BF</mac_min>
            <mac_max>C91A006210C0</mac_max>
        </mac>
        <mac>
            <mac_min>C91A006210C2</mac_min>
            <mac_max>C91A006210C4</mac_max>
        </mac>
        <mac>
            <mac_min>C91A006210C8</mac_min>
            <mac_max>C91A006210C9</mac_max>
        </mac>
        <mac>
            <mac_min>C91A00621162</mac_min>
            <mac_max>C91A0062116A</mac_max>
        </mac>
        <mac>
            <mac_min>C91A0062116C</mac_min>
            <mac_max>C91A00621172</mac_max>
        </mac>
        <mac>
            <mac_min>C91A00621174</mac_min>
            <mac_max>C91A00621197</mac_max>
        </mac>
        <mac>
            <mac_min>C91A0062119B</mac_min>
            <mac_max>C91A0062119C</mac_max>
        </mac>
        <mac>
            <mac_min>C91A0062119F</mac_min>
            <mac_max>C91A006211A0</mac_max>
        </mac>
        <mac>
            <mac_min>C91A006211A2</mac_min>
            <mac_max>C91A006211C5</mac_max>
        </mac>
        <mac>
            <mac_min>C91A006211F8</mac_min>
            <mac_max>C91A00621207</mac_max>
        </mac>
        <mac>
            <mac_min>C91A00621209</mac_min>
            <mac_max>C91A0062121D</mac_max>
        </mac>
        <mac>
            <mac_min>C91A0062121F</mac_min>
            <mac_max>C91A00621228</mac_max>
        </mac>
        <mac>
            <mac_min>C91A0062122A</mac_min>
            <mac_max>C91A0062122E</mac_max>
        </mac>
        <mac>
            <mac_min>C91A00621230</mac_min>
            <mac_max>C91A00621235</mac_max>
        </mac>
        <mac>
            <mac_min>C91A00621237</mac_min>
            <mac_max>C91A00621241</mac_max>
        </mac>
        <mac>
            <mac_min>C91A00621243</mac_min>
            <mac_max>C91A00621246</mac_max>
        </mac>
        <mac>
            <mac_min>C91A00621248</mac_min>
            <mac_max>C91A0062125B</mac_max>
        </mac>
        <mac>
            <mac_min>C91A00621261</mac_min>
            <mac_max>C91A00621263</mac_max>
        </mac>
        <mac>
            <mac_min>C91A00621267</mac_min>
            <mac_max>C91A00621268</mac_max>
        </mac>
        <mac>
            <mac_min>C91A00621274</mac_min>
            <mac_max>C91A00621275</mac_max>
        </mac>
        <mac>
            <mac_min>C91A00621277</mac_min>
            <mac_max>C91A00621278</mac_max>
        </mac>
        <mac>
            <mac_min>C91A0062127A</mac_min>
            <mac_max>C91A0062127C</mac_max>
        </mac>
        <mac>
            <mac_min>C91A00621280</mac_min>
            <mac_max>C91A00621282</mac_max>
        </mac>
        <mac>
            <mac_min>C91A00621286</mac_min>
            <mac_max>C91A00621287</mac_max>
        </mac>
        <mac>
            <mac_min>C91A00621289</mac_min>
            <mac_max>C91A0062128D</mac_max>
        </mac>
        <mac>
            <mac_min>C91A00621388</mac_min>
            <mac_max>C91A006213A1</mac_max>
        </mac>
        <mac>
            <mac_min>C91A006213A3</mac_min>
            <mac_max>C91A006213A4</mac_max>
        </mac>
        <mac>
            <mac_min>C91A006213A6</mac_min>
            <mac_max>C91A006213AC</mac_max>
        </mac>
        <mac>
            <mac_min>C91A006213AE</mac_min>
            <mac_max>C91A006213B9</mac_max>
        </mac>
        <mac>
            <mac_min>C91A006213EC</mac_min>
            <mac_max>C91A00621407</mac_max>
        </mac>
        <mac>
            <mac_min>C91A00621409</mac_min>
            <mac_max>C91A0062141A</mac_max>
        </mac>
        <mac>
            <mac_min>C91A0062141C</mac_min>
            <mac_max>C91A0062141D</mac_max>
        </mac>
        <mac>
            <mac_min>C91A00621482</mac_min>
            <mac_max>C91A00621495</mac_max>
        </mac>
        <mac>
            <mac_min>C91A00621497</mac_min>
            <mac_max>C91A006214B3</mac_max>
        </mac>
        <mac>
            <mac_min>C91A00621597</mac_min>
            <mac_max>C91A00621598</mac_max>
        </mac>
        <mac>
            <mac_min>C91A006215AE</mac_min>
            <mac_max>C91A006215BD</mac_max>
        </mac>
        <mac>
            <mac_min>C91A006215BF</mac_min>
            <mac_max>C91A006215C7</mac_max>
        </mac>
        <mac>
            <mac_min>C91A006215C9</mac_min>
            <mac_max>C91A006215DE</mac_max>
        </mac>
        <mac>
            <mac_min>C91A006216A8</mac_min>
            <mac_max>C91A006216AE</mac_max>
        </mac>
        <mac>
            <mac_min>C91A006216B1</mac_min>
            <mac_max>C91A006216C2</mac_max>
        </mac>
        <mac>
            <mac_min>C91A006216C5</mac_min>
            <mac_max>C91A006216D9</mac_max>
        </mac>
        <mac>
            <mac_min>C91A0062170C</mac_min>
            <mac_max>C91A0062171A</mac_max>
        </mac>
        <mac>
            <mac_min>C91A0062171C</mac_min>
            <mac_max>C91A0062173D</mac_max>
        </mac>
        <mac>
            <mac_min>C91A006D03E9</mac_min>
            <mac_max>C91A006D03EC</mac_max>
        </mac>
        <mac>
            <mac_min>C91A006D03EF</mac_min>
            <mac_max>C91A006D03F0</mac_max>
        </mac>
        <mac>
            <mac_min>C91A006D03F9</mac_min>
            <mac_max>C91A006D03FB</mac_max>
        </mac>
        <mac>
            <mac_min>C91A006D040A</mac_min>
            <mac_max>C91A006D040D</mac_max>
        </mac>
        <mac>
            <mac_min>C91A006D040F</mac_min>
            <mac_max>C91A006D0410</mac_max>
        </mac>
        <mac>
            <mac_min>C91A006D0416</mac_min>
            <mac_max>C91A006D0418</mac_max>
        </mac>
        <mac>
            <mac_min>C91A006D0578</mac_min>
            <mac_max>C91A006D057D</mac_max>
        </mac>
        <mac>
            <mac_min>C91A006D057F</mac_min>
            <mac_max>C91A006D0581</mac_max>
        </mac>
        <mac>
            <mac_min>C91A006D0583</mac_min>
            <mac_max>C91A006D0584</mac_max>
        </mac>
        <mac>
            <mac_min>C91A006D0586</mac_min>
            <mac_max>C91A006D05A9</mac_max>
        </mac>
        <mac>
            <mac_min>FDA52723B7B9</mac_min>
            <mac_max>FDA52723B7DA</mac_max>
        </mac>
        <mac>
            <mac_min>FDA52723B7DC</mac_min>
            <mac_max>FDA52723B7EA</mac_max>
        </mac>
        <mac>
            <mac_min>FDA52723B81D</mac_min>
            <mac_max>FDA52723B831</mac_max>
        </mac>
        <mac>
            <mac_min>FDA52723B834</mac_min>
            <mac_max>FDA52723B845</mac_max>
        </mac>
        <mac>
            <mac_min>FDA52723B848</mac_min>
            <mac_max>FDA52723B84E</mac_max>
        </mac>
        <mac>
            <mac_min>FDA52723B918</mac_min>
            <mac_max>FDA52723B92D</mac_max>
        </mac>
        <mac>
            <mac_min>FDA52723B92F</mac_min>
            <mac_max>FDA52723B937</mac_max>
        </mac>
        <mac>
            <mac_min>FDA52723B939</mac_min>
            <mac_max>FDA52723B948</mac_max>
        </mac>
        <mac>
            <mac_min>FDA52723B95E</mac_min>
            <mac_max>FDA52723B95F</mac_max>
        </mac>
        <mac>
            <mac_min>FDA52723BA44</mac_min>
            <mac_max>FDA52723BA60</mac_max>
        </mac>
        <mac>
            <mac_min>FDA52723BA62</mac_min>
            <mac_max>FDA52723BA75</mac_max>
        </mac>
        <mac>
            <mac_min>FDA52723BADA</mac_min>
            <mac_max>FDA52723BADB</mac_max>
        </mac>
        <mac>
            <mac_min>FDA52723BADD</mac_min>
            <mac_max>FDA52723BAEE</mac_max>
        </mac>
        <mac>
            <mac_min>FDA52723BAF0</mac_min>
            <mac_max>FDA52723BB0B</mac_max>
        </mac>
        <mac>
            <mac_min>FDA52723BB3E</mac_min>
            <mac_max>FDA52723BB49</mac_max>
        </mac>
        <mac>
            <mac_min>FDA52723BB4B</mac_min>
            <mac_max>FDA52723BB51</mac_max>
        </mac>
        <mac>
            <mac_min>FDA52723BB53</mac_min>
            <mac_max>FDA52723BB54</mac_max>
        </mac>
        <mac>
            <mac_min>FDA52723BB56</mac_min>
            <mac_max>FDA52723BB6F</mac_max>
        </mac>
        <mac>
            <mac_min>FDA52723BC6B</mac_min>
            <mac_max>FDA52723BC6F</mac_max>
        </mac>
        <mac>
            <mac_min>FDA52723BC71</mac_min>
            <mac_max>FDA52723BC72</mac_max>
        </mac>
        <mac>
            <mac_min>FDA52723BC76</mac_min>
            <mac_max>FDA52723BC78</mac_max>
        </mac>
        <mac>
            <mac_min>FDA52723BC7C</mac_min>
            <mac_max>FDA52723BC7E</mac_max>
        </mac>
        <mac>
            <mac_min>FDA52723BC80</mac_min>
            <mac_max>FDA52723BC81</mac_max>
        </mac>
        <mac>
            <mac_min>FDA52723BC83</mac_min>
            <mac_max>FDA52723BC84</mac_max>
        </mac>
        <mac>
            <mac_min>FDA52723BC90</mac_min>
            <mac_max>FDA52723BC91</mac_max>
        </mac>
        <mac>
            <mac_min>FDA52723BC95</mac_min>
            <mac_max>FDA52723BC97</mac_max>
        </mac>
        <mac>
            <mac_min>FDA52723BC9D</mac_min>
            <mac_max>FDA52723BCB0</mac_max>
        </mac>
        <mac>
            <mac_min>FDA52723BCB2</mac_min>
            <mac_max>FDA52723BCB5</mac_max>
        </mac>
        <mac>
            <mac_min>FDA52723BCB7</mac_min>
            <mac_max>FDA52723BCC1</mac_max>
        </mac>
        <mac>
            <mac_min>FDA52723BCC3</mac_min>
            <mac_max>FDA52723BCC8</mac_max>
        </mac>
        <mac>
            <mac_min>FDA52723BCCA</mac_min>
            <mac_max>FDA52723BCCE</mac_max>
        </mac>
        <mac>
            <mac_min>FDA52723BCD0</mac_min>
            <mac_max>FDA52723BCD9</mac_max>
        </mac>
        <mac>
            <mac_min>FDA52723BCDB</mac_min>
            <mac_max>FDA52723BCEF</mac_max>
        </mac>
        <mac>
            <mac_min>FDA52723BCF1</mac_min>
            <mac_max>FDA52723BD00</mac_max>
        </mac>
        <mac>
            <mac_min>FDA52723BD33</mac_min>
            <mac_max>FDA52723BD56</mac_max>
        </mac>
        <mac>
            <mac_min>FDA52723BD58</mac_min>
            <mac_max>FDA52723BD59</mac_max>
        </mac>
        <mac>
            <mac_min>FDA52723BD5C</mac_min>
            <mac_max>FDA52723BD5D</mac_max>
        </mac>
        <mac>
            <mac_min>FDA52723BD61</mac_min>
            <mac_max>FDA52723BD84</mac_max>
        </mac>
        <mac>
            <mac_min>FDA52723BD86</mac_min>
            <mac_max>FDA52723BD8C</mac_max>
        </mac>
        <mac>
            <mac_min>FDA52723BD8E</mac_min>
            <mac_max>FDA52723BD96</mac_max>
        </mac>
        <mac>
            <mac_min>FDA52723BE2F</mac_min>
            <mac_max>FDA52723BE30</mac_max>
        </mac>
        <mac>
            <mac_min>FDA52723BE34</mac_min>
            <mac_max>FDA52723BE36</mac_max>
        </mac>
        <mac>
            <mac_min>FDA52723BE38</mac_min>
            <mac_max>FDA52723BE39</mac_max>
        </mac>
        <mac>
            <mac_min>FDA52723BE3B</mac_min>
            <mac_max>FDA52723BE3C</mac_max>
        </mac>
        <mac>
            <mac_min>FDA52723BE3E</mac_min>
            <mac_max>FDA52723BE4D</mac_max>
        </mac>
        <mac>
            <mac_min>FDA52723BE53</mac_min>
            <mac_max>FDA52723BE5A</mac_max>
        </mac>
        <mac>
            <mac_min>FDA52723BE5D</mac_min>
            <mac_max>FDA52723BE5E</mac_max>
        </mac>
        <mac>
            <mac_min>FDA5272AC4AA</mac_min>
            <mac_max>FDA5272AC4AD</mac_max>
        </mac>
        <mac>
            <mac_min>FDA5272AC4B0</mac_min>
            <mac_max>FDA5272AC4B1</mac_max>
        </mac>
        <mac>
            <mac_min>FDA5272AC4BA</mac_min>
            <mac_max>FDA5272AC4BC</mac_max>
        </mac>
        <mac>
            <mac_min>FDA5272AC4CB</mac_min>
            <mac_max>FDA5272AC4CE</mac_max>
        </mac>
        <mac>
            <mac_min>FDA5272AC4D0</mac_min>
            <mac_max>FDA5272AC4D1</mac_max>
        </mac>
        <mac>
            <mac_min>FDA5272AC4D7</mac_min>
            <mac_max>FDA5272AC4D9</mac_max>
        </mac>
        <mac>
            <mac_min>FDA5272AC639</mac_min>
            <mac_max>FDA5272AC63E</mac_max>
        </mac>
        <mac>
            <mac_min>FDA5272AC640</mac_min>
            <mac_max>FDA5272AC642</mac_max>
        </mac>
        <mac>
            <mac_min>FDA5272AC644</mac_min>
            <mac_max>FDA5272AC645</mac_max>
        </mac>
        <mac>
            <mac_min>FDA5272AC647</mac_min>
            <mac_max>FDA5272AC66A</mac_max>
        </mac>
    </mac_range>
    <mac_single>
        <mac>C91A005F122F</mac>
        <mac>C91A005F1236</mac>
        <mac>C91A005F15C8</mac>
        <mac>C91A00620A27</mac>
        <mac>C91A00621073</mac>
        <mac>C91A0062108F</mac>
        <mac>C91A006210A8</mac>
        <mac>C91A006210C6</mac>
        <mac>C91A006210CB</mac>
        <mac>C91A00621139</mac>
        <mac>C91A00621199</mac>
        <mac>C91A006211D5</mac>
        <mac>C91A0062125D</mac>
        <mac>C91A0062125F</mac>
        <mac>C91A0062126A</mac>
        <mac>C91A0062126E</mac>
        <mac>C91A00621270</mac>
        <mac>C91A00621272</mac>
        <mac>C91A00621284</mac>
        <mac>C91A00621301</mac>
        <mac>C91A00621316</mac>
        <mac>C91A00621321</mac>
        <mac>C91A006213C3</mac>
        <mac>C91A00621587</mac>
        <mac>C91A006215A0</mac>
        <mac>C91A00621645</mac>
        <mac>C91A00621652</mac>
        <mac>C91A00621654</mac>
        <mac>C91A0062165D</mac>
        <mac>C91A00621671</mac>
        <mac>C91A00621674</mac>
        <mac>C91A006C0585</mac>
        <mac>C91A006D03F7</mac>
        <mac>C91A006D03FE</mac>
        <mac>C91A006D0400</mac>
        <mac>C91A006D0403</mac>
        <mac>C91A006D0407</mac>
        <mac>C91A006D0413</mac>
        <mac>ECB352D3019D</mac>
        <mac>FDA52723B882</mac>
        <mac>FDA52723B885</mac>
        <mac>FDA52723B899</mac>
        <mac>FDA52723B8A2</mac>
        <mac>FDA52723B8A4</mac>
        <mac>FDA52723B8B1</mac>
        <mac>FDA52723B956</mac>
        <mac>FDA52723B96F</mac>
        <mac>FDA52723BB34</mac>
        <mac>FDA52723BBD7</mac>
        <mac>FDA52723BBE2</mac>
        <mac>FDA52723BBF7</mac>
        <mac>FDA52723BC74</mac>
        <mac>FDA52723BC86</mac>
        <mac>FDA52723BC88</mac>
        <mac>FDA52723BC8A</mac>
        <mac>FDA52723BC8E</mac>
        <mac>FDA52723BC99</mac>
        <mac>FDA52723BC9B</mac>
        <mac>FDA52723BD23</mac>
        <mac>FDA52723BD5F</mac>
        <mac>FDA52723BDBF</mac>
        <mac>FDA52723BE2D</mac>
        <mac>FDA52723BE32</mac>
        <mac>FDA52723BE50</mac>
        <mac>FDA52723BE69</mac>
        <mac>FDA52723BE85</mac>
        <mac>FDA52723C4D2</mac>
        <mac>FDA5272A6E67</mac>
        <mac>FDA5272AC4B8</mac>
        <mac>FDA5272AC4BF</mac>
        <mac>FDA5272AC4C1</mac>
        <mac>FDA5272AC4C4</mac>
        <mac>FDA5272AC4C8</mac>
        <mac>FDA5272AC4D4</mac>
    </mac_single>
    <mac_warn />
</build_mac>
