<?xml version="1.0" encoding="utf-8" ?>
<build_mac>
    <build_id>861000010010300018</build_id>
    <mac_range>
        <mac>
            <mac_min>C91A006D1D7E</mac_min>
            <mac_max>C91A006D1D99</mac_max>
        </mac>
        <mac>
            <mac_min>C91A006D1D9B</mac_min>
            <mac_max>C91A006D1DB1</mac_max>
        </mac>
        <mac>
            <mac_min>C91A006D1DB6</mac_min>
            <mac_max>C91A006D1DB7</mac_max>
        </mac>
        <mac>
            <mac_min>C91A006D1DB9</mac_min>
            <mac_max>C91A006D1DBD</mac_max>
        </mac>
        <mac>
            <mac_min>C91A006D1DBF</mac_min>
            <mac_max>C91A006D1DC3</mac_max>
        </mac>
        <mac>
            <mac_min>C91A006D1DC6</mac_min>
            <mac_max>C91A006D1DC8</mac_max>
        </mac>
        <mac>
            <mac_min>C91A006D1DCB</mac_min>
            <mac_max>C91A006D1DCD</mac_max>
        </mac>
        <mac>
            <mac_min>C91A006D1DD0</mac_min>
            <mac_max>C91A006D1DD2</mac_max>
        </mac>
        <mac>
            <mac_min>C91A006D1DDA</mac_min>
            <mac_max>C91A006D1DDB</mac_max>
        </mac>
        <mac>
            <mac_min>C91A006D1E14</mac_min>
            <mac_max>C91A006D1E3A</mac_max>
        </mac>
        <mac>
            <mac_min>C91A006D1E3C</mac_min>
            <mac_max>C91A006D1E44</mac_max>
        </mac>
        <mac>
            <mac_min>C91A006D1E94</mac_min>
            <mac_max>C91A006D1E95</mac_max>
        </mac>
        <mac>
            <mac_min>C91A006D1E9C</mac_min>
            <mac_max>C91A006D1E9E</mac_max>
        </mac>
        <mac>
            <mac_min>C91A006D1EA9</mac_min>
            <mac_max>C91A006D1EBA</mac_max>
        </mac>
        <mac>
            <mac_min>C91A006D1EBC</mac_min>
            <mac_max>C91A006D1EC6</mac_max>
        </mac>
        <mac>
            <mac_min>C91A006D1EC8</mac_min>
            <mac_max>C91A006D1ECA</mac_max>
        </mac>
        <mac>
            <mac_min>C91A006D1ECC</mac_min>
            <mac_max>C91A006D1ED0</mac_max>
        </mac>
        <mac>
            <mac_min>C91A006D1ED2</mac_min>
            <mac_max>C91A006D1ED3</mac_max>
        </mac>
        <mac>
            <mac_min>C91A006D1ED5</mac_min>
            <mac_max>C91A006D1EEC</mac_max>
        </mac>
        <mac>
            <mac_min>C91A006D1EEE</mac_min>
            <mac_max>C91A006D1EF2</mac_max>
        </mac>
        <mac>
            <mac_min>C91A006D1EF4</mac_min>
            <mac_max>C91A006D1F0D</mac_max>
        </mac>
        <mac>
            <mac_min>FDA5272ADE57</mac_min>
            <mac_max>FDA5272ADE72</mac_max>
        </mac>
        <mac>
            <mac_min>FDA5272ADE74</mac_min>
            <mac_max>FDA5272ADE8A</mac_max>
        </mac>
        <mac>
            <mac_min>FDA5272ADE8F</mac_min>
            <mac_max>FDA5272ADE90</mac_max>
        </mac>
        <mac>
            <mac_min>FDA5272ADE92</mac_min>
            <mac_max>FDA5272ADE96</mac_max>
        </mac>
        <mac>
            <mac_min>FDA5272ADE98</mac_min>
            <mac_max>FDA5272ADE9C</mac_max>
        </mac>
        <mac>
            <mac_min>FDA5272ADE9F</mac_min>
            <mac_max>FDA5272ADEA1</mac_max>
        </mac>
        <mac>
            <mac_min>FDA5272ADEA4</mac_min>
            <mac_max>FDA5272ADEA6</mac_max>
        </mac>
        <mac>
            <mac_min>FDA5272ADEA9</mac_min>
            <mac_max>FDA5272ADEAB</mac_max>
        </mac>
        <mac>
            <mac_min>FDA5272ADEB3</mac_min>
            <mac_max>FDA5272ADEB4</mac_max>
        </mac>
        <mac>
            <mac_min>FDA5272ADEED</mac_min>
            <mac_max>FDA5272ADF13</mac_max>
        </mac>
        <mac>
            <mac_min>FDA5272ADF15</mac_min>
            <mac_max>FDA5272ADF1D</mac_max>
        </mac>
        <mac>
            <mac_min>FDA5272ADF6D</mac_min>
            <mac_max>FDA5272ADF6E</mac_max>
        </mac>
        <mac>
            <mac_min>FDA5272ADF75</mac_min>
            <mac_max>FDA5272ADF77</mac_max>
        </mac>
        <mac>
            <mac_min>FDA5272ADF82</mac_min>
            <mac_max>FDA5272ADF93</mac_max>
        </mac>
        <mac>
            <mac_min>FDA5272ADF95</mac_min>
            <mac_max>FDA5272ADF9F</mac_max>
        </mac>
        <mac>
            <mac_min>FDA5272ADFA1</mac_min>
            <mac_max>FDA5272ADFA3</mac_max>
        </mac>
        <mac>
            <mac_min>FDA5272ADFA5</mac_min>
            <mac_max>FDA5272ADFA9</mac_max>
        </mac>
        <mac>
            <mac_min>FDA5272ADFAB</mac_min>
            <mac_max>FDA5272ADFAC</mac_max>
        </mac>
        <mac>
            <mac_min>FDA5272ADFAE</mac_min>
            <mac_max>FDA5272ADFC5</mac_max>
        </mac>
        <mac>
            <mac_min>FDA5272ADFC7</mac_min>
            <mac_max>FDA5272ADFCB</mac_max>
        </mac>
        <mac>
            <mac_min>FDA5272ADFCD</mac_min>
            <mac_max>FDA5272ADFE6</mac_max>
        </mac>
    </mac_range>
    <mac_single>
        <mac>C91A006D1DB4</mac>
        <mac>C91A006D1DD7</mac>
        <mac>C91A006D1DDF</mac>
        <mac>C91A006D1E8C</mac>
        <mac>C91A006D1E92</mac>
        <mac>C91A006D1E98</mac>
        <mac>C91A006D1EA0</mac>
        <mac>C91A006D1EA3</mac>
        <mac>C91A006D1EA7</mac>
        <mac>C91A006F0EA8</mac>
        <mac>FDA5272ADE8D</mac>
        <mac>FDA5272ADEB0</mac>
        <mac>FDA5272ADEB8</mac>
        <mac>FDA5272ADF65</mac>
        <mac>FDA5272ADF6B</mac>
        <mac>FDA5272ADF71</mac>
        <mac>FDA5272ADF79</mac>
        <mac>FDA5272ADF7C</mac>
        <mac>FDA5272ADF80</mac>
        <mac>FDA5272BAE5A</mac>
    </mac_single>
    <mac_warn />
</build_mac>
