<?xml version="1.0" encoding="utf-8" ?>
<build_mac>
    <build_id>861000040020300001</build_id>
    <mac_range>
        <mac>
            <mac_min>C91A00730708</mac_min>
            <mac_max>C91A0073070A</mac_max>
        </mac>
        <mac>
            <mac_min>C91A0073070C</mac_min>
            <mac_max>C91A0073070F</mac_max>
        </mac>
        <mac>
            <mac_min>C91A00730713</mac_min>
            <mac_max>C91A00730717</mac_max>
        </mac>
        <mac>
            <mac_min>C91A0073071D</mac_min>
            <mac_max>C91A0073071F</mac_max>
        </mac>
        <mac>
            <mac_min>C91A00730722</mac_min>
            <mac_max>C91A00730724</mac_max>
        </mac>
        <mac>
            <mac_min>C91A00730726</mac_min>
            <mac_max>C91A00730728</mac_max>
        </mac>
        <mac>
            <mac_min>C91A0073072A</mac_min>
            <mac_max>C91A00730736</mac_max>
        </mac>
        <mac>
            <mac_min>C91A00730738</mac_min>
            <mac_max>C91A00730739</mac_max>
        </mac>
        <mac>
            <mac_min>FDA52730CCB8</mac_min>
            <mac_max>FDA52730CCBA</mac_max>
        </mac>
        <mac>
            <mac_min>FDA52730CCBC</mac_min>
            <mac_max>FDA52730CCBF</mac_max>
        </mac>
        <mac>
            <mac_min>FDA52730CCC3</mac_min>
            <mac_max>FDA52730CCC7</mac_max>
        </mac>
        <mac>
            <mac_min>FDA52730CCCD</mac_min>
            <mac_max>FDA52730CCCF</mac_max>
        </mac>
        <mac>
            <mac_min>FDA52730CCD2</mac_min>
            <mac_max>FDA52730CCD4</mac_max>
        </mac>
        <mac>
            <mac_min>FDA52730CCD6</mac_min>
            <mac_max>FDA52730CCD8</mac_max>
        </mac>
        <mac>
            <mac_min>FDA52730CCDA</mac_min>
            <mac_max>FDA52730CCE6</mac_max>
        </mac>
        <mac>
            <mac_min>FDA52730CCE8</mac_min>
            <mac_max>FDA52730CCE9</mac_max>
        </mac>
    </mac_range>
    <mac_single>
        <mac>C91A00730711</mac>
        <mac>C91A0073071A</mac>
        <mac>FDA52730CCC1</mac>
        <mac>FDA52730CCCA</mac>
    </mac_single>
    <mac_warn />
</build_mac>
