<?xml version="1.0" encoding="utf-8" ?>
<build_mac>
    <build_id>861000050010300002</build_id>
    <mac_range>
        <mac>
            <mac_min>C91A006D04B0</mac_min>
            <mac_max>C91A006D04B1</mac_max>
        </mac>
        <mac>
            <mac_min>C91A006D04B3</mac_min>
            <mac_max>C91A006D04BC</mac_max>
        </mac>
        <mac>
            <mac_min>C91A006D04BE</mac_min>
            <mac_max>C91A006D04CA</mac_max>
        </mac>
        <mac>
            <mac_min>C91A006D04CC</mac_min>
            <mac_max>C91A006D04CF</mac_max>
        </mac>
        <mac>
            <mac_min>C91A006D04D1</mac_min>
            <mac_max>C91A006D04E1</mac_max>
        </mac>
        <mac>
            <mac_min>C91A006D0502</mac_min>
            <mac_max>C91A006D0503</mac_max>
        </mac>
        <mac>
            <mac_min>C91A006D0505</mac_min>
            <mac_max>C91A006D0506</mac_max>
        </mac>
        <mac>
            <mac_min>C91A006D050D</mac_min>
            <mac_max>C91A006D050F</mac_max>
        </mac>
        <mac>
            <mac_min>C91A006D0514</mac_min>
            <mac_max>C91A006D0546</mac_max>
        </mac>
        <mac>
            <mac_min>C91A006D054F</mac_min>
            <mac_max>C91A006D0552</mac_max>
        </mac>
        <mac>
            <mac_min>C91A006D0556</mac_min>
            <mac_max>C91A006D055A</mac_max>
        </mac>
        <mac>
            <mac_min>C91A006D055E</mac_min>
            <mac_max>C91A006D0560</mac_max>
        </mac>
        <mac>
            <mac_min>C91A006D0572</mac_min>
            <mac_max>C91A006D0573</mac_max>
        </mac>
        <mac>
            <mac_min>FDA5272AC571</mac_min>
            <mac_max>FDA5272AC572</mac_max>
        </mac>
        <mac>
            <mac_min>FDA5272AC574</mac_min>
            <mac_max>FDA5272AC57D</mac_max>
        </mac>
        <mac>
            <mac_min>FDA5272AC57F</mac_min>
            <mac_max>FDA5272AC58B</mac_max>
        </mac>
        <mac>
            <mac_min>FDA5272AC58D</mac_min>
            <mac_max>FDA5272AC590</mac_max>
        </mac>
        <mac>
            <mac_min>FDA5272AC592</mac_min>
            <mac_max>FDA5272AC5A2</mac_max>
        </mac>
        <mac>
            <mac_min>FDA5272AC5C3</mac_min>
            <mac_max>FDA5272AC5C4</mac_max>
        </mac>
        <mac>
            <mac_min>FDA5272AC5C6</mac_min>
            <mac_max>FDA5272AC5C7</mac_max>
        </mac>
        <mac>
            <mac_min>FDA5272AC5CE</mac_min>
            <mac_max>FDA5272AC5D0</mac_max>
        </mac>
        <mac>
            <mac_min>FDA5272AC5D5</mac_min>
            <mac_max>FDA5272AC607</mac_max>
        </mac>
        <mac>
            <mac_min>FDA5272AC610</mac_min>
            <mac_max>FDA5272AC613</mac_max>
        </mac>
        <mac>
            <mac_min>FDA5272AC617</mac_min>
            <mac_max>FDA5272AC61B</mac_max>
        </mac>
        <mac>
            <mac_min>FDA5272AC61F</mac_min>
            <mac_max>FDA5272AC621</mac_max>
        </mac>
        <mac>
            <mac_min>FDA5272AC633</mac_min>
            <mac_max>FDA5272AC634</mac_max>
        </mac>
    </mac_range>
    <mac_single>
        <mac>C91A006D04EA</mac>
        <mac>C91A006D04F2</mac>
        <mac>C91A006D04FB</mac>
        <mac>C91A006D04FF</mac>
        <mac>C91A006D050A</mac>
        <mac>C91A006D0549</mac>
        <mac>C91A006D054B</mac>
        <mac>C91A006D054D</mac>
        <mac>C91A006D055C</mac>
        <mac>C91A006D0565</mac>
        <mac>C91A006D0567</mac>
        <mac>C91A006D0569</mac>
        <mac>C91A006D056C</mac>
        <mac>C91A006D056E</mac>
        <mac>C91A006D0577</mac>
        <mac>FDA5272AC5AB</mac>
        <mac>FDA5272AC5B3</mac>
        <mac>FDA5272AC5BC</mac>
        <mac>FDA5272AC5C0</mac>
        <mac>FDA5272AC5CB</mac>
        <mac>FDA5272AC60A</mac>
        <mac>FDA5272AC60C</mac>
        <mac>FDA5272AC60E</mac>
        <mac>FDA5272AC61D</mac>
        <mac>FDA5272AC626</mac>
        <mac>FDA5272AC628</mac>
        <mac>FDA5272AC62A</mac>
        <mac>FDA5272AC62D</mac>
        <mac>FDA5272AC62F</mac>
        <mac>FDA5272AC638</mac>
    </mac_single>
    <mac_warn />
</build_mac>
