<?xml version="1.0" encoding="utf-8" ?>
<build_mac>
    <build_id>861000010040300004</build_id>
    <mac_range>
        <mac>
            <mac_min>C91A007128A5</mac_min>
            <mac_max>C91A007128A7</mac_max>
        </mac>
        <mac>
            <mac_min>C91A007128AC</mac_min>
            <mac_max>C91A007128AD</mac_max>
        </mac>
        <mac>
            <mac_min>FDA5272E10D1</mac_min>
            <mac_max>FDA5272E10D3</mac_max>
        </mac>
        <mac>
            <mac_min>FDA5272E10D8</mac_min>
            <mac_max>FDA5272E10D9</mac_max>
        </mac>
    </mac_range>
    <mac_single>
        <mac>C91A007128B1</mac>
        <mac>C91A007128BA</mac>
        <mac>C91A007128BC</mac>
        <mac>FDA5272E10DD</mac>
        <mac>FDA5272E10E6</mac>
        <mac>FDA5272E10E8</mac>
    </mac_single>
    <mac_warn />
</build_mac>
