<?xml version="1.0" encoding="utf-8" ?>
<build_mac>
    <build_id>861000140010300001</build_id>
    <mac_range>
        <mac>
            <mac_min>C91A006D03ED</mac_min>
            <mac_max>C91A006D03EE</mac_max>
        </mac>
        <mac>
            <mac_min>C91A006D03F1</mac_min>
            <mac_max>C91A006D03F6</mac_max>
        </mac>
        <mac>
            <mac_min>C91A006D03FC</mac_min>
            <mac_max>C91A006D03FD</mac_max>
        </mac>
        <mac>
            <mac_min>C91A006D0401</mac_min>
            <mac_max>C91A006D0402</mac_max>
        </mac>
        <mac>
            <mac_min>C91A006D0404</mac_min>
            <mac_max>C91A006D0405</mac_max>
        </mac>
        <mac>
            <mac_min>C91A006D0411</mac_min>
            <mac_max>C91A006D0412</mac_max>
        </mac>
        <mac>
            <mac_min>C91A006D0414</mac_min>
            <mac_max>C91A006D0415</mac_max>
        </mac>
        <mac>
            <mac_min>C91A006D047E</mac_min>
            <mac_max>C91A006D04AF</mac_max>
        </mac>
        <mac>
            <mac_min>C91A006D04E2</mac_min>
            <mac_max>C91A006D04E9</mac_max>
        </mac>
        <mac>
            <mac_min>C91A006D04EB</mac_min>
            <mac_max>C91A006D04F1</mac_max>
        </mac>
        <mac>
            <mac_min>C91A006D04F3</mac_min>
            <mac_max>C91A006D04F7</mac_max>
        </mac>
        <mac>
            <mac_min>C91A006D04F9</mac_min>
            <mac_max>C91A006D04FA</mac_max>
        </mac>
        <mac>
            <mac_min>C91A006D04FC</mac_min>
            <mac_max>C91A006D04FE</mac_max>
        </mac>
        <mac>
            <mac_min>C91A006D0500</mac_min>
            <mac_max>C91A006D0501</mac_max>
        </mac>
        <mac>
            <mac_min>C91A006D0507</mac_min>
            <mac_max>C91A006D0509</mac_max>
        </mac>
        <mac>
            <mac_min>C91A006D0510</mac_min>
            <mac_max>C91A006D0513</mac_max>
        </mac>
        <mac>
            <mac_min>C91A006D0547</mac_min>
            <mac_max>C91A006D0548</mac_max>
        </mac>
        <mac>
            <mac_min>C91A006D0553</mac_min>
            <mac_max>C91A006D0555</mac_max>
        </mac>
        <mac>
            <mac_min>C91A006D0561</mac_min>
            <mac_max>C91A006D0564</mac_max>
        </mac>
        <mac>
            <mac_min>C91A006D056A</mac_min>
            <mac_max>C91A006D056B</mac_max>
        </mac>
        <mac>
            <mac_min>C91A006D056F</mac_min>
            <mac_max>C91A006D0571</mac_max>
        </mac>
        <mac>
            <mac_min>C91A006D0575</mac_min>
            <mac_max>C91A006D0576</mac_max>
        </mac>
        <mac>
            <mac_min>FDA5272AC4AE</mac_min>
            <mac_max>FDA5272AC4AF</mac_max>
        </mac>
        <mac>
            <mac_min>FDA5272AC4B2</mac_min>
            <mac_max>FDA5272AC4B7</mac_max>
        </mac>
        <mac>
            <mac_min>FDA5272AC4BD</mac_min>
            <mac_max>FDA5272AC4BE</mac_max>
        </mac>
        <mac>
            <mac_min>FDA5272AC4C2</mac_min>
            <mac_max>FDA5272AC4C3</mac_max>
        </mac>
        <mac>
            <mac_min>FDA5272AC4C5</mac_min>
            <mac_max>FDA5272AC4C6</mac_max>
        </mac>
        <mac>
            <mac_min>FDA5272AC4D2</mac_min>
            <mac_max>FDA5272AC4D3</mac_max>
        </mac>
        <mac>
            <mac_min>FDA5272AC4D5</mac_min>
            <mac_max>FDA5272AC4D6</mac_max>
        </mac>
        <mac>
            <mac_min>FDA5272AC53F</mac_min>
            <mac_max>FDA5272AC570</mac_max>
        </mac>
        <mac>
            <mac_min>FDA5272AC5A3</mac_min>
            <mac_max>FDA5272AC5AA</mac_max>
        </mac>
        <mac>
            <mac_min>FDA5272AC5AC</mac_min>
            <mac_max>FDA5272AC5B2</mac_max>
        </mac>
        <mac>
            <mac_min>FDA5272AC5B4</mac_min>
            <mac_max>FDA5272AC5B8</mac_max>
        </mac>
        <mac>
            <mac_min>FDA5272AC5BA</mac_min>
            <mac_max>FDA5272AC5BB</mac_max>
        </mac>
        <mac>
            <mac_min>FDA5272AC5BD</mac_min>
            <mac_max>FDA5272AC5BF</mac_max>
        </mac>
        <mac>
            <mac_min>FDA5272AC5C1</mac_min>
            <mac_max>FDA5272AC5C2</mac_max>
        </mac>
        <mac>
            <mac_min>FDA5272AC5C8</mac_min>
            <mac_max>FDA5272AC5CA</mac_max>
        </mac>
        <mac>
            <mac_min>FDA5272AC5D1</mac_min>
            <mac_max>FDA5272AC5D4</mac_max>
        </mac>
        <mac>
            <mac_min>FDA5272AC608</mac_min>
            <mac_max>FDA5272AC609</mac_max>
        </mac>
        <mac>
            <mac_min>FDA5272AC614</mac_min>
            <mac_max>FDA5272AC616</mac_max>
        </mac>
        <mac>
            <mac_min>FDA5272AC622</mac_min>
            <mac_max>FDA5272AC625</mac_max>
        </mac>
        <mac>
            <mac_min>FDA5272AC62B</mac_min>
            <mac_max>FDA5272AC62C</mac_max>
        </mac>
        <mac>
            <mac_min>FDA5272AC630</mac_min>
            <mac_max>FDA5272AC632</mac_max>
        </mac>
        <mac>
            <mac_min>FDA5272AC636</mac_min>
            <mac_max>FDA5272AC637</mac_max>
        </mac>
    </mac_range>
    <mac_single>
        <mac>C91A006D03E8</mac>
        <mac>C91A006D03F8</mac>
        <mac>C91A006D03FF</mac>
        <mac>C91A006D0409</mac>
        <mac>C91A006D040E</mac>
        <mac>C91A006D0419</mac>
        <mac>C91A006D0504</mac>
        <mac>C91A006D050B</mac>
        <mac>C91A006D054A</mac>
        <mac>C91A006D054C</mac>
        <mac>C91A006D054E</mac>
        <mac>C91A006D055B</mac>
        <mac>C91A006D055D</mac>
        <mac>C91A006D0566</mac>
        <mac>C91A006D0568</mac>
        <mac>C91A006D056D</mac>
        <mac>FDA5272AC4A9</mac>
        <mac>FDA5272AC4B9</mac>
        <mac>FDA5272AC4C0</mac>
        <mac>FDA5272AC4CA</mac>
        <mac>FDA5272AC4CF</mac>
        <mac>FDA5272AC4DA</mac>
        <mac>FDA5272AC5C5</mac>
        <mac>FDA5272AC5CC</mac>
        <mac>FDA5272AC60B</mac>
        <mac>FDA5272AC60D</mac>
        <mac>FDA5272AC60F</mac>
        <mac>FDA5272AC61C</mac>
        <mac>FDA5272AC61E</mac>
        <mac>FDA5272AC627</mac>
        <mac>FDA5272AC629</mac>
        <mac>FDA5272AC62E</mac>
    </mac_single>
    <mac_warn />
</build_mac>
