<?xml version="1.0" encoding="utf-8" ?>
<build_mac>
    <build_id>861000010040300006</build_id>
    <mac_range>
        <mac>
            <mac_min>C91A007128D0</mac_min>
            <mac_max>C91A007128D1</mac_max>
        </mac>
        <mac>
            <mac_min>FDA5272E10FC</mac_min>
            <mac_max>FDA5272E10FD</mac_max>
        </mac>
    </mac_range>
    <mac_single>
        <mac>C91A007128A0</mac>
        <mac>C91A007128A2</mac>
        <mac>C91A007128AB</mac>
        <mac>C91A007128AE</mac>
        <mac>C91A007128B0</mac>
        <mac>C91A007128B4</mac>
        <mac>C91A007128B6</mac>
        <mac>C91A007128B8</mac>
        <mac>C91A007128BB</mac>
        <mac>C91A007128BD</mac>
        <mac>C91A007128C2</mac>
        <mac>C91A007128C5</mac>
        <mac>C91A007128C9</mac>
        <mac>C91A007128CC</mac>
        <mac>FDA5272E10CC</mac>
        <mac>FDA5272E10CE</mac>
        <mac>FDA5272E10D7</mac>
        <mac>FDA5272E10DA</mac>
        <mac>FDA5272E10DC</mac>
        <mac>FDA5272E10E0</mac>
        <mac>FDA5272E10E2</mac>
        <mac>FDA5272E10E4</mac>
        <mac>FDA5272E10E7</mac>
        <mac>FDA5272E10E9</mac>
        <mac>FDA5272E10EE</mac>
        <mac>FDA5272E10F1</mac>
        <mac>FDA5272E10F5</mac>
        <mac>FDA5272E10F8</mac>
    </mac_single>
    <mac_warn />
</build_mac>
