<?xml version="1.0" encoding="utf-8" ?>
<build_mac>
    <build_id>861000010040300010</build_id>
    <mac_range>
        <mac>
            <mac_min>C91A007127AE</mac_min>
            <mac_max>C91A007127AF</mac_max>
        </mac>
        <mac>
            <mac_min>FDA5272E0FDA</mac_min>
            <mac_max>FDA5272E0FDB</mac_max>
        </mac>
    </mac_range>
    <mac_single>
        <mac>C91A007127A6</mac>
        <mac>C91A007127A8</mac>
        <mac>C91A007127BA</mac>
        <mac>C91A007127C8</mac>
        <mac>C91A007127CA</mac>
        <mac>C91A007127D2</mac>
        <mac>C91A007127D5</mac>
        <mac>FDA5272E0FD2</mac>
        <mac>FDA5272E0FD4</mac>
        <mac>FDA5272E0FE6</mac>
        <mac>FDA5272E0FF4</mac>
        <mac>FDA5272E0FF6</mac>
        <mac>FDA5272E0FFE</mac>
        <mac>FDA5272E1001</mac>
    </mac_single>
    <mac_warn />
</build_mac>
