<?xml version="1.0" encoding="utf-8" ?>
<build_mac>
    <build_id>861000010040300017</build_id>
    <mac_range>
        <mac>
            <mac_min>C91A0062164A</mac_min>
            <mac_max>C91A0062164B</mac_max>
        </mac>
        <mac>
            <mac_min>C91A00621656</mac_min>
            <mac_max>C91A00621657</mac_max>
        </mac>
        <mac>
            <mac_min>C91A0062165E</mac_min>
            <mac_max>C91A0062165F</mac_max>
        </mac>
        <mac>
            <mac_min>C91A00621664</mac_min>
            <mac_max>C91A00621667</mac_max>
        </mac>
        <mac>
            <mac_min>FDA52723B88F</mac_min>
            <mac_max>FDA52723B892</mac_max>
        </mac>
        <mac>
            <mac_min>FDA52723B897</mac_min>
            <mac_max>FDA52723B898</mac_max>
        </mac>
        <mac>
            <mac_min>FDA52723B89F</mac_min>
            <mac_max>FDA52723B8A0</mac_max>
        </mac>
        <mac>
            <mac_min>FDA52723B8AB</mac_min>
            <mac_max>FDA52723B8AC</mac_max>
        </mac>
    </mac_range>
    <mac_single>
        <mac>C91A0062130D</mac>
        <mac>C91A00621644</mac>
        <mac>C91A00621646</mac>
        <mac>C91A0062164E</mac>
        <mac>C91A00621661</mac>
        <mac>C91A00621669</mac>
        <mac>C91A0062166F</mac>
        <mac>C91A00621673</mac>
        <mac>FDA52723B883</mac>
        <mac>FDA52723B887</mac>
        <mac>FDA52723B88D</mac>
        <mac>FDA52723B895</mac>
        <mac>FDA52723B8A8</mac>
        <mac>FDA52723B8B0</mac>
        <mac>FDA52723B8B2</mac>
        <mac>FDA52723BBEB</mac>
    </mac_single>
    <mac_warn />
</build_mac>
