<?xml version="1.0" encoding="utf-8" ?>
<build_mac>
    <build_id>861000010040300009</build_id>
    <mac_range>
        <mac>
            <mac_min>C91A007127B3</mac_min>
            <mac_max>C91A007127B6</mac_max>
        </mac>
        <mac>
            <mac_min>FDA5272E0FDF</mac_min>
            <mac_max>FDA5272E0FE2</mac_max>
        </mac>
    </mac_range>
    <mac_single>
        <mac>C91A007127AA</mac>
        <mac>C91A007127B0</mac>
        <mac>C91A007127B8</mac>
        <mac>C91A007127BB</mac>
        <mac>C91A007127BE</mac>
        <mac>C91A007127C7</mac>
        <mac>C91A007127CC</mac>
        <mac>C91A007127CE</mac>
        <mac>C91A007127D0</mac>
        <mac>FDA5272E0FD6</mac>
        <mac>FDA5272E0FDC</mac>
        <mac>FDA5272E0FE4</mac>
        <mac>FDA5272E0FE7</mac>
        <mac>FDA5272E0FEA</mac>
        <mac>FDA5272E0FF3</mac>
        <mac>FDA5272E0FF8</mac>
        <mac>FDA5272E0FFA</mac>
        <mac>FDA5272E0FFC</mac>
    </mac_single>
    <mac_warn />
</build_mac>
