<?xml version="1.0" encoding="utf-8" ?>
<build_mac>
    <build_id>861000010010300017</build_id>
    <mac_range>
        <mac>
            <mac_min>C91A0071332C</mac_min>
            <mac_max>C91A00713330</mac_max>
        </mac>
        <mac>
            <mac_min>C91A00713332</mac_min>
            <mac_max>C91A0071335D</mac_max>
        </mac>
        <mac>
            <mac_min>C91A007133F4</mac_min>
            <mac_max>C91A007133FF</mac_max>
        </mac>
        <mac>
            <mac_min>C91A00713402</mac_min>
            <mac_max>C91A00713408</mac_max>
        </mac>
        <mac>
            <mac_min>C91A0071340A</mac_min>
            <mac_max>C91A0071340C</mac_max>
        </mac>
        <mac>
            <mac_min>C91A0071340E</mac_min>
            <mac_max>C91A00713412</mac_max>
        </mac>
        <mac>
            <mac_min>C91A00713417</mac_min>
            <mac_max>C91A00713418</mac_max>
        </mac>
        <mac>
            <mac_min>C91A0071341A</mac_min>
            <mac_max>C91A00713425</mac_max>
        </mac>
        <mac>
            <mac_min>FDA5272E1D4F</mac_min>
            <mac_max>FDA5272E1D53</mac_max>
        </mac>
        <mac>
            <mac_min>FDA5272E1D55</mac_min>
            <mac_max>FDA5272E1D80</mac_max>
        </mac>
        <mac>
            <mac_min>FDA5272E1E17</mac_min>
            <mac_max>FDA5272E1E22</mac_max>
        </mac>
        <mac>
            <mac_min>FDA5272E1E25</mac_min>
            <mac_max>FDA5272E1E2B</mac_max>
        </mac>
        <mac>
            <mac_min>FDA5272E1E2D</mac_min>
            <mac_max>FDA5272E1E2F</mac_max>
        </mac>
        <mac>
            <mac_min>FDA5272E1E31</mac_min>
            <mac_max>FDA5272E1E35</mac_max>
        </mac>
        <mac>
            <mac_min>FDA5272E1E3A</mac_min>
            <mac_max>FDA5272E1E3B</mac_max>
        </mac>
        <mac>
            <mac_min>FDA5272E1E3D</mac_min>
            <mac_max>FDA5272E1E48</mac_max>
        </mac>
    </mac_range>
    <mac_single>
        <mac>C91A006D1E52</mac>
        <mac>C91A006D1E5C</mac>
        <mac>C91A006D1E70</mac>
        <mac>C91A00713414</mac>
        <mac>C91A00730729</mac>
        <mac>FDA5272ADF2B</mac>
        <mac>FDA5272ADF35</mac>
        <mac>FDA5272ADF49</mac>
        <mac>FDA5272E1E37</mac>
        <mac>FDA52730CCD9</mac>
    </mac_single>
    <mac_warn />
</build_mac>
