<?xml version="1.0" encoding="utf-8" ?>
<build_mac>
    <build_id>861000010040300016</build_id>
    <mac_range>
        <mac>
            <mac_min>C91A0071280A</mac_min>
            <mac_max>C91A0071280B</mac_max>
        </mac>
        <mac>
            <mac_min>C91A00712814</mac_min>
            <mac_max>C91A00712815</mac_max>
        </mac>
        <mac>
            <mac_min>C91A00712823</mac_min>
            <mac_max>C91A00712824</mac_max>
        </mac>
        <mac>
            <mac_min>C91A00712828</mac_min>
            <mac_max>C91A00712829</mac_max>
        </mac>
        <mac>
            <mac_min>C91A0071282C</mac_min>
            <mac_max>C91A0071282E</mac_max>
        </mac>
        <mac>
            <mac_min>C91A00712831</mac_min>
            <mac_max>C91A00712832</mac_max>
        </mac>
        <mac>
            <mac_min>C91A00712834</mac_min>
            <mac_max>C91A00712837</mac_max>
        </mac>
        <mac>
            <mac_min>FDA5272E1036</mac_min>
            <mac_max>FDA5272E1037</mac_max>
        </mac>
        <mac>
            <mac_min>FDA5272E1040</mac_min>
            <mac_max>FDA5272E1041</mac_max>
        </mac>
        <mac>
            <mac_min>FDA5272E104F</mac_min>
            <mac_max>FDA5272E1050</mac_max>
        </mac>
        <mac>
            <mac_min>FDA5272E1054</mac_min>
            <mac_max>FDA5272E1055</mac_max>
        </mac>
        <mac>
            <mac_min>FDA5272E1058</mac_min>
            <mac_max>FDA5272E105A</mac_max>
        </mac>
        <mac>
            <mac_min>FDA5272E105D</mac_min>
            <mac_max>FDA5272E105E</mac_max>
        </mac>
        <mac>
            <mac_min>FDA5272E1060</mac_min>
            <mac_max>FDA5272E1063</mac_max>
        </mac>
    </mac_range>
    <mac_single>
        <mac>C91A0071280F</mac>
        <mac>C91A00712812</mac>
        <mac>C91A00712819</mac>
        <mac>C91A0071281B</mac>
        <mac>C91A0071281F</mac>
        <mac>C91A00712826</mac>
        <mac>C91A00712839</mac>
        <mac>C91A0071283B</mac>
        <mac>FDA5272E103B</mac>
        <mac>FDA5272E103E</mac>
        <mac>FDA5272E1045</mac>
        <mac>FDA5272E1047</mac>
        <mac>FDA5272E104B</mac>
        <mac>FDA5272E1052</mac>
        <mac>FDA5272E1065</mac>
        <mac>FDA5272E1067</mac>
    </mac_single>
    <mac_warn />
</build_mac>
