<?xml version="1.0" encoding="utf-8" ?>
<build_mac>
    <build_id>861000010040300018</build_id>
    <mac_range>
        <mac>
            <mac_min>C91A00712810</mac_min>
            <mac_max>C91A00712811</mac_max>
        </mac>
        <mac>
            <mac_min>C91A00712820</mac_min>
            <mac_max>C91A00712821</mac_max>
        </mac>
        <mac>
            <mac_min>C91A0071282F</mac_min>
            <mac_max>C91A00712830</mac_max>
        </mac>
        <mac>
            <mac_min>C91A007128B2</mac_min>
            <mac_max>C91A007128B3</mac_max>
        </mac>
        <mac>
            <mac_min>C91A007128C0</mac_min>
            <mac_max>C91A007128C1</mac_max>
        </mac>
        <mac>
            <mac_min>C91A007128CA</mac_min>
            <mac_max>C91A007128CB</mac_max>
        </mac>
        <mac>
            <mac_min>C91A007128CD</mac_min>
            <mac_max>C91A007128CE</mac_max>
        </mac>
        <mac>
            <mac_min>FDA5272E103C</mac_min>
            <mac_max>FDA5272E103D</mac_max>
        </mac>
        <mac>
            <mac_min>FDA5272E104C</mac_min>
            <mac_max>FDA5272E104D</mac_max>
        </mac>
        <mac>
            <mac_min>FDA5272E105B</mac_min>
            <mac_max>FDA5272E105C</mac_max>
        </mac>
        <mac>
            <mac_min>FDA5272E10DE</mac_min>
            <mac_max>FDA5272E10DF</mac_max>
        </mac>
        <mac>
            <mac_min>FDA5272E10EC</mac_min>
            <mac_max>FDA5272E10ED</mac_max>
        </mac>
        <mac>
            <mac_min>FDA5272E10F6</mac_min>
            <mac_max>FDA5272E10F7</mac_max>
        </mac>
        <mac>
            <mac_min>FDA5272E10F9</mac_min>
            <mac_max>FDA5272E10FA</mac_max>
        </mac>
    </mac_range>
    <mac_single>
        <mac>C91A0071280C</mac>
        <mac>C91A0071280E</mac>
        <mac>C91A00712813</mac>
        <mac>C91A00712816</mac>
        <mac>C91A00712818</mac>
        <mac>C91A0071282A</mac>
        <mac>C91A007128AA</mac>
        <mac>C91A007128B5</mac>
        <mac>C91A007128C7</mac>
        <mac>FDA5272E1038</mac>
        <mac>FDA5272E103A</mac>
        <mac>FDA5272E103F</mac>
        <mac>FDA5272E1042</mac>
        <mac>FDA5272E1044</mac>
        <mac>FDA5272E1056</mac>
        <mac>FDA5272E10D6</mac>
        <mac>FDA5272E10E1</mac>
        <mac>FDA5272E10F3</mac>
    </mac_single>
    <mac_warn />
</build_mac>
