<?xml version="1.0" encoding="utf-8" ?>
<build_mac>
    <build_id>861000010010300001</build_id>
    <mac_range>
        <mac>
            <mac_min>C91A00692008</mac_min>
            <mac_max>C91A006920EC</mac_max>
        </mac>
        <mac>
            <mac_min>C91A006920EE</mac_min>
            <mac_max>C91A00692156</mac_max>
        </mac>
        <mac>
            <mac_min>C91A00692158</mac_min>
            <mac_max>C91A0069225F</mac_max>
        </mac>
        <mac>
            <mac_min>ECB32F450000</mac_min>
            <mac_max>ECB32F4500E4</mac_max>
        </mac>
        <mac>
            <mac_min>ECB32F4500E6</mac_min>
            <mac_max>ECB32F45014E</mac_max>
        </mac>
        <mac>
            <mac_min>ECB32F450150</mac_min>
            <mac_max>ECB32F450257</mac_max>
        </mac>
        <mac>
            <mac_min>FDA527286693</mac_min>
            <mac_max>FDA52728679A</mac_max>
        </mac>
        <mac>
            <mac_min>FDA52728679C</mac_min>
            <mac_max>FDA527286804</mac_max>
        </mac>
        <mac>
            <mac_min>FDA527286806</mac_min>
            <mac_max>FDA5272868EA</mac_max>
        </mac>
    </mac_range>
    <mac_single />
    <mac_warn />
</build_mac>
