<?xml version="1.0" encoding="utf-8" ?>
<build_mac>
    <build_id>861000010050300001</build_id>
    <mac_range>
        <mac>
            <mac_min>C91A007127D8</mac_min>
            <mac_max>C91A00712809</mac_max>
        </mac>
        <mac>
            <mac_min>C91A00712842</mac_min>
            <mac_max>C91A00712843</mac_max>
        </mac>
        <mac>
            <mac_min>C91A0071284E</mac_min>
            <mac_max>C91A0071284F</mac_max>
        </mac>
        <mac>
            <mac_min>C91A00712854</mac_min>
            <mac_max>C91A00712855</mac_max>
        </mac>
        <mac>
            <mac_min>C91A00712865</mac_min>
            <mac_max>C91A00712866</mac_max>
        </mac>
        <mac>
            <mac_min>FDA5272E1004</mac_min>
            <mac_max>FDA5272E1035</mac_max>
        </mac>
        <mac>
            <mac_min>FDA5272E106E</mac_min>
            <mac_max>FDA5272E106F</mac_max>
        </mac>
        <mac>
            <mac_min>FDA5272E107A</mac_min>
            <mac_max>FDA5272E107B</mac_max>
        </mac>
        <mac>
            <mac_min>FDA5272E1080</mac_min>
            <mac_max>FDA5272E1081</mac_max>
        </mac>
        <mac>
            <mac_min>FDA5272E1091</mac_min>
            <mac_max>FDA5272E1092</mac_max>
        </mac>
    </mac_range>
    <mac_single>
        <mac>C91A0071285E</mac>
        <mac>C91A0071286C</mac>
        <mac>FDA5272E108A</mac>
        <mac>FDA5272E1098</mac>
    </mac_single>
    <mac_warn />
</build_mac>
