<?xml version="1.0" encoding="utf-8" ?>
<build_mac>
    <build_id>861000010040300014</build_id>
    <mac_range>
        <mac>
            <mac_min>C91A00621658</mac_min>
            <mac_max>C91A00621659</mac_max>
        </mac>
        <mac>
            <mac_min>FDA52723B89D</mac_min>
            <mac_max>FDA52723B89E</mac_max>
        </mac>
    </mac_range>
    <mac_single>
        <mac>C91A006212F7</mac>
        <mac>C91A00621320</mac>
        <mac>C91A00621648</mac>
        <mac>C91A0062165B</mac>
        <mac>C91A00621663</mac>
        <mac>C91A0062166A</mac>
        <mac>C91A00621670</mac>
        <mac>C91A00621672</mac>
        <mac>FDA52723B884</mac>
        <mac>FDA52723B886</mac>
        <mac>FDA52723B88C</mac>
        <mac>FDA52723B893</mac>
        <mac>FDA52723B89B</mac>
        <mac>FDA52723B8AE</mac>
        <mac>FDA52723BBD8</mac>
        <mac>FDA52723BC01</mac>
    </mac_single>
    <mac_warn />
</build_mac>
