<?xml version="1.0" encoding="utf-8" ?>
<build_mac>
    <build_id>861000010040300011</build_id>
    <mac_range />
    <mac_single>
        <mac>C91A00621647</mac>
        <mac>C91A0062164C</mac>
        <mac>C91A00621653</mac>
        <mac>C91A00621655</mac>
        <mac>C91A0062166C</mac>
        <mac>C91A0062166E</mac>
        <mac>C91A00621675</mac>
        <mac>FDA52723B881</mac>
        <mac>FDA52723B888</mac>
        <mac>FDA52723B88A</mac>
        <mac>FDA52723B8A1</mac>
        <mac>FDA52723B8A3</mac>
        <mac>FDA52723B8AA</mac>
        <mac>FDA52723B8AF</mac>
    </mac_single>
    <mac_warn />
</build_mac>
