<?xml version="1.0" encoding="utf-8" ?>
<build_mac>
    <build_id>861000010040300001</build_id>
    <mac_range>
        <mac>
            <mac_min>C91A00712798</mac_min>
            <mac_max>C91A00712799</mac_max>
        </mac>
        <mac>
            <mac_min>FDA5272E0FC4</mac_min>
            <mac_max>FDA5272E0FC5</mac_max>
        </mac>
    </mac_range>
    <mac_single>
        <mac>C91A0071277F</mac>
        <mac>C91A00712784</mac>
        <mac>C91A00712792</mac>
        <mac>C91A00712794</mac>
        <mac>C91A007127A3</mac>
        <mac>FDA5272E0FAB</mac>
        <mac>FDA5272E0FB0</mac>
        <mac>FDA5272E0FBE</mac>
        <mac>FDA5272E0FC0</mac>
        <mac>FDA5272E0FCF</mac>
    </mac_single>
    <mac_warn />
</build_mac>
