<?xml version="1.0" encoding="utf-8" ?>
<build_mac>
    <build_id>861000010040300012</build_id>
    <mac_range />
    <mac_single>
        <mac>C91A00621649</mac>
        <mac>C91A00621651</mac>
        <mac>C91A00621662</mac>
        <mac>C91A0062166D</mac>
        <mac>C91A006226A1</mac>
        <mac>ECB328A401E9</mac>
        <mac>FDA52723A7E8</mac>
        <mac>FDA52723B889</mac>
        <mac>FDA52723B894</mac>
        <mac>FDA52723B8A5</mac>
        <mac>FDA52723B8AD</mac>
    </mac_single>
    <mac_warn />
</build_mac>
