<?xml version="1.0" encoding="utf-8" ?>
<build_mac>
    <build_id>861000010010300008</build_id>
    <mac_range>
        <mac>
            <mac_min>C91A0071274C</mac_min>
            <mac_max>C91A0071274D</mac_max>
        </mac>
        <mac>
            <mac_min>C91A00712758</mac_min>
            <mac_max>C91A0071275B</mac_max>
        </mac>
        <mac>
            <mac_min>C91A0071276A</mac_min>
            <mac_max>C91A0071276B</mac_max>
        </mac>
        <mac>
            <mac_min>C91A00713390</mac_min>
            <mac_max>C91A007133A7</mac_max>
        </mac>
        <mac>
            <mac_min>C91A007133A9</mac_min>
            <mac_max>C91A007133F3</mac_max>
        </mac>
        <mac>
            <mac_min>C91A00713415</mac_min>
            <mac_max>C91A00713416</mac_max>
        </mac>
        <mac>
            <mac_min>C91A00713458</mac_min>
            <mac_max>C91A007134BB</mac_max>
        </mac>
        <mac>
            <mac_min>FDA5272E0F78</mac_min>
            <mac_max>FDA5272E0F79</mac_max>
        </mac>
        <mac>
            <mac_min>FDA5272E0F84</mac_min>
            <mac_max>FDA5272E0F87</mac_max>
        </mac>
        <mac>
            <mac_min>FDA5272E0F96</mac_min>
            <mac_max>FDA5272E0F97</mac_max>
        </mac>
        <mac>
            <mac_min>FDA5272E1DB3</mac_min>
            <mac_max>FDA5272E1DCA</mac_max>
        </mac>
        <mac>
            <mac_min>FDA5272E1DCC</mac_min>
            <mac_max>FDA5272E1E16</mac_max>
        </mac>
        <mac>
            <mac_min>FDA5272E1E38</mac_min>
            <mac_max>FDA5272E1E39</mac_max>
        </mac>
        <mac>
            <mac_min>FDA5272E1E7B</mac_min>
            <mac_max>FDA5272E1EDE</mac_max>
        </mac>
    </mac_range>
    <mac_single>
        <mac>C91A00712742</mac>
        <mac>C91A00712746</mac>
        <mac>C91A0071274A</mac>
        <mac>C91A00712752</mac>
        <mac>C91A00712756</mac>
        <mac>C91A0071275D</mac>
        <mac>C91A00712761</mac>
        <mac>C91A00712765</mac>
        <mac>C91A00712772</mac>
        <mac>C91A00713400</mac>
        <mac>C91A00713409</mac>
        <mac>C91A0071340D</mac>
        <mac>C91A00713413</mac>
        <mac>FDA5272E0F6E</mac>
        <mac>FDA5272E0F72</mac>
        <mac>FDA5272E0F76</mac>
        <mac>FDA5272E0F7E</mac>
        <mac>FDA5272E0F82</mac>
        <mac>FDA5272E0F89</mac>
        <mac>FDA5272E0F8D</mac>
        <mac>FDA5272E0F91</mac>
        <mac>FDA5272E0F9E</mac>
        <mac>FDA5272E1E23</mac>
        <mac>FDA5272E1E2C</mac>
        <mac>FDA5272E1E30</mac>
        <mac>FDA5272E1E36</mac>
    </mac_single>
    <mac_warn />
</build_mac>
