<?xml version="1.0" encoding="utf-8" ?>
<build_mac>
    <build_id>861000010010300002</build_id>
    <mac_range>
        <mac>
            <mac_min>C91A00601E14</mac_min>
            <mac_max>C91A00601E18</mac_max>
        </mac>
        <mac>
            <mac_min>C91A00601E1C</mac_min>
            <mac_max>C91A00601E25</mac_max>
        </mac>
        <mac>
            <mac_min>C91A00601E27</mac_min>
            <mac_max>C91A00601E2D</mac_max>
        </mac>
        <mac>
            <mac_min>C91A00601E2F</mac_min>
            <mac_max>C91A00601E34</mac_max>
        </mac>
        <mac>
            <mac_min>C91A00601E36</mac_min>
            <mac_max>C91A00601E38</mac_max>
        </mac>
        <mac>
            <mac_min>C91A00601E3C</mac_min>
            <mac_max>C91A00601E3D</mac_max>
        </mac>
        <mac>
            <mac_min>C91A00601E3F</mac_min>
            <mac_max>C91A00601E45</mac_max>
        </mac>
        <mac>
            <mac_min>C91A006021CC</mac_min>
            <mac_max>C91A006021CF</mac_max>
        </mac>
        <mac>
            <mac_min>C91A006021D1</mac_min>
            <mac_max>C91A006021D2</mac_max>
        </mac>
        <mac>
            <mac_min>C91A006021D5</mac_min>
            <mac_max>C91A006021D7</mac_max>
        </mac>
        <mac>
            <mac_min>C91A006021D9</mac_min>
            <mac_max>C91A006021DD</mac_max>
        </mac>
        <mac>
            <mac_min>C91A006021DF</mac_min>
            <mac_max>C91A006021E2</mac_max>
        </mac>
        <mac>
            <mac_min>C91A006021EB</mac_min>
            <mac_max>C91A006021EC</mac_max>
        </mac>
        <mac>
            <mac_min>C91A006021F0</mac_min>
            <mac_max>C91A006021F2</mac_max>
        </mac>
        <mac>
            <mac_min>C91A006021F4</mac_min>
            <mac_max>C91A006021F9</mac_max>
        </mac>
        <mac>
            <mac_min>C91A006D041B</mac_min>
            <mac_max>C91A006D0420</mac_max>
        </mac>
        <mac>
            <mac_min>C91A006D0422</mac_min>
            <mac_max>C91A006D042A</mac_max>
        </mac>
        <mac>
            <mac_min>C91A006D042C</mac_min>
            <mac_max>C91A006D0438</mac_max>
        </mac>
        <mac>
            <mac_min>C91A006D043A</mac_min>
            <mac_max>C91A006D0441</mac_max>
        </mac>
        <mac>
            <mac_min>C91A006D0443</mac_min>
            <mac_max>C91A006D0444</mac_max>
        </mac>
        <mac>
            <mac_min>C91A006D0447</mac_min>
            <mac_max>C91A006D0448</mac_max>
        </mac>
        <mac>
            <mac_min>C91A006D044A</mac_min>
            <mac_max>C91A006D047D</mac_max>
        </mac>
        <mac>
            <mac_min>C91A006D1E78</mac_min>
            <mac_max>C91A006D1E88</mac_max>
        </mac>
        <mac>
            <mac_min>C91A006D1E8A</mac_min>
            <mac_max>C91A006D1E8B</mac_max>
        </mac>
        <mac>
            <mac_min>C91A006D1E8D</mac_min>
            <mac_max>C91A006D1E91</mac_max>
        </mac>
        <mac>
            <mac_min>C91A006D1E96</mac_min>
            <mac_max>C91A006D1E97</mac_max>
        </mac>
        <mac>
            <mac_min>C91A006D1E99</mac_min>
            <mac_max>C91A006D1E9B</mac_max>
        </mac>
        <mac>
            <mac_min>C91A006D1EA1</mac_min>
            <mac_max>C91A006D1EA2</mac_max>
        </mac>
        <mac>
            <mac_min>FDA5271BEDFA</mac_min>
            <mac_max>FDA5271BEDFE</mac_max>
        </mac>
        <mac>
            <mac_min>FDA5271BEE02</mac_min>
            <mac_max>FDA5271BEE0B</mac_max>
        </mac>
        <mac>
            <mac_min>FDA5271BEE0D</mac_min>
            <mac_max>FDA5271BEE13</mac_max>
        </mac>
        <mac>
            <mac_min>FDA5271BEE15</mac_min>
            <mac_max>FDA5271BEE1A</mac_max>
        </mac>
        <mac>
            <mac_min>FDA5271BEE1C</mac_min>
            <mac_max>FDA5271BEE1E</mac_max>
        </mac>
        <mac>
            <mac_min>FDA5271BEE22</mac_min>
            <mac_max>FDA5271BEE23</mac_max>
        </mac>
        <mac>
            <mac_min>FDA5271BEE25</mac_min>
            <mac_max>FDA5271BEE2B</mac_max>
        </mac>
        <mac>
            <mac_min>FDA5271BF9D2</mac_min>
            <mac_max>FDA5271BF9D5</mac_max>
        </mac>
        <mac>
            <mac_min>FDA5271BF9D7</mac_min>
            <mac_max>FDA5271BF9D8</mac_max>
        </mac>
        <mac>
            <mac_min>FDA5271BF9DB</mac_min>
            <mac_max>FDA5271BF9DD</mac_max>
        </mac>
        <mac>
            <mac_min>FDA5271BF9DF</mac_min>
            <mac_max>FDA5271BF9E3</mac_max>
        </mac>
        <mac>
            <mac_min>FDA5271BF9E5</mac_min>
            <mac_max>FDA5271BF9E8</mac_max>
        </mac>
        <mac>
            <mac_min>FDA5271BF9F1</mac_min>
            <mac_max>FDA5271BF9F2</mac_max>
        </mac>
        <mac>
            <mac_min>FDA5271BF9F6</mac_min>
            <mac_max>FDA5271BF9F8</mac_max>
        </mac>
        <mac>
            <mac_min>FDA5271BF9FA</mac_min>
            <mac_max>FDA5271BF9FF</mac_max>
        </mac>
        <mac>
            <mac_min>FDA5272AC4DC</mac_min>
            <mac_max>FDA5272AC4E1</mac_max>
        </mac>
        <mac>
            <mac_min>FDA5272AC4E3</mac_min>
            <mac_max>FDA5272AC4EB</mac_max>
        </mac>
        <mac>
            <mac_min>FDA5272AC4ED</mac_min>
            <mac_max>FDA5272AC4F9</mac_max>
        </mac>
        <mac>
            <mac_min>FDA5272AC4FB</mac_min>
            <mac_max>FDA5272AC502</mac_max>
        </mac>
        <mac>
            <mac_min>FDA5272AC504</mac_min>
            <mac_max>FDA5272AC505</mac_max>
        </mac>
        <mac>
            <mac_min>FDA5272AC508</mac_min>
            <mac_max>FDA5272AC509</mac_max>
        </mac>
        <mac>
            <mac_min>FDA5272AC50B</mac_min>
            <mac_max>FDA5272AC53E</mac_max>
        </mac>
        <mac>
            <mac_min>FDA5272ADF51</mac_min>
            <mac_max>FDA5272ADF61</mac_max>
        </mac>
        <mac>
            <mac_min>FDA5272ADF63</mac_min>
            <mac_max>FDA5272ADF64</mac_max>
        </mac>
        <mac>
            <mac_min>FDA5272ADF66</mac_min>
            <mac_max>FDA5272ADF6A</mac_max>
        </mac>
        <mac>
            <mac_min>FDA5272ADF6F</mac_min>
            <mac_max>FDA5272ADF70</mac_max>
        </mac>
        <mac>
            <mac_min>FDA5272ADF72</mac_min>
            <mac_max>FDA5272ADF74</mac_max>
        </mac>
        <mac>
            <mac_min>FDA5272ADF7A</mac_min>
            <mac_max>FDA5272ADF7B</mac_max>
        </mac>
    </mac_range>
    <mac_single>
        <mac>C91A00601E1A</mac>
        <mac>C91A00601E3A</mac>
        <mac>C91A006021CA</mac>
        <mac>C91A006021E4</mac>
        <mac>C91A006021E8</mac>
        <mac>C91A006021EE</mac>
        <mac>C91A006021FB</mac>
        <mac>C91A006D1E93</mac>
        <mac>C91A006D1E9F</mac>
        <mac>C91A006D1EA4</mac>
        <mac>C91A006D1EA6</mac>
        <mac>C91A006D1EA8</mac>
        <mac>FDA5271BEE00</mac>
        <mac>FDA5271BEE20</mac>
        <mac>FDA5271BF9D0</mac>
        <mac>FDA5271BF9EA</mac>
        <mac>FDA5271BF9EE</mac>
        <mac>FDA5271BF9F4</mac>
        <mac>FDA5271BFA01</mac>
        <mac>FDA5272ADF6C</mac>
        <mac>FDA5272ADF78</mac>
        <mac>FDA5272ADF7D</mac>
        <mac>FDA5272ADF7F</mac>
        <mac>FDA5272ADF81</mac>
    </mac_single>
    <mac_warn />
</build_mac>
