<?xml version="1.0" encoding="utf-8" ?>
<build_mac>
    <build_id>861000010020300001</build_id>
    <mac_range>
        <mac>
            <mac_min>C91A006210FE</mac_min>
            <mac_max>C91A00621138</mac_max>
        </mac>
        <mac>
            <mac_min>C91A0062113A</mac_min>
            <mac_max>C91A00621161</mac_max>
        </mac>
        <mac>
            <mac_min>C91A0062127E</mac_min>
            <mac_max>C91A0062127F</mac_max>
        </mac>
        <mac>
            <mac_min>FDA52723BC79</mac_min>
            <mac_max>FDA52723BC7A</mac_max>
        </mac>
        <mac>
            <mac_min>FDA52723BD97</mac_min>
            <mac_max>FDA52723BDBE</mac_max>
        </mac>
        <mac>
            <mac_min>FDA52723BDC0</mac_min>
            <mac_max>FDA52723BDFA</mac_max>
        </mac>
    </mac_range>
    <mac_single>
        <mac>C91A0062125C</mac>
        <mac>C91A00621260</mac>
        <mac>C91A00621264</mac>
        <mac>C91A00621266</mac>
        <mac>C91A0062126B</mac>
        <mac>C91A0062126D</mac>
        <mac>C91A0062126F</mac>
        <mac>C91A00621273</mac>
        <mac>C91A00621283</mac>
        <mac>C91A00621285</mac>
        <mac>FDA52723BC73</mac>
        <mac>FDA52723BC75</mac>
        <mac>FDA52723BC85</mac>
        <mac>FDA52723BC89</mac>
        <mac>FDA52723BC8B</mac>
        <mac>FDA52723BC8D</mac>
        <mac>FDA52723BC92</mac>
        <mac>FDA52723BC94</mac>
        <mac>FDA52723BC98</mac>
        <mac>FDA52723BC9C</mac>
    </mac_single>
    <mac_warn />
</build_mac>
