<?xml version="1.0" encoding="utf-8" ?>
<build_mac>
    <build_id>861100010070300002</build_id>
    <mac_range>
        <mac>
            <mac_min>C91A0042004C</mac_min>
            <mac_max>C91A0042004D</mac_max>
        </mac>
        <mac>
            <mac_min>C91A004201C2</mac_min>
            <mac_max>C91A004201CC</mac_max>
        </mac>
        <mac>
            <mac_min>C91A004201D0</mac_min>
            <mac_max>C91A004201D7</mac_max>
        </mac>
        <mac>
            <mac_min>C91A004201DB</mac_min>
            <mac_max>C91A004201E1</mac_max>
        </mac>
        <mac>
            <mac_min>C91A004201E4</mac_min>
            <mac_max>C91A004201E8</mac_max>
        </mac>
        <mac>
            <mac_min>C91A004201EC</mac_min>
            <mac_max>C91A004201EE</mac_max>
        </mac>
        <mac>
            <mac_min>C91A004201F2</mac_min>
            <mac_max>C91A004201F3</mac_max>
        </mac>
        <mac>
            <mac_min>C91A00420389</mac_min>
            <mac_max>C91A0042038A</mac_max>
        </mac>
        <mac>
            <mac_min>C91A0042038D</mac_min>
            <mac_max>C91A0042038E</mac_max>
        </mac>
        <mac>
            <mac_min>C91A004203A0</mac_min>
            <mac_max>C91A004203A2</mac_max>
        </mac>
        <mac>
            <mac_min>C91A005F0007</mac_min>
            <mac_max>C91A005F000B</mac_max>
        </mac>
        <mac>
            <mac_min>C91A005F000D</mac_min>
            <mac_max>C91A005F000F</mac_max>
        </mac>
        <mac>
            <mac_min>C91A005F0011</mac_min>
            <mac_max>C91A005F0012</mac_max>
        </mac>
        <mac>
            <mac_min>C91A005F0015</mac_min>
            <mac_max>C91A005F0019</mac_max>
        </mac>
        <mac>
            <mac_min>C91A005F002A</mac_min>
            <mac_max>C91A005F002B</mac_max>
        </mac>
        <mac>
            <mac_min>C91A005F002E</mac_min>
            <mac_max>C91A005F002F</mac_max>
        </mac>
        <mac>
            <mac_min>C91A005F04B2</mac_min>
            <mac_max>C91A005F04B3</mac_max>
        </mac>
        <mac>
            <mac_min>FDA5271A1216</mac_min>
            <mac_max>FDA5271A121A</mac_max>
        </mac>
        <mac>
            <mac_min>FDA5271A121C</mac_min>
            <mac_max>FDA5271A121E</mac_max>
        </mac>
        <mac>
            <mac_min>FDA5271A1220</mac_min>
            <mac_max>FDA5271A1221</mac_max>
        </mac>
        <mac>
            <mac_min>FDA5271A1224</mac_min>
            <mac_max>FDA5271A1228</mac_max>
        </mac>
        <mac>
            <mac_min>FDA5271A1239</mac_min>
            <mac_max>FDA5271A123A</mac_max>
        </mac>
        <mac>
            <mac_min>FDA5271A123D</mac_min>
            <mac_max>FDA5271A123E</mac_max>
        </mac>
        <mac>
            <mac_min>FDA5271A1EB7</mac_min>
            <mac_max>FDA5271A1EB8</mac_max>
        </mac>
    </mac_range>
    <mac_single>
        <mac>C91A00420033</mac>
        <mac>C91A00420037</mac>
        <mac>C91A0042003E</mac>
        <mac>C91A00420043</mac>
        <mac>C91A00420049</mac>
        <mac>C91A0042005D</mac>
        <mac>C91A004200D1</mac>
        <mac>C91A004200DA</mac>
        <mac>C91A004200EC</mac>
        <mac>C91A004200F8</mac>
        <mac>C91A004201CE</mac>
        <mac>C91A004201D9</mac>
        <mac>C91A004201EA</mac>
        <mac>C91A004201F0</mac>
        <mac>C91A00420384</mac>
        <mac>C91A00420387</mac>
        <mac>C91A00420394</mac>
        <mac>C91A0042039C</mac>
        <mac>C91A004203A4</mac>
        <mac>C91A004203AA</mac>
        <mac>C91A004203AC</mac>
        <mac>C91A004203AE</mac>
        <mac>C91A004203B1</mac>
        <mac>C91A005F0000</mac>
        <mac>C91A005F0005</mac>
        <mac>C91A005F001C</mac>
        <mac>C91A005F0024</mac>
        <mac>C91A005F04B7</mac>
        <mac>C91A005F04B9</mac>
        <mac>C91A005F04C6</mac>
        <mac>C91A005F04C9</mac>
        <mac>C91A005F04D0</mac>
        <mac>C91A005F04D4</mac>
        <mac>C91A005F04D8</mac>
        <mac>FDA5271A120F</mac>
        <mac>FDA5271A1214</mac>
        <mac>FDA5271A122B</mac>
        <mac>FDA5271A1233</mac>
        <mac>FDA5271A1EBC</mac>
        <mac>FDA5271A1EBE</mac>
        <mac>FDA5271A1ECB</mac>
        <mac>FDA5271A1ECE</mac>
        <mac>FDA5271A1ED5</mac>
        <mac>FDA5271A1ED9</mac>
        <mac>FDA5271A1EDD</mac>
    </mac_single>
    <mac_warn />
</build_mac>
