<?xml version="1.0" encoding="utf-8" ?>
<build_mac>
    <build_id>861100010060300021</build_id>
    <mac_range>
        <mac>
            <mac_min>C91A00723D54</mac_min>
            <mac_max>C91A00723D85</mac_max>
        </mac>
        <mac>
            <mac_min>C91A00723DB8</mac_min>
            <mac_max>C91A00723DE9</mac_max>
        </mac>
        <mac>
            <mac_min>C91A00723E1C</mac_min>
            <mac_max>C91A00723E4D</mac_max>
        </mac>
        <mac>
            <mac_min>C91A00723EE4</mac_min>
            <mac_max>C91A00723F15</mac_max>
        </mac>
        <mac>
            <mac_min>C91A00726C99</mac_min>
            <mac_max>C91A00726C9A</mac_max>
        </mac>
        <mac>
            <mac_min>C91A00726C9D</mac_min>
            <mac_max>C91A00726CA0</mac_max>
        </mac>
        <mac>
            <mac_min>C91A00726CB5</mac_min>
            <mac_max>C91A00726CB6</mac_max>
        </mac>
        <mac>
            <mac_min>C91A00726CCB</mac_min>
            <mac_max>C91A00726CCC</mac_max>
        </mac>
        <mac>
            <mac_min>C91A00726CDE</mac_min>
            <mac_max>C91A00726CDF</mac_max>
        </mac>
        <mac>
            <mac_min>C91A00727148</mac_min>
            <mac_max>C91A00727180</mac_max>
        </mac>
        <mac>
            <mac_min>C91A00727182</mac_min>
            <mac_max>C91A00727183</mac_max>
        </mac>
        <mac>
            <mac_min>C91A00727187</mac_min>
            <mac_max>C91A0072718C</mac_max>
        </mac>
        <mac>
            <mac_min>C91A00727190</mac_min>
            <mac_max>C91A007271A1</mac_max>
        </mac>
        <mac>
            <mac_min>C91A007271A3</mac_min>
            <mac_max>C91A007271A4</mac_max>
        </mac>
        <mac>
            <mac_min>C91A007271AB</mac_min>
            <mac_max>C91A007271DE</mac_max>
        </mac>
        <mac>
            <mac_min>C91A007271E3</mac_min>
            <mac_max>C91A007271E5</mac_max>
        </mac>
        <mac>
            <mac_min>C91A007271E7</mac_min>
            <mac_max>C91A007271E9</mac_max>
        </mac>
        <mac>
            <mac_min>C91A007271F1</mac_min>
            <mac_max>C91A007271F2</mac_max>
        </mac>
        <mac>
            <mac_min>C91A007271F4</mac_min>
            <mac_max>C91A007271F6</mac_max>
        </mac>
        <mac>
            <mac_min>C91A007271FA</mac_min>
            <mac_max>C91A007271FC</mac_max>
        </mac>
        <mac>
            <mac_min>C91A00727202</mac_min>
            <mac_max>C91A00727204</mac_max>
        </mac>
        <mac>
            <mac_min>C91A00727206</mac_min>
            <mac_max>C91A00727208</mac_max>
        </mac>
        <mac>
            <mac_min>C91A0072720C</mac_min>
            <mac_max>C91A0072720F</mac_max>
        </mac>
        <mac>
            <mac_min>C91A00727274</mac_min>
            <mac_max>C91A007272A5</mac_max>
        </mac>
        <mac>
            <mac_min>C91A007272B3</mac_min>
            <mac_max>C91A007272B4</mac_max>
        </mac>
        <mac>
            <mac_min>C91A007272BB</mac_min>
            <mac_max>C91A007272BC</mac_max>
        </mac>
        <mac>
            <mac_min>C91A007272CA</mac_min>
            <mac_max>C91A007272CB</mac_max>
        </mac>
        <mac>
            <mac_min>C91A007272E5</mac_min>
            <mac_max>C91A007272E6</mac_max>
        </mac>
        <mac>
            <mac_min>C91A007272EA</mac_min>
            <mac_max>C91A007272ED</mac_max>
        </mac>
        <mac>
            <mac_min>C91A0072730A</mac_min>
            <mac_max>C91A0072733B</mac_max>
        </mac>
        <mac>
            <mac_min>FDA5272FDB6F</mac_min>
            <mac_max>FDA5272FDBA0</mac_max>
        </mac>
        <mac>
            <mac_min>FDA5272FDBD3</mac_min>
            <mac_max>FDA5272FDC04</mac_max>
        </mac>
        <mac>
            <mac_min>FDA5272FDC37</mac_min>
            <mac_max>FDA5272FDC68</mac_max>
        </mac>
        <mac>
            <mac_min>FDA5272FDCFF</mac_min>
            <mac_max>FDA5272FDD30</mac_max>
        </mac>
        <mac>
            <mac_min>FDA52730BC72</mac_min>
            <mac_max>FDA52730BC73</mac_max>
        </mac>
        <mac>
            <mac_min>FDA52730BC76</mac_min>
            <mac_max>FDA52730BC79</mac_max>
        </mac>
        <mac>
            <mac_min>FDA52730BC8E</mac_min>
            <mac_max>FDA52730BC8F</mac_max>
        </mac>
        <mac>
            <mac_min>FDA52730BCA4</mac_min>
            <mac_max>FDA52730BCA5</mac_max>
        </mac>
        <mac>
            <mac_min>FDA52730BCB7</mac_min>
            <mac_max>FDA52730BCB8</mac_max>
        </mac>
        <mac>
            <mac_min>FDA52730C1C4</mac_min>
            <mac_max>FDA52730C1FC</mac_max>
        </mac>
        <mac>
            <mac_min>FDA52730C1FE</mac_min>
            <mac_max>FDA52730C1FF</mac_max>
        </mac>
        <mac>
            <mac_min>FDA52730C203</mac_min>
            <mac_max>FDA52730C208</mac_max>
        </mac>
        <mac>
            <mac_min>FDA52730C20C</mac_min>
            <mac_max>FDA52730C21D</mac_max>
        </mac>
        <mac>
            <mac_min>FDA52730C21F</mac_min>
            <mac_max>FDA52730C220</mac_max>
        </mac>
        <mac>
            <mac_min>FDA52730C227</mac_min>
            <mac_max>FDA52730C25A</mac_max>
        </mac>
        <mac>
            <mac_min>FDA52730C25F</mac_min>
            <mac_max>FDA52730C261</mac_max>
        </mac>
        <mac>
            <mac_min>FDA52730C263</mac_min>
            <mac_max>FDA52730C265</mac_max>
        </mac>
        <mac>
            <mac_min>FDA52730C26D</mac_min>
            <mac_max>FDA52730C26E</mac_max>
        </mac>
        <mac>
            <mac_min>FDA52730C270</mac_min>
            <mac_max>FDA52730C272</mac_max>
        </mac>
        <mac>
            <mac_min>FDA52730C276</mac_min>
            <mac_max>FDA52730C278</mac_max>
        </mac>
        <mac>
            <mac_min>FDA52730C27E</mac_min>
            <mac_max>FDA52730C280</mac_max>
        </mac>
        <mac>
            <mac_min>FDA52730C282</mac_min>
            <mac_max>FDA52730C284</mac_max>
        </mac>
        <mac>
            <mac_min>FDA52730C288</mac_min>
            <mac_max>FDA52730C28B</mac_max>
        </mac>
        <mac>
            <mac_min>FDA52730C2F0</mac_min>
            <mac_max>FDA52730C321</mac_max>
        </mac>
        <mac>
            <mac_min>FDA52730C32F</mac_min>
            <mac_max>FDA52730C330</mac_max>
        </mac>
        <mac>
            <mac_min>FDA52730C337</mac_min>
            <mac_max>FDA52730C338</mac_max>
        </mac>
        <mac>
            <mac_min>FDA52730C346</mac_min>
            <mac_max>FDA52730C347</mac_max>
        </mac>
        <mac>
            <mac_min>FDA52730C361</mac_min>
            <mac_max>FDA52730C362</mac_max>
        </mac>
        <mac>
            <mac_min>FDA52730C366</mac_min>
            <mac_max>FDA52730C369</mac_max>
        </mac>
        <mac>
            <mac_min>FDA52730C386</mac_min>
            <mac_max>FDA52730C3B7</mac_max>
        </mac>
    </mac_range>
    <mac_single>
        <mac>C91A0071377B</mac>
        <mac>C91A00713786</mac>
        <mac>C91A00713798</mac>
        <mac>C91A007137A1</mac>
        <mac>C91A007137A4</mac>
        <mac>C91A007137A8</mac>
        <mac>C91A00726CA2</mac>
        <mac>C91A00726CA8</mac>
        <mac>C91A00726CB0</mac>
        <mac>C91A00726CB3</mac>
        <mac>C91A00726CBB</mac>
        <mac>C91A00726CBF</mac>
        <mac>C91A00726CC1</mac>
        <mac>C91A00726CC4</mac>
        <mac>C91A00726CC8</mac>
        <mac>C91A00726CD0</mac>
        <mac>C91A00726CD2</mac>
        <mac>C91A00726CE1</mac>
        <mac>C91A00726CE6</mac>
        <mac>C91A00726CEE</mac>
        <mac>C91A00726CF2</mac>
        <mac>C91A00727185</mac>
        <mac>C91A0072718E</mac>
        <mac>C91A007271A9</mac>
        <mac>C91A007271E0</mac>
        <mac>C91A007271EB</mac>
        <mac>C91A007271EF</mac>
        <mac>C91A00727200</mac>
        <mac>C91A0072720A</mac>
        <mac>C91A007272B0</mac>
        <mac>C91A007272B9</mac>
        <mac>C91A007272BE</mac>
        <mac>C91A007272C2</mac>
        <mac>C91A007272C7</mac>
        <mac>C91A007272CE</mac>
        <mac>C91A007272D9</mac>
        <mac>C91A007272DC</mac>
        <mac>C91A007272E8</mac>
        <mac>C91A007272F1</mac>
        <mac>C91A007272F4</mac>
        <mac>C91A007272F8</mac>
        <mac>C91A007272FA</mac>
        <mac>C91A00727300</mac>
        <mac>C91A00727303</mac>
        <mac>C91A00727306</mac>
        <mac>C91A009072D5</mac>
        <mac>FDA5272E219E</mac>
        <mac>FDA5272E21A9</mac>
        <mac>FDA5272E21BB</mac>
        <mac>FDA5272E21C4</mac>
        <mac>FDA5272E21C7</mac>
        <mac>FDA5272E21CB</mac>
        <mac>FDA52730BC7B</mac>
        <mac>FDA52730BC81</mac>
        <mac>FDA52730BC89</mac>
        <mac>FDA52730BC8C</mac>
        <mac>FDA52730BC94</mac>
        <mac>FDA52730BC98</mac>
        <mac>FDA52730BC9A</mac>
        <mac>FDA52730BC9D</mac>
        <mac>FDA52730BCA1</mac>
        <mac>FDA52730BCA9</mac>
        <mac>FDA52730BCAB</mac>
        <mac>FDA52730BCBA</mac>
        <mac>FDA52730BCBF</mac>
        <mac>FDA52730BCC7</mac>
        <mac>FDA52730BCCB</mac>
        <mac>FDA52730C201</mac>
        <mac>FDA52730C20A</mac>
        <mac>FDA52730C225</mac>
        <mac>FDA52730C25C</mac>
        <mac>FDA52730C267</mac>
        <mac>FDA52730C26B</mac>
        <mac>FDA52730C27C</mac>
        <mac>FDA52730C286</mac>
        <mac>FDA52730C32C</mac>
        <mac>FDA52730C335</mac>
        <mac>FDA52730C33A</mac>
        <mac>FDA52730C33E</mac>
        <mac>FDA52730C343</mac>
        <mac>FDA52730C34A</mac>
        <mac>FDA52730C355</mac>
        <mac>FDA52730C358</mac>
        <mac>FDA52730C364</mac>
        <mac>FDA52730C36D</mac>
        <mac>FDA52730C370</mac>
        <mac>FDA52730C374</mac>
        <mac>FDA52730C376</mac>
        <mac>FDA52730C37C</mac>
        <mac>FDA52730C37F</mac>
        <mac>FDA52730C382</mac>
    </mac_single>
    <mac_warn />
</build_mac>
