<?xml version="1.0" encoding="utf-8" ?>
<build_mac>
    <build_id>861100030010300002</build_id>
    <mac_range>
        <mac>
            <mac_min>C91A006210CC</mac_min>
            <mac_max>C91A006210CD</mac_max>
        </mac>
        <mac>
            <mac_min>C91A006210DC</mac_min>
            <mac_max>C91A006210DD</mac_max>
        </mac>
        <mac>
            <mac_min>C91A006211C8</mac_min>
            <mac_max>C91A006211CA</mac_max>
        </mac>
        <mac>
            <mac_min>C91A006211CE</mac_min>
            <mac_max>C91A006211D1</mac_max>
        </mac>
        <mac>
            <mac_min>C91A006211D4</mac_min>
            <mac_max>C91A006211D5</mac_max>
        </mac>
        <mac>
            <mac_min>C91A006211D7</mac_min>
            <mac_max>C91A006211D9</mac_max>
        </mac>
        <mac>
            <mac_min>C91A006211DD</mac_min>
            <mac_max>C91A006211E3</mac_max>
        </mac>
        <mac>
            <mac_min>C91A006211F5</mac_min>
            <mac_max>C91A006211F7</mac_max>
        </mac>
        <mac>
            <mac_min>C91A006214B4</mac_min>
            <mac_max>C91A006214E5</mac_max>
        </mac>
        <mac>
            <mac_min>C91A00621D7E</mac_min>
            <mac_max>C91A00621D93</mac_max>
        </mac>
        <mac>
            <mac_min>C91A00621D95</mac_min>
            <mac_max>C91A00621DA4</mac_max>
        </mac>
        <mac>
            <mac_min>C91A00621DA6</mac_min>
            <mac_max>C91A00621DAF</mac_max>
        </mac>
        <mac>
            <mac_min>C91A00621E14</mac_min>
            <mac_max>C91A00621E15</mac_max>
        </mac>
        <mac>
            <mac_min>C91A00621E19</mac_min>
            <mac_max>C91A00621E1A</mac_max>
        </mac>
        <mac>
            <mac_min>C91A00621E1C</mac_min>
            <mac_max>C91A00621E1D</mac_max>
        </mac>
        <mac>
            <mac_min>C91A00621E22</mac_min>
            <mac_max>C91A00621E23</mac_max>
        </mac>
        <mac>
            <mac_min>C91A00621E28</mac_min>
            <mac_max>C91A00621E2D</mac_max>
        </mac>
        <mac>
            <mac_min>C91A00621E3D</mac_min>
            <mac_max>C91A00621E3E</mac_max>
        </mac>
        <mac>
            <mac_min>C91A00621E40</mac_min>
            <mac_max>C91A00621E41</mac_max>
        </mac>
        <mac>
            <mac_min>C91A00621E43</mac_min>
            <mac_max>C91A00621E45</mac_max>
        </mac>
        <mac>
            <mac_min>C91A00621E4B</mac_min>
            <mac_max>C91A00621E50</mac_max>
        </mac>
        <mac>
            <mac_min>C91A00621E52</mac_min>
            <mac_max>C91A00621E55</mac_max>
        </mac>
        <mac>
            <mac_min>C91A00621E5A</mac_min>
            <mac_max>C91A00621E5B</mac_max>
        </mac>
        <mac>
            <mac_min>C91A00621E5F</mac_min>
            <mac_max>C91A00621E60</mac_max>
        </mac>
        <mac>
            <mac_min>C91A00621E6D</mac_min>
            <mac_max>C91A00621E6E</mac_max>
        </mac>
        <mac>
            <mac_min>C91A00621E76</mac_min>
            <mac_max>C91A00621EA9</mac_max>
        </mac>
        <mac>
            <mac_min>FDA52723AFE5</mac_min>
            <mac_max>FDA52723B018</mac_max>
        </mac>
        <mac>
            <mac_min>FDA52723B020</mac_min>
            <mac_max>FDA52723B021</mac_max>
        </mac>
        <mac>
            <mac_min>FDA52723B02E</mac_min>
            <mac_max>FDA52723B02F</mac_max>
        </mac>
        <mac>
            <mac_min>FDA52723B033</mac_min>
            <mac_max>FDA52723B034</mac_max>
        </mac>
        <mac>
            <mac_min>FDA52723B039</mac_min>
            <mac_max>FDA52723B03C</mac_max>
        </mac>
        <mac>
            <mac_min>FDA52723B03E</mac_min>
            <mac_max>FDA52723B043</mac_max>
        </mac>
        <mac>
            <mac_min>FDA52723B049</mac_min>
            <mac_max>FDA52723B04B</mac_max>
        </mac>
        <mac>
            <mac_min>FDA52723B04D</mac_min>
            <mac_max>FDA52723B04E</mac_max>
        </mac>
        <mac>
            <mac_min>FDA52723B050</mac_min>
            <mac_max>FDA52723B051</mac_max>
        </mac>
        <mac>
            <mac_min>FDA52723B061</mac_min>
            <mac_max>FDA52723B066</mac_max>
        </mac>
        <mac>
            <mac_min>FDA52723B06B</mac_min>
            <mac_max>FDA52723B06C</mac_max>
        </mac>
        <mac>
            <mac_min>FDA52723B071</mac_min>
            <mac_max>FDA52723B072</mac_max>
        </mac>
        <mac>
            <mac_min>FDA52723B074</mac_min>
            <mac_max>FDA52723B075</mac_max>
        </mac>
        <mac>
            <mac_min>FDA52723B079</mac_min>
            <mac_max>FDA52723B07A</mac_max>
        </mac>
        <mac>
            <mac_min>FDA52723B0DF</mac_min>
            <mac_max>FDA52723B0E8</mac_max>
        </mac>
        <mac>
            <mac_min>FDA52723B0EA</mac_min>
            <mac_max>FDA52723B0F9</mac_max>
        </mac>
        <mac>
            <mac_min>FDA52723B0FB</mac_min>
            <mac_max>FDA52723B110</mac_max>
        </mac>
        <mac>
            <mac_min>FDA52723BA12</mac_min>
            <mac_max>FDA52723BA43</mac_max>
        </mac>
        <mac>
            <mac_min>FDA52723BD01</mac_min>
            <mac_max>FDA52723BD03</mac_max>
        </mac>
        <mac>
            <mac_min>FDA52723BD15</mac_min>
            <mac_max>FDA52723BD1B</mac_max>
        </mac>
        <mac>
            <mac_min>FDA52723BD1F</mac_min>
            <mac_max>FDA52723BD21</mac_max>
        </mac>
        <mac>
            <mac_min>FDA52723BD23</mac_min>
            <mac_max>FDA52723BD24</mac_max>
        </mac>
        <mac>
            <mac_min>FDA52723BD27</mac_min>
            <mac_max>FDA52723BD2A</mac_max>
        </mac>
        <mac>
            <mac_min>FDA52723BD2E</mac_min>
            <mac_max>FDA52723BD30</mac_max>
        </mac>
        <mac>
            <mac_min>FDA52723BE1B</mac_min>
            <mac_max>FDA52723BE1C</mac_max>
        </mac>
        <mac>
            <mac_min>FDA52723BE2B</mac_min>
            <mac_max>FDA52723BE2C</mac_max>
        </mac>
    </mac_range>
    <mac_single>
        <mac>C91A00620FD2</mac>
        <mac>C91A00620FD8</mac>
        <mac>C91A006210F4</mac>
        <mac>C91A006211DB</mac>
        <mac>C91A006211E5</mac>
        <mac>C91A006211E7</mac>
        <mac>C91A006211E9</mac>
        <mac>C91A006211EF</mac>
        <mac>C91A006211F1</mac>
        <mac>C91A00621474</mac>
        <mac>C91A00621BCA</mac>
        <mac>C91A00621BD7</mac>
        <mac>C91A00621BED</mac>
        <mac>C91A00621E1F</mac>
        <mac>C91A00621E26</mac>
        <mac>C91A00621E35</mac>
        <mac>C91A00621E39</mac>
        <mac>C91A00621E57</mac>
        <mac>C91A00621E66</mac>
        <mac>C91A00621E6A</mac>
        <mac>C91A00621E72</mac>
        <mac>FDA52723B01C</mac>
        <mac>FDA52723B024</mac>
        <mac>FDA52723B028</mac>
        <mac>FDA52723B037</mac>
        <mac>FDA52723B055</mac>
        <mac>FDA52723B059</mac>
        <mac>FDA52723B068</mac>
        <mac>FDA52723B06F</mac>
        <mac>FDA52723B308</mac>
        <mac>FDA52723B31E</mac>
        <mac>FDA52723B32B</mac>
        <mac>FDA52723BA83</mac>
        <mac>FDA52723BD07</mac>
        <mac>FDA52723BD09</mac>
        <mac>FDA52723BD0F</mac>
        <mac>FDA52723BD11</mac>
        <mac>FDA52723BD13</mac>
        <mac>FDA52723BD1D</mac>
        <mac>FDA52723BE04</mac>
        <mac>FDA52723BF20</mac>
        <mac>FDA52723BF26</mac>
    </mac_single>
    <mac_warn />
</build_mac>
