<?xml version="1.0" encoding="utf-8" ?>
<build_mac>
    <build_id>861100080010300007</build_id>
    <mac_range>
        <mac>
            <mac_min>C91A00723DEA</mac_min>
            <mac_max>C91A00723DEB</mac_max>
        </mac>
        <mac>
            <mac_min>C91A00723DED</mac_min>
            <mac_max>C91A00723DEE</mac_max>
        </mac>
        <mac>
            <mac_min>C91A00723DF4</mac_min>
            <mac_max>C91A00723DF5</mac_max>
        </mac>
        <mac>
            <mac_min>C91A00723DFB</mac_min>
            <mac_max>C91A00723DFE</mac_max>
        </mac>
        <mac>
            <mac_min>C91A00723E05</mac_min>
            <mac_max>C91A00723E0A</mac_max>
        </mac>
        <mac>
            <mac_min>C91A00723E1A</mac_min>
            <mac_max>C91A00723E1B</mac_max>
        </mac>
        <mac>
            <mac_min>FDA5272FDC05</mac_min>
            <mac_max>FDA5272FDC06</mac_max>
        </mac>
        <mac>
            <mac_min>FDA5272FDC08</mac_min>
            <mac_max>FDA5272FDC09</mac_max>
        </mac>
        <mac>
            <mac_min>FDA5272FDC0F</mac_min>
            <mac_max>FDA5272FDC10</mac_max>
        </mac>
        <mac>
            <mac_min>FDA5272FDC16</mac_min>
            <mac_max>FDA5272FDC19</mac_max>
        </mac>
        <mac>
            <mac_min>FDA5272FDC20</mac_min>
            <mac_max>FDA5272FDC25</mac_max>
        </mac>
        <mac>
            <mac_min>FDA5272FDC35</mac_min>
            <mac_max>FDA5272FDC36</mac_max>
        </mac>
    </mac_range>
    <mac_single>
        <mac>C91A00723DF0</mac>
        <mac>C91A00723DF7</mac>
        <mac>C91A00723E03</mac>
        <mac>C91A00723E0F</mac>
        <mac>C91A00723E12</mac>
        <mac>C91A00723E14</mac>
        <mac>C91A00723EC9</mac>
        <mac>FDA5272FDC0B</mac>
        <mac>FDA5272FDC12</mac>
        <mac>FDA5272FDC1E</mac>
        <mac>FDA5272FDC2A</mac>
        <mac>FDA5272FDC2D</mac>
        <mac>FDA5272FDC2F</mac>
        <mac>FDA5272FDCE4</mac>
    </mac_single>
    <mac_warn />
</build_mac>
