<?xml version="1.0" encoding="utf-8" ?>
<build_mac>
    <build_id>861100010070300038</build_id>
    <mac_range>
        <mac>
            <mac_min>C91A00726C9B</mac_min>
            <mac_max>C91A00726C9C</mac_max>
        </mac>
        <mac>
            <mac_min>C91A00726CA3</mac_min>
            <mac_max>C91A00726CA7</mac_max>
        </mac>
        <mac>
            <mac_min>C91A00726CA9</mac_min>
            <mac_max>C91A00726CAF</mac_max>
        </mac>
        <mac>
            <mac_min>C91A00726CB1</mac_min>
            <mac_max>C91A00726CB2</mac_max>
        </mac>
        <mac>
            <mac_min>C91A00726CB7</mac_min>
            <mac_max>C91A00726CBA</mac_max>
        </mac>
        <mac>
            <mac_min>C91A00726CC2</mac_min>
            <mac_max>C91A00726CC3</mac_max>
        </mac>
        <mac>
            <mac_min>C91A00726CC5</mac_min>
            <mac_max>C91A00726CC7</mac_max>
        </mac>
        <mac>
            <mac_min>FDA52730BC74</mac_min>
            <mac_max>FDA52730BC75</mac_max>
        </mac>
        <mac>
            <mac_min>FDA52730BC7C</mac_min>
            <mac_max>FDA52730BC80</mac_max>
        </mac>
        <mac>
            <mac_min>FDA52730BC82</mac_min>
            <mac_max>FDA52730BC88</mac_max>
        </mac>
        <mac>
            <mac_min>FDA52730BC8A</mac_min>
            <mac_max>FDA52730BC8B</mac_max>
        </mac>
        <mac>
            <mac_min>FDA52730BC90</mac_min>
            <mac_max>FDA52730BC93</mac_max>
        </mac>
        <mac>
            <mac_min>FDA52730BC9B</mac_min>
            <mac_max>FDA52730BC9C</mac_max>
        </mac>
        <mac>
            <mac_min>FDA52730BC9E</mac_min>
            <mac_max>FDA52730BCA0</mac_max>
        </mac>
    </mac_range>
    <mac_single>
        <mac>C91A00726C98</mac>
        <mac>C91A00726CA1</mac>
        <mac>C91A00726CB4</mac>
        <mac>C91A00726CBC</mac>
        <mac>C91A00726CBE</mac>
        <mac>C91A00726CC0</mac>
        <mac>C91A00726CC9</mac>
        <mac>FDA52730BC71</mac>
        <mac>FDA52730BC7A</mac>
        <mac>FDA52730BC8D</mac>
        <mac>FDA52730BC95</mac>
        <mac>FDA52730BC97</mac>
        <mac>FDA52730BC99</mac>
        <mac>FDA52730BCA2</mac>
    </mac_single>
    <mac_warn />
</build_mac>
