<?xml version="1.0" encoding="utf-8" ?>
<build_mac>
    <build_id>861100010070300005</build_id>
    <mac_range>
        <mac>
            <mac_min>C91A003D0061</mac_min>
            <mac_max>C91A003D0062</mac_max>
        </mac>
        <mac>
            <mac_min>C91A004601F4</mac_min>
            <mac_max>C91A004601FC</mac_max>
        </mac>
        <mac>
            <mac_min>C91A004601FF</mac_min>
            <mac_max>C91A00460201</mac_max>
        </mac>
        <mac>
            <mac_min>C91A00460205</mac_min>
            <mac_max>C91A0046020A</mac_max>
        </mac>
        <mac>
            <mac_min>C91A0046020E</mac_min>
            <mac_max>C91A0046021D</mac_max>
        </mac>
        <mac>
            <mac_min>C91A0046033D</mac_min>
            <mac_max>C91A0046033F</mac_max>
        </mac>
        <mac>
            <mac_min>C91A00460350</mac_min>
            <mac_max>C91A00460351</mac_max>
        </mac>
        <mac>
            <mac_min>C91A0061161C</mac_min>
            <mac_max>C91A0061161D</mac_max>
        </mac>
        <mac>
            <mac_min>C91A0061161F</mac_min>
            <mac_max>C91A00611620</mac_max>
        </mac>
        <mac>
            <mac_min>C91A00611628</mac_min>
            <mac_max>C91A00611629</mac_max>
        </mac>
        <mac>
            <mac_min>C91A0061163B</mac_min>
            <mac_max>C91A0061163D</mac_max>
        </mac>
        <mac>
            <mac_min>C91A006210CE</mac_min>
            <mac_max>C91A006210DB</mac_max>
        </mac>
        <mac>
            <mac_min>C91A006210DE</mac_min>
            <mac_max>C91A006210EF</mac_max>
        </mac>
        <mac>
            <mac_min>C91A006210F1</mac_min>
            <mac_max>C91A006210F3</mac_max>
        </mac>
        <mac>
            <mac_min>C91A006210F7</mac_min>
            <mac_max>C91A006210FD</mac_max>
        </mac>
        <mac>
            <mac_min>C91A006211CC</mac_min>
            <mac_max>C91A006211CD</mac_max>
        </mac>
        <mac>
            <mac_min>C91A006211D2</mac_min>
            <mac_max>C91A006211D3</mac_max>
        </mac>
        <mac>
            <mac_min>C91A006211EA</mac_min>
            <mac_max>C91A006211EE</mac_max>
        </mac>
        <mac>
            <mac_min>C91A006211F2</mac_min>
            <mac_max>C91A006211F4</mac_max>
        </mac>
        <mac>
            <mac_min>C91A006214E6</mac_min>
            <mac_max>C91A006214F1</mac_max>
        </mac>
        <mac>
            <mac_min>C91A006214F3</mac_min>
            <mac_max>C91A006214FD</mac_max>
        </mac>
        <mac>
            <mac_min>C91A00621501</mac_min>
            <mac_max>C91A00621517</mac_max>
        </mac>
        <mac>
            <mac_min>C91A00621612</mac_min>
            <mac_max>C91A0062161C</mac_max>
        </mac>
        <mac>
            <mac_min>C91A0062161E</mac_min>
            <mac_max>C91A00621643</mac_max>
        </mac>
        <mac>
            <mac_min>C91A0062173E</mac_min>
            <mac_max>C91A0062174C</mac_max>
        </mac>
        <mac>
            <mac_min>C91A0062174E</mac_min>
            <mac_max>C91A00621756</mac_max>
        </mac>
        <mac>
            <mac_min>C91A00621758</mac_min>
            <mac_max>C91A00621760</mac_max>
        </mac>
        <mac>
            <mac_min>C91A00621762</mac_min>
            <mac_max>C91A00621768</mac_max>
        </mac>
        <mac>
            <mac_min>C91A0062176A</mac_min>
            <mac_max>C91A0062176F</mac_max>
        </mac>
        <mac>
            <mac_min>FDA527229AC4</mac_min>
            <mac_max>FDA527229AC6</mac_max>
        </mac>
        <mac>
            <mac_min>FDA527229AD8</mac_min>
            <mac_max>FDA527229AD9</mac_max>
        </mac>
        <mac>
            <mac_min>FDA527229AE1</mac_min>
            <mac_max>FDA527229AE2</mac_max>
        </mac>
        <mac>
            <mac_min>FDA527229AE4</mac_min>
            <mac_max>FDA527229AE5</mac_max>
        </mac>
        <mac>
            <mac_min>FDA52723B787</mac_min>
            <mac_max>FDA52723B78C</mac_max>
        </mac>
        <mac>
            <mac_min>FDA52723B78E</mac_min>
            <mac_max>FDA52723B794</mac_max>
        </mac>
        <mac>
            <mac_min>FDA52723B796</mac_min>
            <mac_max>FDA52723B79E</mac_max>
        </mac>
        <mac>
            <mac_min>FDA52723B7A0</mac_min>
            <mac_max>FDA52723B7A8</mac_max>
        </mac>
        <mac>
            <mac_min>FDA52723B7AA</mac_min>
            <mac_max>FDA52723B7B8</mac_max>
        </mac>
        <mac>
            <mac_min>FDA52723B8B3</mac_min>
            <mac_max>FDA52723B8D8</mac_max>
        </mac>
        <mac>
            <mac_min>FDA52723B8DA</mac_min>
            <mac_max>FDA52723B8E4</mac_max>
        </mac>
        <mac>
            <mac_min>FDA52723B9E0</mac_min>
            <mac_max>FDA52723B9F6</mac_max>
        </mac>
        <mac>
            <mac_min>FDA52723B9FA</mac_min>
            <mac_max>FDA52723BA04</mac_max>
        </mac>
        <mac>
            <mac_min>FDA52723BA06</mac_min>
            <mac_max>FDA52723BA11</mac_max>
        </mac>
        <mac>
            <mac_min>FDA52723BD04</mac_min>
            <mac_max>FDA52723BD06</mac_max>
        </mac>
        <mac>
            <mac_min>FDA52723BD0A</mac_min>
            <mac_max>FDA52723BD0E</mac_max>
        </mac>
        <mac>
            <mac_min>FDA52723BD25</mac_min>
            <mac_max>FDA52723BD26</mac_max>
        </mac>
        <mac>
            <mac_min>FDA52723BD2B</mac_min>
            <mac_max>FDA52723BD2C</mac_max>
        </mac>
        <mac>
            <mac_min>FDA52723BDFB</mac_min>
            <mac_max>FDA52723BE01</mac_max>
        </mac>
        <mac>
            <mac_min>FDA52723BE05</mac_min>
            <mac_max>FDA52723BE07</mac_max>
        </mac>
        <mac>
            <mac_min>FDA52723BE09</mac_min>
            <mac_max>FDA52723BE1A</mac_max>
        </mac>
        <mac>
            <mac_min>FDA52723BE1D</mac_min>
            <mac_max>FDA52723BE2A</mac_max>
        </mac>
    </mac_range>
    <mac_single>
        <mac>C91A003D003B</mac>
        <mac>C91A003D0045</mac>
        <mac>C91A003D004A</mac>
        <mac>C91A003D004E</mac>
        <mac>C91A003D0051</mac>
        <mac>C91A003D0054</mac>
        <mac>C91A003D005F</mac>
        <mac>C91A003E0367</mac>
        <mac>C91A004601C0</mac>
        <mac>C91A00460203</mac>
        <mac>C91A0046020C</mac>
        <mac>C91A00460324</mac>
        <mac>C91A00460328</mac>
        <mac>C91A00460333</mac>
        <mac>C91A00460337</mac>
        <mac>C91A0046033A</mac>
        <mac>C91A0046034C</mac>
        <mac>C91A00540020</mac>
        <mac>C91A00540119</mac>
        <mac>C91A005401B3</mac>
        <mac>C91A005401BC</mac>
        <mac>C91A00540229</mac>
        <mac>C91A00540232</mac>
        <mac>C91A00540237</mac>
        <mac>C91A00540249</mac>
        <mac>C91A00540345</mac>
        <mac>C91A00540349</mac>
        <mac>C91A0054047E</mac>
        <mac>C91A005404AB</mac>
        <mac>C91A005F0010</mac>
        <mac>C91A005F0026</mac>
        <mac>C91A0061101F</mac>
        <mac>C91A00611612</mac>
        <mac>C91A00611617</mac>
        <mac>C91A00611626</mac>
        <mac>C91A0061162F</mac>
        <mac>C91A00611632</mac>
        <mac>C91A00611634</mac>
        <mac>C91A00611636</mac>
        <mac>C91A00612392</mac>
        <mac>C91A00612397</mac>
        <mac>C91A0061239C</mac>
        <mac>C91A006123A7</mac>
        <mac>C91A006123AE</mac>
        <mac>C91A006123B0</mac>
        <mac>C91A006123B2</mac>
        <mac>C91A006210F5</mac>
        <mac>C91A006211C7</mac>
        <mac>C91A006211D6</mac>
        <mac>C91A006211DA</mac>
        <mac>C91A006211DC</mac>
        <mac>C91A006211E4</mac>
        <mac>C91A006211E8</mac>
        <mac>C91A006211F0</mac>
        <mac>C91A006214FF</mac>
        <mac>C91A006B0A8F</mac>
        <mac>C91A006B0AA0</mac>
        <mac>C91A006B0AA3</mac>
        <mac>C91A006B0AAD</mac>
        <mac>C91A006B0AB3</mac>
        <mac>C91A006B0AB6</mac>
        <mac>FDA5271A121F</mac>
        <mac>FDA5271A1235</mac>
        <mac>FDA527228D49</mac>
        <mac>FDA527228D4B</mac>
        <mac>FDA527228D4D</mac>
        <mac>FDA527228D54</mac>
        <mac>FDA527228D5F</mac>
        <mac>FDA527228D64</mac>
        <mac>FDA527228D69</mac>
        <mac>FDA527229ACB</mac>
        <mac>FDA527229ACD</mac>
        <mac>FDA527229ACF</mac>
        <mac>FDA527229AD2</mac>
        <mac>FDA527229ADB</mac>
        <mac>FDA527229AEA</mac>
        <mac>FDA527229AEF</mac>
        <mac>FDA52722A0E2</mac>
        <mac>FDA52723B9F8</mac>
        <mac>FDA52723BD08</mac>
        <mac>FDA52723BD10</mac>
        <mac>FDA52723BD14</mac>
        <mac>FDA52723BD1C</mac>
        <mac>FDA52723BD1E</mac>
        <mac>FDA52723BD22</mac>
        <mac>FDA52723BD31</mac>
        <mac>FDA52723BE03</mac>
        <mac>FDA527292D75</mac>
        <mac>FDA527292D78</mac>
        <mac>FDA527292D7E</mac>
        <mac>FDA527292D88</mac>
        <mac>FDA527292D8B</mac>
        <mac>FDA527292D9C</mac>
    </mac_single>
    <mac_warn />
</build_mac>
