<?xml version="1.0" encoding="utf-8" ?>
<build_mac>
    <build_id>861100050070300001</build_id>
    <mac_range>
        <mac>
            <mac_min>C91A00723D86</mac_min>
            <mac_max>C91A00723DB7</mac_max>
        </mac>
        <mac>
            <mac_min>C91A00723E4E</mac_min>
            <mac_max>C91A00723E4F</mac_max>
        </mac>
        <mac>
            <mac_min>C91A00723E60</mac_min>
            <mac_max>C91A00723E61</mac_max>
        </mac>
        <mac>
            <mac_min>C91A00723E66</mac_min>
            <mac_max>C91A00723E69</mac_max>
        </mac>
        <mac>
            <mac_min>C91A00723E73</mac_min>
            <mac_max>C91A00723E75</mac_max>
        </mac>
        <mac>
            <mac_min>C91A00723E77</mac_min>
            <mac_max>C91A00723E78</mac_max>
        </mac>
        <mac>
            <mac_min>C91A00723E80</mac_min>
            <mac_max>C91A00723EB1</mac_max>
        </mac>
        <mac>
            <mac_min>C91A00723F16</mac_min>
            <mac_max>C91A00723F47</mac_max>
        </mac>
        <mac>
            <mac_min>FDA5272FDBA1</mac_min>
            <mac_max>FDA5272FDBD2</mac_max>
        </mac>
        <mac>
            <mac_min>FDA5272FDC69</mac_min>
            <mac_max>FDA5272FDC6A</mac_max>
        </mac>
        <mac>
            <mac_min>FDA5272FDC7B</mac_min>
            <mac_max>FDA5272FDC7C</mac_max>
        </mac>
        <mac>
            <mac_min>FDA5272FDC81</mac_min>
            <mac_max>FDA5272FDC84</mac_max>
        </mac>
        <mac>
            <mac_min>FDA5272FDC8E</mac_min>
            <mac_max>FDA5272FDC90</mac_max>
        </mac>
        <mac>
            <mac_min>FDA5272FDC92</mac_min>
            <mac_max>FDA5272FDC93</mac_max>
        </mac>
        <mac>
            <mac_min>FDA5272FDC9B</mac_min>
            <mac_max>FDA5272FDCCC</mac_max>
        </mac>
        <mac>
            <mac_min>FDA5272FDD31</mac_min>
            <mac_max>FDA5272FDD62</mac_max>
        </mac>
    </mac_range>
    <mac_single>
        <mac>C91A00723E56</mac>
        <mac>C91A00723E58</mac>
        <mac>C91A00723E5D</mac>
        <mac>C91A00723E6B</mac>
        <mac>C91A00723E6D</mac>
        <mac>C91A00723E71</mac>
        <mac>FDA5272FDC71</mac>
        <mac>FDA5272FDC73</mac>
        <mac>FDA5272FDC78</mac>
        <mac>FDA5272FDC86</mac>
        <mac>FDA5272FDC88</mac>
        <mac>FDA5272FDC8C</mac>
    </mac_single>
    <mac_warn />
</build_mac>
