<?xml version="1.0" encoding="utf-8" ?>
<build_mac>
    <build_id>861100010070300016</build_id>
    <mac_range>
        <mac>
            <mac_min>C91A006E1900</mac_min>
            <mac_max>C91A006E1936</mac_max>
        </mac>
        <mac>
            <mac_min>C91A006E1938</mac_min>
            <mac_max>C91A006E1982</mac_max>
        </mac>
        <mac>
            <mac_min>C91A006E1984</mac_min>
            <mac_max>C91A006E19F9</mac_max>
        </mac>
        <mac>
            <mac_min>C91A006E19FB</mac_min>
            <mac_max>C91A006E1A42</mac_max>
        </mac>
        <mac>
            <mac_min>C91A006E1A44</mac_min>
            <mac_max>C91A006E1AD5</mac_max>
        </mac>
        <mac>
            <mac_min>C91A006E1AD7</mac_min>
            <mac_max>C91A006E1B13</mac_max>
        </mac>
        <mac>
            <mac_min>C91A006E1B15</mac_min>
            <mac_max>C91A006E1B57</mac_max>
        </mac>
        <mac>
            <mac_min>C91A00717274</mac_min>
            <mac_max>C91A007172B0</mac_max>
        </mac>
        <mac>
            <mac_min>C91A007172B2</mac_min>
            <mac_max>C91A007172B7</mac_max>
        </mac>
        <mac>
            <mac_min>C91A007172B9</mac_min>
            <mac_max>C91A007172BC</mac_max>
        </mac>
        <mac>
            <mac_min>C91A007172BE</mac_min>
            <mac_max>C91A007172C6</mac_max>
        </mac>
        <mac>
            <mac_min>C91A007172CB</mac_min>
            <mac_max>C91A00717375</mac_max>
        </mac>
        <mac>
            <mac_min>C91A00717377</mac_min>
            <mac_max>C91A00717386</mac_max>
        </mac>
        <mac>
            <mac_min>C91A00717388</mac_min>
            <mac_max>C91A0071738C</mac_max>
        </mac>
        <mac>
            <mac_min>C91A0071738E</mac_min>
            <mac_max>C91A00717392</mac_max>
        </mac>
        <mac>
            <mac_min>C91A00717394</mac_min>
            <mac_max>C91A00717396</mac_max>
        </mac>
        <mac>
            <mac_min>C91A00717398</mac_min>
            <mac_max>C91A007173BB</mac_max>
        </mac>
        <mac>
            <mac_min>C91A007173BD</mac_min>
            <mac_max>C91A007173DC</mac_max>
        </mac>
        <mac>
            <mac_min>C91A007173DE</mac_min>
            <mac_max>C91A007173EE</mac_max>
        </mac>
        <mac>
            <mac_min>C91A007173F0</mac_min>
            <mac_max>C91A0071751B</mac_max>
        </mac>
        <mac>
            <mac_min>C91A0071751D</mac_min>
            <mac_max>C91A0071752F</mac_max>
        </mac>
        <mac>
            <mac_min>C91A00720000</mac_min>
            <mac_max>C91A0072003E</mac_max>
        </mac>
        <mac>
            <mac_min>C91A00720040</mac_min>
            <mac_max>C91A0072004C</mac_max>
        </mac>
        <mac>
            <mac_min>C91A0072004E</mac_min>
            <mac_max>C91A0072004F</mac_max>
        </mac>
        <mac>
            <mac_min>C91A00720051</mac_min>
            <mac_max>C91A00720095</mac_max>
        </mac>
        <mac>
            <mac_min>ECB352E30000</mac_min>
            <mac_max>ECB352E30036</mac_max>
        </mac>
        <mac>
            <mac_min>ECB352E30038</mac_min>
            <mac_max>ECB352E30082</mac_max>
        </mac>
        <mac>
            <mac_min>ECB352E30084</mac_min>
            <mac_max>ECB352E300F9</mac_max>
        </mac>
        <mac>
            <mac_min>ECB352E300FB</mac_min>
            <mac_max>ECB352E30142</mac_max>
        </mac>
        <mac>
            <mac_min>ECB352E30144</mac_min>
            <mac_max>ECB352E301D5</mac_max>
        </mac>
        <mac>
            <mac_min>ECB352E301D7</mac_min>
            <mac_max>ECB352E30213</mac_max>
        </mac>
        <mac>
            <mac_min>ECB352E30215</mac_min>
            <mac_max>ECB352E30294</mac_max>
        </mac>
        <mac>
            <mac_min>ECB352E30296</mac_min>
            <mac_max>ECB352E3029B</mac_max>
        </mac>
        <mac>
            <mac_min>ECB352E3029D</mac_min>
            <mac_max>ECB352E302A0</mac_max>
        </mac>
        <mac>
            <mac_min>ECB352E302A2</mac_min>
            <mac_max>ECB352E302AA</mac_max>
        </mac>
        <mac>
            <mac_min>ECB352E302AF</mac_min>
            <mac_max>ECB352E30359</mac_max>
        </mac>
        <mac>
            <mac_min>ECB352E3035B</mac_min>
            <mac_max>ECB352E3036A</mac_max>
        </mac>
        <mac>
            <mac_min>ECB352E3036C</mac_min>
            <mac_max>ECB352E30370</mac_max>
        </mac>
        <mac>
            <mac_min>ECB352E30372</mac_min>
            <mac_max>ECB352E30376</mac_max>
        </mac>
        <mac>
            <mac_min>ECB352E30378</mac_min>
            <mac_max>ECB352E3037A</mac_max>
        </mac>
        <mac>
            <mac_min>ECB352E3037C</mac_min>
            <mac_max>ECB352E3039F</mac_max>
        </mac>
        <mac>
            <mac_min>ECB352E303A1</mac_min>
            <mac_max>ECB352E303C0</mac_max>
        </mac>
        <mac>
            <mac_min>ECB352E303C2</mac_min>
            <mac_max>ECB352E303D2</mac_max>
        </mac>
        <mac>
            <mac_min>ECB352E303D4</mac_min>
            <mac_max>ECB352E304FF</mac_max>
        </mac>
        <mac>
            <mac_min>ECB352E30501</mac_min>
            <mac_max>ECB352E30552</mac_max>
        </mac>
        <mac>
            <mac_min>ECB352E30554</mac_min>
            <mac_max>ECB352E30560</mac_max>
        </mac>
        <mac>
            <mac_min>ECB352E30562</mac_min>
            <mac_max>ECB352E30563</mac_max>
        </mac>
        <mac>
            <mac_min>ECB352E30565</mac_min>
            <mac_max>ECB352E305A9</mac_max>
        </mac>
        <mac>
            <mac_min>FDA5272B29EE</mac_min>
            <mac_max>FDA5272B2A24</mac_max>
        </mac>
        <mac>
            <mac_min>FDA5272B2A26</mac_min>
            <mac_max>FDA5272B2A70</mac_max>
        </mac>
        <mac>
            <mac_min>FDA5272B2A72</mac_min>
            <mac_max>FDA5272B2AE7</mac_max>
        </mac>
        <mac>
            <mac_min>FDA5272B2AE9</mac_min>
            <mac_max>FDA5272B2B30</mac_max>
        </mac>
        <mac>
            <mac_min>FDA5272B2B32</mac_min>
            <mac_max>FDA5272B2BC3</mac_max>
        </mac>
        <mac>
            <mac_min>FDA5272B2BC5</mac_min>
            <mac_max>FDA5272B2C01</mac_max>
        </mac>
        <mac>
            <mac_min>FDA5272B2C03</mac_min>
            <mac_max>FDA5272B2C45</mac_max>
        </mac>
        <mac>
            <mac_min>FDA5272E6471</mac_min>
            <mac_max>FDA5272E64AD</mac_max>
        </mac>
        <mac>
            <mac_min>FDA5272E64AF</mac_min>
            <mac_max>FDA5272E64B4</mac_max>
        </mac>
        <mac>
            <mac_min>FDA5272E64B6</mac_min>
            <mac_max>FDA5272E64B9</mac_max>
        </mac>
        <mac>
            <mac_min>FDA5272E64BB</mac_min>
            <mac_max>FDA5272E64C3</mac_max>
        </mac>
        <mac>
            <mac_min>FDA5272E64C8</mac_min>
            <mac_max>FDA5272E6572</mac_max>
        </mac>
        <mac>
            <mac_min>FDA5272E6574</mac_min>
            <mac_max>FDA5272E6583</mac_max>
        </mac>
        <mac>
            <mac_min>FDA5272E6585</mac_min>
            <mac_max>FDA5272E6589</mac_max>
        </mac>
        <mac>
            <mac_min>FDA5272E658B</mac_min>
            <mac_max>FDA5272E658F</mac_max>
        </mac>
        <mac>
            <mac_min>FDA5272E6591</mac_min>
            <mac_max>FDA5272E6593</mac_max>
        </mac>
        <mac>
            <mac_min>FDA5272E6595</mac_min>
            <mac_max>FDA5272E65B8</mac_max>
        </mac>
        <mac>
            <mac_min>FDA5272E65BA</mac_min>
            <mac_max>FDA5272E65D9</mac_max>
        </mac>
        <mac>
            <mac_min>FDA5272E65DB</mac_min>
            <mac_max>FDA5272E65EB</mac_max>
        </mac>
        <mac>
            <mac_min>FDA5272E65ED</mac_min>
            <mac_max>FDA5272E6718</mac_max>
        </mac>
        <mac>
            <mac_min>FDA5272E671A</mac_min>
            <mac_max>FDA5272E672C</mac_max>
        </mac>
        <mac>
            <mac_min>FDA5272F1DA0</mac_min>
            <mac_max>FDA5272F1DDE</mac_max>
        </mac>
        <mac>
            <mac_min>FDA5272F1DE0</mac_min>
            <mac_max>FDA5272F1DEC</mac_max>
        </mac>
        <mac>
            <mac_min>FDA5272F1DEE</mac_min>
            <mac_max>FDA5272F1DEF</mac_max>
        </mac>
        <mac>
            <mac_min>FDA5272F1DF1</mac_min>
            <mac_max>FDA5272F1E35</mac_max>
        </mac>
    </mac_range>
    <mac_single>
        <mac>C91A007172C9</mac>
        <mac>ECB352E302AD</mac>
        <mac>FDA5272E64C6</mac>
    </mac_single>
    <mac_warn />
</build_mac>
