<?xml version="1.0" encoding="utf-8" ?>
<build_mac>
    <build_id>861100010100300006</build_id>
    <mac_range>
        <mac>
            <mac_min>C91A006E6B6C</mac_min>
            <mac_max>C91A006E6B9D</mac_max>
        </mac>
        <mac>
            <mac_min>C91A006E6C02</mac_min>
            <mac_max>C91A006E6C33</mac_max>
        </mac>
        <mac>
            <mac_min>C91A006E6C98</mac_min>
            <mac_max>C91A006E6CC9</mac_max>
        </mac>
        <mac>
            <mac_min>C91A006E6CFC</mac_min>
            <mac_max>C91A006E6D2D</mac_max>
        </mac>
        <mac>
            <mac_min>C91A006F17D4</mac_min>
            <mac_max>C91A006F17D7</mac_max>
        </mac>
        <mac>
            <mac_min>C91A006F17D9</mac_min>
            <mac_max>C91A006F17DF</mac_max>
        </mac>
        <mac>
            <mac_min>C91A006F17E3</mac_min>
            <mac_max>C91A006F17E4</mac_max>
        </mac>
        <mac>
            <mac_min>C91A006F17E8</mac_min>
            <mac_max>C91A006F17EA</mac_max>
        </mac>
        <mac>
            <mac_min>C91A006F17EC</mac_min>
            <mac_max>C91A006F17ED</mac_max>
        </mac>
        <mac>
            <mac_min>C91A006F17EF</mac_min>
            <mac_max>C91A006F17F0</mac_max>
        </mac>
        <mac>
            <mac_min>C91A006F17F4</mac_min>
            <mac_max>C91A006F17F7</mac_max>
        </mac>
        <mac>
            <mac_min>C91A006F17FA</mac_min>
            <mac_max>C91A006F17FB</mac_max>
        </mac>
        <mac>
            <mac_min>C91A006F17FD</mac_min>
            <mac_max>C91A006F1803</mac_max>
        </mac>
        <mac>
            <mac_min>FDA5272B95E7</mac_min>
            <mac_max>FDA5272B9618</mac_max>
        </mac>
        <mac>
            <mac_min>FDA5272B967D</mac_min>
            <mac_max>FDA5272B96AE</mac_max>
        </mac>
        <mac>
            <mac_min>FDA5272B9713</mac_min>
            <mac_max>FDA5272B9744</mac_max>
        </mac>
        <mac>
            <mac_min>FDA5272B9777</mac_min>
            <mac_max>FDA5272B97A8</mac_max>
        </mac>
        <mac>
            <mac_min>FDA5272BB788</mac_min>
            <mac_max>FDA5272BB78B</mac_max>
        </mac>
        <mac>
            <mac_min>FDA5272BB78D</mac_min>
            <mac_max>FDA5272BB793</mac_max>
        </mac>
        <mac>
            <mac_min>FDA5272BB797</mac_min>
            <mac_max>FDA5272BB798</mac_max>
        </mac>
        <mac>
            <mac_min>FDA5272BB79C</mac_min>
            <mac_max>FDA5272BB79E</mac_max>
        </mac>
        <mac>
            <mac_min>FDA5272BB7A0</mac_min>
            <mac_max>FDA5272BB7A1</mac_max>
        </mac>
        <mac>
            <mac_min>FDA5272BB7A3</mac_min>
            <mac_max>FDA5272BB7A4</mac_max>
        </mac>
        <mac>
            <mac_min>FDA5272BB7A8</mac_min>
            <mac_max>FDA5272BB7AB</mac_max>
        </mac>
        <mac>
            <mac_min>FDA5272BB7AE</mac_min>
            <mac_max>FDA5272BB7AF</mac_max>
        </mac>
        <mac>
            <mac_min>FDA5272BB7B1</mac_min>
            <mac_max>FDA5272BB7B7</mac_max>
        </mac>
    </mac_range>
    <mac_single>
        <mac>C91A006E6BC8</mac>
        <mac>C91A006E6C3D</mac>
        <mac>C91A006E6C53</mac>
        <mac>C91A006E6C64</mac>
        <mac>C91A006E6C6A</mac>
        <mac>C91A006E6C77</mac>
        <mac>C91A006E6C84</mac>
        <mac>C91A006E6C86</mac>
        <mac>C91A006E6C95</mac>
        <mac>C91A006F17E6</mac>
        <mac>C91A006F17F2</mac>
        <mac>FDA5272B9643</mac>
        <mac>FDA5272B96B8</mac>
        <mac>FDA5272B96CE</mac>
        <mac>FDA5272B96DF</mac>
        <mac>FDA5272B96E5</mac>
        <mac>FDA5272B96F2</mac>
        <mac>FDA5272B96FF</mac>
        <mac>FDA5272B9701</mac>
        <mac>FDA5272B9710</mac>
        <mac>FDA5272BB79A</mac>
        <mac>FDA5272BB7A6</mac>
    </mac_single>
    <mac_warn />
</build_mac>
