<?xml version="1.0" encoding="utf-8" ?>
<build_mac>
    <build_id>861100010140300001</build_id>
    <mac_range>
        <mac>
            <mac_min>C91A006212A1</mac_min>
            <mac_max>C91A006212A2</mac_max>
        </mac>
        <mac>
            <mac_min>C91A006212AF</mac_min>
            <mac_max>C91A006212B0</mac_max>
        </mac>
        <mac>
            <mac_min>C91A006212BA</mac_min>
            <mac_max>C91A006212BB</mac_max>
        </mac>
        <mac>
            <mac_min>C91A00621356</mac_min>
            <mac_max>C91A0062135B</mac_max>
        </mac>
        <mac>
            <mac_min>C91A0062135D</mac_min>
            <mac_max>C91A00621387</mac_max>
        </mac>
        <mac>
            <mac_min>FDA52723BB71</mac_min>
            <mac_max>FDA52723BB9B</mac_max>
        </mac>
        <mac>
            <mac_min>FDA52723BB9D</mac_min>
            <mac_max>FDA52723BBA2</mac_max>
        </mac>
        <mac>
            <mac_min>FDA52723BC3D</mac_min>
            <mac_max>FDA52723BC3E</mac_max>
        </mac>
        <mac>
            <mac_min>FDA52723BC48</mac_min>
            <mac_max>FDA52723BC49</mac_max>
        </mac>
        <mac>
            <mac_min>FDA52723BC56</mac_min>
            <mac_max>FDA52723BC57</mac_max>
        </mac>
    </mac_range>
    <mac_single>
        <mac>C91A0062128F</mac>
        <mac>C91A00621292</mac>
        <mac>C91A00621294</mac>
        <mac>C91A00621297</mac>
        <mac>C91A0062129A</mac>
        <mac>C91A0062129C</mac>
        <mac>C91A006212A6</mac>
        <mac>C91A006212B2</mac>
        <mac>C91A006212B8</mac>
        <mac>C91A006212BF</mac>
        <mac>FDA52723BC39</mac>
        <mac>FDA52723BC40</mac>
        <mac>FDA52723BC46</mac>
        <mac>FDA52723BC52</mac>
        <mac>FDA52723BC5C</mac>
        <mac>FDA52723BC5E</mac>
        <mac>FDA52723BC61</mac>
        <mac>FDA52723BC64</mac>
        <mac>FDA52723BC66</mac>
        <mac>FDA52723BC69</mac>
    </mac_single>
    <mac_warn />
</build_mac>
