<?xml version="1.0" encoding="utf-8" ?>
<build_mac>
    <build_id>861100010100300005</build_id>
    <mac_range>
        <mac>
            <mac_min>C91A007272DA</mac_min>
            <mac_max>C91A007272DB</mac_max>
        </mac>
        <mac>
            <mac_min>C91A007272DF</mac_min>
            <mac_max>C91A007272E0</mac_max>
        </mac>
        <mac>
            <mac_min>C91A007272FC</mac_min>
            <mac_max>C91A007272FD</mac_max>
        </mac>
        <mac>
            <mac_min>FDA52730C356</mac_min>
            <mac_max>FDA52730C357</mac_max>
        </mac>
        <mac>
            <mac_min>FDA52730C35B</mac_min>
            <mac_max>FDA52730C35C</mac_max>
        </mac>
        <mac>
            <mac_min>FDA52730C378</mac_min>
            <mac_max>FDA52730C379</mac_max>
        </mac>
    </mac_range>
    <mac_single>
        <mac>C91A007272D8</mac>
        <mac>C91A007272E2</mac>
        <mac>C91A007272E4</mac>
        <mac>C91A007272F2</mac>
        <mac>C91A007272F5</mac>
        <mac>C91A00727302</mac>
        <mac>C91A00727308</mac>
        <mac>C91A0072BEA0</mac>
        <mac>FDA52730C354</mac>
        <mac>FDA52730C35E</mac>
        <mac>FDA52730C360</mac>
        <mac>FDA52730C36E</mac>
        <mac>FDA52730C371</mac>
        <mac>FDA52730C37E</mac>
        <mac>FDA52730C384</mac>
    </mac_single>
    <mac_warn />
</build_mac>
