<?xml version="1.0" encoding="utf-8" ?>
<build_mac>
    <build_id>861100050010300001</build_id>
    <mac_range>
        <mac>
            <mac_min>C91A006F43F8</mac_min>
            <mac_max>C91A006F443D</mac_max>
        </mac>
        <mac>
            <mac_min>C91A006F443F</mac_min>
            <mac_max>C91A006F460D</mac_max>
        </mac>
        <mac>
            <mac_min>C91A006F4610</mac_min>
            <mac_max>C91A006F464F</mac_max>
        </mac>
        <mac>
            <mac_min>C91A00717A44</mac_min>
            <mac_max>C91A00717A83</mac_max>
        </mac>
        <mac>
            <mac_min>C91A00717A85</mac_min>
            <mac_max>C91A00717AA7</mac_max>
        </mac>
        <mac>
            <mac_min>C91A00717ADA</mac_min>
            <mac_max>C91A00717B0D</mac_max>
        </mac>
        <mac>
            <mac_min>C91A00717B13</mac_min>
            <mac_max>C91A00717B14</mac_max>
        </mac>
        <mac>
            <mac_min>C91A00717B18</mac_min>
            <mac_max>C91A00717B19</mac_max>
        </mac>
        <mac>
            <mac_min>C91A00717B23</mac_min>
            <mac_max>C91A00717B2B</mac_max>
        </mac>
        <mac>
            <mac_min>C91A00717B2D</mac_min>
            <mac_max>C91A00717B2F</mac_max>
        </mac>
        <mac>
            <mac_min>C91A00717B35</mac_min>
            <mac_max>C91A00717B38</mac_max>
        </mac>
        <mac>
            <mac_min>C91A00717B3C</mac_min>
            <mac_max>C91A00717B3D</mac_max>
        </mac>
        <mac>
            <mac_min>ECB329D00000</mac_min>
            <mac_max>ECB329D00045</mac_max>
        </mac>
        <mac>
            <mac_min>ECB329D00047</mac_min>
            <mac_max>ECB329D00215</mac_max>
        </mac>
        <mac>
            <mac_min>ECB329D00218</mac_min>
            <mac_max>ECB329D00257</mac_max>
        </mac>
        <mac>
            <mac_min>ECB329D0028A</mac_min>
            <mac_max>ECB329D002C9</mac_max>
        </mac>
        <mac>
            <mac_min>ECB329D002CB</mac_min>
            <mac_max>ECB329D002ED</mac_max>
        </mac>
        <mac>
            <mac_min>ECB329D00320</mac_min>
            <mac_max>ECB329D00351</mac_max>
        </mac>
        <mac>
            <mac_min>FDA5272C6976</mac_min>
            <mac_max>FDA5272C69BB</mac_max>
        </mac>
        <mac>
            <mac_min>FDA5272C69BD</mac_min>
            <mac_max>FDA5272C6B8B</mac_max>
        </mac>
        <mac>
            <mac_min>FDA5272C6B8E</mac_min>
            <mac_max>FDA5272C6BCD</mac_max>
        </mac>
        <mac>
            <mac_min>FDA5272F0F2C</mac_min>
            <mac_max>FDA5272F0F6B</mac_max>
        </mac>
        <mac>
            <mac_min>FDA5272F0F6D</mac_min>
            <mac_max>FDA5272F0F8F</mac_max>
        </mac>
        <mac>
            <mac_min>FDA5272F0FC2</mac_min>
            <mac_max>FDA5272F0FF5</mac_max>
        </mac>
        <mac>
            <mac_min>FDA5272F0FFB</mac_min>
            <mac_max>FDA5272F0FFC</mac_max>
        </mac>
        <mac>
            <mac_min>FDA5272F1000</mac_min>
            <mac_max>FDA5272F1001</mac_max>
        </mac>
        <mac>
            <mac_min>FDA5272F100B</mac_min>
            <mac_max>FDA5272F1013</mac_max>
        </mac>
        <mac>
            <mac_min>FDA5272F1015</mac_min>
            <mac_max>FDA5272F1017</mac_max>
        </mac>
        <mac>
            <mac_min>FDA5272F101D</mac_min>
            <mac_max>FDA5272F1020</mac_max>
        </mac>
        <mac>
            <mac_min>FDA5272F1024</mac_min>
            <mac_max>FDA5272F1025</mac_max>
        </mac>
    </mac_range>
    <mac_single>
        <mac>C91A00717B0F</mac>
        <mac>C91A00717B1B</mac>
        <mac>C91A00717B1D</mac>
        <mac>C91A00717B21</mac>
        <mac>C91A00717B32</mac>
        <mac>FDA5272F0FF7</mac>
        <mac>FDA5272F1003</mac>
        <mac>FDA5272F1005</mac>
        <mac>FDA5272F1009</mac>
        <mac>FDA5272F101A</mac>
    </mac_single>
    <mac_warn />
</build_mac>
