<?xml version="1.0" encoding="utf-8" ?>
<build_mac>
    <build_id>861100010030300002</build_id>
    <mac_range>
        <mac>
            <mac_min>C91A00420038</mac_min>
            <mac_max>C91A00420039</mac_max>
        </mac>
        <mac>
            <mac_min>C91A00420040</mac_min>
            <mac_max>C91A00420041</mac_max>
        </mac>
        <mac>
            <mac_min>C91A00420045</mac_min>
            <mac_max>C91A00420046</mac_max>
        </mac>
        <mac>
            <mac_min>C91A00420052</mac_min>
            <mac_max>C91A00420053</mac_max>
        </mac>
        <mac>
            <mac_min>C91A00420055</mac_min>
            <mac_max>C91A00420057</mac_max>
        </mac>
        <mac>
            <mac_min>C91A0042005A</mac_min>
            <mac_max>C91A0042005C</mac_max>
        </mac>
        <mac>
            <mac_min>C91A00420062</mac_min>
            <mac_max>C91A00420063</mac_max>
        </mac>
        <mac>
            <mac_min>C91A004200D4</mac_min>
            <mac_max>C91A004200D5</mac_max>
        </mac>
        <mac>
            <mac_min>C91A004200E4</mac_min>
            <mac_max>C91A004200E5</mac_max>
        </mac>
        <mac>
            <mac_min>C91A004202BC</mac_min>
            <mac_max>C91A004202D0</mac_max>
        </mac>
        <mac>
            <mac_min>C91A004202D2</mac_min>
            <mac_max>C91A004202ED</mac_max>
        </mac>
        <mac>
            <mac_min>C91A0042038F</mac_min>
            <mac_max>C91A00420390</mac_max>
        </mac>
        <mac>
            <mac_min>C91A004203B4</mac_min>
            <mac_max>C91A004203B5</mac_max>
        </mac>
        <mac>
            <mac_min>C91A005F0001</mac_min>
            <mac_max>C91A005F0002</mac_max>
        </mac>
        <mac>
            <mac_min>C91A005F0020</mac_min>
            <mac_max>C91A005F0021</mac_max>
        </mac>
        <mac>
            <mac_min>C91A005F0028</mac_min>
            <mac_max>C91A005F0029</mac_max>
        </mac>
        <mac>
            <mac_min>C91A005F04B0</mac_min>
            <mac_max>C91A005F04B1</mac_max>
        </mac>
        <mac>
            <mac_min>C91A005F04B4</mac_min>
            <mac_max>C91A005F04B5</mac_max>
        </mac>
        <mac>
            <mac_min>C91A005F04BA</mac_min>
            <mac_max>C91A005F04BC</mac_max>
        </mac>
        <mac>
            <mac_min>C91A005F04C0</mac_min>
            <mac_max>C91A005F04C1</mac_max>
        </mac>
        <mac>
            <mac_min>C91A005F04C3</mac_min>
            <mac_max>C91A005F04C5</mac_max>
        </mac>
        <mac>
            <mac_min>C91A005F04C7</mac_min>
            <mac_max>C91A005F04C8</mac_max>
        </mac>
        <mac>
            <mac_min>C91A005F04CC</mac_min>
            <mac_max>C91A005F04CF</mac_max>
        </mac>
        <mac>
            <mac_min>C91A005F04D2</mac_min>
            <mac_max>C91A005F04D3</mac_max>
        </mac>
        <mac>
            <mac_min>C91A005F04D5</mac_min>
            <mac_max>C91A005F04D6</mac_max>
        </mac>
        <mac>
            <mac_min>C91A006A2E52</mac_min>
            <mac_max>C91A006A2E56</mac_max>
        </mac>
        <mac>
            <mac_min>C91A006A2E58</mac_min>
            <mac_max>C91A006A2E5C</mac_max>
        </mac>
        <mac>
            <mac_min>C91A006A2E60</mac_min>
            <mac_max>C91A006A2E61</mac_max>
        </mac>
        <mac>
            <mac_min>C91A006A2E64</mac_min>
            <mac_max>C91A006A2E69</mac_max>
        </mac>
        <mac>
            <mac_min>C91A006A2E6E</mac_min>
            <mac_max>C91A006A2E6F</mac_max>
        </mac>
        <mac>
            <mac_min>C91A006A2E71</mac_min>
            <mac_max>C91A006A2E77</mac_max>
        </mac>
        <mac>
            <mac_min>C91A006B0A5A</mac_min>
            <mac_max>C91A006B0A89</mac_max>
        </mac>
        <mac>
            <mac_min>C91A006B0ABE</mac_min>
            <mac_max>C91A006B0B40</mac_max>
        </mac>
        <mac>
            <mac_min>C91A006B0B42</mac_min>
            <mac_max>C91A006B0B53</mac_max>
        </mac>
        <mac>
            <mac_min>C91A006B30D8</mac_min>
            <mac_max>C91A006B30DD</mac_max>
        </mac>
        <mac>
            <mac_min>C91A006B30DF</mac_min>
            <mac_max>C91A006B30E2</mac_max>
        </mac>
        <mac>
            <mac_min>C91A006B30E4</mac_min>
            <mac_max>C91A006B30E8</mac_max>
        </mac>
        <mac>
            <mac_min>C91A006B30EA</mac_min>
            <mac_max>C91A006B30ED</mac_max>
        </mac>
        <mac>
            <mac_min>C91A006B30F0</mac_min>
            <mac_max>C91A006B30F5</mac_max>
        </mac>
        <mac>
            <mac_min>C91A006B30F7</mac_min>
            <mac_max>C91A006B3105</mac_max>
        </mac>
        <mac>
            <mac_min>C91A006B316A</mac_min>
            <mac_max>C91A006B316C</mac_max>
        </mac>
        <mac>
            <mac_min>C91A006B316E</mac_min>
            <mac_max>C91A006B3199</mac_max>
        </mac>
        <mac>
            <mac_min>C91A006B319B</mac_min>
            <mac_max>C91A006B31AA</mac_max>
        </mac>
        <mac>
            <mac_min>C91A006B31AC</mac_min>
            <mac_max>C91A006B31CD</mac_max>
        </mac>
        <mac>
            <mac_min>C91A006D393A</mac_min>
            <mac_max>C91A006D3953</mac_max>
        </mac>
        <mac>
            <mac_min>C91A006D3955</mac_min>
            <mac_max>C91A006D395B</mac_max>
        </mac>
        <mac>
            <mac_min>C91A006D395D</mac_min>
            <mac_max>C91A006D396B</mac_max>
        </mac>
        <mac>
            <mac_min>C91A006D3A04</mac_min>
            <mac_max>C91A006D3A07</mac_max>
        </mac>
        <mac>
            <mac_min>C91A006D3A0C</mac_min>
            <mac_max>C91A006D3A0F</mac_max>
        </mac>
        <mac>
            <mac_min>C91A006D3A12</mac_min>
            <mac_max>C91A006D3A13</mac_max>
        </mac>
        <mac>
            <mac_min>C91A006D3A27</mac_min>
            <mac_max>C91A006D3A28</mac_max>
        </mac>
        <mac>
            <mac_min>C91A006D3A2F</mac_min>
            <mac_max>C91A006D3A32</mac_max>
        </mac>
        <mac>
            <mac_min>FDA5271A1210</mac_min>
            <mac_max>FDA5271A1211</mac_max>
        </mac>
        <mac>
            <mac_min>FDA5271A122F</mac_min>
            <mac_max>FDA5271A1230</mac_max>
        </mac>
        <mac>
            <mac_min>FDA5271A1237</mac_min>
            <mac_max>FDA5271A1238</mac_max>
        </mac>
        <mac>
            <mac_min>FDA5271A1EB5</mac_min>
            <mac_max>FDA5271A1EB6</mac_max>
        </mac>
        <mac>
            <mac_min>FDA5271A1EB9</mac_min>
            <mac_max>FDA5271A1EBA</mac_max>
        </mac>
        <mac>
            <mac_min>FDA5271A1EBF</mac_min>
            <mac_max>FDA5271A1EC1</mac_max>
        </mac>
        <mac>
            <mac_min>FDA5271A1EC5</mac_min>
            <mac_max>FDA5271A1EC6</mac_max>
        </mac>
        <mac>
            <mac_min>FDA5271A1EC8</mac_min>
            <mac_max>FDA5271A1ECA</mac_max>
        </mac>
        <mac>
            <mac_min>FDA5271A1ECC</mac_min>
            <mac_max>FDA5271A1ECD</mac_max>
        </mac>
        <mac>
            <mac_min>FDA5271A1ED1</mac_min>
            <mac_max>FDA5271A1ED4</mac_max>
        </mac>
        <mac>
            <mac_min>FDA5271A1ED7</mac_min>
            <mac_max>FDA5271A1ED8</mac_max>
        </mac>
        <mac>
            <mac_min>FDA5271A1EDA</mac_min>
            <mac_max>FDA5271A1EDB</mac_max>
        </mac>
        <mac>
            <mac_min>FDA527292CD8</mac_min>
            <mac_max>FDA527292CE9</mac_max>
        </mac>
        <mac>
            <mac_min>FDA527292CEB</mac_min>
            <mac_max>FDA527292D6D</mac_max>
        </mac>
        <mac>
            <mac_min>FDA527292DA2</mac_min>
            <mac_max>FDA527292DD1</mac_max>
        </mac>
        <mac>
            <mac_min>FDA527293C1A</mac_min>
            <mac_max>FDA527293C20</mac_max>
        </mac>
        <mac>
            <mac_min>FDA527293C22</mac_min>
            <mac_max>FDA527293C23</mac_max>
        </mac>
        <mac>
            <mac_min>FDA527293C28</mac_min>
            <mac_max>FDA527293C2D</mac_max>
        </mac>
        <mac>
            <mac_min>FDA527293C30</mac_min>
            <mac_max>FDA527293C31</mac_max>
        </mac>
        <mac>
            <mac_min>FDA527293C35</mac_min>
            <mac_max>FDA527293C39</mac_max>
        </mac>
        <mac>
            <mac_min>FDA527293C3B</mac_min>
            <mac_max>FDA527293C3F</mac_max>
        </mac>
        <mac>
            <mac_min>FDA527295AEB</mac_min>
            <mac_max>FDA527295B0C</mac_max>
        </mac>
        <mac>
            <mac_min>FDA527295B0E</mac_min>
            <mac_max>FDA527295B1D</mac_max>
        </mac>
        <mac>
            <mac_min>FDA527295B1F</mac_min>
            <mac_max>FDA527295B4A</mac_max>
        </mac>
        <mac>
            <mac_min>FDA527295B4C</mac_min>
            <mac_max>FDA527295B4E</mac_max>
        </mac>
        <mac>
            <mac_min>FDA527295BB3</mac_min>
            <mac_max>FDA527295BC1</mac_max>
        </mac>
        <mac>
            <mac_min>FDA527295BC3</mac_min>
            <mac_max>FDA527295BC8</mac_max>
        </mac>
        <mac>
            <mac_min>FDA527295BCB</mac_min>
            <mac_max>FDA527295BCE</mac_max>
        </mac>
        <mac>
            <mac_min>FDA527295BD0</mac_min>
            <mac_max>FDA527295BD4</mac_max>
        </mac>
        <mac>
            <mac_min>FDA527295BD6</mac_min>
            <mac_max>FDA527295BD9</mac_max>
        </mac>
        <mac>
            <mac_min>FDA527295BDB</mac_min>
            <mac_max>FDA527295BE0</mac_max>
        </mac>
        <mac>
            <mac_min>FDA5272AFA14</mac_min>
            <mac_max>FDA5272AFA2D</mac_max>
        </mac>
        <mac>
            <mac_min>FDA5272AFA2F</mac_min>
            <mac_max>FDA5272AFA35</mac_max>
        </mac>
        <mac>
            <mac_min>FDA5272AFA37</mac_min>
            <mac_max>FDA5272AFA45</mac_max>
        </mac>
        <mac>
            <mac_min>FDA5272AFADE</mac_min>
            <mac_max>FDA5272AFAE1</mac_max>
        </mac>
        <mac>
            <mac_min>FDA5272AFAE6</mac_min>
            <mac_max>FDA5272AFAE9</mac_max>
        </mac>
        <mac>
            <mac_min>FDA5272AFAEC</mac_min>
            <mac_max>FDA5272AFAED</mac_max>
        </mac>
        <mac>
            <mac_min>FDA5272AFB01</mac_min>
            <mac_max>FDA5272AFB02</mac_max>
        </mac>
        <mac>
            <mac_min>FDA5272AFB09</mac_min>
            <mac_max>FDA5272AFB0C</mac_max>
        </mac>
    </mac_range>
    <mac_single>
        <mac>C91A00420032</mac>
        <mac>C91A00420034</mac>
        <mac>C91A00420036</mac>
        <mac>C91A0042003B</mac>
        <mac>C91A00420048</mac>
        <mac>C91A0042004E</mac>
        <mac>C91A00420060</mac>
        <mac>C91A004200CB</mac>
        <mac>C91A004200CD</mac>
        <mac>C91A004200D0</mac>
        <mac>C91A004200DC</mac>
        <mac>C91A004200E1</mac>
        <mac>C91A004200E9</mac>
        <mac>C91A004200EB</mac>
        <mac>C91A004200EE</mac>
        <mac>C91A004200F6</mac>
        <mac>C91A00420392</mac>
        <mac>C91A00420398</mac>
        <mac>C91A0042039F</mac>
        <mac>C91A004203A7</mac>
        <mac>C91A004203B2</mac>
        <mac>C91A005F0013</mac>
        <mac>C91A005F001A</mac>
        <mac>C91A005F001E</mac>
        <mac>C91A005F002C</mac>
        <mac>C91A005F0031</mac>
        <mac>C91A005F04B8</mac>
        <mac>C91A005F04BE</mac>
        <mac>C91A005F04CA</mac>
        <mac>C91A005F04DB</mac>
        <mac>C91A005F04DD</mac>
        <mac>C91A005F04DF</mac>
        <mac>C91A006A2E4A</mac>
        <mac>C91A006A2E4D</mac>
        <mac>C91A006A2E7A</mac>
        <mac>C91A006B0A8B</mac>
        <mac>C91A006B30D4</mac>
        <mac>C91A006B30D6</mac>
        <mac>C91A006B3203</mac>
        <mac>C91A006D23DB</mac>
        <mac>C91A006D3978</mac>
        <mac>C91A006D397B</mac>
        <mac>C91A006D397E</mac>
        <mac>C91A006D3986</mac>
        <mac>C91A006D3989</mac>
        <mac>C91A006D398F</mac>
        <mac>C91A006D3A15</mac>
        <mac>C91A006D3A1B</mac>
        <mac>C91A006D3A20</mac>
        <mac>C91A006D3A23</mac>
        <mac>C91A006D3A25</mac>
        <mac>C91A006D3A2B</mac>
        <mac>C91A006D3A2D</mac>
        <mac>FDA5271A1222</mac>
        <mac>FDA5271A1229</mac>
        <mac>FDA5271A122D</mac>
        <mac>FDA5271A123B</mac>
        <mac>FDA5271A1240</mac>
        <mac>FDA5271A1EBD</mac>
        <mac>FDA5271A1EC3</mac>
        <mac>FDA5271A1ECF</mac>
        <mac>FDA5271A1EE0</mac>
        <mac>FDA5271A1EE2</mac>
        <mac>FDA5271A1EE4</mac>
        <mac>FDA527292DA0</mac>
        <mac>FDA527293C17</mac>
        <mac>FDA527293C44</mac>
        <mac>FDA527293C47</mac>
        <mac>FDA527295AB5</mac>
        <mac>FDA527295BE2</mac>
        <mac>FDA527295BE4</mac>
        <mac>FDA5272AE4B4</mac>
        <mac>FDA5272AFA52</mac>
        <mac>FDA5272AFA55</mac>
        <mac>FDA5272AFA58</mac>
        <mac>FDA5272AFA60</mac>
        <mac>FDA5272AFA63</mac>
        <mac>FDA5272AFA69</mac>
        <mac>FDA5272AFAEF</mac>
        <mac>FDA5272AFAF5</mac>
        <mac>FDA5272AFAFA</mac>
        <mac>FDA5272AFAFD</mac>
        <mac>FDA5272AFAFF</mac>
        <mac>FDA5272AFB05</mac>
        <mac>FDA5272AFB07</mac>
    </mac_single>
    <mac_warn />
</build_mac>
