<?xml version="1.0" encoding="utf-8" ?>
<build_mac>
    <build_id>861100010040300004</build_id>
    <mac_range>
        <mac>
            <mac_min>C91A006A0DB2</mac_min>
            <mac_max>C91A006A0DB3</mac_max>
        </mac>
        <mac>
            <mac_min>C91A006A0DB7</mac_min>
            <mac_max>C91A006A0DB8</mac_max>
        </mac>
        <mac>
            <mac_min>C91A006A0DD0</mac_min>
            <mac_max>C91A006A0DD2</mac_max>
        </mac>
        <mac>
            <mac_min>C91A006A0DDA</mac_min>
            <mac_max>C91A006A0DDC</mac_max>
        </mac>
        <mac>
            <mac_min>C91A006A0DE2</mac_min>
            <mac_max>C91A006A0DE3</mac_max>
        </mac>
        <mac>
            <mac_min>C91A006A0DFD</mac_min>
            <mac_max>C91A006A0DFE</mac_max>
        </mac>
        <mac>
            <mac_min>C91A006A0E05</mac_min>
            <mac_max>C91A006A0E06</mac_max>
        </mac>
        <mac>
            <mac_min>C91A006A0E0B</mac_min>
            <mac_max>C91A006A0E0C</mac_max>
        </mac>
        <mac>
            <mac_min>C91A006A0E74</mac_min>
            <mac_max>C91A006A0E75</mac_max>
        </mac>
        <mac>
            <mac_min>C91A006A0E77</mac_min>
            <mac_max>C91A006A0E7F</mac_max>
        </mac>
        <mac>
            <mac_min>C91A006A0E81</mac_min>
            <mac_max>C91A006A0E8A</mac_max>
        </mac>
        <mac>
            <mac_min>C91A006A0E8C</mac_min>
            <mac_max>C91A006A0E8E</mac_max>
        </mac>
        <mac>
            <mac_min>C91A006A0E90</mac_min>
            <mac_max>C91A006A0E97</mac_max>
        </mac>
        <mac>
            <mac_min>C91A006A0E99</mac_min>
            <mac_max>C91A006A0EA4</mac_max>
        </mac>
        <mac>
            <mac_min>C91A006A0EA9</mac_min>
            <mac_max>C91A006A0EAA</mac_max>
        </mac>
        <mac>
            <mac_min>C91A006A0EAC</mac_min>
            <mac_max>C91A006A0EAD</mac_max>
        </mac>
        <mac>
            <mac_min>C91A006A0EB2</mac_min>
            <mac_max>C91A006A0EB7</mac_max>
        </mac>
        <mac>
            <mac_min>C91A006A0EBD</mac_min>
            <mac_max>C91A006A0EBE</mac_max>
        </mac>
        <mac>
            <mac_min>C91A006A0EC0</mac_min>
            <mac_max>C91A006A0EC1</mac_max>
        </mac>
        <mac>
            <mac_min>C91A006A0EC7</mac_min>
            <mac_max>C91A006A0EC9</mac_max>
        </mac>
        <mac>
            <mac_min>C91A006A0ECC</mac_min>
            <mac_max>C91A006A0ECF</mac_max>
        </mac>
        <mac>
            <mac_min>C91A006A0ED1</mac_min>
            <mac_max>C91A006A0ED2</mac_max>
        </mac>
        <mac>
            <mac_min>C91A006A0ED4</mac_min>
            <mac_max>C91A006A0ED6</mac_max>
        </mac>
        <mac>
            <mac_min>C91A006A0ED8</mac_min>
            <mac_max>C91A006A0ED9</mac_max>
        </mac>
        <mac>
            <mac_min>C91A006A0EE8</mac_min>
            <mac_max>C91A006A0EE9</mac_max>
        </mac>
        <mac>
            <mac_min>C91A006A0EF1</mac_min>
            <mac_max>C91A006A0EF2</mac_max>
        </mac>
        <mac>
            <mac_min>C91A006A0F06</mac_min>
            <mac_max>C91A006A0F07</mac_max>
        </mac>
        <mac>
            <mac_min>C91A006A0F3C</mac_min>
            <mac_max>C91A006A0F3D</mac_max>
        </mac>
        <mac>
            <mac_min>C91A006A0F44</mac_min>
            <mac_max>C91A006A0F45</mac_max>
        </mac>
        <mac>
            <mac_min>C91A006D3908</mac_min>
            <mac_max>C91A006D3939</mac_max>
        </mac>
        <mac>
            <mac_min>C91A006D39D0</mac_min>
            <mac_max>C91A006D3A01</mac_max>
        </mac>
        <mac>
            <mac_min>C91A006D3A3B</mac_min>
            <mac_max>C91A006D3A3C</mac_max>
        </mac>
        <mac>
            <mac_min>C91A006D3A40</mac_min>
            <mac_max>C91A006D3A41</mac_max>
        </mac>
        <mac>
            <mac_min>C91A006D3A43</mac_min>
            <mac_max>C91A006D3A46</mac_max>
        </mac>
        <mac>
            <mac_min>C91A006D3A59</mac_min>
            <mac_max>C91A006D3A5A</mac_max>
        </mac>
        <mac>
            <mac_min>C91A006D3A5C</mac_min>
            <mac_max>C91A006D3A5D</mac_max>
        </mac>
        <mac>
            <mac_min>C91A006D3A5F</mac_min>
            <mac_max>C91A006D3A60</mac_max>
        </mac>
        <mac>
            <mac_min>C91A006D3A65</mac_min>
            <mac_max>C91A006D3A67</mac_max>
        </mac>
        <mac>
            <mac_min>C91A006D3A6A</mac_min>
            <mac_max>C91A006D3A6C</mac_max>
        </mac>
        <mac>
            <mac_min>C91A006D3A6E</mac_min>
            <mac_max>C91A006D3A74</mac_max>
        </mac>
        <mac>
            <mac_min>C91A006D3A78</mac_min>
            <mac_max>C91A006D3A7A</mac_max>
        </mac>
        <mac>
            <mac_min>C91A006D3A7C</mac_min>
            <mac_max>C91A006D3A82</mac_max>
        </mac>
        <mac>
            <mac_min>C91A006D3A84</mac_min>
            <mac_max>C91A006D3A85</mac_max>
        </mac>
        <mac>
            <mac_min>C91A006D3A87</mac_min>
            <mac_max>C91A006D3A8A</mac_max>
        </mac>
        <mac>
            <mac_min>C91A006D3A8C</mac_min>
            <mac_max>C91A006D3A8E</mac_max>
        </mac>
        <mac>
            <mac_min>C91A006D3A90</mac_min>
            <mac_max>C91A006D3A91</mac_max>
        </mac>
        <mac>
            <mac_min>C91A006D3A94</mac_min>
            <mac_max>C91A006D3A97</mac_max>
        </mac>
        <mac>
            <mac_min>FDA52728A50D</mac_min>
            <mac_max>FDA52728A50E</mac_max>
        </mac>
        <mac>
            <mac_min>FDA52728A515</mac_min>
            <mac_max>FDA52728A516</mac_max>
        </mac>
        <mac>
            <mac_min>FDA52728A54B</mac_min>
            <mac_max>FDA52728A54C</mac_max>
        </mac>
        <mac>
            <mac_min>FDA52728A560</mac_min>
            <mac_max>FDA52728A561</mac_max>
        </mac>
        <mac>
            <mac_min>FDA52728A569</mac_min>
            <mac_max>FDA52728A56A</mac_max>
        </mac>
        <mac>
            <mac_min>FDA52728A579</mac_min>
            <mac_max>FDA52728A57A</mac_max>
        </mac>
        <mac>
            <mac_min>FDA52728A57C</mac_min>
            <mac_max>FDA52728A57E</mac_max>
        </mac>
        <mac>
            <mac_min>FDA52728A580</mac_min>
            <mac_max>FDA52728A581</mac_max>
        </mac>
        <mac>
            <mac_min>FDA52728A583</mac_min>
            <mac_max>FDA52728A586</mac_max>
        </mac>
        <mac>
            <mac_min>FDA52728A589</mac_min>
            <mac_max>FDA52728A58B</mac_max>
        </mac>
        <mac>
            <mac_min>FDA52728A591</mac_min>
            <mac_max>FDA52728A592</mac_max>
        </mac>
        <mac>
            <mac_min>FDA52728A594</mac_min>
            <mac_max>FDA52728A595</mac_max>
        </mac>
        <mac>
            <mac_min>FDA52728A59B</mac_min>
            <mac_max>FDA52728A5A0</mac_max>
        </mac>
        <mac>
            <mac_min>FDA52728A5A5</mac_min>
            <mac_max>FDA52728A5A6</mac_max>
        </mac>
        <mac>
            <mac_min>FDA52728A5A8</mac_min>
            <mac_max>FDA52728A5A9</mac_max>
        </mac>
        <mac>
            <mac_min>FDA52728A5AE</mac_min>
            <mac_max>FDA52728A5B9</mac_max>
        </mac>
        <mac>
            <mac_min>FDA52728A5BB</mac_min>
            <mac_max>FDA52728A5C2</mac_max>
        </mac>
        <mac>
            <mac_min>FDA52728A5C4</mac_min>
            <mac_max>FDA52728A5C6</mac_max>
        </mac>
        <mac>
            <mac_min>FDA52728A5C8</mac_min>
            <mac_max>FDA52728A5D1</mac_max>
        </mac>
        <mac>
            <mac_min>FDA52728A5D3</mac_min>
            <mac_max>FDA52728A5DB</mac_max>
        </mac>
        <mac>
            <mac_min>FDA52728A5DD</mac_min>
            <mac_max>FDA52728A5DE</mac_max>
        </mac>
        <mac>
            <mac_min>FDA52728A646</mac_min>
            <mac_max>FDA52728A647</mac_max>
        </mac>
        <mac>
            <mac_min>FDA52728A64C</mac_min>
            <mac_max>FDA52728A64D</mac_max>
        </mac>
        <mac>
            <mac_min>FDA52728A654</mac_min>
            <mac_max>FDA52728A655</mac_max>
        </mac>
        <mac>
            <mac_min>FDA52728A66F</mac_min>
            <mac_max>FDA52728A670</mac_max>
        </mac>
        <mac>
            <mac_min>FDA52728A676</mac_min>
            <mac_max>FDA52728A678</mac_max>
        </mac>
        <mac>
            <mac_min>FDA52728A680</mac_min>
            <mac_max>FDA52728A682</mac_max>
        </mac>
        <mac>
            <mac_min>FDA52728A69A</mac_min>
            <mac_max>FDA52728A69B</mac_max>
        </mac>
        <mac>
            <mac_min>FDA52728A69F</mac_min>
            <mac_max>FDA52728A6A0</mac_max>
        </mac>
        <mac>
            <mac_min>FDA5272AF9E2</mac_min>
            <mac_max>FDA5272AFA13</mac_max>
        </mac>
        <mac>
            <mac_min>FDA5272AFAAA</mac_min>
            <mac_max>FDA5272AFADB</mac_max>
        </mac>
        <mac>
            <mac_min>FDA5272AFB15</mac_min>
            <mac_max>FDA5272AFB16</mac_max>
        </mac>
        <mac>
            <mac_min>FDA5272AFB1A</mac_min>
            <mac_max>FDA5272AFB1B</mac_max>
        </mac>
        <mac>
            <mac_min>FDA5272AFB1D</mac_min>
            <mac_max>FDA5272AFB20</mac_max>
        </mac>
        <mac>
            <mac_min>FDA5272AFB33</mac_min>
            <mac_max>FDA5272AFB34</mac_max>
        </mac>
        <mac>
            <mac_min>FDA5272AFB36</mac_min>
            <mac_max>FDA5272AFB37</mac_max>
        </mac>
        <mac>
            <mac_min>FDA5272AFB39</mac_min>
            <mac_max>FDA5272AFB3A</mac_max>
        </mac>
        <mac>
            <mac_min>FDA5272AFB3F</mac_min>
            <mac_max>FDA5272AFB41</mac_max>
        </mac>
        <mac>
            <mac_min>FDA5272AFB44</mac_min>
            <mac_max>FDA5272AFB46</mac_max>
        </mac>
        <mac>
            <mac_min>FDA5272AFB48</mac_min>
            <mac_max>FDA5272AFB4E</mac_max>
        </mac>
        <mac>
            <mac_min>FDA5272AFB52</mac_min>
            <mac_max>FDA5272AFB54</mac_max>
        </mac>
        <mac>
            <mac_min>FDA5272AFB56</mac_min>
            <mac_max>FDA5272AFB5C</mac_max>
        </mac>
        <mac>
            <mac_min>FDA5272AFB5E</mac_min>
            <mac_max>FDA5272AFB5F</mac_max>
        </mac>
        <mac>
            <mac_min>FDA5272AFB61</mac_min>
            <mac_max>FDA5272AFB64</mac_max>
        </mac>
        <mac>
            <mac_min>FDA5272AFB66</mac_min>
            <mac_max>FDA5272AFB68</mac_max>
        </mac>
        <mac>
            <mac_min>FDA5272AFB6A</mac_min>
            <mac_max>FDA5272AFB6B</mac_max>
        </mac>
        <mac>
            <mac_min>FDA5272AFB6E</mac_min>
            <mac_max>FDA5272AFB71</mac_max>
        </mac>
    </mac_range>
    <mac_single>
        <mac>C91A006A0DAC</mac>
        <mac>C91A006A0DAE</mac>
        <mac>C91A006A0DB0</mac>
        <mac>C91A006A0DB5</mac>
        <mac>C91A006A0DBA</mac>
        <mac>C91A006A0DBF</mac>
        <mac>C91A006A0DC6</mac>
        <mac>C91A006A0DCB</mac>
        <mac>C91A006A0DCD</mac>
        <mac>C91A006A0DD4</mac>
        <mac>C91A006A0DD7</mac>
        <mac>C91A006A0DE5</mac>
        <mac>C91A006A0DEA</mac>
        <mac>C91A006A0DF0</mac>
        <mac>C91A006A0DF3</mac>
        <mac>C91A006A0E00</mac>
        <mac>C91A006A0E03</mac>
        <mac>C91A006A0E0E</mac>
        <mac>C91A006A0E44</mac>
        <mac>C91A006A0E47</mac>
        <mac>C91A006A0E49</mac>
        <mac>C91A006A0E4C</mac>
        <mac>C91A006A0E51</mac>
        <mac>C91A006A0E54</mac>
        <mac>C91A006A0E5A</mac>
        <mac>C91A006A0E66</mac>
        <mac>C91A006A0E6A</mac>
        <mac>C91A006A0E70</mac>
        <mac>C91A006A0EB9</mac>
        <mac>C91A006A0EBB</mac>
        <mac>C91A006A0EC3</mac>
        <mac>C91A006A0EDB</mac>
        <mac>C91A006A0EE0</mac>
        <mac>C91A006A0EE4</mac>
        <mac>C91A006A0EEC</mac>
        <mac>C91A006A0EF5</mac>
        <mac>C91A006A0EF7</mac>
        <mac>C91A006A0F04</mac>
        <mac>C91A006A0F09</mac>
        <mac>C91A006A0F15</mac>
        <mac>C91A006A0F26</mac>
        <mac>C91A006A0F30</mac>
        <mac>C91A006A0F4C</mac>
        <mac>C91A006A0F4E</mac>
        <mac>C91A006A0F53</mac>
        <mac>C91A006A0F5B</mac>
        <mac>C91A006A0F5F</mac>
        <mac>C91A006A0F65</mac>
        <mac>C91A006D3A34</mac>
        <mac>C91A006D3A39</mac>
        <mac>C91A006D3A3E</mac>
        <mac>C91A006D3A4C</mac>
        <mac>C91A006D3A4F</mac>
        <mac>C91A006D3A53</mac>
        <mac>C91A006D3A57</mac>
        <mac>C91A006D3A62</mac>
        <mac>C91A006D3A76</mac>
        <mac>FDA52728A4ED</mac>
        <mac>FDA52728A4F3</mac>
        <mac>FDA52728A4F7</mac>
        <mac>FDA52728A4FF</mac>
        <mac>FDA52728A504</mac>
        <mac>FDA52728A506</mac>
        <mac>FDA52728A522</mac>
        <mac>FDA52728A52C</mac>
        <mac>FDA52728A53D</mac>
        <mac>FDA52728A549</mac>
        <mac>FDA52728A54E</mac>
        <mac>FDA52728A55B</mac>
        <mac>FDA52728A55D</mac>
        <mac>FDA52728A566</mac>
        <mac>FDA52728A56E</mac>
        <mac>FDA52728A572</mac>
        <mac>FDA52728A577</mac>
        <mac>FDA52728A58F</mac>
        <mac>FDA52728A597</mac>
        <mac>FDA52728A599</mac>
        <mac>FDA52728A5E2</mac>
        <mac>FDA52728A5E8</mac>
        <mac>FDA52728A5EC</mac>
        <mac>FDA52728A5F8</mac>
        <mac>FDA52728A5FE</mac>
        <mac>FDA52728A601</mac>
        <mac>FDA52728A606</mac>
        <mac>FDA52728A609</mac>
        <mac>FDA52728A60B</mac>
        <mac>FDA52728A60E</mac>
        <mac>FDA52728A644</mac>
        <mac>FDA52728A64F</mac>
        <mac>FDA52728A652</mac>
        <mac>FDA52728A65F</mac>
        <mac>FDA52728A662</mac>
        <mac>FDA52728A668</mac>
        <mac>FDA52728A66D</mac>
        <mac>FDA52728A67B</mac>
        <mac>FDA52728A67E</mac>
        <mac>FDA52728A685</mac>
        <mac>FDA52728A687</mac>
        <mac>FDA52728A68C</mac>
        <mac>FDA52728A693</mac>
        <mac>FDA52728A698</mac>
        <mac>FDA52728A69D</mac>
        <mac>FDA52728A6A2</mac>
        <mac>FDA52728A6A4</mac>
        <mac>FDA52728A6A6</mac>
        <mac>FDA5272AFB0E</mac>
        <mac>FDA5272AFB13</mac>
        <mac>FDA5272AFB18</mac>
        <mac>FDA5272AFB26</mac>
        <mac>FDA5272AFB29</mac>
        <mac>FDA5272AFB2D</mac>
        <mac>FDA5272AFB31</mac>
        <mac>FDA5272AFB3C</mac>
        <mac>FDA5272AFB50</mac>
    </mac_single>
    <mac_warn />
</build_mac>
