<?xml version="1.0" encoding="utf-8" ?>
<build_mac>
    <build_id>861100010030300005</build_id>
    <mac_range>
        <mac>
            <mac_min>C91A006A1C20</mac_min>
            <mac_max>C91A006A1C21</mac_max>
        </mac>
        <mac>
            <mac_min>C91A006A1C25</mac_min>
            <mac_max>C91A006A1C26</mac_max>
        </mac>
        <mac>
            <mac_min>C91A006A1C2D</mac_min>
            <mac_max>C91A006A1C2F</mac_max>
        </mac>
        <mac>
            <mac_min>C91A006A1C33</mac_min>
            <mac_max>C91A006A1C34</mac_max>
        </mac>
        <mac>
            <mac_min>C91A006A1C3A</mac_min>
            <mac_max>C91A006A1C3C</mac_max>
        </mac>
        <mac>
            <mac_min>C91A006A1C4E</mac_min>
            <mac_max>C91A006A1C4F</mac_max>
        </mac>
        <mac>
            <mac_min>FDA527289802</mac_min>
            <mac_max>FDA527289803</mac_max>
        </mac>
        <mac>
            <mac_min>FDA527289815</mac_min>
            <mac_max>FDA527289817</mac_max>
        </mac>
        <mac>
            <mac_min>FDA52728981D</mac_min>
            <mac_max>FDA52728981E</mac_max>
        </mac>
        <mac>
            <mac_min>FDA527289822</mac_min>
            <mac_max>FDA527289824</mac_max>
        </mac>
        <mac>
            <mac_min>FDA52728982B</mac_min>
            <mac_max>FDA52728982C</mac_max>
        </mac>
        <mac>
            <mac_min>FDA527289830</mac_min>
            <mac_max>FDA527289831</mac_max>
        </mac>
    </mac_range>
    <mac_single>
        <mac>C91A006A1C28</mac>
        <mac>C91A006A1C2B</mac>
        <mac>C91A006A1C37</mac>
        <mac>C91A006A1C42</mac>
        <mac>C91A006A1C44</mac>
        <mac>C91A006A1C4A</mac>
        <mac>FDA527289807</mac>
        <mac>FDA52728980D</mac>
        <mac>FDA52728980F</mac>
        <mac>FDA52728981A</mac>
        <mac>FDA527289826</mac>
        <mac>FDA527289829</mac>
    </mac_single>
    <mac_warn />
</build_mac>
