<?xml version="1.0" encoding="utf-8" ?>
<build_mac>
    <build_id>861100010030300003</build_id>
    <mac_range>
        <mac>
            <mac_min>C91A005F041A</mac_min>
            <mac_max>C91A005F0441</mac_max>
        </mac>
        <mac>
            <mac_min>C91A005F0443</mac_min>
            <mac_max>C91A005F044B</mac_max>
        </mac>
        <mac>
            <mac_min>C91A005F04D9</mac_min>
            <mac_max>C91A005F04DA</mac_max>
        </mac>
        <mac>
            <mac_min>C91A00600215</mac_min>
            <mac_max>C91A00600216</mac_max>
        </mac>
        <mac>
            <mac_min>FDA52719165B</mac_min>
            <mac_max>FDA52719165C</mac_max>
        </mac>
        <mac>
            <mac_min>FDA5271A1E1F</mac_min>
            <mac_max>FDA5271A1E46</mac_max>
        </mac>
        <mac>
            <mac_min>FDA5271A1E48</mac_min>
            <mac_max>FDA5271A1E50</mac_max>
        </mac>
        <mac>
            <mac_min>FDA5271A1EDE</mac_min>
            <mac_max>FDA5271A1EDF</mac_max>
        </mac>
    </mac_range>
    <mac_single>
        <mac>C91A005F0003</mac>
        <mac>C91A005F0014</mac>
        <mac>C91A005F001D</mac>
        <mac>C91A005F001F</mac>
        <mac>C91A005F0022</mac>
        <mac>C91A005F0025</mac>
        <mac>C91A005F0027</mac>
        <mac>C91A005F04B6</mac>
        <mac>C91A005F04BD</mac>
        <mac>C91A005F04C2</mac>
        <mac>C91A005F04CB</mac>
        <mac>C91A005F04D1</mac>
        <mac>C91A005F04D7</mac>
        <mac>C91A005F04DC</mac>
        <mac>C91A005F04DE</mac>
        <mac>C91A005F04E8</mac>
        <mac>C91A005F0506</mac>
        <mac>C91A006001F5</mac>
        <mac>C91A00600205</mac>
        <mac>C91A0060020D</mac>
        <mac>FDA52719163B</mac>
        <mac>FDA52719164B</mac>
        <mac>FDA527191653</mac>
        <mac>FDA5271A1212</mac>
        <mac>FDA5271A1223</mac>
        <mac>FDA5271A122C</mac>
        <mac>FDA5271A122E</mac>
        <mac>FDA5271A1231</mac>
        <mac>FDA5271A1234</mac>
        <mac>FDA5271A1236</mac>
        <mac>FDA5271A1EBB</mac>
        <mac>FDA5271A1EC2</mac>
        <mac>FDA5271A1EC7</mac>
        <mac>FDA5271A1ED0</mac>
        <mac>FDA5271A1ED6</mac>
        <mac>FDA5271A1EDC</mac>
        <mac>FDA5271A1EE1</mac>
        <mac>FDA5271A1EE3</mac>
        <mac>FDA5271A1EED</mac>
        <mac>FDA5271A1F0B</mac>
    </mac_single>
    <mac_warn />
</build_mac>
