<?xml version="1.0" encoding="utf-8" ?>
<build_mac>
    <build_id>861100080010300009</build_id>
    <mac_range>
        <mac>
            <mac_min>C91A00723EB2</mac_min>
            <mac_max>C91A00723EB6</mac_max>
        </mac>
        <mac>
            <mac_min>C91A00723EBA</mac_min>
            <mac_max>C91A00723EBF</mac_max>
        </mac>
        <mac>
            <mac_min>C91A00723EC2</mac_min>
            <mac_max>C91A00723EC8</mac_max>
        </mac>
        <mac>
            <mac_min>C91A00723ECA</mac_min>
            <mac_max>C91A00723EDB</mac_max>
        </mac>
        <mac>
            <mac_min>C91A00723EDD</mac_min>
            <mac_max>C91A00723EE3</mac_max>
        </mac>
        <mac>
            <mac_min>FDA5272FDCCD</mac_min>
            <mac_max>FDA5272FDCD1</mac_max>
        </mac>
        <mac>
            <mac_min>FDA5272FDCD5</mac_min>
            <mac_max>FDA5272FDCDA</mac_max>
        </mac>
        <mac>
            <mac_min>FDA5272FDCDD</mac_min>
            <mac_max>FDA5272FDCE3</mac_max>
        </mac>
        <mac>
            <mac_min>FDA5272FDCE5</mac_min>
            <mac_max>FDA5272FDCF6</mac_max>
        </mac>
        <mac>
            <mac_min>FDA5272FDCF8</mac_min>
            <mac_max>FDA5272FDCFE</mac_max>
        </mac>
    </mac_range>
    <mac_single>
        <mac>C91A00723EB8</mac>
        <mac>FDA5272FDCD3</mac>
    </mac_single>
    <mac_warn />
</build_mac>
