<?xml version="1.0" encoding="utf-8" ?>
<build_mac>
    <build_id>861100080010300001</build_id>
    <mac_range>
        <mac>
            <mac_min>C91A006A0DBB</mac_min>
            <mac_max>C91A006A0DBC</mac_max>
        </mac>
        <mac>
            <mac_min>C91A006A0DC4</mac_min>
            <mac_max>C91A006A0DC5</mac_max>
        </mac>
        <mac>
            <mac_min>C91A006A0DCE</mac_min>
            <mac_max>C91A006A0DCF</mac_max>
        </mac>
        <mac>
            <mac_min>C91A006A0DD5</mac_min>
            <mac_max>C91A006A0DD6</mac_max>
        </mac>
        <mac>
            <mac_min>C91A006A0DDE</mac_min>
            <mac_max>C91A006A0DE0</mac_max>
        </mac>
        <mac>
            <mac_min>C91A006A0DE6</mac_min>
            <mac_max>C91A006A0DE9</mac_max>
        </mac>
        <mac>
            <mac_min>C91A006A0DEB</mac_min>
            <mac_max>C91A006A0DEF</mac_max>
        </mac>
        <mac>
            <mac_min>C91A006A0DF1</mac_min>
            <mac_max>C91A006A0DF2</mac_max>
        </mac>
        <mac>
            <mac_min>C91A006A0DF4</mac_min>
            <mac_max>C91A006A0DFC</mac_max>
        </mac>
        <mac>
            <mac_min>C91A006A0E09</mac_min>
            <mac_max>C91A006A0E0A</mac_max>
        </mac>
        <mac>
            <mac_min>C91A006A0EDE</mac_min>
            <mac_max>C91A006A0EDF</mac_max>
        </mac>
        <mac>
            <mac_min>C91A006A0EE1</mac_min>
            <mac_max>C91A006A0EE3</mac_max>
        </mac>
        <mac>
            <mac_min>C91A006A0EE5</mac_min>
            <mac_max>C91A006A0EE7</mac_max>
        </mac>
        <mac>
            <mac_min>C91A006A0EEA</mac_min>
            <mac_max>C91A006A0EEB</mac_max>
        </mac>
        <mac>
            <mac_min>C91A006A0F02</mac_min>
            <mac_max>C91A006A0F03</mac_max>
        </mac>
        <mac>
            <mac_min>C91A006A0F0A</mac_min>
            <mac_max>C91A006A0F0B</mac_max>
        </mac>
        <mac>
            <mac_min>C91A006A0F40</mac_min>
            <mac_max>C91A006A0F43</mac_max>
        </mac>
        <mac>
            <mac_min>C91A006A0F46</mac_min>
            <mac_max>C91A006A0F47</mac_max>
        </mac>
        <mac>
            <mac_min>C91A006A0F4F</mac_min>
            <mac_max>C91A006A0F50</mac_max>
        </mac>
        <mac>
            <mac_min>C91A006A0F54</mac_min>
            <mac_max>C91A006A0F56</mac_max>
        </mac>
        <mac>
            <mac_min>C91A006A0F5C</mac_min>
            <mac_max>C91A006A0F5E</mac_max>
        </mac>
        <mac>
            <mac_min>C91A006A0F68</mac_min>
            <mac_max>C91A006A0F6D</mac_max>
        </mac>
        <mac>
            <mac_min>FDA52728A4E5</mac_min>
            <mac_max>FDA52728A4EA</mac_max>
        </mac>
        <mac>
            <mac_min>FDA52728A4F4</mac_min>
            <mac_max>FDA52728A4F6</mac_max>
        </mac>
        <mac>
            <mac_min>FDA52728A4FC</mac_min>
            <mac_max>FDA52728A4FE</mac_max>
        </mac>
        <mac>
            <mac_min>FDA52728A502</mac_min>
            <mac_max>FDA52728A503</mac_max>
        </mac>
        <mac>
            <mac_min>FDA52728A50B</mac_min>
            <mac_max>FDA52728A50C</mac_max>
        </mac>
        <mac>
            <mac_min>FDA52728A50F</mac_min>
            <mac_max>FDA52728A512</mac_max>
        </mac>
        <mac>
            <mac_min>FDA52728A547</mac_min>
            <mac_max>FDA52728A548</mac_max>
        </mac>
        <mac>
            <mac_min>FDA52728A54F</mac_min>
            <mac_max>FDA52728A550</mac_max>
        </mac>
        <mac>
            <mac_min>FDA52728A567</mac_min>
            <mac_max>FDA52728A568</mac_max>
        </mac>
        <mac>
            <mac_min>FDA52728A56B</mac_min>
            <mac_max>FDA52728A56D</mac_max>
        </mac>
        <mac>
            <mac_min>FDA52728A56F</mac_min>
            <mac_max>FDA52728A571</mac_max>
        </mac>
        <mac>
            <mac_min>FDA52728A573</mac_min>
            <mac_max>FDA52728A574</mac_max>
        </mac>
        <mac>
            <mac_min>FDA52728A648</mac_min>
            <mac_max>FDA52728A649</mac_max>
        </mac>
        <mac>
            <mac_min>FDA52728A656</mac_min>
            <mac_max>FDA52728A65E</mac_max>
        </mac>
        <mac>
            <mac_min>FDA52728A660</mac_min>
            <mac_max>FDA52728A661</mac_max>
        </mac>
        <mac>
            <mac_min>FDA52728A663</mac_min>
            <mac_max>FDA52728A667</mac_max>
        </mac>
        <mac>
            <mac_min>FDA52728A669</mac_min>
            <mac_max>FDA52728A66C</mac_max>
        </mac>
        <mac>
            <mac_min>FDA52728A672</mac_min>
            <mac_max>FDA52728A674</mac_max>
        </mac>
        <mac>
            <mac_min>FDA52728A67C</mac_min>
            <mac_max>FDA52728A67D</mac_max>
        </mac>
        <mac>
            <mac_min>FDA52728A683</mac_min>
            <mac_max>FDA52728A684</mac_max>
        </mac>
        <mac>
            <mac_min>FDA52728A68D</mac_min>
            <mac_max>FDA52728A68E</mac_max>
        </mac>
        <mac>
            <mac_min>FDA52728A696</mac_min>
            <mac_max>FDA52728A697</mac_max>
        </mac>
    </mac_range>
    <mac_single>
        <mac>C91A006A0DAD</mac>
        <mac>C91A006A0DB1</mac>
        <mac>C91A006A0DB4</mac>
        <mac>C91A006A0DB6</mac>
        <mac>C91A006A0DBE</mac>
        <mac>C91A006A0DC0</mac>
        <mac>C91A006A0DC2</mac>
        <mac>C91A006A0DC7</mac>
        <mac>C91A006A0DC9</mac>
        <mac>C91A006A0DD3</mac>
        <mac>C91A006A0DD8</mac>
        <mac>C91A006A0DE4</mac>
        <mac>C91A006A0DFF</mac>
        <mac>C91A006A0E02</mac>
        <mac>C91A006A0E04</mac>
        <mac>C91A006A0E07</mac>
        <mac>C91A006A0E0F</mac>
        <mac>C91A006A0E13</mac>
        <mac>C91A006A0E15</mac>
        <mac>C91A006A0E1B</mac>
        <mac>C91A006A0E2C</mac>
        <mac>C91A006A0E33</mac>
        <mac>C91A006A0E3A</mac>
        <mac>C91A006A0E98</mac>
        <mac>C91A006A0EA6</mac>
        <mac>C91A006A0EAB</mac>
        <mac>C91A006A0EBA</mac>
        <mac>C91A006A0EBC</mac>
        <mac>C91A006A0EBF</mac>
        <mac>C91A006A0EC4</mac>
        <mac>C91A006A0EC6</mac>
        <mac>C91A006A0ECA</mac>
        <mac>C91A006A0EDA</mac>
        <mac>C91A006A0EEE</mac>
        <mac>C91A006A0EF0</mac>
        <mac>C91A006A0EF3</mac>
        <mac>C91A006A0EF6</mac>
        <mac>C91A006A0EFA</mac>
        <mac>C91A006A0EFE</mac>
        <mac>C91A006A0F05</mac>
        <mac>C91A006A0F08</mac>
        <mac>C91A006A0F34</mac>
        <mac>C91A006A0F3B</mac>
        <mac>C91A006A0F3E</mac>
        <mac>C91A006A0F4B</mac>
        <mac>C91A006A0F4D</mac>
        <mac>C91A006A0F52</mac>
        <mac>C91A006A0F59</mac>
        <mac>C91A006A0F61</mac>
        <mac>C91A006A0F63</mac>
        <mac>C91A006A0F66</mac>
        <mac>C91A006A0F7F</mac>
        <mac>C91A006A0F8D</mac>
        <mac>FDA52728A4C5</mac>
        <mac>FDA52728A4D3</mac>
        <mac>FDA52728A4EC</mac>
        <mac>FDA52728A4EF</mac>
        <mac>FDA52728A4F1</mac>
        <mac>FDA52728A4F9</mac>
        <mac>FDA52728A500</mac>
        <mac>FDA52728A505</mac>
        <mac>FDA52728A507</mac>
        <mac>FDA52728A514</mac>
        <mac>FDA52728A517</mac>
        <mac>FDA52728A51E</mac>
        <mac>FDA52728A54A</mac>
        <mac>FDA52728A54D</mac>
        <mac>FDA52728A554</mac>
        <mac>FDA52728A558</mac>
        <mac>FDA52728A55C</mac>
        <mac>FDA52728A55F</mac>
        <mac>FDA52728A562</mac>
        <mac>FDA52728A564</mac>
        <mac>FDA52728A578</mac>
        <mac>FDA52728A588</mac>
        <mac>FDA52728A58C</mac>
        <mac>FDA52728A58E</mac>
        <mac>FDA52728A593</mac>
        <mac>FDA52728A596</mac>
        <mac>FDA52728A598</mac>
        <mac>FDA52728A5A7</mac>
        <mac>FDA52728A5AC</mac>
        <mac>FDA52728A5BA</mac>
        <mac>FDA52728A618</mac>
        <mac>FDA52728A61F</mac>
        <mac>FDA52728A626</mac>
        <mac>FDA52728A637</mac>
        <mac>FDA52728A63D</mac>
        <mac>FDA52728A63F</mac>
        <mac>FDA52728A643</mac>
        <mac>FDA52728A64B</mac>
        <mac>FDA52728A64E</mac>
        <mac>FDA52728A650</mac>
        <mac>FDA52728A653</mac>
        <mac>FDA52728A66E</mac>
        <mac>FDA52728A67A</mac>
        <mac>FDA52728A67F</mac>
        <mac>FDA52728A689</mac>
        <mac>FDA52728A68B</mac>
        <mac>FDA52728A690</mac>
        <mac>FDA52728A692</mac>
        <mac>FDA52728A694</mac>
        <mac>FDA52728A69C</mac>
        <mac>FDA52728A69E</mac>
        <mac>FDA52728A6A1</mac>
        <mac>FDA52728A6A5</mac>
    </mac_single>
    <mac_warn />
</build_mac>
