<?xml version="1.0" encoding="utf-8" ?>
<build_mac>
    <build_id>861100080010300008</build_id>
    <mac_range>
        <mac>
            <mac_min>C91A00723DF8</mac_min>
            <mac_max>C91A00723DFA</mac_max>
        </mac>
        <mac>
            <mac_min>C91A00723E01</mac_min>
            <mac_max>C91A00723E02</mac_max>
        </mac>
        <mac>
            <mac_min>C91A00723E0B</mac_min>
            <mac_max>C91A00723E0E</mac_max>
        </mac>
        <mac>
            <mac_min>C91A00723E15</mac_min>
            <mac_max>C91A00723E17</mac_max>
        </mac>
        <mac>
            <mac_min>C91A00723EC0</mac_min>
            <mac_max>C91A00723EC1</mac_max>
        </mac>
        <mac>
            <mac_min>FDA5272FDC13</mac_min>
            <mac_max>FDA5272FDC15</mac_max>
        </mac>
        <mac>
            <mac_min>FDA5272FDC1C</mac_min>
            <mac_max>FDA5272FDC1D</mac_max>
        </mac>
        <mac>
            <mac_min>FDA5272FDC26</mac_min>
            <mac_max>FDA5272FDC29</mac_max>
        </mac>
        <mac>
            <mac_min>FDA5272FDC30</mac_min>
            <mac_max>FDA5272FDC32</mac_max>
        </mac>
        <mac>
            <mac_min>FDA5272FDCDB</mac_min>
            <mac_max>FDA5272FDCDC</mac_max>
        </mac>
    </mac_range>
    <mac_single>
        <mac>C91A00723DEC</mac>
        <mac>C91A00723DF1</mac>
        <mac>C91A00723DF3</mac>
        <mac>C91A00723DF6</mac>
        <mac>C91A00723E04</mac>
        <mac>C91A00723E10</mac>
        <mac>C91A00723E13</mac>
        <mac>C91A00723E19</mac>
        <mac>C91A00723EB7</mac>
        <mac>C91A00723EB9</mac>
        <mac>FDA5272FDC07</mac>
        <mac>FDA5272FDC0C</mac>
        <mac>FDA5272FDC0E</mac>
        <mac>FDA5272FDC11</mac>
        <mac>FDA5272FDC1F</mac>
        <mac>FDA5272FDC2B</mac>
        <mac>FDA5272FDC2E</mac>
        <mac>FDA5272FDC34</mac>
        <mac>FDA5272FDCD2</mac>
        <mac>FDA5272FDCD4</mac>
    </mac_single>
    <mac_warn />
</build_mac>
