<?xml version="1.0" encoding="utf-8" ?>
<build_mac>
    <build_id>861100050010300004</build_id>
    <mac_range>
        <mac>
            <mac_min>C91A006F1770</mac_min>
            <mac_max>C91A006F1793</mac_max>
        </mac>
        <mac>
            <mac_min>C91A006F1795</mac_min>
            <mac_max>C91A006F17A1</mac_max>
        </mac>
        <mac>
            <mac_min>C91A006F18CE</mac_min>
            <mac_max>C91A006F18CF</mac_max>
        </mac>
        <mac>
            <mac_min>C91A006F18D1</mac_min>
            <mac_max>C91A006F18DB</mac_max>
        </mac>
        <mac>
            <mac_min>C91A006F18DD</mac_min>
            <mac_max>C91A006F18E8</mac_max>
        </mac>
        <mac>
            <mac_min>C91A006F18EA</mac_min>
            <mac_max>C91A006F18F9</mac_max>
        </mac>
        <mac>
            <mac_min>C91A006F18FB</mac_min>
            <mac_max>C91A006F18FD</mac_max>
        </mac>
        <mac>
            <mac_min>C91A006F193C</mac_min>
            <mac_max>C91A006F193D</mac_max>
        </mac>
        <mac>
            <mac_min>C91A006F194A</mac_min>
            <mac_max>C91A006F194B</mac_max>
        </mac>
        <mac>
            <mac_min>FDA5272BB724</mac_min>
            <mac_max>FDA5272BB747</mac_max>
        </mac>
        <mac>
            <mac_min>FDA5272BB749</mac_min>
            <mac_max>FDA5272BB755</mac_max>
        </mac>
        <mac>
            <mac_min>FDA5272BB882</mac_min>
            <mac_max>FDA5272BB883</mac_max>
        </mac>
        <mac>
            <mac_min>FDA5272BB885</mac_min>
            <mac_max>FDA5272BB88F</mac_max>
        </mac>
        <mac>
            <mac_min>FDA5272BB891</mac_min>
            <mac_max>FDA5272BB89C</mac_max>
        </mac>
        <mac>
            <mac_min>FDA5272BB89E</mac_min>
            <mac_max>FDA5272BB8AD</mac_max>
        </mac>
        <mac>
            <mac_min>FDA5272BB8AF</mac_min>
            <mac_max>FDA5272BB8B1</mac_max>
        </mac>
        <mac>
            <mac_min>FDA5272BB8F0</mac_min>
            <mac_max>FDA5272BB8F1</mac_max>
        </mac>
        <mac>
            <mac_min>FDA5272BB8FE</mac_min>
            <mac_max>FDA5272BB8FF</mac_max>
        </mac>
    </mac_range>
    <mac_single>
        <mac>C91A006F18FF</mac>
        <mac>C91A006F1933</mac>
        <mac>C91A006F1940</mac>
        <mac>C91A006F1958</mac>
        <mac>FDA5272BB8B3</mac>
        <mac>FDA5272BB8E7</mac>
        <mac>FDA5272BB8F4</mac>
        <mac>FDA5272BB90C</mac>
    </mac_single>
    <mac_warn />
</build_mac>
