<?xml version="1.0" encoding="utf-8" ?>
<build_mac>
    <build_id>861100030010300003</build_id>
    <mac_range>
        <mac>
            <mac_min>C91A00620FD3</mac_min>
            <mac_max>C91A00620FD7</mac_max>
        </mac>
        <mac>
            <mac_min>C91A00620FD9</mac_min>
            <mac_max>C91A00620FDD</mac_max>
        </mac>
        <mac>
            <mac_min>C91A00620FEB</mac_min>
            <mac_max>C91A00620FEC</mac_max>
        </mac>
        <mac>
            <mac_min>C91A00620FF6</mac_min>
            <mac_max>C91A00620FF7</mac_max>
        </mac>
        <mac>
            <mac_min>C91A00620FFA</mac_min>
            <mac_max>C91A00620FFE</mac_max>
        </mac>
        <mac>
            <mac_min>C91A00621000</mac_min>
            <mac_max>C91A00621002</mac_max>
        </mac>
        <mac>
            <mac_min>FDA52723BEF6</mac_min>
            <mac_max>FDA52723BEF8</mac_max>
        </mac>
        <mac>
            <mac_min>FDA52723BEFA</mac_min>
            <mac_max>FDA52723BEFE</mac_max>
        </mac>
        <mac>
            <mac_min>FDA52723BF01</mac_min>
            <mac_max>FDA52723BF02</mac_max>
        </mac>
        <mac>
            <mac_min>FDA52723BF0C</mac_min>
            <mac_max>FDA52723BF0D</mac_max>
        </mac>
        <mac>
            <mac_min>FDA52723BF1B</mac_min>
            <mac_max>FDA52723BF1F</mac_max>
        </mac>
        <mac>
            <mac_min>FDA52723BF21</mac_min>
            <mac_max>FDA52723BF25</mac_max>
        </mac>
    </mac_range>
    <mac_single>
        <mac>C91A00620FDF</mac>
        <mac>C91A00620FE1</mac>
        <mac>C91A00620FE9</mac>
        <mac>C91A00620FF2</mac>
        <mac>FDA52723BF06</mac>
        <mac>FDA52723BF0F</mac>
        <mac>FDA52723BF17</mac>
        <mac>FDA52723BF19</mac>
    </mac_single>
    <mac_warn />
</build_mac>
