<?xml version="1.0" encoding="utf-8" ?>
<build_mac>
    <build_id>861100010030300001</build_id>
    <mac_range>
        <mac>
            <mac_min>C91A006702BC</mac_min>
            <mac_max>C91A006702E6</mac_max>
        </mac>
        <mac>
            <mac_min>C91A006702E8</mac_min>
            <mac_max>C91A00670374</mac_max>
        </mac>
        <mac>
            <mac_min>C91A00670376</mac_min>
            <mac_max>C91A006703AB</mac_max>
        </mac>
        <mac>
            <mac_min>C91A006703AD</mac_min>
            <mac_max>C91A006703CB</mac_max>
        </mac>
        <mac>
            <mac_min>C91A006703CD</mac_min>
            <mac_max>C91A006703F9</mac_max>
        </mac>
        <mac>
            <mac_min>C91A006703FB</mac_min>
            <mac_max>C91A00670419</mac_max>
        </mac>
        <mac>
            <mac_min>C91A0067047E</mac_min>
            <mac_max>C91A00670492</mac_max>
        </mac>
        <mac>
            <mac_min>C91A00670494</mac_min>
            <mac_max>C91A00670495</mac_max>
        </mac>
        <mac>
            <mac_min>C91A00670497</mac_min>
            <mac_max>C91A0067049D</mac_max>
        </mac>
        <mac>
            <mac_min>C91A0067049F</mac_min>
            <mac_max>C91A006704A8</mac_max>
        </mac>
        <mac>
            <mac_min>C91A006704AA</mac_min>
            <mac_max>C91A006704AE</mac_max>
        </mac>
        <mac>
            <mac_min>C91A006704B5</mac_min>
            <mac_max>C91A006704D3</mac_max>
        </mac>
        <mac>
            <mac_min>C91A006704D5</mac_min>
            <mac_max>C91A006704E1</mac_max>
        </mac>
        <mac>
            <mac_min>C91A00670514</mac_min>
            <mac_max>C91A00670545</mac_max>
        </mac>
        <mac>
            <mac_min>ECB329CE0000</mac_min>
            <mac_max>ECB329CE002A</mac_max>
        </mac>
        <mac>
            <mac_min>ECB329CE002C</mac_min>
            <mac_max>ECB329CE00B8</mac_max>
        </mac>
        <mac>
            <mac_min>ECB329CE00BA</mac_min>
            <mac_max>ECB329CE00EF</mac_max>
        </mac>
        <mac>
            <mac_min>ECB329CE00F1</mac_min>
            <mac_max>ECB329CE010F</mac_max>
        </mac>
        <mac>
            <mac_min>ECB329CE0111</mac_min>
            <mac_max>ECB329CE013D</mac_max>
        </mac>
        <mac>
            <mac_min>ECB329CE013F</mac_min>
            <mac_max>ECB329CE015D</mac_max>
        </mac>
        <mac>
            <mac_min>ECB329CE01C2</mac_min>
            <mac_max>ECB329CE01D6</mac_max>
        </mac>
        <mac>
            <mac_min>ECB329CE01D8</mac_min>
            <mac_max>ECB329CE01D9</mac_max>
        </mac>
        <mac>
            <mac_min>ECB329CE01DB</mac_min>
            <mac_max>ECB329CE01E1</mac_max>
        </mac>
        <mac>
            <mac_min>ECB329CE01E3</mac_min>
            <mac_max>ECB329CE01EC</mac_max>
        </mac>
        <mac>
            <mac_min>ECB329CE01EE</mac_min>
            <mac_max>ECB329CE01F2</mac_max>
        </mac>
        <mac>
            <mac_min>ECB329CE01F9</mac_min>
            <mac_max>ECB329CE0217</mac_max>
        </mac>
        <mac>
            <mac_min>ECB329CE0219</mac_min>
            <mac_max>ECB329CE0225</mac_max>
        </mac>
        <mac>
            <mac_min>ECB329CE0258</mac_min>
            <mac_max>ECB329CE0289</mac_max>
        </mac>
        <mac>
            <mac_min>FDA527281EAE</mac_min>
            <mac_max>FDA527281EDF</mac_max>
        </mac>
        <mac>
            <mac_min>FDA527281F12</mac_min>
            <mac_max>FDA527281F1E</mac_max>
        </mac>
        <mac>
            <mac_min>FDA527281F20</mac_min>
            <mac_max>FDA527281F3E</mac_max>
        </mac>
        <mac>
            <mac_min>FDA527281F45</mac_min>
            <mac_max>FDA527281F49</mac_max>
        </mac>
        <mac>
            <mac_min>FDA527281F4B</mac_min>
            <mac_max>FDA527281F54</mac_max>
        </mac>
        <mac>
            <mac_min>FDA527281F56</mac_min>
            <mac_max>FDA527281F5C</mac_max>
        </mac>
        <mac>
            <mac_min>FDA527281F5E</mac_min>
            <mac_max>FDA527281F5F</mac_max>
        </mac>
        <mac>
            <mac_min>FDA527281F61</mac_min>
            <mac_max>FDA527281F75</mac_max>
        </mac>
        <mac>
            <mac_min>FDA527281FDA</mac_min>
            <mac_max>FDA527281FF8</mac_max>
        </mac>
        <mac>
            <mac_min>FDA527281FFA</mac_min>
            <mac_max>FDA527282026</mac_max>
        </mac>
        <mac>
            <mac_min>FDA527282028</mac_min>
            <mac_max>FDA527282046</mac_max>
        </mac>
        <mac>
            <mac_min>FDA527282048</mac_min>
            <mac_max>FDA52728207D</mac_max>
        </mac>
        <mac>
            <mac_min>FDA52728207F</mac_min>
            <mac_max>FDA52728210B</mac_max>
        </mac>
        <mac>
            <mac_min>FDA52728210D</mac_min>
            <mac_max>FDA527282137</mac_max>
        </mac>
    </mac_range>
    <mac_single>
        <mac>C91A00670453</mac>
        <mac>C91A00670457</mac>
        <mac>C91A006704B3</mac>
        <mac>ECB329CE0197</mac>
        <mac>ECB329CE019B</mac>
        <mac>ECB329CE01F7</mac>
        <mac>FDA527281F40</mac>
        <mac>FDA527281F9C</mac>
        <mac>FDA527281FA0</mac>
    </mac_single>
    <mac_warn />
</build_mac>
