<?xml version="1.0" encoding="utf-8" ?>
<build_mac>
    <build_id>861100040030300001</build_id>
    <mac_range>
        <mac>
            <mac_min>C91A006E59DA</mac_min>
            <mac_max>C91A006E59DB</mac_max>
        </mac>
        <mac>
            <mac_min>C91A006E59EA</mac_min>
            <mac_max>C91A006E59EC</mac_max>
        </mac>
        <mac>
            <mac_min>C91A006E59F1</mac_min>
            <mac_max>C91A006E59F2</mac_max>
        </mac>
        <mac>
            <mac_min>C91A006E59FA</mac_min>
            <mac_max>C91A006E59FC</mac_max>
        </mac>
        <mac>
            <mac_min>C91A006E5A3C</mac_min>
            <mac_max>C91A006E5A5C</mac_max>
        </mac>
        <mac>
            <mac_min>C91A006E5A5E</mac_min>
            <mac_max>C91A006E5A68</mac_max>
        </mac>
        <mac>
            <mac_min>C91A006E5A6A</mac_min>
            <mac_max>C91A006E5A74</mac_max>
        </mac>
        <mac>
            <mac_min>C91A006E5A76</mac_min>
            <mac_max>C91A006E5A77</mac_max>
        </mac>
        <mac>
            <mac_min>C91A006E5A79</mac_min>
            <mac_max>C91A006E5A7E</mac_max>
        </mac>
        <mac>
            <mac_min>C91A006E5A80</mac_min>
            <mac_max>C91A006E5AC5</mac_max>
        </mac>
        <mac>
            <mac_min>C91A006E5AC7</mac_min>
            <mac_max>C91A006E5ACD</mac_max>
        </mac>
        <mac>
            <mac_min>C91A006E5ACF</mac_min>
            <mac_max>C91A006E5AD1</mac_max>
        </mac>
        <mac>
            <mac_min>C91A006E5B04</mac_min>
            <mac_max>C91A006E5B10</mac_max>
        </mac>
        <mac>
            <mac_min>C91A006E5B13</mac_min>
            <mac_max>C91A006E5B25</mac_max>
        </mac>
        <mac>
            <mac_min>C91A006E5B27</mac_min>
            <mac_max>C91A006E5B29</mac_max>
        </mac>
        <mac>
            <mac_min>C91A006E5B2B</mac_min>
            <mac_max>C91A006E5B32</mac_max>
        </mac>
        <mac>
            <mac_min>C91A006E5B34</mac_min>
            <mac_max>C91A006E5B44</mac_max>
        </mac>
        <mac>
            <mac_min>C91A006E5B46</mac_min>
            <mac_max>C91A006E5B67</mac_max>
        </mac>
        <mac>
            <mac_min>C91A006E5B9A</mac_min>
            <mac_max>C91A006E5BAE</mac_max>
        </mac>
        <mac>
            <mac_min>C91A006E5BB0</mac_min>
            <mac_max>C91A006E5BCB</mac_max>
        </mac>
        <mac>
            <mac_min>C91A00713778</mac_min>
            <mac_max>C91A0071377A</mac_max>
        </mac>
        <mac>
            <mac_min>C91A0071377C</mac_min>
            <mac_max>C91A00713785</mac_max>
        </mac>
        <mac>
            <mac_min>C91A00713787</mac_min>
            <mac_max>C91A00713797</mac_max>
        </mac>
        <mac>
            <mac_min>C91A00713799</mac_min>
            <mac_max>C91A007137A0</mac_max>
        </mac>
        <mac>
            <mac_min>C91A007137A2</mac_min>
            <mac_max>C91A007137A3</mac_max>
        </mac>
        <mac>
            <mac_min>C91A007137A5</mac_min>
            <mac_max>C91A007137A7</mac_max>
        </mac>
        <mac>
            <mac_min>C91A007137DC</mac_min>
            <mac_max>C91A0071380D</mac_max>
        </mac>
        <mac>
            <mac_min>FDA5272B824B</mac_min>
            <mac_max>FDA5272B824C</mac_max>
        </mac>
        <mac>
            <mac_min>FDA5272B825B</mac_min>
            <mac_max>FDA5272B825D</mac_max>
        </mac>
        <mac>
            <mac_min>FDA5272B8262</mac_min>
            <mac_max>FDA5272B8263</mac_max>
        </mac>
        <mac>
            <mac_min>FDA5272B826B</mac_min>
            <mac_max>FDA5272B826D</mac_max>
        </mac>
        <mac>
            <mac_min>FDA5272B82AD</mac_min>
            <mac_max>FDA5272B82CD</mac_max>
        </mac>
        <mac>
            <mac_min>FDA5272B82CF</mac_min>
            <mac_max>FDA5272B82D9</mac_max>
        </mac>
        <mac>
            <mac_min>FDA5272B82DB</mac_min>
            <mac_max>FDA5272B82E5</mac_max>
        </mac>
        <mac>
            <mac_min>FDA5272B82E7</mac_min>
            <mac_max>FDA5272B82E8</mac_max>
        </mac>
        <mac>
            <mac_min>FDA5272B82EA</mac_min>
            <mac_max>FDA5272B82EF</mac_max>
        </mac>
        <mac>
            <mac_min>FDA5272B82F1</mac_min>
            <mac_max>FDA5272B8336</mac_max>
        </mac>
        <mac>
            <mac_min>FDA5272B8338</mac_min>
            <mac_max>FDA5272B833E</mac_max>
        </mac>
        <mac>
            <mac_min>FDA5272B8340</mac_min>
            <mac_max>FDA5272B8342</mac_max>
        </mac>
        <mac>
            <mac_min>FDA5272B8375</mac_min>
            <mac_max>FDA5272B8381</mac_max>
        </mac>
        <mac>
            <mac_min>FDA5272B8384</mac_min>
            <mac_max>FDA5272B8396</mac_max>
        </mac>
        <mac>
            <mac_min>FDA5272B8398</mac_min>
            <mac_max>FDA5272B839A</mac_max>
        </mac>
        <mac>
            <mac_min>FDA5272B839C</mac_min>
            <mac_max>FDA5272B83A3</mac_max>
        </mac>
        <mac>
            <mac_min>FDA5272B83A5</mac_min>
            <mac_max>FDA5272B83B5</mac_max>
        </mac>
        <mac>
            <mac_min>FDA5272B83B7</mac_min>
            <mac_max>FDA5272B83D8</mac_max>
        </mac>
        <mac>
            <mac_min>FDA5272B840B</mac_min>
            <mac_max>FDA5272B841F</mac_max>
        </mac>
        <mac>
            <mac_min>FDA5272B8421</mac_min>
            <mac_max>FDA5272B843C</mac_max>
        </mac>
        <mac>
            <mac_min>FDA5272E219B</mac_min>
            <mac_max>FDA5272E219D</mac_max>
        </mac>
        <mac>
            <mac_min>FDA5272E219F</mac_min>
            <mac_max>FDA5272E21A8</mac_max>
        </mac>
        <mac>
            <mac_min>FDA5272E21AA</mac_min>
            <mac_max>FDA5272E21BA</mac_max>
        </mac>
        <mac>
            <mac_min>FDA5272E21BC</mac_min>
            <mac_max>FDA5272E21C3</mac_max>
        </mac>
        <mac>
            <mac_min>FDA5272E21C5</mac_min>
            <mac_max>FDA5272E21C6</mac_max>
        </mac>
        <mac>
            <mac_min>FDA5272E21C8</mac_min>
            <mac_max>FDA5272E21CA</mac_max>
        </mac>
        <mac>
            <mac_min>FDA5272E21FF</mac_min>
            <mac_max>FDA5272E2230</mac_max>
        </mac>
    </mac_range>
    <mac_single>
        <mac>C91A006E59D8</mac>
        <mac>C91A006E59E0</mac>
        <mac>C91A006E59E7</mac>
        <mac>C91A006E59EE</mac>
        <mac>C91A006E59F4</mac>
        <mac>C91A006E59F6</mac>
        <mac>C91A006E59F8</mac>
        <mac>C91A006E59FF</mac>
        <mac>C91A006E5A02</mac>
        <mac>C91A006E5A04</mac>
        <mac>C91A007137A9</mac>
        <mac>FDA5272B8249</mac>
        <mac>FDA5272B8251</mac>
        <mac>FDA5272B8258</mac>
        <mac>FDA5272B825F</mac>
        <mac>FDA5272B8265</mac>
        <mac>FDA5272B8267</mac>
        <mac>FDA5272B8269</mac>
        <mac>FDA5272B8270</mac>
        <mac>FDA5272B8273</mac>
        <mac>FDA5272B8275</mac>
        <mac>FDA5272E21CC</mac>
    </mac_single>
    <mac_warn />
</build_mac>
