<?xml version="1.0" encoding="utf-8" ?>
<build_mac>
    <build_id>861100090020300002</build_id>
    <mac_range>
        <mac>
            <mac_min>C91A007137AA</mac_min>
            <mac_max>C91A007137B2</mac_max>
        </mac>
        <mac>
            <mac_min>C91A007137B4</mac_min>
            <mac_max>C91A007137DB</mac_max>
        </mac>
        <mac>
            <mac_min>FDA5272E21CD</mac_min>
            <mac_max>FDA5272E21D5</mac_max>
        </mac>
        <mac>
            <mac_min>FDA5272E21D7</mac_min>
            <mac_max>FDA5272E21FE</mac_max>
        </mac>
    </mac_range>
    <mac_single>
        <mac>C91A007136F7</mac>
        <mac>C91A007136F9</mac>
        <mac>C91A00713700</mac>
        <mac>C91A0071370E</mac>
        <mac>C91A00713725</mac>
        <mac>FDA5272E211A</mac>
        <mac>FDA5272E211C</mac>
        <mac>FDA5272E2123</mac>
        <mac>FDA5272E2131</mac>
        <mac>FDA5272E2148</mac>
    </mac_single>
    <mac_warn />
</build_mac>
