<?xml version="1.0" encoding="utf-8" ?>
<build_mac>
    <build_id>861100020010300002</build_id>
    <mac_range>
        <mac>
            <mac_min>C91A006B09C6</mac_min>
            <mac_max>C91A006B09C7</mac_max>
        </mac>
        <mac>
            <mac_min>C91A006B09CC</mac_min>
            <mac_max>C91A006B09CE</mac_max>
        </mac>
        <mac>
            <mac_min>C91A006B09D0</mac_min>
            <mac_max>C91A006B09D1</mac_max>
        </mac>
        <mac>
            <mac_min>C91A006B09D8</mac_min>
            <mac_max>C91A006B09E7</mac_max>
        </mac>
        <mac>
            <mac_min>C91A006B09E9</mac_min>
            <mac_max>C91A006B09EA</mac_max>
        </mac>
        <mac>
            <mac_min>C91A006B09F0</mac_min>
            <mac_max>C91A006B09F3</mac_max>
        </mac>
        <mac>
            <mac_min>C91A006B0A28</mac_min>
            <mac_max>C91A006B0A38</mac_max>
        </mac>
        <mac>
            <mac_min>C91A006B0A3A</mac_min>
            <mac_max>C91A006B0A59</mac_max>
        </mac>
        <mac>
            <mac_min>C91A006B0B56</mac_min>
            <mac_max>C91A006B0B6A</mac_max>
        </mac>
        <mac>
            <mac_min>C91A006B0B6C</mac_min>
            <mac_max>C91A006B0B85</mac_max>
        </mac>
        <mac>
            <mac_min>FDA527292CA6</mac_min>
            <mac_max>FDA527292CBF</mac_max>
        </mac>
        <mac>
            <mac_min>FDA527292CC1</mac_min>
            <mac_max>FDA527292CD5</mac_max>
        </mac>
        <mac>
            <mac_min>FDA527292DD2</mac_min>
            <mac_max>FDA527292DF1</mac_max>
        </mac>
        <mac>
            <mac_min>FDA527292DF3</mac_min>
            <mac_max>FDA527292E03</mac_max>
        </mac>
        <mac>
            <mac_min>FDA527292E3A</mac_min>
            <mac_max>FDA527292E3D</mac_max>
        </mac>
        <mac>
            <mac_min>FDA527292E43</mac_min>
            <mac_max>FDA527292E44</mac_max>
        </mac>
        <mac>
            <mac_min>FDA527292E46</mac_min>
            <mac_max>FDA527292E55</mac_max>
        </mac>
        <mac>
            <mac_min>FDA527292E5C</mac_min>
            <mac_max>FDA527292E5D</mac_max>
        </mac>
        <mac>
            <mac_min>FDA527292E5F</mac_min>
            <mac_max>FDA527292E61</mac_max>
        </mac>
        <mac>
            <mac_min>FDA527292E66</mac_min>
            <mac_max>FDA527292E67</mac_max>
        </mac>
    </mac_range>
    <mac_single>
        <mac>C91A006B09CA</mac>
        <mac>C91A006B09D5</mac>
        <mac>C91A006B09ED</mac>
        <mac>C91A006B09F5</mac>
        <mac>C91A006B0B54</mac>
        <mac>FDA527292CD7</mac>
        <mac>FDA527292E38</mac>
        <mac>FDA527292E40</mac>
        <mac>FDA527292E58</mac>
        <mac>FDA527292E63</mac>
    </mac_single>
    <mac_warn />
</build_mac>
