<?xml version="1.0" encoding="utf-8" ?>
<build_mac>
    <build_id>861100010070300004</build_id>
    <mac_range>
        <mac>
            <mac_min>C91A00611FA4</mac_min>
            <mac_max>C91A00611FD5</mac_max>
        </mac>
        <mac>
            <mac_min>C91A0061238C</mac_min>
            <mac_max>C91A0061238D</mac_max>
        </mac>
        <mac>
            <mac_min>C91A00612393</mac_min>
            <mac_max>C91A00612395</mac_max>
        </mac>
        <mac>
            <mac_min>C91A00612398</mac_min>
            <mac_max>C91A00612399</mac_max>
        </mac>
        <mac>
            <mac_min>C91A0061239E</mac_min>
            <mac_max>C91A0061239F</mac_max>
        </mac>
        <mac>
            <mac_min>C91A006123A1</mac_min>
            <mac_max>C91A006123A2</mac_max>
        </mac>
        <mac>
            <mac_min>C91A006123AA</mac_min>
            <mac_max>C91A006123AC</mac_max>
        </mac>
        <mac>
            <mac_min>C91A006123B5</mac_min>
            <mac_max>C91A006123B6</mac_max>
        </mac>
        <mac>
            <mac_min>C91A006124EA</mac_min>
            <mac_max>C91A0061251B</mac_max>
        </mac>
        <mac>
            <mac_min>C91A006126AC</mac_min>
            <mac_max>C91A006126D7</mac_max>
        </mac>
        <mac>
            <mac_min>C91A006126D9</mac_min>
            <mac_max>C91A006126DA</mac_max>
        </mac>
        <mac>
            <mac_min>C91A006126DC</mac_min>
            <mac_max>C91A006126DD</mac_max>
        </mac>
        <mac>
            <mac_min>C91A006E59E3</mac_min>
            <mac_max>C91A006E59E4</mac_max>
        </mac>
        <mac>
            <mac_min>FDA527228A1E</mac_min>
            <mac_max>FDA527228A1F</mac_max>
        </mac>
        <mac>
            <mac_min>FDA527228A21</mac_min>
            <mac_max>FDA527228A22</mac_max>
        </mac>
        <mac>
            <mac_min>FDA527228A24</mac_min>
            <mac_max>FDA527228A4F</mac_max>
        </mac>
        <mac>
            <mac_min>FDA527228BE0</mac_min>
            <mac_max>FDA527228C11</mac_max>
        </mac>
        <mac>
            <mac_min>FDA527228D45</mac_min>
            <mac_max>FDA527228D46</mac_max>
        </mac>
        <mac>
            <mac_min>FDA527228D4F</mac_min>
            <mac_max>FDA527228D51</mac_max>
        </mac>
        <mac>
            <mac_min>FDA527228D59</mac_min>
            <mac_max>FDA527228D5A</mac_max>
        </mac>
        <mac>
            <mac_min>FDA527228D5C</mac_min>
            <mac_max>FDA527228D5D</mac_max>
        </mac>
        <mac>
            <mac_min>FDA527228D62</mac_min>
            <mac_max>FDA527228D63</mac_max>
        </mac>
        <mac>
            <mac_min>FDA527228D66</mac_min>
            <mac_max>FDA527228D68</mac_max>
        </mac>
        <mac>
            <mac_min>FDA527228D6E</mac_min>
            <mac_max>FDA527228D6F</mac_max>
        </mac>
        <mac>
            <mac_min>FDA527229127</mac_min>
            <mac_max>FDA527229158</mac_max>
        </mac>
        <mac>
            <mac_min>FDA5272B8254</mac_min>
            <mac_max>FDA5272B8255</mac_max>
        </mac>
    </mac_range>
    <mac_single>
        <mac>C91A00611618</mac>
        <mac>C91A0061238F</mac>
        <mac>C91A0061239B</mac>
        <mac>C91A006123A4</mac>
        <mac>C91A006123AF</mac>
        <mac>C91A006123B1</mac>
        <mac>C91A006123B3</mac>
        <mac>C91A006123BB</mac>
        <mac>C91A006123BD</mac>
        <mac>C91A006E59DF</mac>
        <mac>FDA527228D3E</mac>
        <mac>FDA527228D40</mac>
        <mac>FDA527228D48</mac>
        <mac>FDA527228D4A</mac>
        <mac>FDA527228D4C</mac>
        <mac>FDA527228D57</mac>
        <mac>FDA527228D60</mac>
        <mac>FDA527228D6C</mac>
        <mac>FDA527229AE9</mac>
        <mac>FDA5272B8250</mac>
    </mac_single>
    <mac_warn />
</build_mac>
