<?xml version="1.0" encoding="utf-8" ?>
<build_mac>
    <build_id>861100010060300009</build_id>
    <mac_range>
        <mac>
            <mac_min>C91A006A2D50</mac_min>
            <mac_max>C91A006A2D51</mac_max>
        </mac>
        <mac>
            <mac_min>C91A006A2D53</mac_min>
            <mac_max>C91A006A2D5D</mac_max>
        </mac>
        <mac>
            <mac_min>C91A006A2D5F</mac_min>
            <mac_max>C91A006A2D60</mac_max>
        </mac>
        <mac>
            <mac_min>C91A006A2D62</mac_min>
            <mac_max>C91A006A2D68</mac_max>
        </mac>
        <mac>
            <mac_min>C91A006A2D6B</mac_min>
            <mac_max>C91A006A2D81</mac_max>
        </mac>
        <mac>
            <mac_min>C91A006A2DB4</mac_min>
            <mac_max>C91A006A2DE5</mac_max>
        </mac>
        <mac>
            <mac_min>C91A006A2DE7</mac_min>
            <mac_max>C91A006A2DE9</mac_max>
        </mac>
        <mac>
            <mac_min>C91A006A2DEC</mac_min>
            <mac_max>C91A006A2DED</mac_max>
        </mac>
        <mac>
            <mac_min>C91A006A2DEF</mac_min>
            <mac_max>C91A006A2DF0</mac_max>
        </mac>
        <mac>
            <mac_min>C91A006A2DF5</mac_min>
            <mac_max>C91A006A2DF6</mac_max>
        </mac>
        <mac>
            <mac_min>C91A006A2DFD</mac_min>
            <mac_max>C91A006A2DFE</mac_max>
        </mac>
        <mac>
            <mac_min>C91A006A2E03</mac_min>
            <mac_max>C91A006A2E04</mac_max>
        </mac>
        <mac>
            <mac_min>C91A006A2E09</mac_min>
            <mac_max>C91A006A2E0A</mac_max>
        </mac>
        <mac>
            <mac_min>C91A006A2E12</mac_min>
            <mac_max>C91A006A2E14</mac_max>
        </mac>
        <mac>
            <mac_min>C91A006A2E16</mac_min>
            <mac_max>C91A006A2E49</mac_max>
        </mac>
        <mac>
            <mac_min>C91A006A2E8A</mac_min>
            <mac_max>C91A006A2E8B</mac_max>
        </mac>
        <mac>
            <mac_min>C91A006A2EAE</mac_min>
            <mac_max>C91A006A2EDF</mac_max>
        </mac>
        <mac>
            <mac_min>FDA527293BB2</mac_min>
            <mac_max>FDA527293BE3</mac_max>
        </mac>
        <mac>
            <mac_min>FDA527293C06</mac_min>
            <mac_max>FDA527293C07</mac_max>
        </mac>
        <mac>
            <mac_min>FDA527293C48</mac_min>
            <mac_max>FDA527293C7B</mac_max>
        </mac>
        <mac>
            <mac_min>FDA527293C7D</mac_min>
            <mac_max>FDA527293C7F</mac_max>
        </mac>
        <mac>
            <mac_min>FDA527293C87</mac_min>
            <mac_max>FDA527293C88</mac_max>
        </mac>
        <mac>
            <mac_min>FDA527293C8D</mac_min>
            <mac_max>FDA527293C8E</mac_max>
        </mac>
        <mac>
            <mac_min>FDA527293C93</mac_min>
            <mac_max>FDA527293C94</mac_max>
        </mac>
        <mac>
            <mac_min>FDA527293C9B</mac_min>
            <mac_max>FDA527293C9C</mac_max>
        </mac>
        <mac>
            <mac_min>FDA527293CA1</mac_min>
            <mac_max>FDA527293CA2</mac_max>
        </mac>
        <mac>
            <mac_min>FDA527293CA4</mac_min>
            <mac_max>FDA527293CA5</mac_max>
        </mac>
        <mac>
            <mac_min>FDA527293CA8</mac_min>
            <mac_max>FDA527293CAA</mac_max>
        </mac>
        <mac>
            <mac_min>FDA527293CAC</mac_min>
            <mac_max>FDA527293CDD</mac_max>
        </mac>
        <mac>
            <mac_min>FDA527293D10</mac_min>
            <mac_max>FDA527293D26</mac_max>
        </mac>
        <mac>
            <mac_min>FDA527293D29</mac_min>
            <mac_max>FDA527293D2F</mac_max>
        </mac>
        <mac>
            <mac_min>FDA527293D31</mac_min>
            <mac_max>FDA527293D32</mac_max>
        </mac>
        <mac>
            <mac_min>FDA527293D34</mac_min>
            <mac_max>FDA527293D3E</mac_max>
        </mac>
        <mac>
            <mac_min>FDA527293D40</mac_min>
            <mac_max>FDA527293D41</mac_max>
        </mac>
    </mac_range>
    <mac_single>
        <mac>C91A006A2DF9</mac>
        <mac>C91A006A2DFB</mac>
        <mac>C91A006A2E07</mac>
        <mac>C91A006A2E0D</mac>
        <mac>C91A006A2E0F</mac>
        <mac>C91A006A2E7C</mac>
        <mac>C91A006A2E7E</mac>
        <mac>C91A006A2E88</mac>
        <mac>C91A006A2E8E</mac>
        <mac>C91A006A2E96</mac>
        <mac>C91A006A2E98</mac>
        <mac>FDA527293BF9</mac>
        <mac>FDA527293BFB</mac>
        <mac>FDA527293C03</mac>
        <mac>FDA527293C09</mac>
        <mac>FDA527293C13</mac>
        <mac>FDA527293C15</mac>
        <mac>FDA527293C82</mac>
        <mac>FDA527293C84</mac>
        <mac>FDA527293C8A</mac>
        <mac>FDA527293C96</mac>
        <mac>FDA527293C98</mac>
    </mac_single>
    <mac_warn />
</build_mac>
