<?xml version="1.0" encoding="utf-8" ?>
<build_mac>
    <build_id>861100010060300001</build_id>
    <mac_range>
        <mac>
            <mac_min>C91A00670000</mac_min>
            <mac_max>C91A0067001F</mac_max>
        </mac>
        <mac>
            <mac_min>C91A00670021</mac_min>
            <mac_max>C91A0067015D</mac_max>
        </mac>
        <mac>
            <mac_min>C91A006701C2</mac_min>
            <mac_max>C91A006701F4</mac_max>
        </mac>
        <mac>
            <mac_min>C91A00670209</mac_min>
            <mac_max>C91A0067020C</mac_max>
        </mac>
        <mac>
            <mac_min>C91A00670225</mac_min>
            <mac_max>C91A00670255</mac_max>
        </mac>
        <mac>
            <mac_min>C91A00670257</mac_min>
            <mac_max>C91A0067028C</mac_max>
        </mac>
        <mac>
            <mac_min>C91A0067028E</mac_min>
            <mac_max>C91A006702B3</mac_max>
        </mac>
        <mac>
            <mac_min>C91A006702B5</mac_min>
            <mac_max>C91A006702BB</mac_max>
        </mac>
        <mac>
            <mac_min>ECB329CD0000</mac_min>
            <mac_max>ECB329CD001F</mac_max>
        </mac>
        <mac>
            <mac_min>ECB329CD0021</mac_min>
            <mac_max>ECB329CD015D</mac_max>
        </mac>
        <mac>
            <mac_min>ECB329CD01C2</mac_min>
            <mac_max>ECB329CD01F4</mac_max>
        </mac>
        <mac>
            <mac_min>ECB329CD0209</mac_min>
            <mac_max>ECB329CD020C</mac_max>
        </mac>
        <mac>
            <mac_min>ECB329CD0225</mac_min>
            <mac_max>ECB329CD0255</mac_max>
        </mac>
        <mac>
            <mac_min>ECB329CD0257</mac_min>
            <mac_max>ECB329CD028C</mac_max>
        </mac>
        <mac>
            <mac_min>ECB329CD028E</mac_min>
            <mac_max>ECB329CD02B3</mac_max>
        </mac>
        <mac>
            <mac_min>ECB329CD02B5</mac_min>
            <mac_max>ECB329CD02BB</mac_max>
        </mac>
        <mac>
            <mac_min>FDA527282138</mac_min>
            <mac_max>FDA52728213E</mac_max>
        </mac>
        <mac>
            <mac_min>FDA527282140</mac_min>
            <mac_max>FDA527282165</mac_max>
        </mac>
        <mac>
            <mac_min>FDA527282167</mac_min>
            <mac_max>FDA52728219C</mac_max>
        </mac>
        <mac>
            <mac_min>FDA52728219E</mac_min>
            <mac_max>FDA5272821CE</mac_max>
        </mac>
        <mac>
            <mac_min>FDA5272821E7</mac_min>
            <mac_max>FDA5272821EA</mac_max>
        </mac>
        <mac>
            <mac_min>FDA527282203</mac_min>
            <mac_max>FDA527282234</mac_max>
        </mac>
        <mac>
            <mac_min>FDA527282299</mac_min>
            <mac_max>FDA5272823D5</mac_max>
        </mac>
        <mac>
            <mac_min>FDA5272823D7</mac_min>
            <mac_max>FDA5272823F6</mac_max>
        </mac>
    </mac_range>
    <mac_single>
        <mac>C91A006701FF</mac>
        <mac>C91A00670201</mac>
        <mac>C91A00670203</mac>
        <mac>C91A00670205</mac>
        <mac>C91A00670222</mac>
        <mac>ECB329CD01FF</mac>
        <mac>ECB329CD0201</mac>
        <mac>ECB329CD0203</mac>
        <mac>ECB329CD0205</mac>
        <mac>ECB329CD0222</mac>
        <mac>FDA5272821D1</mac>
        <mac>FDA5272821EE</mac>
        <mac>FDA5272821F0</mac>
        <mac>FDA5272821F2</mac>
        <mac>FDA5272821F4</mac>
        <mac>FDA5272821FF</mac>
    </mac_single>
    <mac_warn />
</build_mac>
