<?xml version="1.0" encoding="utf-8" ?>
<build_mac>
    <build_id>861100090020300001</build_id>
    <mac_range>
        <mac>
            <mac_min>C91A007136B0</mac_min>
            <mac_max>C91A007136B3</mac_max>
        </mac>
        <mac>
            <mac_min>C91A007136B5</mac_min>
            <mac_max>C91A007136B9</mac_max>
        </mac>
        <mac>
            <mac_min>C91A007136BC</mac_min>
            <mac_max>C91A007136BE</mac_max>
        </mac>
        <mac>
            <mac_min>C91A007136C0</mac_min>
            <mac_max>C91A007136C3</mac_max>
        </mac>
        <mac>
            <mac_min>C91A007136C5</mac_min>
            <mac_max>C91A007136C6</mac_max>
        </mac>
        <mac>
            <mac_min>C91A007136C8</mac_min>
            <mac_max>C91A007136C9</mac_max>
        </mac>
        <mac>
            <mac_min>C91A007136CF</mac_min>
            <mac_max>C91A007136D0</mac_max>
        </mac>
        <mac>
            <mac_min>C91A007136DB</mac_min>
            <mac_max>C91A007136E1</mac_max>
        </mac>
        <mac>
            <mac_min>C91A00713714</mac_min>
            <mac_max>C91A00713718</mac_max>
        </mac>
        <mac>
            <mac_min>C91A0071371A</mac_min>
            <mac_max>C91A00713724</mac_max>
        </mac>
        <mac>
            <mac_min>C91A00713726</mac_min>
            <mac_max>C91A00713738</mac_max>
        </mac>
        <mac>
            <mac_min>C91A0071373A</mac_min>
            <mac_max>C91A0071373F</mac_max>
        </mac>
        <mac>
            <mac_min>C91A00713741</mac_min>
            <mac_max>C91A00713745</mac_max>
        </mac>
        <mac>
            <mac_min>C91A00713843</mac_min>
            <mac_max>C91A00713846</mac_max>
        </mac>
        <mac>
            <mac_min>C91A00713849</mac_min>
            <mac_max>C91A0071384C</mac_max>
        </mac>
        <mac>
            <mac_min>C91A00713850</mac_min>
            <mac_max>C91A00713853</mac_max>
        </mac>
        <mac>
            <mac_min>C91A00713858</mac_min>
            <mac_max>C91A0071385D</mac_max>
        </mac>
        <mac>
            <mac_min>C91A00713861</mac_min>
            <mac_max>C91A00713862</mac_max>
        </mac>
        <mac>
            <mac_min>C91A00713864</mac_min>
            <mac_max>C91A00713867</mac_max>
        </mac>
        <mac>
            <mac_min>C91A00713869</mac_min>
            <mac_max>C91A0071386B</mac_max>
        </mac>
        <mac>
            <mac_min>FDA5272E20D3</mac_min>
            <mac_max>FDA5272E20D6</mac_max>
        </mac>
        <mac>
            <mac_min>FDA5272E20D8</mac_min>
            <mac_max>FDA5272E20DC</mac_max>
        </mac>
        <mac>
            <mac_min>FDA5272E20DF</mac_min>
            <mac_max>FDA5272E20E1</mac_max>
        </mac>
        <mac>
            <mac_min>FDA5272E20E3</mac_min>
            <mac_max>FDA5272E20E6</mac_max>
        </mac>
        <mac>
            <mac_min>FDA5272E20E8</mac_min>
            <mac_max>FDA5272E20E9</mac_max>
        </mac>
        <mac>
            <mac_min>FDA5272E20EB</mac_min>
            <mac_max>FDA5272E20EC</mac_max>
        </mac>
        <mac>
            <mac_min>FDA5272E20F2</mac_min>
            <mac_max>FDA5272E20F3</mac_max>
        </mac>
        <mac>
            <mac_min>FDA5272E20FE</mac_min>
            <mac_max>FDA5272E2104</mac_max>
        </mac>
        <mac>
            <mac_min>FDA5272E2137</mac_min>
            <mac_max>FDA5272E213B</mac_max>
        </mac>
        <mac>
            <mac_min>FDA5272E213D</mac_min>
            <mac_max>FDA5272E2147</mac_max>
        </mac>
        <mac>
            <mac_min>FDA5272E2149</mac_min>
            <mac_max>FDA5272E215B</mac_max>
        </mac>
        <mac>
            <mac_min>FDA5272E215D</mac_min>
            <mac_max>FDA5272E2162</mac_max>
        </mac>
        <mac>
            <mac_min>FDA5272E2164</mac_min>
            <mac_max>FDA5272E2168</mac_max>
        </mac>
        <mac>
            <mac_min>FDA5272E2266</mac_min>
            <mac_max>FDA5272E2269</mac_max>
        </mac>
        <mac>
            <mac_min>FDA5272E226C</mac_min>
            <mac_max>FDA5272E226F</mac_max>
        </mac>
        <mac>
            <mac_min>FDA5272E2273</mac_min>
            <mac_max>FDA5272E2276</mac_max>
        </mac>
        <mac>
            <mac_min>FDA5272E227B</mac_min>
            <mac_max>FDA5272E2280</mac_max>
        </mac>
        <mac>
            <mac_min>FDA5272E2284</mac_min>
            <mac_max>FDA5272E2285</mac_max>
        </mac>
        <mac>
            <mac_min>FDA5272E2287</mac_min>
            <mac_max>FDA5272E228A</mac_max>
        </mac>
        <mac>
            <mac_min>FDA5272E228C</mac_min>
            <mac_max>FDA5272E228E</mac_max>
        </mac>
    </mac_range>
    <mac_single>
        <mac>C91A007136CB</mac>
        <mac>C91A007136D2</mac>
        <mac>C91A007136D4</mac>
        <mac>C91A007136D7</mac>
        <mac>C91A007136D9</mac>
        <mac>C91A0071384E</mac>
        <mac>C91A0071386D</mac>
        <mac>FDA5272E20EE</mac>
        <mac>FDA5272E20F5</mac>
        <mac>FDA5272E20F7</mac>
        <mac>FDA5272E20FA</mac>
        <mac>FDA5272E20FC</mac>
        <mac>FDA5272E2271</mac>
        <mac>FDA5272E2290</mac>
    </mac_single>
    <mac_warn />
</build_mac>
