<?xml version="1.0" encoding="utf-8" ?>
<build_mac>
    <build_id>861100050010300003</build_id>
    <mac_range>
        <mac>
            <mac_min>C91A006F17A2</mac_min>
            <mac_max>C91A006F17BC</mac_max>
        </mac>
        <mac>
            <mac_min>C91A006F17BE</mac_min>
            <mac_max>C91A006F17D3</mac_max>
        </mac>
        <mac>
            <mac_min>C91A006F1934</mac_min>
            <mac_max>C91A006F1935</mac_max>
        </mac>
        <mac>
            <mac_min>C91A006F1937</mac_min>
            <mac_max>C91A006F193B</mac_max>
        </mac>
        <mac>
            <mac_min>C91A006F193E</mac_min>
            <mac_max>C91A006F193F</mac_max>
        </mac>
        <mac>
            <mac_min>C91A006F1941</mac_min>
            <mac_max>C91A006F1949</mac_max>
        </mac>
        <mac>
            <mac_min>C91A006F194C</mac_min>
            <mac_max>C91A006F1957</mac_max>
        </mac>
        <mac>
            <mac_min>C91A006F1959</mac_min>
            <mac_max>C91A006F1963</mac_max>
        </mac>
        <mac>
            <mac_min>FDA5272BB756</mac_min>
            <mac_max>FDA5272BB770</mac_max>
        </mac>
        <mac>
            <mac_min>FDA5272BB772</mac_min>
            <mac_max>FDA5272BB787</mac_max>
        </mac>
        <mac>
            <mac_min>FDA5272BB8E8</mac_min>
            <mac_max>FDA5272BB8E9</mac_max>
        </mac>
        <mac>
            <mac_min>FDA5272BB8EB</mac_min>
            <mac_max>FDA5272BB8EF</mac_max>
        </mac>
        <mac>
            <mac_min>FDA5272BB8F2</mac_min>
            <mac_max>FDA5272BB8F3</mac_max>
        </mac>
        <mac>
            <mac_min>FDA5272BB8F5</mac_min>
            <mac_max>FDA5272BB8FD</mac_max>
        </mac>
        <mac>
            <mac_min>FDA5272BB900</mac_min>
            <mac_max>FDA5272BB90B</mac_max>
        </mac>
        <mac>
            <mac_min>FDA5272BB90D</mac_min>
            <mac_max>FDA5272BB917</mac_max>
        </mac>
    </mac_range>
    <mac_single>
        <mac>C91A006F1932</mac>
        <mac>FDA5272BB8E6</mac>
    </mac_single>
    <mac_warn />
</build_mac>
