<?xml version="1.0" encoding="utf-8" ?>
<build_mac>
    <build_id>861100010090300003</build_id>
    <mac_range>
        <mac>
            <mac_min>C91A006A2CEC</mac_min>
            <mac_max>C91A006A2D4F</mac_max>
        </mac>
        <mac>
            <mac_min>C91A006A2D69</mac_min>
            <mac_max>C91A006A2D6A</mac_max>
        </mac>
        <mac>
            <mac_min>C91A006A2D82</mac_min>
            <mac_max>C91A006A2DB3</mac_max>
        </mac>
        <mac>
            <mac_min>C91A006A2DEA</mac_min>
            <mac_max>C91A006A2DEB</mac_max>
        </mac>
        <mac>
            <mac_min>C91A006A2DF1</mac_min>
            <mac_max>C91A006A2DF4</mac_max>
        </mac>
        <mac>
            <mac_min>C91A006A2DF7</mac_min>
            <mac_max>C91A006A2DF8</mac_max>
        </mac>
        <mac>
            <mac_min>C91A006A2DFF</mac_min>
            <mac_max>C91A006A2E02</mac_max>
        </mac>
        <mac>
            <mac_min>C91A006A2E05</mac_min>
            <mac_max>C91A006A2E06</mac_max>
        </mac>
        <mac>
            <mac_min>C91A006A2E0B</mac_min>
            <mac_max>C91A006A2E0C</mac_max>
        </mac>
        <mac>
            <mac_min>C91A006A2E10</mac_min>
            <mac_max>C91A006A2E11</mac_max>
        </mac>
        <mac>
            <mac_min>C91A006A2E4B</mac_min>
            <mac_max>C91A006A2E4C</mac_max>
        </mac>
        <mac>
            <mac_min>C91A006A2E4E</mac_min>
            <mac_max>C91A006A2E51</mac_max>
        </mac>
        <mac>
            <mac_min>C91A006A2E5D</mac_min>
            <mac_max>C91A006A2E5F</mac_max>
        </mac>
        <mac>
            <mac_min>C91A006A2E62</mac_min>
            <mac_max>C91A006A2E63</mac_max>
        </mac>
        <mac>
            <mac_min>C91A006A2E6A</mac_min>
            <mac_max>C91A006A2E6D</mac_max>
        </mac>
        <mac>
            <mac_min>C91A006A2E78</mac_min>
            <mac_max>C91A006A2E79</mac_max>
        </mac>
        <mac>
            <mac_min>C91A006A2E7F</mac_min>
            <mac_max>C91A006A2E87</mac_max>
        </mac>
        <mac>
            <mac_min>C91A006A2E8C</mac_min>
            <mac_max>C91A006A2E8D</mac_max>
        </mac>
        <mac>
            <mac_min>C91A006A2E8F</mac_min>
            <mac_max>C91A006A2E95</mac_max>
        </mac>
        <mac>
            <mac_min>C91A006A2E99</mac_min>
            <mac_max>C91A006A2EAD</mac_max>
        </mac>
        <mac>
            <mac_min>C91A006B31CE</mac_min>
            <mac_max>C91A006B3202</mac_max>
        </mac>
        <mac>
            <mac_min>C91A006B3204</mac_min>
            <mac_max>C91A006B3208</mac_max>
        </mac>
        <mac>
            <mac_min>C91A006B320A</mac_min>
            <mac_max>C91A006B3231</mac_max>
        </mac>
        <mac>
            <mac_min>C91A006B3264</mac_min>
            <mac_max>C91A006B3277</mac_max>
        </mac>
        <mac>
            <mac_min>C91A006B3279</mac_min>
            <mac_max>C91A006B327B</mac_max>
        </mac>
        <mac>
            <mac_min>C91A006B327D</mac_min>
            <mac_max>C91A006B328C</mac_max>
        </mac>
        <mac>
            <mac_min>C91A006B328E</mac_min>
            <mac_max>C91A006B32C7</mac_max>
        </mac>
        <mac>
            <mac_min>FDA527293BE4</mac_min>
            <mac_max>FDA527293BF8</mac_max>
        </mac>
        <mac>
            <mac_min>FDA527293BFC</mac_min>
            <mac_max>FDA527293C02</mac_max>
        </mac>
        <mac>
            <mac_min>FDA527293C04</mac_min>
            <mac_max>FDA527293C05</mac_max>
        </mac>
        <mac>
            <mac_min>FDA527293C0A</mac_min>
            <mac_max>FDA527293C12</mac_max>
        </mac>
        <mac>
            <mac_min>FDA527293C18</mac_min>
            <mac_max>FDA527293C19</mac_max>
        </mac>
        <mac>
            <mac_min>FDA527293C24</mac_min>
            <mac_max>FDA527293C27</mac_max>
        </mac>
        <mac>
            <mac_min>FDA527293C2E</mac_min>
            <mac_max>FDA527293C2F</mac_max>
        </mac>
        <mac>
            <mac_min>FDA527293C32</mac_min>
            <mac_max>FDA527293C34</mac_max>
        </mac>
        <mac>
            <mac_min>FDA527293C40</mac_min>
            <mac_max>FDA527293C43</mac_max>
        </mac>
        <mac>
            <mac_min>FDA527293C45</mac_min>
            <mac_max>FDA527293C46</mac_max>
        </mac>
        <mac>
            <mac_min>FDA527293C80</mac_min>
            <mac_max>FDA527293C81</mac_max>
        </mac>
        <mac>
            <mac_min>FDA527293C85</mac_min>
            <mac_max>FDA527293C86</mac_max>
        </mac>
        <mac>
            <mac_min>FDA527293C8B</mac_min>
            <mac_max>FDA527293C8C</mac_max>
        </mac>
        <mac>
            <mac_min>FDA527293C8F</mac_min>
            <mac_max>FDA527293C92</mac_max>
        </mac>
        <mac>
            <mac_min>FDA527293C99</mac_min>
            <mac_max>FDA527293C9A</mac_max>
        </mac>
        <mac>
            <mac_min>FDA527293C9D</mac_min>
            <mac_max>FDA527293CA0</mac_max>
        </mac>
        <mac>
            <mac_min>FDA527293CA6</mac_min>
            <mac_max>FDA527293CA7</mac_max>
        </mac>
        <mac>
            <mac_min>FDA527293CDE</mac_min>
            <mac_max>FDA527293D0F</mac_max>
        </mac>
        <mac>
            <mac_min>FDA527293D27</mac_min>
            <mac_max>FDA527293D28</mac_max>
        </mac>
        <mac>
            <mac_min>FDA527293D42</mac_min>
            <mac_max>FDA527293DA5</mac_max>
        </mac>
        <mac>
            <mac_min>FDA5272959F1</mac_min>
            <mac_max>FDA527295A2A</mac_max>
        </mac>
        <mac>
            <mac_min>FDA527295A2C</mac_min>
            <mac_max>FDA527295A3B</mac_max>
        </mac>
        <mac>
            <mac_min>FDA527295A3D</mac_min>
            <mac_max>FDA527295A3F</mac_max>
        </mac>
        <mac>
            <mac_min>FDA527295A41</mac_min>
            <mac_max>FDA527295A54</mac_max>
        </mac>
        <mac>
            <mac_min>FDA527295A87</mac_min>
            <mac_max>FDA527295AAE</mac_max>
        </mac>
        <mac>
            <mac_min>FDA527295AB0</mac_min>
            <mac_max>FDA527295AB4</mac_max>
        </mac>
        <mac>
            <mac_min>FDA527295AB6</mac_min>
            <mac_max>FDA527295AEA</mac_max>
        </mac>
    </mac_range>
    <mac_single>
        <mac>C91A006A2D52</mac>
        <mac>C91A006A2D5E</mac>
        <mac>C91A006A2D61</mac>
        <mac>C91A006A2DE6</mac>
        <mac>C91A006A2DEE</mac>
        <mac>C91A006A2DFA</mac>
        <mac>C91A006A2DFC</mac>
        <mac>C91A006A2E08</mac>
        <mac>C91A006A2E0E</mac>
        <mac>C91A006A2E15</mac>
        <mac>C91A006A2E57</mac>
        <mac>C91A006A2E70</mac>
        <mac>C91A006A2E7B</mac>
        <mac>C91A006A2E7D</mac>
        <mac>C91A006A2E89</mac>
        <mac>C91A006A2E97</mac>
        <mac>C91A006B323E</mac>
        <mac>C91A006B324E</mac>
        <mac>C91A006B3260</mac>
        <mac>C91A006B3262</mac>
        <mac>FDA527293BFA</mac>
        <mac>FDA527293C08</mac>
        <mac>FDA527293C14</mac>
        <mac>FDA527293C16</mac>
        <mac>FDA527293C21</mac>
        <mac>FDA527293C3A</mac>
        <mac>FDA527293C7C</mac>
        <mac>FDA527293C83</mac>
        <mac>FDA527293C89</mac>
        <mac>FDA527293C95</mac>
        <mac>FDA527293C97</mac>
        <mac>FDA527293CA3</mac>
        <mac>FDA527293CAB</mac>
        <mac>FDA527293D30</mac>
        <mac>FDA527293D33</mac>
        <mac>FDA527293D3F</mac>
        <mac>FDA527295A56</mac>
        <mac>FDA527295A58</mac>
        <mac>FDA527295A6A</mac>
        <mac>FDA527295A7A</mac>
    </mac_single>
    <mac_warn />
</build_mac>
