<?xml version="1.0" encoding="utf-8" ?>
<build_mac>
    <build_id>861100070010300002</build_id>
    <mac_range>
        <mac>
            <mac_min>C91A007136E2</mac_min>
            <mac_max>C91A007136F6</mac_max>
        </mac>
        <mac>
            <mac_min>C91A007136FA</mac_min>
            <mac_max>C91A007136FF</mac_max>
        </mac>
        <mac>
            <mac_min>C91A00713701</mac_min>
            <mac_max>C91A0071370D</mac_max>
        </mac>
        <mac>
            <mac_min>C91A0071370F</mac_min>
            <mac_max>C91A00713713</mac_max>
        </mac>
        <mac>
            <mac_min>C91A00713746</mac_min>
            <mac_max>C91A00713777</mac_max>
        </mac>
        <mac>
            <mac_min>C91A00713872</mac_min>
            <mac_max>C91A007138A3</mac_max>
        </mac>
        <mac>
            <mac_min>FDA5272E2105</mac_min>
            <mac_max>FDA5272E2119</mac_max>
        </mac>
        <mac>
            <mac_min>FDA5272E211D</mac_min>
            <mac_max>FDA5272E2122</mac_max>
        </mac>
        <mac>
            <mac_min>FDA5272E2124</mac_min>
            <mac_max>FDA5272E2130</mac_max>
        </mac>
        <mac>
            <mac_min>FDA5272E2132</mac_min>
            <mac_max>FDA5272E2136</mac_max>
        </mac>
        <mac>
            <mac_min>FDA5272E2169</mac_min>
            <mac_max>FDA5272E219A</mac_max>
        </mac>
        <mac>
            <mac_min>FDA5272E2295</mac_min>
            <mac_max>FDA5272E22C6</mac_max>
        </mac>
    </mac_range>
    <mac_single>
        <mac>C91A007136F8</mac>
        <mac>FDA5272E211B</mac>
    </mac_single>
    <mac_warn />
</build_mac>
