<?xml version="1.0" encoding="utf-8" ?>
<build_mac>
    <build_id>861100020010300001</build_id>
    <mac_range>
        <mac>
            <mac_min>C91A006B09FD</mac_min>
            <mac_max>C91A006B0A02</mac_max>
        </mac>
        <mac>
            <mac_min>C91A006B0A04</mac_min>
            <mac_max>C91A006B0A05</mac_max>
        </mac>
        <mac>
            <mac_min>C91A006B0A07</mac_min>
            <mac_max>C91A006B0A0A</mac_max>
        </mac>
        <mac>
            <mac_min>C91A006B0A0F</mac_min>
            <mac_max>C91A006B0A10</mac_max>
        </mac>
        <mac>
            <mac_min>C91A006B0A12</mac_min>
            <mac_max>C91A006B0A15</mac_max>
        </mac>
        <mac>
            <mac_min>C91A006B0A21</mac_min>
            <mac_max>C91A006B0A22</mac_max>
        </mac>
        <mac>
            <mac_min>C91A006B0A24</mac_min>
            <mac_max>C91A006B0A27</mac_max>
        </mac>
        <mac>
            <mac_min>C91A006B0B86</mac_min>
            <mac_max>C91A006B0BAE</mac_max>
        </mac>
        <mac>
            <mac_min>C91A006B0BB0</mac_min>
            <mac_max>C91A006B0BB7</mac_max>
        </mac>
        <mac>
            <mac_min>FDA527292C74</mac_min>
            <mac_max>FDA527292C7B</mac_max>
        </mac>
        <mac>
            <mac_min>FDA527292C7D</mac_min>
            <mac_max>FDA527292CA5</mac_max>
        </mac>
        <mac>
            <mac_min>FDA527292E06</mac_min>
            <mac_max>FDA527292E09</mac_max>
        </mac>
        <mac>
            <mac_min>FDA527292E0B</mac_min>
            <mac_max>FDA527292E0C</mac_max>
        </mac>
        <mac>
            <mac_min>FDA527292E18</mac_min>
            <mac_max>FDA527292E1B</mac_max>
        </mac>
        <mac>
            <mac_min>FDA527292E1D</mac_min>
            <mac_max>FDA527292E1E</mac_max>
        </mac>
        <mac>
            <mac_min>FDA527292E23</mac_min>
            <mac_max>FDA527292E26</mac_max>
        </mac>
        <mac>
            <mac_min>FDA527292E28</mac_min>
            <mac_max>FDA527292E29</mac_max>
        </mac>
        <mac>
            <mac_min>FDA527292E2B</mac_min>
            <mac_max>FDA527292E30</mac_max>
        </mac>
    </mac_range>
    <mac_single>
        <mac>C91A006B09C4</mac>
        <mac>C91A006B09F6</mac>
        <mac>C91A006B09F8</mac>
        <mac>C91A006B09FA</mac>
        <mac>C91A006B0A0D</mac>
        <mac>C91A006B0A19</mac>
        <mac>C91A006B0A1C</mac>
        <mac>C91A006B0A1E</mac>
        <mac>C91A006B0B55</mac>
        <mac>FDA527292CD6</mac>
        <mac>FDA527292E0F</mac>
        <mac>FDA527292E11</mac>
        <mac>FDA527292E14</mac>
        <mac>FDA527292E20</mac>
        <mac>FDA527292E33</mac>
        <mac>FDA527292E35</mac>
        <mac>FDA527292E37</mac>
        <mac>FDA527292E69</mac>
    </mac_single>
    <mac_warn />
</build_mac>
