<?xml version="1.0" encoding="utf-8" ?>
<build_mac>
    <build_id>861100010020300017</build_id>
    <mac_range>
        <mac>
            <mac_min>C91A00726CCD</mac_min>
            <mac_max>C91A00726CCE</mac_max>
        </mac>
        <mac>
            <mac_min>C91A00726CD3</mac_min>
            <mac_max>C91A00726CD4</mac_max>
        </mac>
        <mac>
            <mac_min>C91A00726CD6</mac_min>
            <mac_max>C91A00726CD9</mac_max>
        </mac>
        <mac>
            <mac_min>C91A00726CE3</mac_min>
            <mac_max>C91A00726CE4</mac_max>
        </mac>
        <mac>
            <mac_min>C91A00726CE8</mac_min>
            <mac_max>C91A00726CEC</mac_max>
        </mac>
        <mac>
            <mac_min>C91A00726CEF</mac_min>
            <mac_max>C91A00726CF1</mac_max>
        </mac>
        <mac>
            <mac_min>C91A00726CF3</mac_min>
            <mac_max>C91A00726CFB</mac_max>
        </mac>
        <mac>
            <mac_min>FDA52730BCA6</mac_min>
            <mac_max>FDA52730BCA7</mac_max>
        </mac>
        <mac>
            <mac_min>FDA52730BCAC</mac_min>
            <mac_max>FDA52730BCAD</mac_max>
        </mac>
        <mac>
            <mac_min>FDA52730BCAF</mac_min>
            <mac_max>FDA52730BCB2</mac_max>
        </mac>
        <mac>
            <mac_min>FDA52730BCBC</mac_min>
            <mac_max>FDA52730BCBD</mac_max>
        </mac>
        <mac>
            <mac_min>FDA52730BCC1</mac_min>
            <mac_max>FDA52730BCC5</mac_max>
        </mac>
        <mac>
            <mac_min>FDA52730BCC8</mac_min>
            <mac_max>FDA52730BCCA</mac_max>
        </mac>
        <mac>
            <mac_min>FDA52730BCCC</mac_min>
            <mac_max>FDA52730BCD4</mac_max>
        </mac>
    </mac_range>
    <mac_single>
        <mac>C91A00726CD1</mac>
        <mac>C91A00726CDC</mac>
        <mac>C91A00726CE0</mac>
        <mac>FDA52730BCAA</mac>
        <mac>FDA52730BCB5</mac>
        <mac>FDA52730BCB9</mac>
    </mac_single>
    <mac_warn />
</build_mac>
