<?xml version="1.0" encoding="utf-8" ?>
<build_mac>
    <build_id>861100010020300001</build_id>
    <mac_range>
        <mac>
            <mac_min>C91A00670578</mac_min>
            <mac_max>C91A006705BE</mac_max>
        </mac>
        <mac>
            <mac_min>C91A006705C0</mac_min>
            <mac_max>C91A006705C6</mac_max>
        </mac>
        <mac>
            <mac_min>C91A006705C8</mac_min>
            <mac_max>C91A006705DD</mac_max>
        </mac>
        <mac>
            <mac_min>C91A006705DF</mac_min>
            <mac_max>C91A00670612</mac_max>
        </mac>
        <mac>
            <mac_min>C91A00670614</mac_min>
            <mac_max>C91A0067068E</mac_max>
        </mac>
        <mac>
            <mac_min>C91A00670690</mac_min>
            <mac_max>C91A006706A3</mac_max>
        </mac>
        <mac>
            <mac_min>C91A006706AB</mac_min>
            <mac_max>C91A006706AF</mac_max>
        </mac>
        <mac>
            <mac_min>C91A006706B7</mac_min>
            <mac_max>C91A006706B8</mac_max>
        </mac>
        <mac>
            <mac_min>C91A006706BA</mac_min>
            <mac_max>C91A006706BB</mac_max>
        </mac>
        <mac>
            <mac_min>C91A006706C5</mac_min>
            <mac_max>C91A006706C8</mac_max>
        </mac>
        <mac>
            <mac_min>C91A006706CC</mac_min>
            <mac_max>C91A006706CD</mac_max>
        </mac>
        <mac>
            <mac_min>C91A006706D3</mac_min>
            <mac_max>C91A006706D4</mac_max>
        </mac>
        <mac>
            <mac_min>C91A006706D6</mac_min>
            <mac_max>C91A006706D7</mac_max>
        </mac>
        <mac>
            <mac_min>C91A006706DA</mac_min>
            <mac_max>C91A006706EC</mac_max>
        </mac>
        <mac>
            <mac_min>C91A006706EE</mac_min>
            <mac_max>C91A006706F1</mac_max>
        </mac>
        <mac>
            <mac_min>C91A006706F3</mac_min>
            <mac_max>C91A006706FF</mac_max>
        </mac>
        <mac>
            <mac_min>C91A00670701</mac_min>
            <mac_max>C91A0067071B</mac_max>
        </mac>
        <mac>
            <mac_min>C91A0067071D</mac_min>
            <mac_max>C91A00670729</mac_max>
        </mac>
        <mac>
            <mac_min>C91A0067072B</mac_min>
            <mac_max>C91A00670739</mac_max>
        </mac>
        <mac>
            <mac_min>C91A0067073F</mac_min>
            <mac_max>C91A00670740</mac_max>
        </mac>
        <mac>
            <mac_min>C91A00670742</mac_min>
            <mac_max>C91A00670744</mac_max>
        </mac>
        <mac>
            <mac_min>C91A0067074B</mac_min>
            <mac_max>C91A0067074D</mac_max>
        </mac>
        <mac>
            <mac_min>C91A00670758</mac_min>
            <mac_max>C91A0067075A</mac_max>
        </mac>
        <mac>
            <mac_min>C91A00670767</mac_min>
            <mac_max>C91A00670769</mac_max>
        </mac>
        <mac>
            <mac_min>C91A00670775</mac_min>
            <mac_max>C91A00670776</mac_max>
        </mac>
        <mac>
            <mac_min>C91A00670778</mac_min>
            <mac_max>C91A00670779</mac_max>
        </mac>
        <mac>
            <mac_min>C91A00670780</mac_min>
            <mac_max>C91A00670789</mac_max>
        </mac>
        <mac>
            <mac_min>C91A0067078B</mac_min>
            <mac_max>C91A0067078D</mac_max>
        </mac>
        <mac>
            <mac_min>C91A00670790</mac_min>
            <mac_max>C91A00670794</mac_max>
        </mac>
        <mac>
            <mac_min>C91A00670798</mac_min>
            <mac_max>C91A006707DA</mac_max>
        </mac>
        <mac>
            <mac_min>C91A006707DC</mac_min>
            <mac_max>C91A006707EB</mac_max>
        </mac>
        <mac>
            <mac_min>C91A006707ED</mac_min>
            <mac_max>C91A006707EF</mac_max>
        </mac>
        <mac>
            <mac_min>C91A006707F1</mac_min>
            <mac_max>C91A006707F3</mac_max>
        </mac>
        <mac>
            <mac_min>C91A006707F5</mac_min>
            <mac_max>C91A006707F6</mac_max>
        </mac>
        <mac>
            <mac_min>C91A006707F8</mac_min>
            <mac_max>C91A006707F9</mac_max>
        </mac>
        <mac>
            <mac_min>C91A006707FB</mac_min>
            <mac_max>C91A00670801</mac_max>
        </mac>
        <mac>
            <mac_min>C91A00670804</mac_min>
            <mac_max>C91A00670806</mac_max>
        </mac>
        <mac>
            <mac_min>C91A00670808</mac_min>
            <mac_max>C91A0067080B</mac_max>
        </mac>
        <mac>
            <mac_min>C91A00670813</mac_min>
            <mac_max>C91A00670815</mac_max>
        </mac>
        <mac>
            <mac_min>C91A0067081F</mac_min>
            <mac_max>C91A00670823</mac_max>
        </mac>
        <mac>
            <mac_min>C91A00670827</mac_min>
            <mac_max>C91A00670828</mac_max>
        </mac>
        <mac>
            <mac_min>C91A0067082D</mac_min>
            <mac_max>C91A0067082E</mac_max>
        </mac>
        <mac>
            <mac_min>C91A00670832</mac_min>
            <mac_max>C91A00670833</mac_max>
        </mac>
        <mac>
            <mac_min>ECB329CF0000</mac_min>
            <mac_max>ECB329CF0046</mac_max>
        </mac>
        <mac>
            <mac_min>ECB329CF0048</mac_min>
            <mac_max>ECB329CF004E</mac_max>
        </mac>
        <mac>
            <mac_min>ECB329CF0050</mac_min>
            <mac_max>ECB329CF0065</mac_max>
        </mac>
        <mac>
            <mac_min>ECB329CF0067</mac_min>
            <mac_max>ECB329CF009A</mac_max>
        </mac>
        <mac>
            <mac_min>ECB329CF009C</mac_min>
            <mac_max>ECB329CF0116</mac_max>
        </mac>
        <mac>
            <mac_min>ECB329CF0118</mac_min>
            <mac_max>ECB329CF012B</mac_max>
        </mac>
        <mac>
            <mac_min>ECB329CF0133</mac_min>
            <mac_max>ECB329CF0137</mac_max>
        </mac>
        <mac>
            <mac_min>ECB329CF013F</mac_min>
            <mac_max>ECB329CF0140</mac_max>
        </mac>
        <mac>
            <mac_min>ECB329CF0142</mac_min>
            <mac_max>ECB329CF0143</mac_max>
        </mac>
        <mac>
            <mac_min>ECB329CF014D</mac_min>
            <mac_max>ECB329CF0150</mac_max>
        </mac>
        <mac>
            <mac_min>ECB329CF0154</mac_min>
            <mac_max>ECB329CF0155</mac_max>
        </mac>
        <mac>
            <mac_min>ECB329CF015B</mac_min>
            <mac_max>ECB329CF015C</mac_max>
        </mac>
        <mac>
            <mac_min>ECB329CF015E</mac_min>
            <mac_max>ECB329CF015F</mac_max>
        </mac>
        <mac>
            <mac_min>ECB329CF0162</mac_min>
            <mac_max>ECB329CF0174</mac_max>
        </mac>
        <mac>
            <mac_min>ECB329CF0176</mac_min>
            <mac_max>ECB329CF0179</mac_max>
        </mac>
        <mac>
            <mac_min>ECB329CF017B</mac_min>
            <mac_max>ECB329CF0187</mac_max>
        </mac>
        <mac>
            <mac_min>ECB329CF0189</mac_min>
            <mac_max>ECB329CF01A3</mac_max>
        </mac>
        <mac>
            <mac_min>ECB329CF01A5</mac_min>
            <mac_max>ECB329CF01B1</mac_max>
        </mac>
        <mac>
            <mac_min>ECB329CF01B3</mac_min>
            <mac_max>ECB329CF01C1</mac_max>
        </mac>
        <mac>
            <mac_min>ECB329CF01C7</mac_min>
            <mac_max>ECB329CF01C8</mac_max>
        </mac>
        <mac>
            <mac_min>ECB329CF01CA</mac_min>
            <mac_max>ECB329CF01CC</mac_max>
        </mac>
        <mac>
            <mac_min>ECB329CF01D3</mac_min>
            <mac_max>ECB329CF01D5</mac_max>
        </mac>
        <mac>
            <mac_min>ECB329CF01E0</mac_min>
            <mac_max>ECB329CF01E2</mac_max>
        </mac>
        <mac>
            <mac_min>ECB329CF01EF</mac_min>
            <mac_max>ECB329CF01F1</mac_max>
        </mac>
        <mac>
            <mac_min>ECB329CF01FD</mac_min>
            <mac_max>ECB329CF01FE</mac_max>
        </mac>
        <mac>
            <mac_min>ECB329CF0200</mac_min>
            <mac_max>ECB329CF0201</mac_max>
        </mac>
        <mac>
            <mac_min>ECB329CF0208</mac_min>
            <mac_max>ECB329CF0211</mac_max>
        </mac>
        <mac>
            <mac_min>ECB329CF0213</mac_min>
            <mac_max>ECB329CF0215</mac_max>
        </mac>
        <mac>
            <mac_min>ECB329CF0218</mac_min>
            <mac_max>ECB329CF021C</mac_max>
        </mac>
        <mac>
            <mac_min>ECB329CF0220</mac_min>
            <mac_max>ECB329CF0262</mac_max>
        </mac>
        <mac>
            <mac_min>ECB329CF0264</mac_min>
            <mac_max>ECB329CF0273</mac_max>
        </mac>
        <mac>
            <mac_min>ECB329CF0275</mac_min>
            <mac_max>ECB329CF0277</mac_max>
        </mac>
        <mac>
            <mac_min>ECB329CF0279</mac_min>
            <mac_max>ECB329CF027B</mac_max>
        </mac>
        <mac>
            <mac_min>ECB329CF027D</mac_min>
            <mac_max>ECB329CF027E</mac_max>
        </mac>
        <mac>
            <mac_min>ECB329CF0280</mac_min>
            <mac_max>ECB329CF0281</mac_max>
        </mac>
        <mac>
            <mac_min>ECB329CF0283</mac_min>
            <mac_max>ECB329CF0289</mac_max>
        </mac>
        <mac>
            <mac_min>ECB329CF028C</mac_min>
            <mac_max>ECB329CF028E</mac_max>
        </mac>
        <mac>
            <mac_min>ECB329CF0290</mac_min>
            <mac_max>ECB329CF0293</mac_max>
        </mac>
        <mac>
            <mac_min>ECB329CF029B</mac_min>
            <mac_max>ECB329CF029D</mac_max>
        </mac>
        <mac>
            <mac_min>ECB329CF02A7</mac_min>
            <mac_max>ECB329CF02AB</mac_max>
        </mac>
        <mac>
            <mac_min>ECB329CF02AF</mac_min>
            <mac_max>ECB329CF02B0</mac_max>
        </mac>
        <mac>
            <mac_min>ECB329CF02B5</mac_min>
            <mac_max>ECB329CF02B6</mac_max>
        </mac>
        <mac>
            <mac_min>ECB329CF02BA</mac_min>
            <mac_max>ECB329CF02BB</mac_max>
        </mac>
        <mac>
            <mac_min>FDA527281BC0</mac_min>
            <mac_max>FDA527281BC1</mac_max>
        </mac>
        <mac>
            <mac_min>FDA527281BC5</mac_min>
            <mac_max>FDA527281BC6</mac_max>
        </mac>
        <mac>
            <mac_min>FDA527281BCB</mac_min>
            <mac_max>FDA527281BCC</mac_max>
        </mac>
        <mac>
            <mac_min>FDA527281BD0</mac_min>
            <mac_max>FDA527281BD4</mac_max>
        </mac>
        <mac>
            <mac_min>FDA527281BDE</mac_min>
            <mac_max>FDA527281BE0</mac_max>
        </mac>
        <mac>
            <mac_min>FDA527281BE8</mac_min>
            <mac_max>FDA527281BEB</mac_max>
        </mac>
        <mac>
            <mac_min>FDA527281BED</mac_min>
            <mac_max>FDA527281BEF</mac_max>
        </mac>
        <mac>
            <mac_min>FDA527281BF2</mac_min>
            <mac_max>FDA527281BF8</mac_max>
        </mac>
        <mac>
            <mac_min>FDA527281BFA</mac_min>
            <mac_max>FDA527281BFB</mac_max>
        </mac>
        <mac>
            <mac_min>FDA527281BFD</mac_min>
            <mac_max>FDA527281BFE</mac_max>
        </mac>
        <mac>
            <mac_min>FDA527281C00</mac_min>
            <mac_max>FDA527281C02</mac_max>
        </mac>
        <mac>
            <mac_min>FDA527281C04</mac_min>
            <mac_max>FDA527281C06</mac_max>
        </mac>
        <mac>
            <mac_min>FDA527281C08</mac_min>
            <mac_max>FDA527281C17</mac_max>
        </mac>
        <mac>
            <mac_min>FDA527281C19</mac_min>
            <mac_max>FDA527281C5B</mac_max>
        </mac>
        <mac>
            <mac_min>FDA527281C5F</mac_min>
            <mac_max>FDA527281C63</mac_max>
        </mac>
        <mac>
            <mac_min>FDA527281C66</mac_min>
            <mac_max>FDA527281C68</mac_max>
        </mac>
        <mac>
            <mac_min>FDA527281C6A</mac_min>
            <mac_max>FDA527281C73</mac_max>
        </mac>
        <mac>
            <mac_min>FDA527281C7A</mac_min>
            <mac_max>FDA527281C7B</mac_max>
        </mac>
        <mac>
            <mac_min>FDA527281C7D</mac_min>
            <mac_max>FDA527281C7E</mac_max>
        </mac>
        <mac>
            <mac_min>FDA527281C8A</mac_min>
            <mac_max>FDA527281C8C</mac_max>
        </mac>
        <mac>
            <mac_min>FDA527281C99</mac_min>
            <mac_max>FDA527281C9B</mac_max>
        </mac>
        <mac>
            <mac_min>FDA527281CA6</mac_min>
            <mac_max>FDA527281CA8</mac_max>
        </mac>
        <mac>
            <mac_min>FDA527281CAF</mac_min>
            <mac_max>FDA527281CB1</mac_max>
        </mac>
        <mac>
            <mac_min>FDA527281CB3</mac_min>
            <mac_max>FDA527281CB4</mac_max>
        </mac>
        <mac>
            <mac_min>FDA527281CBA</mac_min>
            <mac_max>FDA527281CC8</mac_max>
        </mac>
        <mac>
            <mac_min>FDA527281CCA</mac_min>
            <mac_max>FDA527281CD6</mac_max>
        </mac>
        <mac>
            <mac_min>FDA527281CD8</mac_min>
            <mac_max>FDA527281CF2</mac_max>
        </mac>
        <mac>
            <mac_min>FDA527281CF4</mac_min>
            <mac_max>FDA527281D00</mac_max>
        </mac>
        <mac>
            <mac_min>FDA527281D02</mac_min>
            <mac_max>FDA527281D05</mac_max>
        </mac>
        <mac>
            <mac_min>FDA527281D07</mac_min>
            <mac_max>FDA527281D19</mac_max>
        </mac>
        <mac>
            <mac_min>FDA527281D1C</mac_min>
            <mac_max>FDA527281D1D</mac_max>
        </mac>
        <mac>
            <mac_min>FDA527281D1F</mac_min>
            <mac_max>FDA527281D20</mac_max>
        </mac>
        <mac>
            <mac_min>FDA527281D26</mac_min>
            <mac_max>FDA527281D27</mac_max>
        </mac>
        <mac>
            <mac_min>FDA527281D2B</mac_min>
            <mac_max>FDA527281D2E</mac_max>
        </mac>
        <mac>
            <mac_min>FDA527281D38</mac_min>
            <mac_max>FDA527281D39</mac_max>
        </mac>
        <mac>
            <mac_min>FDA527281D3B</mac_min>
            <mac_max>FDA527281D3C</mac_max>
        </mac>
        <mac>
            <mac_min>FDA527281D44</mac_min>
            <mac_max>FDA527281D48</mac_max>
        </mac>
        <mac>
            <mac_min>FDA527281D50</mac_min>
            <mac_max>FDA527281D63</mac_max>
        </mac>
        <mac>
            <mac_min>FDA527281D65</mac_min>
            <mac_max>FDA527281DDF</mac_max>
        </mac>
        <mac>
            <mac_min>FDA527281DE1</mac_min>
            <mac_max>FDA527281E14</mac_max>
        </mac>
        <mac>
            <mac_min>FDA527281E16</mac_min>
            <mac_max>FDA527281E2B</mac_max>
        </mac>
        <mac>
            <mac_min>FDA527281E2D</mac_min>
            <mac_max>FDA527281E33</mac_max>
        </mac>
        <mac>
            <mac_min>FDA527281E35</mac_min>
            <mac_max>FDA527281E7B</mac_max>
        </mac>
    </mac_range>
    <mac_single>
        <mac>C91A006706A6</mac>
        <mac>C91A006706A9</mac>
        <mac>C91A006706B1</mac>
        <mac>C91A006706B3</mac>
        <mac>C91A006706B5</mac>
        <mac>C91A006706CA</mac>
        <mac>C91A006706CF</mac>
        <mac>C91A006706D1</mac>
        <mac>C91A0067073B</mac>
        <mac>C91A0067073D</mac>
        <mac>C91A00670746</mac>
        <mac>C91A00670748</mac>
        <mac>C91A0067074F</mac>
        <mac>C91A00670751</mac>
        <mac>C91A00670756</mac>
        <mac>C91A00670761</mac>
        <mac>C91A00670763</mac>
        <mac>C91A00670765</mac>
        <mac>C91A0067076C</mac>
        <mac>C91A00670772</mac>
        <mac>C91A0067080E</mac>
        <mac>C91A00670811</mac>
        <mac>C91A00670819</mac>
        <mac>C91A0067081C</mac>
        <mac>ECB329CF012E</mac>
        <mac>ECB329CF0131</mac>
        <mac>ECB329CF0139</mac>
        <mac>ECB329CF013B</mac>
        <mac>ECB329CF013D</mac>
        <mac>ECB329CF0152</mac>
        <mac>ECB329CF0157</mac>
        <mac>ECB329CF0159</mac>
        <mac>ECB329CF01C3</mac>
        <mac>ECB329CF01C5</mac>
        <mac>ECB329CF01CE</mac>
        <mac>ECB329CF01D0</mac>
        <mac>ECB329CF01D7</mac>
        <mac>ECB329CF01D9</mac>
        <mac>ECB329CF01DE</mac>
        <mac>ECB329CF01E9</mac>
        <mac>ECB329CF01EB</mac>
        <mac>ECB329CF01ED</mac>
        <mac>ECB329CF01F4</mac>
        <mac>ECB329CF01FA</mac>
        <mac>ECB329CF0296</mac>
        <mac>ECB329CF0299</mac>
        <mac>ECB329CF02A1</mac>
        <mac>ECB329CF02A4</mac>
        <mac>FDA527281BD7</mac>
        <mac>FDA527281BDA</mac>
        <mac>FDA527281BE2</mac>
        <mac>FDA527281BE5</mac>
        <mac>FDA527281C81</mac>
        <mac>FDA527281C87</mac>
        <mac>FDA527281C8E</mac>
        <mac>FDA527281C90</mac>
        <mac>FDA527281C92</mac>
        <mac>FDA527281C9D</mac>
        <mac>FDA527281CA2</mac>
        <mac>FDA527281CA4</mac>
        <mac>FDA527281CAB</mac>
        <mac>FDA527281CAD</mac>
        <mac>FDA527281CB6</mac>
        <mac>FDA527281CB8</mac>
        <mac>FDA527281D22</mac>
        <mac>FDA527281D24</mac>
        <mac>FDA527281D29</mac>
        <mac>FDA527281D3E</mac>
        <mac>FDA527281D40</mac>
        <mac>FDA527281D42</mac>
        <mac>FDA527281D4A</mac>
        <mac>FDA527281D4D</mac>
    </mac_single>
    <mac_warn />
</build_mac>
