<?xml version="1.0" encoding="utf-8" ?>
<build_mac>
    <build_id>861100060010300001</build_id>
    <mac_range>
        <mac>
            <mac_min>C91A00726B08</mac_min>
            <mac_max>C91A00726B1A</mac_max>
        </mac>
        <mac>
            <mac_min>C91A00726B1C</mac_min>
            <mac_max>C91A00726B32</mac_max>
        </mac>
        <mac>
            <mac_min>C91A00726B35</mac_min>
            <mac_max>C91A00726B39</mac_max>
        </mac>
        <mac>
            <mac_min>C91A00726B6C</mac_min>
            <mac_max>C91A00726B6D</mac_max>
        </mac>
        <mac>
            <mac_min>C91A00726B71</mac_min>
            <mac_max>C91A00726B72</mac_max>
        </mac>
        <mac>
            <mac_min>C91A00726B76</mac_min>
            <mac_max>C91A00726B77</mac_max>
        </mac>
        <mac>
            <mac_min>C91A00726B7B</mac_min>
            <mac_max>C91A00726B80</mac_max>
        </mac>
        <mac>
            <mac_min>C91A00726B82</mac_min>
            <mac_max>C91A00726B87</mac_max>
        </mac>
        <mac>
            <mac_min>C91A00726B89</mac_min>
            <mac_max>C91A00726B8A</mac_max>
        </mac>
        <mac>
            <mac_min>C91A00726B8E</mac_min>
            <mac_max>C91A00726B90</mac_max>
        </mac>
        <mac>
            <mac_min>C91A00726B93</mac_min>
            <mac_max>C91A00726B96</mac_max>
        </mac>
        <mac>
            <mac_min>C91A00726B9A</mac_min>
            <mac_max>C91A00726B9B</mac_max>
        </mac>
        <mac>
            <mac_min>C91A00726B9D</mac_min>
            <mac_max>C91A00726BCF</mac_max>
        </mac>
        <mac>
            <mac_min>C91A00726C02</mac_min>
            <mac_max>C91A00726C0F</mac_max>
        </mac>
        <mac>
            <mac_min>C91A00726C11</mac_min>
            <mac_max>C91A00726C15</mac_max>
        </mac>
        <mac>
            <mac_min>C91A00726C17</mac_min>
            <mac_max>C91A00726C25</mac_max>
        </mac>
        <mac>
            <mac_min>C91A00726C29</mac_min>
            <mac_max>C91A00726C65</mac_max>
        </mac>
        <mac>
            <mac_min>C91A00726D2E</mac_min>
            <mac_max>C91A00726D5F</mac_max>
        </mac>
        <mac>
            <mac_min>FDA52730BAE0</mac_min>
            <mac_max>FDA52730BAF2</mac_max>
        </mac>
        <mac>
            <mac_min>FDA52730BAF4</mac_min>
            <mac_max>FDA52730BB0A</mac_max>
        </mac>
        <mac>
            <mac_min>FDA52730BB0D</mac_min>
            <mac_max>FDA52730BB11</mac_max>
        </mac>
        <mac>
            <mac_min>FDA52730BB45</mac_min>
            <mac_max>FDA52730BB46</mac_max>
        </mac>
        <mac>
            <mac_min>FDA52730BB4A</mac_min>
            <mac_max>FDA52730BB4B</mac_max>
        </mac>
        <mac>
            <mac_min>FDA52730BB4F</mac_min>
            <mac_max>FDA52730BB50</mac_max>
        </mac>
        <mac>
            <mac_min>FDA52730BB54</mac_min>
            <mac_max>FDA52730BB59</mac_max>
        </mac>
        <mac>
            <mac_min>FDA52730BB5B</mac_min>
            <mac_max>FDA52730BB60</mac_max>
        </mac>
        <mac>
            <mac_min>FDA52730BB62</mac_min>
            <mac_max>FDA52730BB63</mac_max>
        </mac>
        <mac>
            <mac_min>FDA52730BB67</mac_min>
            <mac_max>FDA52730BB69</mac_max>
        </mac>
        <mac>
            <mac_min>FDA52730BB6C</mac_min>
            <mac_max>FDA52730BB6F</mac_max>
        </mac>
        <mac>
            <mac_min>FDA52730BB73</mac_min>
            <mac_max>FDA52730BB74</mac_max>
        </mac>
        <mac>
            <mac_min>FDA52730BB76</mac_min>
            <mac_max>FDA52730BBA8</mac_max>
        </mac>
        <mac>
            <mac_min>FDA52730BBDB</mac_min>
            <mac_max>FDA52730BBE8</mac_max>
        </mac>
        <mac>
            <mac_min>FDA52730BBEA</mac_min>
            <mac_max>FDA52730BBEE</mac_max>
        </mac>
        <mac>
            <mac_min>FDA52730BBF0</mac_min>
            <mac_max>FDA52730BBFE</mac_max>
        </mac>
        <mac>
            <mac_min>FDA52730BC02</mac_min>
            <mac_max>FDA52730BC3E</mac_max>
        </mac>
        <mac>
            <mac_min>FDA52730BD07</mac_min>
            <mac_max>FDA52730BD38</mac_max>
        </mac>
    </mac_range>
    <mac_single>
        <mac>C91A00726B6F</mac>
        <mac>C91A00726B74</mac>
        <mac>C91A00726B79</mac>
        <mac>C91A00726B8C</mac>
        <mac>C91A00726B98</mac>
        <mac>C91A00726C27</mac>
        <mac>FDA52730BB48</mac>
        <mac>FDA52730BB4D</mac>
        <mac>FDA52730BB52</mac>
        <mac>FDA52730BB65</mac>
        <mac>FDA52730BB71</mac>
        <mac>FDA52730BC00</mac>
    </mac_single>
    <mac_warn />
</build_mac>
