<?xml version="1.0" encoding="utf-8" ?>
<build_mac>
    <build_id>861100090020300003</build_id>
    <mac_range>
        <mac>
            <mac_min>C91A007136BA</mac_min>
            <mac_max>C91A007136BB</mac_max>
        </mac>
        <mac>
            <mac_min>C91A007136CC</mac_min>
            <mac_max>C91A007136CE</mac_max>
        </mac>
        <mac>
            <mac_min>C91A007136D5</mac_min>
            <mac_max>C91A007136D6</mac_max>
        </mac>
        <mac>
            <mac_min>C91A00713840</mac_min>
            <mac_max>C91A00713842</mac_max>
        </mac>
        <mac>
            <mac_min>C91A00713847</mac_min>
            <mac_max>C91A00713848</mac_max>
        </mac>
        <mac>
            <mac_min>C91A00713854</mac_min>
            <mac_max>C91A00713857</mac_max>
        </mac>
        <mac>
            <mac_min>C91A0071385E</mac_min>
            <mac_max>C91A00713860</mac_max>
        </mac>
        <mac>
            <mac_min>C91A0071386E</mac_min>
            <mac_max>C91A00713871</mac_max>
        </mac>
        <mac>
            <mac_min>FDA5272E20DD</mac_min>
            <mac_max>FDA5272E20DE</mac_max>
        </mac>
        <mac>
            <mac_min>FDA5272E20EF</mac_min>
            <mac_max>FDA5272E20F1</mac_max>
        </mac>
        <mac>
            <mac_min>FDA5272E20F8</mac_min>
            <mac_max>FDA5272E20F9</mac_max>
        </mac>
        <mac>
            <mac_min>FDA5272E2263</mac_min>
            <mac_max>FDA5272E2265</mac_max>
        </mac>
        <mac>
            <mac_min>FDA5272E226A</mac_min>
            <mac_max>FDA5272E226B</mac_max>
        </mac>
        <mac>
            <mac_min>FDA5272E2277</mac_min>
            <mac_max>FDA5272E227A</mac_max>
        </mac>
        <mac>
            <mac_min>FDA5272E2281</mac_min>
            <mac_max>FDA5272E2283</mac_max>
        </mac>
        <mac>
            <mac_min>FDA5272E2291</mac_min>
            <mac_max>FDA5272E2294</mac_max>
        </mac>
    </mac_range>
    <mac_single>
        <mac>C91A007136B4</mac>
        <mac>C91A007136BF</mac>
        <mac>C91A007136C4</mac>
        <mac>C91A007136C7</mac>
        <mac>C91A007136CA</mac>
        <mac>C91A007136D1</mac>
        <mac>C91A007136D3</mac>
        <mac>C91A007136D8</mac>
        <mac>C91A007136DA</mac>
        <mac>C91A00713719</mac>
        <mac>C91A00713739</mac>
        <mac>C91A00713740</mac>
        <mac>C91A0071384D</mac>
        <mac>C91A0071384F</mac>
        <mac>C91A00713863</mac>
        <mac>C91A00713868</mac>
        <mac>C91A0071386C</mac>
        <mac>FDA5272E20D7</mac>
        <mac>FDA5272E20E2</mac>
        <mac>FDA5272E20E7</mac>
        <mac>FDA5272E20EA</mac>
        <mac>FDA5272E20ED</mac>
        <mac>FDA5272E20F4</mac>
        <mac>FDA5272E20F6</mac>
        <mac>FDA5272E20FB</mac>
        <mac>FDA5272E20FD</mac>
        <mac>FDA5272E213C</mac>
        <mac>FDA5272E215C</mac>
        <mac>FDA5272E2163</mac>
        <mac>FDA5272E2270</mac>
        <mac>FDA5272E2272</mac>
        <mac>FDA5272E2286</mac>
        <mac>FDA5272E228B</mac>
        <mac>FDA5272E228F</mac>
    </mac_single>
    <mac_warn />
</build_mac>
