<?xml version="1.0" encoding="utf-8" ?>
<build_mac>
    <build_id>861100080010300002</build_id>
    <mac_range>
        <mac>
            <mac_min>C91A006A0E10</mac_min>
            <mac_max>C91A006A0E12</mac_max>
        </mac>
        <mac>
            <mac_min>C91A006A0E16</mac_min>
            <mac_max>C91A006A0E1A</mac_max>
        </mac>
        <mac>
            <mac_min>C91A006A0E1C</mac_min>
            <mac_max>C91A006A0E22</mac_max>
        </mac>
        <mac>
            <mac_min>C91A006A0E25</mac_min>
            <mac_max>C91A006A0E2B</mac_max>
        </mac>
        <mac>
            <mac_min>C91A006A0E2D</mac_min>
            <mac_max>C91A006A0E32</mac_max>
        </mac>
        <mac>
            <mac_min>C91A006A0E34</mac_min>
            <mac_max>C91A006A0E39</mac_max>
        </mac>
        <mac>
            <mac_min>C91A006A0E3B</mac_min>
            <mac_max>C91A006A0E41</mac_max>
        </mac>
        <mac>
            <mac_min>C91A006A0F0C</mac_min>
            <mac_max>C91A006A0F0F</mac_max>
        </mac>
        <mac>
            <mac_min>C91A006A0F11</mac_min>
            <mac_max>C91A006A0F14</mac_max>
        </mac>
        <mac>
            <mac_min>C91A006A0F16</mac_min>
            <mac_max>C91A006A0F24</mac_max>
        </mac>
        <mac>
            <mac_min>C91A006A0F27</mac_min>
            <mac_max>C91A006A0F2F</mac_max>
        </mac>
        <mac>
            <mac_min>C91A006A0F31</mac_min>
            <mac_max>C91A006A0F32</mac_max>
        </mac>
        <mac>
            <mac_min>C91A006A0F35</mac_min>
            <mac_max>C91A006A0F3A</mac_max>
        </mac>
        <mac>
            <mac_min>C91A006A0F98</mac_min>
            <mac_max>C91A006A0F99</mac_max>
        </mac>
        <mac>
            <mac_min>FDA52728A4B9</mac_min>
            <mac_max>FDA52728A4BA</mac_max>
        </mac>
        <mac>
            <mac_min>FDA52728A518</mac_min>
            <mac_max>FDA52728A51D</mac_max>
        </mac>
        <mac>
            <mac_min>FDA52728A520</mac_min>
            <mac_max>FDA52728A521</mac_max>
        </mac>
        <mac>
            <mac_min>FDA52728A523</mac_min>
            <mac_max>FDA52728A52B</mac_max>
        </mac>
        <mac>
            <mac_min>FDA52728A52E</mac_min>
            <mac_max>FDA52728A53C</mac_max>
        </mac>
        <mac>
            <mac_min>FDA52728A53E</mac_min>
            <mac_max>FDA52728A541</mac_max>
        </mac>
        <mac>
            <mac_min>FDA52728A543</mac_min>
            <mac_max>FDA52728A546</mac_max>
        </mac>
        <mac>
            <mac_min>FDA52728A611</mac_min>
            <mac_max>FDA52728A617</mac_max>
        </mac>
        <mac>
            <mac_min>FDA52728A619</mac_min>
            <mac_max>FDA52728A61E</mac_max>
        </mac>
        <mac>
            <mac_min>FDA52728A620</mac_min>
            <mac_max>FDA52728A625</mac_max>
        </mac>
        <mac>
            <mac_min>FDA52728A627</mac_min>
            <mac_max>FDA52728A62D</mac_max>
        </mac>
        <mac>
            <mac_min>FDA52728A630</mac_min>
            <mac_max>FDA52728A636</mac_max>
        </mac>
        <mac>
            <mac_min>FDA52728A638</mac_min>
            <mac_max>FDA52728A63C</mac_max>
        </mac>
        <mac>
            <mac_min>FDA52728A640</mac_min>
            <mac_max>FDA52728A642</mac_max>
        </mac>
    </mac_range>
    <mac_single>
        <mac>C91A00670E24</mac>
        <mac>C91A006A0DC1</mac>
        <mac>C91A006A0DCC</mac>
        <mac>C91A006A0DD9</mac>
        <mac>C91A006A0E14</mac>
        <mac>C91A006A0EC5</mac>
        <mac>C91A006A0ED3</mac>
        <mac>C91A006A0EDD</mac>
        <mac>C91A006A0F58</mac>
        <mac>C91A006A0F62</mac>
        <mac>C91A006A0F67</mac>
        <mac>C91A006A0F7D</mac>
        <mac>C91A006A0F80</mac>
        <mac>C91A006A0F84</mac>
        <mac>C91A006A0F89</mac>
        <mac>C91A006A0F93</mac>
        <mac>C91A006A0F9E</mac>
        <mac>ECB32A970078</mac>
        <mac>FDA5272815CF</mac>
        <mac>FDA52728A4B4</mac>
        <mac>FDA52728A4BF</mac>
        <mac>FDA52728A4C9</mac>
        <mac>FDA52728A4CE</mac>
        <mac>FDA52728A4D2</mac>
        <mac>FDA52728A4D5</mac>
        <mac>FDA52728A4EB</mac>
        <mac>FDA52728A4F0</mac>
        <mac>FDA52728A4FA</mac>
        <mac>FDA52728A575</mac>
        <mac>FDA52728A57F</mac>
        <mac>FDA52728A58D</mac>
        <mac>FDA52728A63E</mac>
        <mac>FDA52728A679</mac>
        <mac>FDA52728A686</mac>
        <mac>FDA52728A691</mac>
    </mac_single>
    <mac_warn />
</build_mac>
