<?xml version="1.0" encoding="utf-8" ?>
<build_mac>
    <build_id>861100010020300013</build_id>
    <mac_range>
        <mac>
            <mac_min>C91A006B09C8</mac_min>
            <mac_max>C91A006B09C9</mac_max>
        </mac>
        <mac>
            <mac_min>C91A006B09D2</mac_min>
            <mac_max>C91A006B09D4</mac_max>
        </mac>
        <mac>
            <mac_min>C91A006B09D6</mac_min>
            <mac_max>C91A006B09D7</mac_max>
        </mac>
        <mac>
            <mac_min>C91A006B09EB</mac_min>
            <mac_max>C91A006B09EC</mac_max>
        </mac>
        <mac>
            <mac_min>C91A006B09EE</mac_min>
            <mac_max>C91A006B09EF</mac_max>
        </mac>
        <mac>
            <mac_min>C91A006B0A17</mac_min>
            <mac_max>C91A006B0A18</mac_max>
        </mac>
        <mac>
            <mac_min>C91A006B0A1F</mac_min>
            <mac_max>C91A006B0A20</mac_max>
        </mac>
        <mac>
            <mac_min>C91A006B1194</mac_min>
            <mac_max>C91A006B11C5</mac_max>
        </mac>
        <mac>
            <mac_min>C91A006B11CC</mac_min>
            <mac_max>C91A006B11CD</mac_max>
        </mac>
        <mac>
            <mac_min>C91A006B11CF</mac_min>
            <mac_max>C91A006B11D1</mac_max>
        </mac>
        <mac>
            <mac_min>C91A006B11D5</mac_min>
            <mac_max>C91A006B11D6</mac_max>
        </mac>
        <mac>
            <mac_min>C91A006B11DA</mac_min>
            <mac_max>C91A006B11DB</mac_max>
        </mac>
        <mac>
            <mac_min>C91A006B11DD</mac_min>
            <mac_max>C91A006B11DE</mac_max>
        </mac>
        <mac>
            <mac_min>C91A006B11F4</mac_min>
            <mac_max>C91A006B125B</mac_max>
        </mac>
        <mac>
            <mac_min>C91A006B128E</mac_min>
            <mac_max>C91A006B12BF</mac_max>
        </mac>
        <mac>
            <mac_min>C91A006B12F2</mac_min>
            <mac_max>C91A006B1323</mac_max>
        </mac>
        <mac>
            <mac_min>C91A006B3106</mac_min>
            <mac_max>C91A006B3137</mac_max>
        </mac>
        <mac>
            <mac_min>C91A006B3232</mac_min>
            <mac_max>C91A006B323D</mac_max>
        </mac>
        <mac>
            <mac_min>C91A006B323F</mac_min>
            <mac_max>C91A006B324D</mac_max>
        </mac>
        <mac>
            <mac_min>C91A006B324F</mac_min>
            <mac_max>C91A006B325F</mac_max>
        </mac>
        <mac>
            <mac_min>C91A006D3A68</mac_min>
            <mac_max>C91A006D3A69</mac_max>
        </mac>
        <mac>
            <mac_min>C91A006D3A92</mac_min>
            <mac_max>C91A006D3A93</mac_max>
        </mac>
        <mac>
            <mac_min>C91A006E5AD9</mac_min>
            <mac_max>C91A006E5ADA</mac_max>
        </mac>
        <mac>
            <mac_min>C91A006E5AE7</mac_min>
            <mac_max>C91A006E5AE8</mac_max>
        </mac>
        <mac>
            <mac_min>FDA527292508</mac_min>
            <mac_max>FDA527292539</mac_max>
        </mac>
        <mac>
            <mac_min>FDA52729256C</mac_min>
            <mac_max>FDA52729259D</mac_max>
        </mac>
        <mac>
            <mac_min>FDA5272925D0</mac_min>
            <mac_max>FDA527292637</mac_max>
        </mac>
        <mac>
            <mac_min>FDA52729264D</mac_min>
            <mac_max>FDA52729264E</mac_max>
        </mac>
        <mac>
            <mac_min>FDA527292650</mac_min>
            <mac_max>FDA527292651</mac_max>
        </mac>
        <mac>
            <mac_min>FDA527292655</mac_min>
            <mac_max>FDA527292656</mac_max>
        </mac>
        <mac>
            <mac_min>FDA52729265A</mac_min>
            <mac_max>FDA52729265C</mac_max>
        </mac>
        <mac>
            <mac_min>FDA52729265E</mac_min>
            <mac_max>FDA52729265F</mac_max>
        </mac>
        <mac>
            <mac_min>FDA527292666</mac_min>
            <mac_max>FDA527292697</mac_max>
        </mac>
        <mac>
            <mac_min>FDA527292E0D</mac_min>
            <mac_max>FDA527292E0E</mac_max>
        </mac>
        <mac>
            <mac_min>FDA527292E15</mac_min>
            <mac_max>FDA527292E16</mac_max>
        </mac>
        <mac>
            <mac_min>FDA527292E3E</mac_min>
            <mac_max>FDA527292E3F</mac_max>
        </mac>
        <mac>
            <mac_min>FDA527292E41</mac_min>
            <mac_max>FDA527292E42</mac_max>
        </mac>
        <mac>
            <mac_min>FDA527292E56</mac_min>
            <mac_max>FDA527292E57</mac_max>
        </mac>
        <mac>
            <mac_min>FDA527292E59</mac_min>
            <mac_max>FDA527292E5B</mac_max>
        </mac>
        <mac>
            <mac_min>FDA527292E64</mac_min>
            <mac_max>FDA527292E65</mac_max>
        </mac>
        <mac>
            <mac_min>FDA527295A59</mac_min>
            <mac_max>FDA527295A69</mac_max>
        </mac>
        <mac>
            <mac_min>FDA527295A6B</mac_min>
            <mac_max>FDA527295A79</mac_max>
        </mac>
        <mac>
            <mac_min>FDA527295A7B</mac_min>
            <mac_max>FDA527295A86</mac_max>
        </mac>
        <mac>
            <mac_min>FDA527295B81</mac_min>
            <mac_max>FDA527295BB2</mac_max>
        </mac>
        <mac>
            <mac_min>FDA5272AFB42</mac_min>
            <mac_max>FDA5272AFB43</mac_max>
        </mac>
        <mac>
            <mac_min>FDA5272AFB6C</mac_min>
            <mac_max>FDA5272AFB6D</mac_max>
        </mac>
        <mac>
            <mac_min>FDA5272B834A</mac_min>
            <mac_max>FDA5272B834B</mac_max>
        </mac>
        <mac>
            <mac_min>FDA5272B8358</mac_min>
            <mac_max>FDA5272B8359</mac_max>
        </mac>
    </mac_range>
    <mac_single>
        <mac>C91A006B09C5</mac>
        <mac>C91A006B09CB</mac>
        <mac>C91A006B09CF</mac>
        <mac>C91A006B09E8</mac>
        <mac>C91A006B09F4</mac>
        <mac>C91A006B09F7</mac>
        <mac>C91A006B09F9</mac>
        <mac>C91A006B09FB</mac>
        <mac>C91A006B0A03</mac>
        <mac>C91A006B0A06</mac>
        <mac>C91A006B0A0B</mac>
        <mac>C91A006B0A0E</mac>
        <mac>C91A006B0A11</mac>
        <mac>C91A006B0A1A</mac>
        <mac>C91A006B0A23</mac>
        <mac>C91A006B0A8A</mac>
        <mac>C91A006B11C8</mac>
        <mac>C91A006B11D3</mac>
        <mac>C91A006B11ED</mac>
        <mac>C91A006B11F2</mac>
        <mac>C91A006B3209</mac>
        <mac>C91A006B3261</mac>
        <mac>C91A006B3263</mac>
        <mac>C91A006B3278</mac>
        <mac>C91A006B327C</mac>
        <mac>C91A006B328D</mac>
        <mac>C91A006D38AD</mac>
        <mac>C91A006D38C4</mac>
        <mac>C91A006D38C7</mac>
        <mac>C91A006D38D0</mac>
        <mac>C91A006D3A6D</mac>
        <mac>C91A006D3A75</mac>
        <mac>C91A006D3A77</mac>
        <mac>C91A006D3A7B</mac>
        <mac>C91A006D3A83</mac>
        <mac>C91A006D3A86</mac>
        <mac>C91A006D3A8B</mac>
        <mac>C91A006D3A8F</mac>
        <mac>C91A006E5ADC</mac>
        <mac>C91A006E5ADF</mac>
        <mac>C91A006E5AE4</mac>
        <mac>C91A006E5AF8</mac>
        <mac>C91A006E5AFC</mac>
        <mac>C91A006E5AFE</mac>
        <mac>C91A006E5B02</mac>
        <mac>FDA527292639</mac>
        <mac>FDA52729263E</mac>
        <mac>FDA527292658</mac>
        <mac>FDA527292663</mac>
        <mac>FDA527292DA1</mac>
        <mac>FDA527292E0A</mac>
        <mac>FDA527292E13</mac>
        <mac>FDA527292E1C</mac>
        <mac>FDA527292E1F</mac>
        <mac>FDA527292E22</mac>
        <mac>FDA527292E27</mac>
        <mac>FDA527292E2A</mac>
        <mac>FDA527292E32</mac>
        <mac>FDA527292E34</mac>
        <mac>FDA527292E36</mac>
        <mac>FDA527292E39</mac>
        <mac>FDA527292E45</mac>
        <mac>FDA527292E5E</mac>
        <mac>FDA527292E62</mac>
        <mac>FDA527292E68</mac>
        <mac>FDA527295A2B</mac>
        <mac>FDA527295A3C</mac>
        <mac>FDA527295A40</mac>
        <mac>FDA527295A55</mac>
        <mac>FDA527295A57</mac>
        <mac>FDA527295AAF</mac>
        <mac>FDA5272AF987</mac>
        <mac>FDA5272AF99E</mac>
        <mac>FDA5272AF9A1</mac>
        <mac>FDA5272AF9AA</mac>
        <mac>FDA5272AFB47</mac>
        <mac>FDA5272AFB4F</mac>
        <mac>FDA5272AFB51</mac>
        <mac>FDA5272AFB55</mac>
        <mac>FDA5272AFB5D</mac>
        <mac>FDA5272AFB60</mac>
        <mac>FDA5272AFB65</mac>
        <mac>FDA5272AFB69</mac>
        <mac>FDA5272B834D</mac>
        <mac>FDA5272B8350</mac>
        <mac>FDA5272B8355</mac>
        <mac>FDA5272B8369</mac>
        <mac>FDA5272B836D</mac>
        <mac>FDA5272B836F</mac>
        <mac>FDA5272B8373</mac>
    </mac_single>
    <mac_warn />
</build_mac>
