<?xml version="1.0" encoding="utf-8" ?>
<build_mac>
    <build_id>861100080010400001</build_id>
    <mac_range />
    <mac_single>
        <mac>C91A006A0DB9</mac>
        <mac>C91A006A0DCA</mac>
        <mac>C91A006A0F49</mac>
        <mac>C91A006A0F51</mac>
        <mac>C91A006A0F60</mac>
        <mac>FDA52728A4F2</mac>
        <mac>FDA52728A501</mac>
        <mac>FDA52728A509</mac>
        <mac>FDA52728A688</mac>
        <mac>FDA52728A699</mac>
    </mac_single>
    <mac_warn />
</build_mac>
