<?xml version="1.0" encoding="utf-8" ?>
<build_mac>
    <build_id>861300010160300003</build_id>
    <mac_range>
        <mac>
            <mac_min>C91A006023A4</mac_min>
            <mac_max>C91A006023A7</mac_max>
        </mac>
        <mac>
            <mac_min>C91A006023B2</mac_min>
            <mac_max>C91A006023B4</mac_max>
        </mac>
        <mac>
            <mac_min>FDA5271BF8C3</mac_min>
            <mac_max>FDA5271BF8C6</mac_max>
        </mac>
        <mac>
            <mac_min>FDA5271BF8D1</mac_min>
            <mac_max>FDA5271BF8D3</mac_max>
        </mac>
    </mac_range>
    <mac_single>
        <mac>C91A00601F11</mac>
        <mac>C91A00602327</mac>
        <mac>C91A00602392</mac>
        <mac>C91A00602395</mac>
        <mac>C91A0060239E</mac>
        <mac>C91A006023A1</mac>
        <mac>C91A006023AB</mac>
        <mac>C91A006023B7</mac>
        <mac>C91A006023BC</mac>
        <mac>C91A006023C0</mac>
        <mac>C91A006023C2</mac>
        <mac>C91A006023C5</mac>
        <mac>C91A006023D7</mac>
        <mac>C91A006023DD</mac>
        <mac>C91A006023DF</mac>
        <mac>C91A006023E2</mac>
        <mac>C91A006023E5</mac>
        <mac>C91A006023E8</mac>
        <mac>C91A006023EA</mac>
        <mac>C91A00602406</mac>
        <mac>FDA5271BF0EB</mac>
        <mac>FDA5271BF8B1</mac>
        <mac>FDA5271BF8B4</mac>
        <mac>FDA5271BF8BD</mac>
        <mac>FDA5271BF8C0</mac>
        <mac>FDA5271BF8CA</mac>
        <mac>FDA5271BF8D6</mac>
        <mac>FDA5271BF8DB</mac>
        <mac>FDA5271BF8DF</mac>
        <mac>FDA5271BF8E1</mac>
        <mac>FDA5271BF8E4</mac>
        <mac>FDA5271BF8F6</mac>
        <mac>FDA5271BF8FC</mac>
        <mac>FDA5271BF8FE</mac>
        <mac>FDA5271BF901</mac>
        <mac>FDA5271BF904</mac>
        <mac>FDA5271BF907</mac>
        <mac>FDA5271BF909</mac>
        <mac>FDA5271BF925</mac>
        <mac>FDA5271BFB2D</mac>
    </mac_single>
    <mac_warn />
</build_mac>
