<?xml version="1.0" encoding="utf-8" ?>
<build_mac>
    <build_id>861300010100300004</build_id>
    <mac_range>
        <mac>
            <mac_min>C91A006023F0</mac_min>
            <mac_max>C91A006023F4</mac_max>
        </mac>
        <mac>
            <mac_min>C91A006023FB</mac_min>
            <mac_max>C91A006023FE</mac_max>
        </mac>
        <mac>
            <mac_min>C91A00602401</mac_min>
            <mac_max>C91A00602402</mac_max>
        </mac>
        <mac>
            <mac_min>C91A00602408</mac_min>
            <mac_max>C91A0060240B</mac_max>
        </mac>
        <mac>
            <mac_min>C91A0060240D</mac_min>
            <mac_max>C91A0060240E</mac_max>
        </mac>
        <mac>
            <mac_min>C91A00602410</mac_min>
            <mac_max>C91A00602411</mac_max>
        </mac>
        <mac>
            <mac_min>C91A00602414</mac_min>
            <mac_max>C91A0060241A</mac_max>
        </mac>
        <mac>
            <mac_min>FDA5271BF90F</mac_min>
            <mac_max>FDA5271BF913</mac_max>
        </mac>
        <mac>
            <mac_min>FDA5271BF91A</mac_min>
            <mac_max>FDA5271BF91D</mac_max>
        </mac>
        <mac>
            <mac_min>FDA5271BF920</mac_min>
            <mac_max>FDA5271BF921</mac_max>
        </mac>
        <mac>
            <mac_min>FDA5271BF927</mac_min>
            <mac_max>FDA5271BF92A</mac_max>
        </mac>
        <mac>
            <mac_min>FDA5271BF92C</mac_min>
            <mac_max>FDA5271BF92D</mac_max>
        </mac>
        <mac>
            <mac_min>FDA5271BF92F</mac_min>
            <mac_max>FDA5271BF930</mac_max>
        </mac>
        <mac>
            <mac_min>FDA5271BF933</mac_min>
            <mac_max>FDA5271BF939</mac_max>
        </mac>
    </mac_range>
    <mac_single>
        <mac>C91A00602399</mac>
        <mac>C91A0060239F</mac>
        <mac>C91A006023BE</mac>
        <mac>C91A006023F6</mac>
        <mac>C91A006023F8</mac>
        <mac>C91A00602404</mac>
        <mac>C91A0060241C</mac>
        <mac>C91A0060241F</mac>
        <mac>FDA5271BF8B8</mac>
        <mac>FDA5271BF8BE</mac>
        <mac>FDA5271BF8DD</mac>
        <mac>FDA5271BF915</mac>
        <mac>FDA5271BF917</mac>
        <mac>FDA5271BF923</mac>
        <mac>FDA5271BFB2F</mac>
        <mac>FDA5271BFB32</mac>
    </mac_single>
    <mac_warn />
</build_mac>
