<?xml version="1.0" encoding="utf-8" ?>
<build_mac>
    <build_id>861300010040300023</build_id>
    <mac_range>
        <mac>
            <mac_min>C91A007247E1</mac_min>
            <mac_max>C91A007247E4</mac_max>
        </mac>
        <mac>
            <mac_min>C91A007247E6</mac_min>
            <mac_max>C91A007247E8</mac_max>
        </mac>
        <mac>
            <mac_min>C91A007247ED</mac_min>
            <mac_max>C91A007247F3</mac_max>
        </mac>
        <mac>
            <mac_min>C91A007247F5</mac_min>
            <mac_max>C91A007247F7</mac_max>
        </mac>
        <mac>
            <mac_min>C91A007247F9</mac_min>
            <mac_max>C91A00724805</mac_max>
        </mac>
        <mac>
            <mac_min>C91A00724807</mac_min>
            <mac_max>C91A0072480E</mac_max>
        </mac>
        <mac>
            <mac_min>C91A00724810</mac_min>
            <mac_max>C91A00724811</mac_max>
        </mac>
        <mac>
            <mac_min>FDA5272FE5FC</mac_min>
            <mac_max>FDA5272FE5FF</mac_max>
        </mac>
        <mac>
            <mac_min>FDA5272FE601</mac_min>
            <mac_max>FDA5272FE603</mac_max>
        </mac>
        <mac>
            <mac_min>FDA5272FE608</mac_min>
            <mac_max>FDA5272FE60E</mac_max>
        </mac>
        <mac>
            <mac_min>FDA5272FE610</mac_min>
            <mac_max>FDA5272FE612</mac_max>
        </mac>
        <mac>
            <mac_min>FDA5272FE614</mac_min>
            <mac_max>FDA5272FE620</mac_max>
        </mac>
        <mac>
            <mac_min>FDA5272FE622</mac_min>
            <mac_max>FDA5272FE629</mac_max>
        </mac>
        <mac>
            <mac_min>FDA5272FE62B</mac_min>
            <mac_max>FDA5272FE62C</mac_max>
        </mac>
    </mac_range>
    <mac_single>
        <mac>C91A007247EB</mac>
        <mac>FDA5272FE606</mac>
    </mac_single>
    <mac_warn />
</build_mac>
