<?xml version="1.0" encoding="utf-8" ?>
<build_mac>
    <build_id>861300050060300001</build_id>
    <mac_range>
        <mac>
            <mac_min>C91A006A03E8</mac_min>
            <mac_max>C91A006A03F3</mac_max>
        </mac>
        <mac>
            <mac_min>C91A006A03F5</mac_min>
            <mac_max>C91A006A0419</mac_max>
        </mac>
        <mac>
            <mac_min>C91A006A041D</mac_min>
            <mac_max>C91A006A044B</mac_max>
        </mac>
        <mac>
            <mac_min>C91A006A044D</mac_min>
            <mac_max>C91A006A0478</mac_max>
        </mac>
        <mac>
            <mac_min>C91A006A047A</mac_min>
            <mac_max>C91A006A047D</mac_max>
        </mac>
        <mac>
            <mac_min>C91A006A0484</mac_min>
            <mac_max>C91A006A0488</mac_max>
        </mac>
        <mac>
            <mac_min>C91A006A048B</mac_min>
            <mac_max>C91A006A0492</mac_max>
        </mac>
        <mac>
            <mac_min>C91A006A0494</mac_min>
            <mac_max>C91A006A049B</mac_max>
        </mac>
        <mac>
            <mac_min>C91A006A04A2</mac_min>
            <mac_max>C91A006A04AA</mac_max>
        </mac>
        <mac>
            <mac_min>C91A006A04AD</mac_min>
            <mac_max>C91A006A04E1</mac_max>
        </mac>
        <mac>
            <mac_min>C91A006A04E6</mac_min>
            <mac_max>C91A006A04E7</mac_max>
        </mac>
        <mac>
            <mac_min>C91A006A04EF</mac_min>
            <mac_max>C91A006A04F4</mac_max>
        </mac>
        <mac>
            <mac_min>C91A006A04F7</mac_min>
            <mac_max>C91A006A04F8</mac_max>
        </mac>
        <mac>
            <mac_min>C91A006A0500</mac_min>
            <mac_max>C91A006A0502</mac_max>
        </mac>
        <mac>
            <mac_min>C91A006A0505</mac_min>
            <mac_max>C91A006A0506</mac_max>
        </mac>
        <mac>
            <mac_min>C91A006A050B</mac_min>
            <mac_max>C91A006A050C</mac_max>
        </mac>
        <mac>
            <mac_min>C91A006A0510</mac_min>
            <mac_max>C91A006A0511</mac_max>
        </mac>
        <mac>
            <mac_min>C91A006A0513</mac_min>
            <mac_max>C91A006A059B</mac_max>
        </mac>
        <mac>
            <mac_min>C91A006A059D</mac_min>
            <mac_max>C91A006A05A9</mac_max>
        </mac>
        <mac>
            <mac_min>C91A006A05AC</mac_min>
            <mac_max>C91A006A05AF</mac_max>
        </mac>
        <mac>
            <mac_min>C91A006A05B4</mac_min>
            <mac_max>C91A006A05B5</mac_max>
        </mac>
        <mac>
            <mac_min>C91A006A05B7</mac_min>
            <mac_max>C91A006A05BE</mac_max>
        </mac>
        <mac>
            <mac_min>C91A006A05C1</mac_min>
            <mac_max>C91A006A05C2</mac_max>
        </mac>
        <mac>
            <mac_min>C91A006A05C9</mac_min>
            <mac_max>C91A006A05CC</mac_max>
        </mac>
        <mac>
            <mac_min>C91A006A05CE</mac_min>
            <mac_max>C91A006A05D0</mac_max>
        </mac>
        <mac>
            <mac_min>C91A006A05D2</mac_min>
            <mac_max>C91A006A05D5</mac_max>
        </mac>
        <mac>
            <mac_min>C91A006A05D9</mac_min>
            <mac_max>C91A006A05DB</mac_max>
        </mac>
        <mac>
            <mac_min>C91A006A1770</mac_min>
            <mac_max>C91A006A1772</mac_max>
        </mac>
        <mac>
            <mac_min>C91A006A177A</mac_min>
            <mac_max>C91A006A1780</mac_max>
        </mac>
        <mac>
            <mac_min>C91A006A1783</mac_min>
            <mac_max>C91A006A178F</mac_max>
        </mac>
        <mac>
            <mac_min>C91A006A1795</mac_min>
            <mac_max>C91A006A1796</mac_max>
        </mac>
        <mac>
            <mac_min>C91A006A1798</mac_min>
            <mac_max>C91A006A1799</mac_max>
        </mac>
        <mac>
            <mac_min>C91A006A179E</mac_min>
            <mac_max>C91A006A17A0</mac_max>
        </mac>
        <mac>
            <mac_min>C91A006A17A3</mac_min>
            <mac_max>C91A006A17A4</mac_max>
        </mac>
        <mac>
            <mac_min>C91A006A17B8</mac_min>
            <mac_max>C91A006A17BB</mac_max>
        </mac>
        <mac>
            <mac_min>C91A006A17C8</mac_min>
            <mac_max>C91A006A17C9</mac_max>
        </mac>
        <mac>
            <mac_min>C91A006A17CC</mac_min>
            <mac_max>C91A006A17CD</mac_max>
        </mac>
        <mac>
            <mac_min>C91A006A1829</mac_min>
            <mac_max>C91A006A182A</mac_max>
        </mac>
        <mac>
            <mac_min>C91A006A1839</mac_min>
            <mac_max>C91A006A1840</mac_max>
        </mac>
        <mac>
            <mac_min>C91A006A184A</mac_min>
            <mac_max>C91A006A184B</mac_max>
        </mac>
        <mac>
            <mac_min>C91A006A1854</mac_min>
            <mac_max>C91A006A1857</mac_max>
        </mac>
        <mac>
            <mac_min>C91A006A1861</mac_min>
            <mac_max>C91A006A1863</mac_max>
        </mac>
        <mac>
            <mac_min>C91A006A1865</mac_min>
            <mac_max>C91A006A1869</mac_max>
        </mac>
        <mac>
            <mac_min>C91A006A1874</mac_min>
            <mac_max>C91A006A1875</mac_max>
        </mac>
        <mac>
            <mac_min>C91A006A1877</mac_min>
            <mac_max>C91A006A1879</mac_max>
        </mac>
        <mac>
            <mac_min>C91A006A1885</mac_min>
            <mac_max>C91A006A1886</mac_max>
        </mac>
        <mac>
            <mac_min>C91A006A188C</mac_min>
            <mac_max>C91A006A1890</mac_max>
        </mac>
        <mac>
            <mac_min>C91A006A1897</mac_min>
            <mac_max>C91A006A1898</mac_max>
        </mac>
        <mac>
            <mac_min>C91A006A189C</mac_min>
            <mac_max>C91A006A189D</mac_max>
        </mac>
        <mac>
            <mac_min>C91A006A189F</mac_min>
            <mac_max>C91A006A18A1</mac_max>
        </mac>
        <mac>
            <mac_min>C91A006A18A5</mac_min>
            <mac_max>C91A006A18AC</mac_max>
        </mac>
        <mac>
            <mac_min>C91A006A18B2</mac_min>
            <mac_max>C91A006A18B3</mac_max>
        </mac>
        <mac>
            <mac_min>C91A006A18B7</mac_min>
            <mac_max>C91A006A18BF</mac_max>
        </mac>
        <mac>
            <mac_min>C91A006A18C1</mac_min>
            <mac_max>C91A006A18C4</mac_max>
        </mac>
        <mac>
            <mac_min>C91A006A18C6</mac_min>
            <mac_max>C91A006A18CA</mac_max>
        </mac>
        <mac>
            <mac_min>C91A006A18CC</mac_min>
            <mac_max>C91A006A18D1</mac_max>
        </mac>
        <mac>
            <mac_min>C91A006A18D5</mac_min>
            <mac_max>C91A006A18DB</mac_max>
        </mac>
        <mac>
            <mac_min>C91A006A18DD</mac_min>
            <mac_max>C91A006A18FF</mac_max>
        </mac>
        <mac>
            <mac_min>C91A006A1905</mac_min>
            <mac_max>C91A006A1906</mac_max>
        </mac>
        <mac>
            <mac_min>C91A006A190E</mac_min>
            <mac_max>C91A006A1912</mac_max>
        </mac>
        <mac>
            <mac_min>C91A006A1914</mac_min>
            <mac_max>C91A006A1916</mac_max>
        </mac>
        <mac>
            <mac_min>C91A006A191C</mac_min>
            <mac_max>C91A006A191D</mac_max>
        </mac>
        <mac>
            <mac_min>C91A006A1925</mac_min>
            <mac_max>C91A006A1928</mac_max>
        </mac>
        <mac>
            <mac_min>C91A006A192A</mac_min>
            <mac_max>C91A006A192B</mac_max>
        </mac>
        <mac>
            <mac_min>C91A006A1935</mac_min>
            <mac_max>C91A006A1939</mac_max>
        </mac>
        <mac>
            <mac_min>C91A006A193B</mac_min>
            <mac_max>C91A006A193E</mac_max>
        </mac>
        <mac>
            <mac_min>C91A006A1943</mac_min>
            <mac_max>C91A006A1947</mac_max>
        </mac>
        <mac>
            <mac_min>C91A006A1949</mac_min>
            <mac_max>C91A006A194D</mac_max>
        </mac>
        <mac>
            <mac_min>C91A006A194F</mac_min>
            <mac_max>C91A006A1950</mac_max>
        </mac>
        <mac>
            <mac_min>C91A006A1957</mac_min>
            <mac_max>C91A006A1959</mac_max>
        </mac>
        <mac>
            <mac_min>C91A006A195B</mac_min>
            <mac_max>C91A006A1961</mac_max>
        </mac>
        <mac>
            <mac_min>FDA527289AF0</mac_min>
            <mac_max>FDA527289AF6</mac_max>
        </mac>
        <mac>
            <mac_min>FDA527289AF8</mac_min>
            <mac_max>FDA527289AFA</mac_max>
        </mac>
        <mac>
            <mac_min>FDA527289B01</mac_min>
            <mac_max>FDA527289B02</mac_max>
        </mac>
        <mac>
            <mac_min>FDA527289B04</mac_min>
            <mac_max>FDA527289B08</mac_max>
        </mac>
        <mac>
            <mac_min>FDA527289B0A</mac_min>
            <mac_max>FDA527289B0E</mac_max>
        </mac>
        <mac>
            <mac_min>FDA527289B13</mac_min>
            <mac_max>FDA527289B16</mac_max>
        </mac>
        <mac>
            <mac_min>FDA527289B18</mac_min>
            <mac_max>FDA527289B1C</mac_max>
        </mac>
        <mac>
            <mac_min>FDA527289B26</mac_min>
            <mac_max>FDA527289B27</mac_max>
        </mac>
        <mac>
            <mac_min>FDA527289B29</mac_min>
            <mac_max>FDA527289B2C</mac_max>
        </mac>
        <mac>
            <mac_min>FDA527289B34</mac_min>
            <mac_max>FDA527289B35</mac_max>
        </mac>
        <mac>
            <mac_min>FDA527289B3B</mac_min>
            <mac_max>FDA527289B3D</mac_max>
        </mac>
        <mac>
            <mac_min>FDA527289B3F</mac_min>
            <mac_max>FDA527289B43</mac_max>
        </mac>
        <mac>
            <mac_min>FDA527289B4B</mac_min>
            <mac_max>FDA527289B4C</mac_max>
        </mac>
        <mac>
            <mac_min>FDA527289B52</mac_min>
            <mac_max>FDA527289B74</mac_max>
        </mac>
        <mac>
            <mac_min>FDA527289B76</mac_min>
            <mac_max>FDA527289B7C</mac_max>
        </mac>
        <mac>
            <mac_min>FDA527289B80</mac_min>
            <mac_max>FDA527289B85</mac_max>
        </mac>
        <mac>
            <mac_min>FDA527289B87</mac_min>
            <mac_max>FDA527289B8B</mac_max>
        </mac>
        <mac>
            <mac_min>FDA527289B8D</mac_min>
            <mac_max>FDA527289B90</mac_max>
        </mac>
        <mac>
            <mac_min>FDA527289B92</mac_min>
            <mac_max>FDA527289B9A</mac_max>
        </mac>
        <mac>
            <mac_min>FDA527289B9E</mac_min>
            <mac_max>FDA527289B9F</mac_max>
        </mac>
        <mac>
            <mac_min>FDA527289BA5</mac_min>
            <mac_max>FDA527289BAC</mac_max>
        </mac>
        <mac>
            <mac_min>FDA527289BB0</mac_min>
            <mac_max>FDA527289BB2</mac_max>
        </mac>
        <mac>
            <mac_min>FDA527289BB4</mac_min>
            <mac_max>FDA527289BB5</mac_max>
        </mac>
        <mac>
            <mac_min>FDA527289BB9</mac_min>
            <mac_max>FDA527289BBA</mac_max>
        </mac>
        <mac>
            <mac_min>FDA527289BC1</mac_min>
            <mac_max>FDA527289BC5</mac_max>
        </mac>
        <mac>
            <mac_min>FDA527289BCB</mac_min>
            <mac_max>FDA527289BCC</mac_max>
        </mac>
        <mac>
            <mac_min>FDA527289BD8</mac_min>
            <mac_max>FDA527289BDA</mac_max>
        </mac>
        <mac>
            <mac_min>FDA527289BDC</mac_min>
            <mac_max>FDA527289BDD</mac_max>
        </mac>
        <mac>
            <mac_min>FDA527289BE8</mac_min>
            <mac_max>FDA527289BEC</mac_max>
        </mac>
        <mac>
            <mac_min>FDA527289BEE</mac_min>
            <mac_max>FDA527289BF0</mac_max>
        </mac>
        <mac>
            <mac_min>FDA527289BFA</mac_min>
            <mac_max>FDA527289BFD</mac_max>
        </mac>
        <mac>
            <mac_min>FDA527289C06</mac_min>
            <mac_max>FDA527289C07</mac_max>
        </mac>
        <mac>
            <mac_min>FDA527289C11</mac_min>
            <mac_max>FDA527289C18</mac_max>
        </mac>
        <mac>
            <mac_min>FDA527289C27</mac_min>
            <mac_max>FDA527289C28</mac_max>
        </mac>
        <mac>
            <mac_min>FDA527289C84</mac_min>
            <mac_max>FDA527289C85</mac_max>
        </mac>
        <mac>
            <mac_min>FDA527289C88</mac_min>
            <mac_max>FDA527289C89</mac_max>
        </mac>
        <mac>
            <mac_min>FDA527289C96</mac_min>
            <mac_max>FDA527289C99</mac_max>
        </mac>
        <mac>
            <mac_min>FDA527289CAD</mac_min>
            <mac_max>FDA527289CAE</mac_max>
        </mac>
        <mac>
            <mac_min>FDA527289CB1</mac_min>
            <mac_max>FDA527289CB3</mac_max>
        </mac>
        <mac>
            <mac_min>FDA527289CB8</mac_min>
            <mac_max>FDA527289CB9</mac_max>
        </mac>
        <mac>
            <mac_min>FDA527289CBB</mac_min>
            <mac_max>FDA527289CBC</mac_max>
        </mac>
        <mac>
            <mac_min>FDA527289CC2</mac_min>
            <mac_max>FDA527289CCE</mac_max>
        </mac>
        <mac>
            <mac_min>FDA527289CD1</mac_min>
            <mac_max>FDA527289CD7</mac_max>
        </mac>
        <mac>
            <mac_min>FDA527289CDF</mac_min>
            <mac_max>FDA527289CE1</mac_max>
        </mac>
        <mac>
            <mac_min>FDA52728AE78</mac_min>
            <mac_max>FDA52728AE7A</mac_max>
        </mac>
        <mac>
            <mac_min>FDA52728AE7E</mac_min>
            <mac_max>FDA52728AE81</mac_max>
        </mac>
        <mac>
            <mac_min>FDA52728AE83</mac_min>
            <mac_max>FDA52728AE85</mac_max>
        </mac>
        <mac>
            <mac_min>FDA52728AE87</mac_min>
            <mac_max>FDA52728AE8A</mac_max>
        </mac>
        <mac>
            <mac_min>FDA52728AE91</mac_min>
            <mac_max>FDA52728AE92</mac_max>
        </mac>
        <mac>
            <mac_min>FDA52728AE95</mac_min>
            <mac_max>FDA52728AE9C</mac_max>
        </mac>
        <mac>
            <mac_min>FDA52728AE9E</mac_min>
            <mac_max>FDA52728AE9F</mac_max>
        </mac>
        <mac>
            <mac_min>FDA52728AEA4</mac_min>
            <mac_max>FDA52728AEA7</mac_max>
        </mac>
        <mac>
            <mac_min>FDA52728AEAA</mac_min>
            <mac_max>FDA52728AEB6</mac_max>
        </mac>
        <mac>
            <mac_min>FDA52728AEB8</mac_min>
            <mac_max>FDA52728AF40</mac_max>
        </mac>
        <mac>
            <mac_min>FDA52728AF42</mac_min>
            <mac_max>FDA52728AF43</mac_max>
        </mac>
        <mac>
            <mac_min>FDA52728AF47</mac_min>
            <mac_max>FDA52728AF48</mac_max>
        </mac>
        <mac>
            <mac_min>FDA52728AF4D</mac_min>
            <mac_max>FDA52728AF4E</mac_max>
        </mac>
        <mac>
            <mac_min>FDA52728AF51</mac_min>
            <mac_max>FDA52728AF53</mac_max>
        </mac>
        <mac>
            <mac_min>FDA52728AF5B</mac_min>
            <mac_max>FDA52728AF5C</mac_max>
        </mac>
        <mac>
            <mac_min>FDA52728AF5F</mac_min>
            <mac_max>FDA52728AF64</mac_max>
        </mac>
        <mac>
            <mac_min>FDA52728AF6C</mac_min>
            <mac_max>FDA52728AF6D</mac_max>
        </mac>
        <mac>
            <mac_min>FDA52728AF72</mac_min>
            <mac_max>FDA52728AFA6</mac_max>
        </mac>
        <mac>
            <mac_min>FDA52728AFA9</mac_min>
            <mac_max>FDA52728AFB1</mac_max>
        </mac>
        <mac>
            <mac_min>FDA52728AFB8</mac_min>
            <mac_max>FDA52728AFBF</mac_max>
        </mac>
        <mac>
            <mac_min>FDA52728AFC1</mac_min>
            <mac_max>FDA52728AFC8</mac_max>
        </mac>
        <mac>
            <mac_min>FDA52728AFCB</mac_min>
            <mac_max>FDA52728AFCF</mac_max>
        </mac>
        <mac>
            <mac_min>FDA52728AFD6</mac_min>
            <mac_max>FDA52728AFD9</mac_max>
        </mac>
        <mac>
            <mac_min>FDA52728AFDB</mac_min>
            <mac_max>FDA52728B006</mac_max>
        </mac>
        <mac>
            <mac_min>FDA52728B008</mac_min>
            <mac_max>FDA52728B036</mac_max>
        </mac>
        <mac>
            <mac_min>FDA52728B03A</mac_min>
            <mac_max>FDA52728B05E</mac_max>
        </mac>
        <mac>
            <mac_min>FDA52728B060</mac_min>
            <mac_max>FDA52728B06B</mac_max>
        </mac>
    </mac_range>
    <mac_single>
        <mac>C91A006A041B</mac>
        <mac>C91A006A0480</mac>
        <mac>C91A006A0482</mac>
        <mac>C91A006A049D</mac>
        <mac>C91A006A04A0</mac>
        <mac>C91A006A04E4</mac>
        <mac>C91A006A04E9</mac>
        <mac>C91A006A04EB</mac>
        <mac>C91A006A04FC</mac>
        <mac>C91A006A04FE</mac>
        <mac>C91A006A0508</mac>
        <mac>C91A006A05C5</mac>
        <mac>C91A006A05C7</mac>
        <mac>C91A006A05D7</mac>
        <mac>C91A006A1778</mac>
        <mac>C91A006A1792</mac>
        <mac>C91A006A17AB</mac>
        <mac>C91A006A17AD</mac>
        <mac>C91A006A17B2</mac>
        <mac>C91A006A17B4</mac>
        <mac>C91A006A17BF</mac>
        <mac>C91A006A17C6</mac>
        <mac>C91A006A17D2</mac>
        <mac>C91A006A17DB</mac>
        <mac>C91A006A17E0</mac>
        <mac>C91A006A17EB</mac>
        <mac>C91A006A17FF</mac>
        <mac>C91A006A1801</mac>
        <mac>C91A006A1803</mac>
        <mac>C91A006A180C</mac>
        <mac>C91A006A1818</mac>
        <mac>C91A006A181D</mac>
        <mac>C91A006A181F</mac>
        <mac>C91A006A182F</mac>
        <mac>C91A006A1833</mac>
        <mac>C91A006A1835</mac>
        <mac>C91A006A1845</mac>
        <mac>C91A006A184E</mac>
        <mac>C91A006A1852</mac>
        <mac>C91A006A1859</mac>
        <mac>C91A006A185C</mac>
        <mac>C91A006A185E</mac>
        <mac>C91A006A186B</mac>
        <mac>C91A006A187B</mac>
        <mac>C91A006A187E</mac>
        <mac>C91A006A1880</mac>
        <mac>C91A006A1883</mac>
        <mac>C91A006A1889</mac>
        <mac>C91A006A189A</mac>
        <mac>C91A006A18A3</mac>
        <mac>C91A006A18B5</mac>
        <mac>C91A006A18D3</mac>
        <mac>C91A006A1908</mac>
        <mac>C91A006A1919</mac>
        <mac>C91A006A1920</mac>
        <mac>C91A006A1923</mac>
        <mac>C91A006A192D</mac>
        <mac>C91A006A1930</mac>
        <mac>C91A006A1933</mac>
        <mac>C91A006A1940</mac>
        <mac>C91A006A1952</mac>
        <mac>C91A006A1954</mac>
        <mac>C91A006A1963</mac>
        <mac>FDA527289AEE</mac>
        <mac>FDA527289AFD</mac>
        <mac>FDA527289AFF</mac>
        <mac>FDA527289B11</mac>
        <mac>FDA527289B1E</mac>
        <mac>FDA527289B21</mac>
        <mac>FDA527289B24</mac>
        <mac>FDA527289B2E</mac>
        <mac>FDA527289B31</mac>
        <mac>FDA527289B38</mac>
        <mac>FDA527289B49</mac>
        <mac>FDA527289B7E</mac>
        <mac>FDA527289B9C</mac>
        <mac>FDA527289BAE</mac>
        <mac>FDA527289BB7</mac>
        <mac>FDA527289BC8</mac>
        <mac>FDA527289BCE</mac>
        <mac>FDA527289BD1</mac>
        <mac>FDA527289BD3</mac>
        <mac>FDA527289BD6</mac>
        <mac>FDA527289BE6</mac>
        <mac>FDA527289BF3</mac>
        <mac>FDA527289BF5</mac>
        <mac>FDA527289BF8</mac>
        <mac>FDA527289BFF</mac>
        <mac>FDA527289C03</mac>
        <mac>FDA527289C0C</mac>
        <mac>FDA527289C1C</mac>
        <mac>FDA527289C1E</mac>
        <mac>FDA527289C22</mac>
        <mac>FDA527289C32</mac>
        <mac>FDA527289C34</mac>
        <mac>FDA527289C39</mac>
        <mac>FDA527289C45</mac>
        <mac>FDA527289C4E</mac>
        <mac>FDA527289C50</mac>
        <mac>FDA527289C52</mac>
        <mac>FDA527289C66</mac>
        <mac>FDA527289C71</mac>
        <mac>FDA527289C76</mac>
        <mac>FDA527289C7F</mac>
        <mac>FDA527289C8B</mac>
        <mac>FDA527289C92</mac>
        <mac>FDA527289C9D</mac>
        <mac>FDA527289C9F</mac>
        <mac>FDA527289CA4</mac>
        <mac>FDA527289CA6</mac>
        <mac>FDA527289CBF</mac>
        <mac>FDA527289CD9</mac>
        <mac>FDA52728AE7C</mac>
        <mac>FDA52728AE8C</mac>
        <mac>FDA52728AE8E</mac>
        <mac>FDA52728AF4B</mac>
        <mac>FDA52728AF55</mac>
        <mac>FDA52728AF57</mac>
        <mac>FDA52728AF68</mac>
        <mac>FDA52728AF6A</mac>
        <mac>FDA52728AF6F</mac>
        <mac>FDA52728AFB3</mac>
        <mac>FDA52728AFB6</mac>
        <mac>FDA52728AFD1</mac>
        <mac>FDA52728AFD3</mac>
        <mac>FDA52728B038</mac>
    </mac_single>
    <mac_warn />
</build_mac>
