<?xml version="1.0" encoding="utf-8" ?>
<build_mac>
    <build_id>861300010160300002</build_id>
    <mac_range>
        <mac>
            <mac_min>C91A0060235B</mac_min>
            <mac_max>C91A0060235C</mac_max>
        </mac>
        <mac>
            <mac_min>C91A00602366</mac_min>
            <mac_max>C91A00602369</mac_max>
        </mac>
        <mac>
            <mac_min>C91A0060236C</mac_min>
            <mac_max>C91A0060236D</mac_max>
        </mac>
        <mac>
            <mac_min>C91A00602375</mac_min>
            <mac_max>C91A00602376</mac_max>
        </mac>
        <mac>
            <mac_min>FDA5271BF87A</mac_min>
            <mac_max>FDA5271BF87B</mac_max>
        </mac>
        <mac>
            <mac_min>FDA5271BF885</mac_min>
            <mac_max>FDA5271BF888</mac_max>
        </mac>
        <mac>
            <mac_min>FDA5271BF88B</mac_min>
            <mac_max>FDA5271BF88C</mac_max>
        </mac>
        <mac>
            <mac_min>FDA5271BF894</mac_min>
            <mac_max>FDA5271BF895</mac_max>
        </mac>
    </mac_range>
    <mac_single>
        <mac>C91A00602361</mac>
        <mac>C91A00602363</mac>
        <mac>C91A00602370</mac>
        <mac>C91A00602373</mac>
        <mac>C91A0060237A</mac>
        <mac>C91A0060237C</mac>
        <mac>C91A0060237F</mac>
        <mac>C91A00602381</mac>
        <mac>C91A00602383</mac>
        <mac>C91A00602385</mac>
        <mac>C91A00602388</mac>
        <mac>FDA5271BF880</mac>
        <mac>FDA5271BF882</mac>
        <mac>FDA5271BF88F</mac>
        <mac>FDA5271BF892</mac>
        <mac>FDA5271BF899</mac>
        <mac>FDA5271BF89B</mac>
        <mac>FDA5271BF89E</mac>
        <mac>FDA5271BF8A0</mac>
        <mac>FDA5271BF8A2</mac>
        <mac>FDA5271BF8A4</mac>
        <mac>FDA5271BF8A7</mac>
    </mac_single>
    <mac_warn />
</build_mac>
