<?xml version="1.0" encoding="utf-8" ?>
<build_mac>
    <build_id>861300120010300004</build_id>
    <mac_range>
        <mac>
            <mac_min>C91A006D2939</mac_min>
            <mac_max>C91A006D293B</mac_max>
        </mac>
        <mac>
            <mac_min>C91A006D293E</mac_min>
            <mac_max>C91A006D2940</mac_max>
        </mac>
        <mac>
            <mac_min>C91A006D2942</mac_min>
            <mac_max>C91A006D2943</mac_max>
        </mac>
        <mac>
            <mac_min>C91A006D2947</mac_min>
            <mac_max>C91A006D294B</mac_max>
        </mac>
        <mac>
            <mac_min>C91A006D2951</mac_min>
            <mac_max>C91A006D2954</mac_max>
        </mac>
        <mac>
            <mac_min>C91A006D2960</mac_min>
            <mac_max>C91A006D2962</mac_max>
        </mac>
        <mac>
            <mac_min>C91A006D2964</mac_min>
            <mac_max>C91A006D2966</mac_max>
        </mac>
        <mac>
            <mac_min>C91A006D2A3D</mac_min>
            <mac_max>C91A006D2A3F</mac_max>
        </mac>
        <mac>
            <mac_min>C91A006D2A42</mac_min>
            <mac_max>C91A006D2A43</mac_max>
        </mac>
        <mac>
            <mac_min>C91A006D2A47</mac_min>
            <mac_max>C91A006D2A48</mac_max>
        </mac>
        <mac>
            <mac_min>C91A006D2A4D</mac_min>
            <mac_max>C91A006D2A4E</mac_max>
        </mac>
        <mac>
            <mac_min>C91A006D2A51</mac_min>
            <mac_max>C91A006D2A55</mac_max>
        </mac>
        <mac>
            <mac_min>C91A006D2A57</mac_min>
            <mac_max>C91A006D2A5C</mac_max>
        </mac>
        <mac>
            <mac_min>FDA5272AEA12</mac_min>
            <mac_max>FDA5272AEA14</mac_max>
        </mac>
        <mac>
            <mac_min>FDA5272AEA17</mac_min>
            <mac_max>FDA5272AEA19</mac_max>
        </mac>
        <mac>
            <mac_min>FDA5272AEA1B</mac_min>
            <mac_max>FDA5272AEA1C</mac_max>
        </mac>
        <mac>
            <mac_min>FDA5272AEA20</mac_min>
            <mac_max>FDA5272AEA24</mac_max>
        </mac>
        <mac>
            <mac_min>FDA5272AEA2A</mac_min>
            <mac_max>FDA5272AEA2D</mac_max>
        </mac>
        <mac>
            <mac_min>FDA5272AEA39</mac_min>
            <mac_max>FDA5272AEA3B</mac_max>
        </mac>
        <mac>
            <mac_min>FDA5272AEA3D</mac_min>
            <mac_max>FDA5272AEA3F</mac_max>
        </mac>
        <mac>
            <mac_min>FDA5272AEB16</mac_min>
            <mac_max>FDA5272AEB18</mac_max>
        </mac>
        <mac>
            <mac_min>FDA5272AEB1B</mac_min>
            <mac_max>FDA5272AEB1C</mac_max>
        </mac>
        <mac>
            <mac_min>FDA5272AEB20</mac_min>
            <mac_max>FDA5272AEB21</mac_max>
        </mac>
        <mac>
            <mac_min>FDA5272AEB26</mac_min>
            <mac_max>FDA5272AEB27</mac_max>
        </mac>
        <mac>
            <mac_min>FDA5272AEB2A</mac_min>
            <mac_max>FDA5272AEB2E</mac_max>
        </mac>
        <mac>
            <mac_min>FDA5272AEB30</mac_min>
            <mac_max>FDA5272AEB35</mac_max>
        </mac>
    </mac_range>
    <mac_single>
        <mac>C91A006D2945</mac>
        <mac>C91A006D2956</mac>
        <mac>C91A006D2959</mac>
        <mac>C91A006D295B</mac>
        <mac>C91A006D295E</mac>
        <mac>C91A006D2A30</mac>
        <mac>C91A006D2A32</mac>
        <mac>C91A006D2A34</mac>
        <mac>C91A006D2A36</mac>
        <mac>C91A006D2A45</mac>
        <mac>C91A006D2A61</mac>
        <mac>C91A006D2AE3</mac>
        <mac>FDA5272AEA1E</mac>
        <mac>FDA5272AEA2F</mac>
        <mac>FDA5272AEA32</mac>
        <mac>FDA5272AEA34</mac>
        <mac>FDA5272AEA37</mac>
        <mac>FDA5272AEB09</mac>
        <mac>FDA5272AEB0B</mac>
        <mac>FDA5272AEB0D</mac>
        <mac>FDA5272AEB0F</mac>
        <mac>FDA5272AEB1E</mac>
        <mac>FDA5272AEB3A</mac>
        <mac>FDA5272AEBBC</mac>
    </mac_single>
    <mac_warn />
</build_mac>
