<?xml version="1.0" encoding="utf-8" ?>
<build_mac>
    <build_id>861300010110300001</build_id>
    <mac_range>
        <mac>
            <mac_min>C91A006023D0</mac_min>
            <mac_max>C91A006023D1</mac_max>
        </mac>
        <mac>
            <mac_min>C91A006023E0</mac_min>
            <mac_max>C91A006023E1</mac_max>
        </mac>
        <mac>
            <mac_min>FDA5271BF8EF</mac_min>
            <mac_max>FDA5271BF8F0</mac_max>
        </mac>
        <mac>
            <mac_min>FDA5271BF8FF</mac_min>
            <mac_max>FDA5271BF900</mac_max>
        </mac>
    </mac_range>
    <mac_single>
        <mac>C91A006023C4</mac>
        <mac>C91A006023C6</mac>
        <mac>C91A006023CE</mac>
        <mac>C91A006023D6</mac>
        <mac>C91A006023D9</mac>
        <mac>C91A006023E7</mac>
        <mac>C91A006023EC</mac>
        <mac>FDA5271BF8E3</mac>
        <mac>FDA5271BF8E5</mac>
        <mac>FDA5271BF8ED</mac>
        <mac>FDA5271BF8F5</mac>
        <mac>FDA5271BF8F8</mac>
        <mac>FDA5271BF906</mac>
        <mac>FDA5271BF90B</mac>
    </mac_single>
    <mac_warn />
</build_mac>
