<?xml version="1.0" encoding="utf-8" ?>
<build_mac>
    <build_id>861300060010300002</build_id>
    <mac_range>
        <mac>
            <mac_min>C91A00713A99</mac_min>
            <mac_max>C91A00713A9F</mac_max>
        </mac>
        <mac>
            <mac_min>C91A00713AA4</mac_min>
            <mac_max>C91A00713AA8</mac_max>
        </mac>
        <mac>
            <mac_min>C91A00713AAA</mac_min>
            <mac_max>C91A00713AAB</mac_max>
        </mac>
        <mac>
            <mac_min>C91A00713AAD</mac_min>
            <mac_max>C91A00713AC5</mac_max>
        </mac>
        <mac>
            <mac_min>C91A00713AC7</mac_min>
            <mac_max>C91A00713AC9</mac_max>
        </mac>
        <mac>
            <mac_min>C91A00713B60</mac_min>
            <mac_max>C91A00713B64</mac_max>
        </mac>
        <mac>
            <mac_min>C91A00713B66</mac_min>
            <mac_max>C91A00713B6E</mac_max>
        </mac>
        <mac>
            <mac_min>C91A00713B70</mac_min>
            <mac_max>C91A00713B76</mac_max>
        </mac>
        <mac>
            <mac_min>C91A00713B78</mac_min>
            <mac_max>C91A00713B7A</mac_max>
        </mac>
        <mac>
            <mac_min>C91A00713B7F</mac_min>
            <mac_max>C91A00713B8A</mac_max>
        </mac>
        <mac>
            <mac_min>C91A00713B8D</mac_min>
            <mac_max>C91A00713B91</mac_max>
        </mac>
        <mac>
            <mac_min>C91A00713BF8</mac_min>
            <mac_max>C91A00713BF9</mac_max>
        </mac>
        <mac>
            <mac_min>C91A00713BFB</mac_min>
            <mac_max>C91A00713BFC</mac_max>
        </mac>
        <mac>
            <mac_min>C91A00713C12</mac_min>
            <mac_max>C91A00713C13</mac_max>
        </mac>
        <mac>
            <mac_min>C91A00713C18</mac_min>
            <mac_max>C91A00713C1B</mac_max>
        </mac>
        <mac>
            <mac_min>C91A00713C1D</mac_min>
            <mac_max>C91A00713C1E</mac_max>
        </mac>
        <mac>
            <mac_min>C91A00713C21</mac_min>
            <mac_max>C91A00713C22</mac_max>
        </mac>
        <mac>
            <mac_min>FDA5272E24BC</mac_min>
            <mac_max>FDA5272E24C2</mac_max>
        </mac>
        <mac>
            <mac_min>FDA5272E24C7</mac_min>
            <mac_max>FDA5272E24CB</mac_max>
        </mac>
        <mac>
            <mac_min>FDA5272E24CD</mac_min>
            <mac_max>FDA5272E24CE</mac_max>
        </mac>
        <mac>
            <mac_min>FDA5272E24D0</mac_min>
            <mac_max>FDA5272E24E8</mac_max>
        </mac>
        <mac>
            <mac_min>FDA5272E24EA</mac_min>
            <mac_max>FDA5272E24EC</mac_max>
        </mac>
        <mac>
            <mac_min>FDA5272E2583</mac_min>
            <mac_max>FDA5272E2587</mac_max>
        </mac>
        <mac>
            <mac_min>FDA5272E2589</mac_min>
            <mac_max>FDA5272E2591</mac_max>
        </mac>
        <mac>
            <mac_min>FDA5272E2593</mac_min>
            <mac_max>FDA5272E2599</mac_max>
        </mac>
        <mac>
            <mac_min>FDA5272E259B</mac_min>
            <mac_max>FDA5272E259D</mac_max>
        </mac>
        <mac>
            <mac_min>FDA5272E25A2</mac_min>
            <mac_max>FDA5272E25AD</mac_max>
        </mac>
        <mac>
            <mac_min>FDA5272E25B0</mac_min>
            <mac_max>FDA5272E25B4</mac_max>
        </mac>
        <mac>
            <mac_min>FDA5272E261B</mac_min>
            <mac_max>FDA5272E261C</mac_max>
        </mac>
        <mac>
            <mac_min>FDA5272E261E</mac_min>
            <mac_max>FDA5272E261F</mac_max>
        </mac>
        <mac>
            <mac_min>FDA5272E2635</mac_min>
            <mac_max>FDA5272E2636</mac_max>
        </mac>
        <mac>
            <mac_min>FDA5272E263B</mac_min>
            <mac_max>FDA5272E263E</mac_max>
        </mac>
        <mac>
            <mac_min>FDA5272E2640</mac_min>
            <mac_max>FDA5272E2641</mac_max>
        </mac>
        <mac>
            <mac_min>FDA5272E2644</mac_min>
            <mac_max>FDA5272E2645</mac_max>
        </mac>
    </mac_range>
    <mac_single>
        <mac>C91A00713AA2</mac>
        <mac>C91A00713B7D</mac>
        <mac>C91A00713BDA</mac>
        <mac>C91A00713BFF</mac>
        <mac>C91A00713C01</mac>
        <mac>C91A00713C05</mac>
        <mac>C91A00713C08</mac>
        <mac>C91A00713C0A</mac>
        <mac>FDA5272E24C5</mac>
        <mac>FDA5272E25A0</mac>
        <mac>FDA5272E25FD</mac>
        <mac>FDA5272E2622</mac>
        <mac>FDA5272E2624</mac>
        <mac>FDA5272E2628</mac>
        <mac>FDA5272E262B</mac>
        <mac>FDA5272E262D</mac>
    </mac_single>
    <mac_warn />
</build_mac>
