<?xml version="1.0" encoding="utf-8" ?>
<build_mac>
    <build_id>861300120010300003</build_id>
    <mac_range>
        <mac>
            <mac_min>C91A006D299A</mac_min>
            <mac_max>C91A006D29B1</mac_max>
        </mac>
        <mac>
            <mac_min>C91A006D29B3</mac_min>
            <mac_max>C91A006D29C4</mac_max>
        </mac>
        <mac>
            <mac_min>C91A006D29C6</mac_min>
            <mac_max>C91A006D29FD</mac_max>
        </mac>
        <mac>
            <mac_min>C91A006D2A20</mac_min>
            <mac_max>C91A006D2A22</mac_max>
        </mac>
        <mac>
            <mac_min>FDA5272AEA73</mac_min>
            <mac_max>FDA5272AEA8A</mac_max>
        </mac>
        <mac>
            <mac_min>FDA5272AEA8C</mac_min>
            <mac_max>FDA5272AEA9D</mac_max>
        </mac>
        <mac>
            <mac_min>FDA5272AEA9F</mac_min>
            <mac_max>FDA5272AEAD6</mac_max>
        </mac>
        <mac>
            <mac_min>FDA5272AEAF9</mac_min>
            <mac_max>FDA5272AEAFB</mac_max>
        </mac>
    </mac_range>
    <mac_single>
        <mac>C91A006D2A24</mac>
        <mac>C91A006D2A2A</mac>
        <mac>C91A006D2AC8</mac>
        <mac>FDA5272AEAFD</mac>
        <mac>FDA5272AEB03</mac>
        <mac>FDA5272AEBA1</mac>
    </mac_single>
    <mac_warn />
</build_mac>
