<?xml version="1.0" encoding="utf-8" ?>
<build_mac>
    <build_id>861300010060300001</build_id>
    <mac_range>
        <mac>
            <mac_min>C91A0060238C</mac_min>
            <mac_max>C91A0060238D</mac_max>
        </mac>
        <mac>
            <mac_min>C91A00602390</mac_min>
            <mac_max>C91A00602391</mac_max>
        </mac>
        <mac>
            <mac_min>C91A006023A8</mac_min>
            <mac_max>C91A006023A9</mac_max>
        </mac>
        <mac>
            <mac_min>C91A006023AF</mac_min>
            <mac_max>C91A006023B0</mac_max>
        </mac>
        <mac>
            <mac_min>FDA5271BF8AB</mac_min>
            <mac_max>FDA5271BF8AC</mac_max>
        </mac>
        <mac>
            <mac_min>FDA5271BF8AF</mac_min>
            <mac_max>FDA5271BF8B0</mac_max>
        </mac>
        <mac>
            <mac_min>FDA5271BF8C7</mac_min>
            <mac_max>FDA5271BF8C8</mac_max>
        </mac>
        <mac>
            <mac_min>FDA5271BF8CE</mac_min>
            <mac_max>FDA5271BF8CF</mac_max>
        </mac>
    </mac_range>
    <mac_single>
        <mac>C91A00602394</mac>
        <mac>C91A00602398</mac>
        <mac>C91A006023BA</mac>
        <mac>C91A006023C7</mac>
        <mac>FDA5271BF8B3</mac>
        <mac>FDA5271BF8B7</mac>
        <mac>FDA5271BF8D9</mac>
        <mac>FDA5271BF8E6</mac>
    </mac_single>
    <mac_warn />
</build_mac>
