<?xml version="1.0" encoding="utf-8" ?>
<build_mac>
    <build_id>861300130010300005</build_id>
    <mac_range>
        <mac>
            <mac_min>C91A0072555A</mac_min>
            <mac_max>C91A0072555C</mac_max>
        </mac>
        <mac>
            <mac_min>C91A0072555E</mac_min>
            <mac_max>C91A00725562</mac_max>
        </mac>
        <mac>
            <mac_min>C91A00725568</mac_min>
            <mac_max>C91A0072556A</mac_max>
        </mac>
        <mac>
            <mac_min>C91A00725573</mac_min>
            <mac_max>C91A00725575</mac_max>
        </mac>
        <mac>
            <mac_min>C91A00725577</mac_min>
            <mac_max>C91A00725578</mac_max>
        </mac>
        <mac>
            <mac_min>C91A0072557C</mac_min>
            <mac_max>C91A0072557D</mac_max>
        </mac>
        <mac>
            <mac_min>C91A00725580</mac_min>
            <mac_max>C91A00725582</mac_max>
        </mac>
        <mac>
            <mac_min>C91A00725586</mac_min>
            <mac_max>C91A00725589</mac_max>
        </mac>
        <mac>
            <mac_min>FDA5272FF376</mac_min>
            <mac_max>FDA5272FF378</mac_max>
        </mac>
        <mac>
            <mac_min>FDA5272FF37A</mac_min>
            <mac_max>FDA5272FF37E</mac_max>
        </mac>
        <mac>
            <mac_min>FDA5272FF384</mac_min>
            <mac_max>FDA5272FF386</mac_max>
        </mac>
        <mac>
            <mac_min>FDA5272FF38F</mac_min>
            <mac_max>FDA5272FF391</mac_max>
        </mac>
        <mac>
            <mac_min>FDA5272FF393</mac_min>
            <mac_max>FDA5272FF394</mac_max>
        </mac>
        <mac>
            <mac_min>FDA5272FF398</mac_min>
            <mac_max>FDA5272FF399</mac_max>
        </mac>
        <mac>
            <mac_min>FDA5272FF39C</mac_min>
            <mac_max>FDA5272FF39E</mac_max>
        </mac>
        <mac>
            <mac_min>FDA5272FF3A2</mac_min>
            <mac_max>FDA5272FF3A5</mac_max>
        </mac>
    </mac_range>
    <mac_single>
        <mac>C91A00725565</mac>
        <mac>C91A0072556F</mac>
        <mac>C91A00725571</mac>
        <mac>C91A0072557A</mac>
        <mac>C91A0072558B</mac>
        <mac>FDA5272FF381</mac>
        <mac>FDA5272FF38B</mac>
        <mac>FDA5272FF38D</mac>
        <mac>FDA5272FF396</mac>
        <mac>FDA5272FF3A7</mac>
    </mac_single>
    <mac_warn />
</build_mac>
