<?xml version="1.0" encoding="utf-8" ?>
<build_mac>
    <build_id>861300150010300002</build_id>
    <mac_range>
        <mac>
            <mac_min>C91A006D313A</mac_min>
            <mac_max>C91A006D3141</mac_max>
        </mac>
        <mac>
            <mac_min>C91A006D3146</mac_min>
            <mac_max>C91A006D3148</mac_max>
        </mac>
        <mac>
            <mac_min>C91A006D314F</mac_min>
            <mac_max>C91A006D3151</mac_max>
        </mac>
        <mac>
            <mac_min>C91A006D3155</mac_min>
            <mac_max>C91A006D3157</mac_max>
        </mac>
        <mac>
            <mac_min>C91A006D3159</mac_min>
            <mac_max>C91A006D315A</mac_max>
        </mac>
        <mac>
            <mac_min>C91A006D3160</mac_min>
            <mac_max>C91A006D3162</mac_max>
        </mac>
        <mac>
            <mac_min>C91A006D3164</mac_min>
            <mac_max>C91A006D3168</mac_max>
        </mac>
        <mac>
            <mac_min>C91A006D316C</mac_min>
            <mac_max>C91A006D316F</mac_max>
        </mac>
        <mac>
            <mac_min>C91A006D3176</mac_min>
            <mac_max>C91A006D3177</mac_max>
        </mac>
        <mac>
            <mac_min>C91A006D3188</mac_min>
            <mac_max>C91A006D3189</mac_max>
        </mac>
        <mac>
            <mac_min>C91A006D3195</mac_min>
            <mac_max>C91A006D3196</mac_max>
        </mac>
        <mac>
            <mac_min>C91A006D31AE</mac_min>
            <mac_max>C91A006D31AF</mac_max>
        </mac>
        <mac>
            <mac_min>C91A006D3209</mac_min>
            <mac_max>C91A006D320A</mac_max>
        </mac>
        <mac>
            <mac_min>C91A006D3220</mac_min>
            <mac_max>C91A006D3221</mac_max>
        </mac>
        <mac>
            <mac_min>C91A006D3267</mac_min>
            <mac_max>C91A006D326C</mac_max>
        </mac>
        <mac>
            <mac_min>C91A006D3271</mac_min>
            <mac_max>C91A006D3272</mac_max>
        </mac>
        <mac>
            <mac_min>C91A006D3277</mac_min>
            <mac_max>C91A006D3278</mac_max>
        </mac>
        <mac>
            <mac_min>C91A006D327E</mac_min>
            <mac_max>C91A006D327F</mac_max>
        </mac>
        <mac>
            <mac_min>C91A006D3285</mac_min>
            <mac_max>C91A006D328B</mac_max>
        </mac>
        <mac>
            <mac_min>C91A006D328D</mac_min>
            <mac_max>C91A006D328E</mac_max>
        </mac>
        <mac>
            <mac_min>C91A006D3291</mac_min>
            <mac_max>C91A006D3296</mac_max>
        </mac>
        <mac>
            <mac_min>C91A006D329A</mac_min>
            <mac_max>C91A006D32A8</mac_max>
        </mac>
        <mac>
            <mac_min>C91A006D32AC</mac_min>
            <mac_max>C91A006D32B5</mac_max>
        </mac>
        <mac>
            <mac_min>C91A006D32B7</mac_min>
            <mac_max>C91A006D32B9</mac_max>
        </mac>
        <mac>
            <mac_min>C91A006D32BB</mac_min>
            <mac_max>C91A006D32C0</mac_max>
        </mac>
        <mac>
            <mac_min>C91A006D32C2</mac_min>
            <mac_max>C91A006D32C7</mac_max>
        </mac>
        <mac>
            <mac_min>C91A006D455A</mac_min>
            <mac_max>C91A006D455B</mac_max>
        </mac>
        <mac>
            <mac_min>FDA5272AF214</mac_min>
            <mac_max>FDA5272AF21B</mac_max>
        </mac>
        <mac>
            <mac_min>FDA5272AF220</mac_min>
            <mac_max>FDA5272AF222</mac_max>
        </mac>
        <mac>
            <mac_min>FDA5272AF229</mac_min>
            <mac_max>FDA5272AF22B</mac_max>
        </mac>
        <mac>
            <mac_min>FDA5272AF22F</mac_min>
            <mac_max>FDA5272AF231</mac_max>
        </mac>
        <mac>
            <mac_min>FDA5272AF233</mac_min>
            <mac_max>FDA5272AF234</mac_max>
        </mac>
        <mac>
            <mac_min>FDA5272AF23A</mac_min>
            <mac_max>FDA5272AF23C</mac_max>
        </mac>
        <mac>
            <mac_min>FDA5272AF23E</mac_min>
            <mac_max>FDA5272AF242</mac_max>
        </mac>
        <mac>
            <mac_min>FDA5272AF246</mac_min>
            <mac_max>FDA5272AF249</mac_max>
        </mac>
        <mac>
            <mac_min>FDA5272AF250</mac_min>
            <mac_max>FDA5272AF251</mac_max>
        </mac>
        <mac>
            <mac_min>FDA5272AF262</mac_min>
            <mac_max>FDA5272AF263</mac_max>
        </mac>
        <mac>
            <mac_min>FDA5272AF26F</mac_min>
            <mac_max>FDA5272AF270</mac_max>
        </mac>
        <mac>
            <mac_min>FDA5272AF288</mac_min>
            <mac_max>FDA5272AF289</mac_max>
        </mac>
        <mac>
            <mac_min>FDA5272AF2E3</mac_min>
            <mac_max>FDA5272AF2E4</mac_max>
        </mac>
        <mac>
            <mac_min>FDA5272AF2FA</mac_min>
            <mac_max>FDA5272AF2FB</mac_max>
        </mac>
        <mac>
            <mac_min>FDA5272AF341</mac_min>
            <mac_max>FDA5272AF346</mac_max>
        </mac>
        <mac>
            <mac_min>FDA5272AF34B</mac_min>
            <mac_max>FDA5272AF34C</mac_max>
        </mac>
        <mac>
            <mac_min>FDA5272AF351</mac_min>
            <mac_max>FDA5272AF352</mac_max>
        </mac>
        <mac>
            <mac_min>FDA5272AF358</mac_min>
            <mac_max>FDA5272AF359</mac_max>
        </mac>
        <mac>
            <mac_min>FDA5272AF35F</mac_min>
            <mac_max>FDA5272AF365</mac_max>
        </mac>
        <mac>
            <mac_min>FDA5272AF367</mac_min>
            <mac_max>FDA5272AF368</mac_max>
        </mac>
        <mac>
            <mac_min>FDA5272AF36B</mac_min>
            <mac_max>FDA5272AF370</mac_max>
        </mac>
        <mac>
            <mac_min>FDA5272AF374</mac_min>
            <mac_max>FDA5272AF382</mac_max>
        </mac>
        <mac>
            <mac_min>FDA5272AF386</mac_min>
            <mac_max>FDA5272AF38F</mac_max>
        </mac>
        <mac>
            <mac_min>FDA5272AF391</mac_min>
            <mac_max>FDA5272AF393</mac_max>
        </mac>
        <mac>
            <mac_min>FDA5272AF395</mac_min>
            <mac_max>FDA5272AF39A</mac_max>
        </mac>
        <mac>
            <mac_min>FDA5272AF39C</mac_min>
            <mac_max>FDA5272AF3A1</mac_max>
        </mac>
        <mac>
            <mac_min>FDA5272B0828</mac_min>
            <mac_max>FDA5272B0829</mac_max>
        </mac>
    </mac_range>
    <mac_single>
        <mac>C91A006D3138</mac>
        <mac>C91A006D3144</mac>
        <mac>C91A006D314A</mac>
        <mac>C91A006D315C</mac>
        <mac>C91A006D315E</mac>
        <mac>C91A006D3172</mac>
        <mac>C91A006D3174</mac>
        <mac>C91A006D3179</mac>
        <mac>C91A006D317D</mac>
        <mac>C91A006D317F</mac>
        <mac>C91A006D3183</mac>
        <mac>C91A006D3186</mac>
        <mac>C91A006D318B</mac>
        <mac>C91A006D3191</mac>
        <mac>C91A006D3193</mac>
        <mac>C91A006D3198</mac>
        <mac>C91A006D319B</mac>
        <mac>C91A006D31A1</mac>
        <mac>C91A006D31A6</mac>
        <mac>C91A006D31AA</mac>
        <mac>C91A006D31B9</mac>
        <mac>C91A006D3200</mac>
        <mac>C91A006D3202</mac>
        <mac>C91A006D320E</mac>
        <mac>C91A006D321A</mac>
        <mac>C91A006D3223</mac>
        <mac>C91A006D3226</mac>
        <mac>C91A006D322A</mac>
        <mac>C91A006D3265</mac>
        <mac>C91A006D3275</mac>
        <mac>C91A006D327B</mac>
        <mac>C91A006D3298</mac>
        <mac>C91A006D32AA</mac>
        <mac>FDA5272AF212</mac>
        <mac>FDA5272AF21E</mac>
        <mac>FDA5272AF224</mac>
        <mac>FDA5272AF236</mac>
        <mac>FDA5272AF238</mac>
        <mac>FDA5272AF24C</mac>
        <mac>FDA5272AF24E</mac>
        <mac>FDA5272AF253</mac>
        <mac>FDA5272AF257</mac>
        <mac>FDA5272AF259</mac>
        <mac>FDA5272AF25D</mac>
        <mac>FDA5272AF260</mac>
        <mac>FDA5272AF265</mac>
        <mac>FDA5272AF26B</mac>
        <mac>FDA5272AF26D</mac>
        <mac>FDA5272AF272</mac>
        <mac>FDA5272AF275</mac>
        <mac>FDA5272AF27B</mac>
        <mac>FDA5272AF280</mac>
        <mac>FDA5272AF284</mac>
        <mac>FDA5272AF293</mac>
        <mac>FDA5272AF2DA</mac>
        <mac>FDA5272AF2DC</mac>
        <mac>FDA5272AF2E8</mac>
        <mac>FDA5272AF2F4</mac>
        <mac>FDA5272AF2FD</mac>
        <mac>FDA5272AF300</mac>
        <mac>FDA5272AF304</mac>
        <mac>FDA5272AF33F</mac>
        <mac>FDA5272AF34F</mac>
        <mac>FDA5272AF355</mac>
        <mac>FDA5272AF372</mac>
        <mac>FDA5272AF384</mac>
    </mac_single>
    <mac_warn />
</build_mac>
