<?xml version="1.0" encoding="utf-8" ?>
<build_mac>
    <build_id>861300010010300020</build_id>
    <mac_range>
        <mac>
            <mac_min>C91A006B2166</mac_min>
            <mac_max>C91A006B2168</mac_max>
        </mac>
        <mac>
            <mac_min>C91A006B216D</mac_min>
            <mac_max>C91A006B216E</mac_max>
        </mac>
        <mac>
            <mac_min>C91A006B2170</mac_min>
            <mac_max>C91A006B2171</mac_max>
        </mac>
        <mac>
            <mac_min>C91A006B2178</mac_min>
            <mac_max>C91A006B2179</mac_max>
        </mac>
        <mac>
            <mac_min>C91A006B218A</mac_min>
            <mac_max>C91A006B218B</mac_max>
        </mac>
        <mac>
            <mac_min>C91A006B218D</mac_min>
            <mac_max>C91A006B218E</mac_max>
        </mac>
        <mac>
            <mac_min>C91A006B2198</mac_min>
            <mac_max>C91A006B2199</mac_max>
        </mac>
        <mac>
            <mac_min>C91A006B21A4</mac_min>
            <mac_max>C91A006B21A6</mac_max>
        </mac>
        <mac>
            <mac_min>C91A006B21A8</mac_min>
            <mac_max>C91A006B21AA</mac_max>
        </mac>
        <mac>
            <mac_min>C91A006B21AD</mac_min>
            <mac_max>C91A006B21AE</mac_max>
        </mac>
        <mac>
            <mac_min>C91A006B21B7</mac_min>
            <mac_max>C91A006B21BD</mac_max>
        </mac>
        <mac>
            <mac_min>C91A006B21BF</mac_min>
            <mac_max>C91A006B21C1</mac_max>
        </mac>
        <mac>
            <mac_min>C91A006B21C5</mac_min>
            <mac_max>C91A006B21C9</mac_max>
        </mac>
        <mac>
            <mac_min>C91A006B222E</mac_min>
            <mac_max>C91A006B2231</mac_max>
        </mac>
        <mac>
            <mac_min>C91A006B2237</mac_min>
            <mac_max>C91A006B2239</mac_max>
        </mac>
        <mac>
            <mac_min>C91A006B223C</mac_min>
            <mac_max>C91A006B223D</mac_max>
        </mac>
        <mac>
            <mac_min>C91A006B2240</mac_min>
            <mac_max>C91A006B2243</mac_max>
        </mac>
        <mac>
            <mac_min>C91A006B2246</mac_min>
            <mac_max>C91A006B224A</mac_max>
        </mac>
        <mac>
            <mac_min>C91A006B2252</mac_min>
            <mac_max>C91A006B2254</mac_max>
        </mac>
        <mac>
            <mac_min>C91A006B2256</mac_min>
            <mac_max>C91A006B225A</mac_max>
        </mac>
        <mac>
            <mac_min>C91A006B225C</mac_min>
            <mac_max>C91A006B225F</mac_max>
        </mac>
        <mac>
            <mac_min>FDA527296A59</mac_min>
            <mac_max>FDA527296A5C</mac_max>
        </mac>
        <mac>
            <mac_min>FDA527296A5E</mac_min>
            <mac_max>FDA527296A62</mac_max>
        </mac>
        <mac>
            <mac_min>FDA527296A64</mac_min>
            <mac_max>FDA527296A66</mac_max>
        </mac>
        <mac>
            <mac_min>FDA527296A6E</mac_min>
            <mac_max>FDA527296A72</mac_max>
        </mac>
        <mac>
            <mac_min>FDA527296A75</mac_min>
            <mac_max>FDA527296A78</mac_max>
        </mac>
        <mac>
            <mac_min>FDA527296A7B</mac_min>
            <mac_max>FDA527296A7C</mac_max>
        </mac>
        <mac>
            <mac_min>FDA527296A7F</mac_min>
            <mac_max>FDA527296A81</mac_max>
        </mac>
        <mac>
            <mac_min>FDA527296A87</mac_min>
            <mac_max>FDA527296A8A</mac_max>
        </mac>
        <mac>
            <mac_min>FDA527296AEF</mac_min>
            <mac_max>FDA527296AF3</mac_max>
        </mac>
        <mac>
            <mac_min>FDA527296AF7</mac_min>
            <mac_max>FDA527296AF9</mac_max>
        </mac>
        <mac>
            <mac_min>FDA527296AFB</mac_min>
            <mac_max>FDA527296B01</mac_max>
        </mac>
        <mac>
            <mac_min>FDA527296B0A</mac_min>
            <mac_max>FDA527296B0B</mac_max>
        </mac>
        <mac>
            <mac_min>FDA527296B0E</mac_min>
            <mac_max>FDA527296B10</mac_max>
        </mac>
        <mac>
            <mac_min>FDA527296B12</mac_min>
            <mac_max>FDA527296B14</mac_max>
        </mac>
        <mac>
            <mac_min>FDA527296B1F</mac_min>
            <mac_max>FDA527296B20</mac_max>
        </mac>
        <mac>
            <mac_min>FDA527296B2A</mac_min>
            <mac_max>FDA527296B2B</mac_max>
        </mac>
        <mac>
            <mac_min>FDA527296B2D</mac_min>
            <mac_max>FDA527296B2E</mac_max>
        </mac>
        <mac>
            <mac_min>FDA527296B3F</mac_min>
            <mac_max>FDA527296B40</mac_max>
        </mac>
        <mac>
            <mac_min>FDA527296B47</mac_min>
            <mac_max>FDA527296B48</mac_max>
        </mac>
        <mac>
            <mac_min>FDA527296B4A</mac_min>
            <mac_max>FDA527296B4B</mac_max>
        </mac>
        <mac>
            <mac_min>FDA527296B50</mac_min>
            <mac_max>FDA527296B52</mac_max>
        </mac>
    </mac_range>
    <mac_single>
        <mac>C91A006B2176</mac>
        <mac>C91A006B217D</mac>
        <mac>C91A006B217F</mac>
        <mac>C91A006B2191</mac>
        <mac>C91A006B2196</mac>
        <mac>C91A006B219B</mac>
        <mac>C91A006B219D</mac>
        <mac>C91A006B21B0</mac>
        <mac>C91A006B21B3</mac>
        <mac>C91A006B21B5</mac>
        <mac>C91A006B21C3</mac>
        <mac>C91A006B2233</mac>
        <mac>C91A006B2235</mac>
        <mac>C91A006B224D</mac>
        <mac>C91A006B224F</mac>
        <mac>FDA527296A69</mac>
        <mac>FDA527296A6B</mac>
        <mac>FDA527296A83</mac>
        <mac>FDA527296A85</mac>
        <mac>FDA527296AF5</mac>
        <mac>FDA527296B03</mac>
        <mac>FDA527296B05</mac>
        <mac>FDA527296B08</mac>
        <mac>FDA527296B1B</mac>
        <mac>FDA527296B1D</mac>
        <mac>FDA527296B22</mac>
        <mac>FDA527296B27</mac>
        <mac>FDA527296B39</mac>
        <mac>FDA527296B3B</mac>
        <mac>FDA527296B42</mac>
    </mac_single>
    <mac_warn />
</build_mac>
