<?xml version="1.0" encoding="utf-8" ?>
<build_mac>
    <build_id>861300010020300007</build_id>
    <mac_range>
        <mac>
            <mac_min>C91A006B2185</mac_min>
            <mac_max>C91A006B2186</mac_max>
        </mac>
        <mac>
            <mac_min>C91A006B21CA</mac_min>
            <mac_max>C91A006B21CB</mac_max>
        </mac>
        <mac>
            <mac_min>C91A006B21D6</mac_min>
            <mac_max>C91A006B21D7</mac_max>
        </mac>
        <mac>
            <mac_min>C91A006B21DA</mac_min>
            <mac_max>C91A006B21DB</mac_max>
        </mac>
        <mac>
            <mac_min>C91A006B21DE</mac_min>
            <mac_max>C91A006B21E1</mac_max>
        </mac>
        <mac>
            <mac_min>C91A006B21E5</mac_min>
            <mac_max>C91A006B21E8</mac_max>
        </mac>
        <mac>
            <mac_min>C91A006B21EA</mac_min>
            <mac_max>C91A006B21EC</mac_max>
        </mac>
        <mac>
            <mac_min>C91A006B21F2</mac_min>
            <mac_max>C91A006B21F9</mac_max>
        </mac>
        <mac>
            <mac_min>C91A006B22CE</mac_min>
            <mac_max>C91A006B22CF</mac_max>
        </mac>
        <mac>
            <mac_min>C91A006B22D3</mac_min>
            <mac_max>C91A006B22D5</mac_max>
        </mac>
        <mac>
            <mac_min>C91A006B22D9</mac_min>
            <mac_max>C91A006B22DE</mac_max>
        </mac>
        <mac>
            <mac_min>C91A006B22E1</mac_min>
            <mac_max>C91A006B22E2</mac_max>
        </mac>
        <mac>
            <mac_min>C91A006B22E9</mac_min>
            <mac_max>C91A006B22EA</mac_max>
        </mac>
        <mac>
            <mac_min>C91A006B22EC</mac_min>
            <mac_max>C91A006B22F3</mac_max>
        </mac>
        <mac>
            <mac_min>C91A006B2305</mac_min>
            <mac_max>C91A006B2306</mac_max>
        </mac>
        <mac>
            <mac_min>C91A006B230E</mac_min>
            <mac_max>C91A006B230F</mac_max>
        </mac>
        <mac>
            <mac_min>C91A006B2321</mac_min>
            <mac_max>C91A006B2322</mac_max>
        </mac>
        <mac>
            <mac_min>C91A006B2324</mac_min>
            <mac_max>C91A006B2325</mac_max>
        </mac>
        <mac>
            <mac_min>C91A006B3F4C</mac_min>
            <mac_max>C91A006B3F50</mac_max>
        </mac>
        <mac>
            <mac_min>C91A006B3F52</mac_min>
            <mac_max>C91A006B3F54</mac_max>
        </mac>
        <mac>
            <mac_min>C91A006B3F56</mac_min>
            <mac_max>C91A006B3F58</mac_max>
        </mac>
        <mac>
            <mac_min>C91A006B3F60</mac_min>
            <mac_max>C91A006B3F62</mac_max>
        </mac>
        <mac>
            <mac_min>C91A006B3F64</mac_min>
            <mac_max>C91A006B3F67</mac_max>
        </mac>
        <mac>
            <mac_min>C91A006B3F6A</mac_min>
            <mac_max>C91A006B3F6C</mac_max>
        </mac>
        <mac>
            <mac_min>C91A006B3F78</mac_min>
            <mac_max>C91A006B3F79</mac_max>
        </mac>
        <mac>
            <mac_min>C91A006B3FE0</mac_min>
            <mac_max>C91A006B3FE2</mac_max>
        </mac>
        <mac>
            <mac_min>C91A006B3FE5</mac_min>
            <mac_max>C91A006B3FE7</mac_max>
        </mac>
        <mac>
            <mac_min>C91A006B3FE9</mac_min>
            <mac_max>C91A006B3FEE</mac_max>
        </mac>
        <mac>
            <mac_min>C91A006B3FFB</mac_min>
            <mac_max>C91A006B3FFC</mac_max>
        </mac>
        <mac>
            <mac_min>C91A006B4003</mac_min>
            <mac_max>C91A006B4005</mac_max>
        </mac>
        <mac>
            <mac_min>FDA52729464F</mac_min>
            <mac_max>FDA527294651</mac_max>
        </mac>
        <mac>
            <mac_min>FDA527294658</mac_min>
            <mac_max>FDA527294659</mac_max>
        </mac>
        <mac>
            <mac_min>FDA527294666</mac_min>
            <mac_max>FDA52729466B</mac_max>
        </mac>
        <mac>
            <mac_min>FDA52729466D</mac_min>
            <mac_max>FDA52729466F</mac_max>
        </mac>
        <mac>
            <mac_min>FDA527294672</mac_min>
            <mac_max>FDA527294674</mac_max>
        </mac>
        <mac>
            <mac_min>FDA5272946DB</mac_min>
            <mac_max>FDA5272946DC</mac_max>
        </mac>
        <mac>
            <mac_min>FDA5272946E8</mac_min>
            <mac_max>FDA5272946EA</mac_max>
        </mac>
        <mac>
            <mac_min>FDA5272946ED</mac_min>
            <mac_max>FDA5272946F0</mac_max>
        </mac>
        <mac>
            <mac_min>FDA5272946F2</mac_min>
            <mac_max>FDA5272946F4</mac_max>
        </mac>
        <mac>
            <mac_min>FDA5272946FC</mac_min>
            <mac_max>FDA5272946FE</mac_max>
        </mac>
        <mac>
            <mac_min>FDA527294700</mac_min>
            <mac_max>FDA527294702</mac_max>
        </mac>
        <mac>
            <mac_min>FDA527294704</mac_min>
            <mac_max>FDA527294708</mac_max>
        </mac>
        <mac>
            <mac_min>FDA527296993</mac_min>
            <mac_max>FDA527296994</mac_max>
        </mac>
        <mac>
            <mac_min>FDA527296996</mac_min>
            <mac_max>FDA527296997</mac_max>
        </mac>
        <mac>
            <mac_min>FDA5272969A9</mac_min>
            <mac_max>FDA5272969AA</mac_max>
        </mac>
        <mac>
            <mac_min>FDA5272969B2</mac_min>
            <mac_max>FDA5272969B3</mac_max>
        </mac>
        <mac>
            <mac_min>FDA5272969C5</mac_min>
            <mac_max>FDA5272969CC</mac_max>
        </mac>
        <mac>
            <mac_min>FDA5272969CE</mac_min>
            <mac_max>FDA5272969CF</mac_max>
        </mac>
        <mac>
            <mac_min>FDA5272969D6</mac_min>
            <mac_max>FDA5272969D7</mac_max>
        </mac>
        <mac>
            <mac_min>FDA5272969DA</mac_min>
            <mac_max>FDA5272969DF</mac_max>
        </mac>
        <mac>
            <mac_min>FDA5272969E3</mac_min>
            <mac_max>FDA5272969E5</mac_max>
        </mac>
        <mac>
            <mac_min>FDA5272969E9</mac_min>
            <mac_max>FDA5272969EA</mac_max>
        </mac>
        <mac>
            <mac_min>FDA527296ABF</mac_min>
            <mac_max>FDA527296AC6</mac_max>
        </mac>
        <mac>
            <mac_min>FDA527296ACC</mac_min>
            <mac_max>FDA527296ACE</mac_max>
        </mac>
        <mac>
            <mac_min>FDA527296AD0</mac_min>
            <mac_max>FDA527296AD3</mac_max>
        </mac>
        <mac>
            <mac_min>FDA527296AD7</mac_min>
            <mac_max>FDA527296ADA</mac_max>
        </mac>
        <mac>
            <mac_min>FDA527296ADD</mac_min>
            <mac_max>FDA527296ADE</mac_max>
        </mac>
        <mac>
            <mac_min>FDA527296AE1</mac_min>
            <mac_max>FDA527296AE2</mac_max>
        </mac>
        <mac>
            <mac_min>FDA527296AED</mac_min>
            <mac_max>FDA527296AEE</mac_max>
        </mac>
        <mac>
            <mac_min>FDA527296B32</mac_min>
            <mac_max>FDA527296B33</mac_max>
        </mac>
    </mac_range>
    <mac_single>
        <mac>C91A006B216B</mac>
        <mac>C91A006B2189</mac>
        <mac>C91A006B21A0</mac>
        <mac>C91A006B21A3</mac>
        <mac>C91A006B21A7</mac>
        <mac>C91A006B21C2</mac>
        <mac>C91A006B21CE</mac>
        <mac>C91A006B21D0</mac>
        <mac>C91A006B21D4</mac>
        <mac>C91A006B21E3</mac>
        <mac>C91A006B21EE</mac>
        <mac>C91A006B21F0</mac>
        <mac>C91A006B21FB</mac>
        <mac>C91A006B223B</mac>
        <mac>C91A006B22C4</mac>
        <mac>C91A006B22CA</mac>
        <mac>C91A006B22E4</mac>
        <mac>C91A006B22F5</mac>
        <mac>C91A006B22F7</mac>
        <mac>C91A006B22FC</mac>
        <mac>C91A006B2302</mac>
        <mac>C91A006B230C</mac>
        <mac>C91A006B2327</mac>
        <mac>C91A006B3ED3</mac>
        <mac>C91A006B3F16</mac>
        <mac>C91A006B3F1E</mac>
        <mac>C91A006B3F26</mac>
        <mac>C91A006B3F2E</mac>
        <mac>C91A006B3F32</mac>
        <mac>C91A006B3F39</mac>
        <mac>C91A006B3F3C</mac>
        <mac>C91A006B3F46</mac>
        <mac>C91A006B3F49</mac>
        <mac>C91A006B3F5C</mac>
        <mac>C91A006B3F5E</mac>
        <mac>C91A006B3F6E</mac>
        <mac>C91A006B3F70</mac>
        <mac>C91A006B3F73</mac>
        <mac>C91A006B3F76</mac>
        <mac>C91A006B3FDE</mac>
        <mac>C91A006B3FF2</mac>
        <mac>C91A006B3FF4</mac>
        <mac>C91A006B3FF8</mac>
        <mac>C91A006B4001</mac>
        <mac>C91A006B4007</mac>
        <mac>C91A006B4009</mac>
        <mac>C91A006B400B</mac>
        <mac>C91A006B400F</mac>
        <mac>FDA527294645</mac>
        <mac>FDA527294649</mac>
        <mac>FDA52729464B</mac>
        <mac>FDA52729464D</mac>
        <mac>FDA527294653</mac>
        <mac>FDA52729465C</mac>
        <mac>FDA527294660</mac>
        <mac>FDA527294662</mac>
        <mac>FDA527294676</mac>
        <mac>FDA5272946DE</mac>
        <mac>FDA5272946E1</mac>
        <mac>FDA5272946E4</mac>
        <mac>FDA5272946E6</mac>
        <mac>FDA5272946F6</mac>
        <mac>FDA5272946F8</mac>
        <mac>FDA52729470B</mac>
        <mac>FDA52729470E</mac>
        <mac>FDA527294718</mac>
        <mac>FDA52729471B</mac>
        <mac>FDA527294722</mac>
        <mac>FDA527294726</mac>
        <mac>FDA52729472E</mac>
        <mac>FDA527294736</mac>
        <mac>FDA52729473E</mac>
        <mac>FDA527294DE5</mac>
        <mac>FDA527296991</mac>
        <mac>FDA5272969AC</mac>
        <mac>FDA5272969B6</mac>
        <mac>FDA5272969BC</mac>
        <mac>FDA5272969C1</mac>
        <mac>FDA5272969C3</mac>
        <mac>FDA5272969D4</mac>
        <mac>FDA5272969EE</mac>
        <mac>FDA5272969F4</mac>
        <mac>FDA527296A7D</mac>
        <mac>FDA527296ABD</mac>
        <mac>FDA527296AC8</mac>
        <mac>FDA527296ACA</mac>
        <mac>FDA527296AD5</mac>
        <mac>FDA527296AE4</mac>
        <mac>FDA527296AE8</mac>
        <mac>FDA527296AEA</mac>
        <mac>FDA527296AF6</mac>
        <mac>FDA527296B11</mac>
        <mac>FDA527296B15</mac>
        <mac>FDA527296B18</mac>
        <mac>FDA527296B2F</mac>
        <mac>FDA527296B4D</mac>
    </mac_single>
    <mac_warn />
</build_mac>
