<?xml version="1.0" encoding="utf-8" ?>
<build_mac>
    <build_id>861300010010300031</build_id>
    <mac_range>
        <mac>
            <mac_min>C91A00713B2E</mac_min>
            <mac_max>C91A00713B48</mac_max>
        </mac>
        <mac>
            <mac_min>C91A00713B4A</mac_min>
            <mac_max>C91A00713B4C</mac_max>
        </mac>
        <mac>
            <mac_min>C91A00713B4E</mac_min>
            <mac_max>C91A00713B53</mac_max>
        </mac>
        <mac>
            <mac_min>C91A00713B55</mac_min>
            <mac_max>C91A00713B5D</mac_max>
        </mac>
        <mac>
            <mac_min>C91A00713B7B</mac_min>
            <mac_max>C91A00713B7C</mac_max>
        </mac>
        <mac>
            <mac_min>C91A00713B8B</mac_min>
            <mac_max>C91A00713B8C</mac_max>
        </mac>
        <mac>
            <mac_min>C91A00713BC4</mac_min>
            <mac_max>C91A00713BC5</mac_max>
        </mac>
        <mac>
            <mac_min>C91A00713BC9</mac_min>
            <mac_max>C91A00713BCA</mac_max>
        </mac>
        <mac>
            <mac_min>C91A00713BCC</mac_min>
            <mac_max>C91A00713BCE</mac_max>
        </mac>
        <mac>
            <mac_min>C91A00713BD0</mac_min>
            <mac_max>C91A00713BD1</mac_max>
        </mac>
        <mac>
            <mac_min>C91A00713BD3</mac_min>
            <mac_max>C91A00713BD4</mac_max>
        </mac>
        <mac>
            <mac_min>C91A00713BD6</mac_min>
            <mac_max>C91A00713BD9</mac_max>
        </mac>
        <mac>
            <mac_min>C91A00713BDB</mac_min>
            <mac_max>C91A00713BE2</mac_max>
        </mac>
        <mac>
            <mac_min>C91A00713BE5</mac_min>
            <mac_max>C91A00713BED</mac_max>
        </mac>
        <mac>
            <mac_min>C91A00713BEF</mac_min>
            <mac_max>C91A00713BF5</mac_max>
        </mac>
        <mac>
            <mac_min>FDA5272E2551</mac_min>
            <mac_max>FDA5272E256B</mac_max>
        </mac>
        <mac>
            <mac_min>FDA5272E256D</mac_min>
            <mac_max>FDA5272E256F</mac_max>
        </mac>
        <mac>
            <mac_min>FDA5272E2571</mac_min>
            <mac_max>FDA5272E2576</mac_max>
        </mac>
        <mac>
            <mac_min>FDA5272E2578</mac_min>
            <mac_max>FDA5272E2580</mac_max>
        </mac>
        <mac>
            <mac_min>FDA5272E259E</mac_min>
            <mac_max>FDA5272E259F</mac_max>
        </mac>
        <mac>
            <mac_min>FDA5272E25AE</mac_min>
            <mac_max>FDA5272E25AF</mac_max>
        </mac>
        <mac>
            <mac_min>FDA5272E25E7</mac_min>
            <mac_max>FDA5272E25E8</mac_max>
        </mac>
        <mac>
            <mac_min>FDA5272E25EC</mac_min>
            <mac_max>FDA5272E25ED</mac_max>
        </mac>
        <mac>
            <mac_min>FDA5272E25EF</mac_min>
            <mac_max>FDA5272E25F1</mac_max>
        </mac>
        <mac>
            <mac_min>FDA5272E25F3</mac_min>
            <mac_max>FDA5272E25F4</mac_max>
        </mac>
        <mac>
            <mac_min>FDA5272E25F6</mac_min>
            <mac_max>FDA5272E25F7</mac_max>
        </mac>
        <mac>
            <mac_min>FDA5272E25F9</mac_min>
            <mac_max>FDA5272E25FC</mac_max>
        </mac>
        <mac>
            <mac_min>FDA5272E25FE</mac_min>
            <mac_max>FDA5272E2605</mac_max>
        </mac>
        <mac>
            <mac_min>FDA5272E2608</mac_min>
            <mac_max>FDA5272E2610</mac_max>
        </mac>
        <mac>
            <mac_min>FDA5272E2612</mac_min>
            <mac_max>FDA5272E2618</mac_max>
        </mac>
    </mac_range>
    <mac_single>
        <mac>C91A00713A98</mac>
        <mac>C91A00713AA1</mac>
        <mac>C91A00713AA3</mac>
        <mac>C91A00713AA9</mac>
        <mac>C91A00713AAC</mac>
        <mac>C91A00713AC6</mac>
        <mac>C91A00713B5F</mac>
        <mac>C91A00713B6F</mac>
        <mac>C91A00713B77</mac>
        <mac>C91A00713B7E</mac>
        <mac>C91A00713BC7</mac>
        <mac>FDA5272E24BB</mac>
        <mac>FDA5272E24C4</mac>
        <mac>FDA5272E24C6</mac>
        <mac>FDA5272E24CC</mac>
        <mac>FDA5272E24CF</mac>
        <mac>FDA5272E24E9</mac>
        <mac>FDA5272E2582</mac>
        <mac>FDA5272E2592</mac>
        <mac>FDA5272E259A</mac>
        <mac>FDA5272E25A1</mac>
        <mac>FDA5272E25EA</mac>
    </mac_single>
    <mac_warn />
</build_mac>
