<?xml version="1.0" encoding="utf-8" ?>
<build_mac>
    <build_id>861300050060300002</build_id>
    <mac_range>
        <mac>
            <mac_min>C91A006A05B0</mac_min>
            <mac_max>C91A006A05B3</mac_max>
        </mac>
        <mac>
            <mac_min>C91A006A05BF</mac_min>
            <mac_max>C91A006A05C0</mac_max>
        </mac>
        <mac>
            <mac_min>C91A006A05C3</mac_min>
            <mac_max>C91A006A05C4</mac_max>
        </mac>
        <mac>
            <mac_min>C91A006A1773</mac_min>
            <mac_max>C91A006A1775</mac_max>
        </mac>
        <mac>
            <mac_min>C91A006A1781</mac_min>
            <mac_max>C91A006A1782</mac_max>
        </mac>
        <mac>
            <mac_min>C91A006A1790</mac_min>
            <mac_max>C91A006A1791</mac_max>
        </mac>
        <mac>
            <mac_min>C91A006A1793</mac_min>
            <mac_max>C91A006A1794</mac_max>
        </mac>
        <mac>
            <mac_min>C91A006A179A</mac_min>
            <mac_max>C91A006A179D</mac_max>
        </mac>
        <mac>
            <mac_min>C91A006A17A5</mac_min>
            <mac_max>C91A006A17AA</mac_max>
        </mac>
        <mac>
            <mac_min>C91A006A17AE</mac_min>
            <mac_max>C91A006A17B1</mac_max>
        </mac>
        <mac>
            <mac_min>C91A006A17B5</mac_min>
            <mac_max>C91A006A17B7</mac_max>
        </mac>
        <mac>
            <mac_min>C91A006A17BD</mac_min>
            <mac_max>C91A006A17BE</mac_max>
        </mac>
        <mac>
            <mac_min>C91A006A17C0</mac_min>
            <mac_max>C91A006A17C1</mac_max>
        </mac>
        <mac>
            <mac_min>C91A006A17C3</mac_min>
            <mac_max>C91A006A17C5</mac_max>
        </mac>
        <mac>
            <mac_min>C91A006A17CA</mac_min>
            <mac_max>C91A006A17CB</mac_max>
        </mac>
        <mac>
            <mac_min>C91A006A17CE</mac_min>
            <mac_max>C91A006A17D1</mac_max>
        </mac>
        <mac>
            <mac_min>C91A006A17D3</mac_min>
            <mac_max>C91A006A17DA</mac_max>
        </mac>
        <mac>
            <mac_min>C91A006A17DC</mac_min>
            <mac_max>C91A006A17DF</mac_max>
        </mac>
        <mac>
            <mac_min>C91A006A17E1</mac_min>
            <mac_max>C91A006A17E2</mac_max>
        </mac>
        <mac>
            <mac_min>C91A006A17E4</mac_min>
            <mac_max>C91A006A17EA</mac_max>
        </mac>
        <mac>
            <mac_min>C91A006A17EC</mac_min>
            <mac_max>C91A006A17FE</mac_max>
        </mac>
        <mac>
            <mac_min>C91A006A1804</mac_min>
            <mac_max>C91A006A180B</mac_max>
        </mac>
        <mac>
            <mac_min>C91A006A180D</mac_min>
            <mac_max>C91A006A1817</mac_max>
        </mac>
        <mac>
            <mac_min>C91A006A1819</mac_min>
            <mac_max>C91A006A181C</mac_max>
        </mac>
        <mac>
            <mac_min>C91A006A1820</mac_min>
            <mac_max>C91A006A1823</mac_max>
        </mac>
        <mac>
            <mac_min>C91A006A1825</mac_min>
            <mac_max>C91A006A1828</mac_max>
        </mac>
        <mac>
            <mac_min>C91A006A182B</mac_min>
            <mac_max>C91A006A182E</mac_max>
        </mac>
        <mac>
            <mac_min>C91A006A1830</mac_min>
            <mac_max>C91A006A1832</mac_max>
        </mac>
        <mac>
            <mac_min>C91A006A1836</mac_min>
            <mac_max>C91A006A1838</mac_max>
        </mac>
        <mac>
            <mac_min>C91A006A1841</mac_min>
            <mac_max>C91A006A1844</mac_max>
        </mac>
        <mac>
            <mac_min>C91A006A1846</mac_min>
            <mac_max>C91A006A1849</mac_max>
        </mac>
        <mac>
            <mac_min>C91A006A184C</mac_min>
            <mac_max>C91A006A184D</mac_max>
        </mac>
        <mac>
            <mac_min>C91A006A184F</mac_min>
            <mac_max>C91A006A1851</mac_max>
        </mac>
        <mac>
            <mac_min>C91A006A185A</mac_min>
            <mac_max>C91A006A185B</mac_max>
        </mac>
        <mac>
            <mac_min>C91A006A185F</mac_min>
            <mac_max>C91A006A1860</mac_max>
        </mac>
        <mac>
            <mac_min>C91A006A186C</mac_min>
            <mac_max>C91A006A1873</mac_max>
        </mac>
        <mac>
            <mac_min>C91A006A187C</mac_min>
            <mac_max>C91A006A187D</mac_max>
        </mac>
        <mac>
            <mac_min>C91A006A1881</mac_min>
            <mac_max>C91A006A1882</mac_max>
        </mac>
        <mac>
            <mac_min>C91A006A1887</mac_min>
            <mac_max>C91A006A1888</mac_max>
        </mac>
        <mac>
            <mac_min>C91A006A188A</mac_min>
            <mac_max>C91A006A188B</mac_max>
        </mac>
        <mac>
            <mac_min>C91A006A1891</mac_min>
            <mac_max>C91A006A1896</mac_max>
        </mac>
        <mac>
            <mac_min>C91A006A18AD</mac_min>
            <mac_max>C91A006A18AE</mac_max>
        </mac>
        <mac>
            <mac_min>C91A006A18B0</mac_min>
            <mac_max>C91A006A18B1</mac_max>
        </mac>
        <mac>
            <mac_min>C91A006A1900</mac_min>
            <mac_max>C91A006A1904</mac_max>
        </mac>
        <mac>
            <mac_min>C91A006A190B</mac_min>
            <mac_max>C91A006A190D</mac_max>
        </mac>
        <mac>
            <mac_min>C91A006A1917</mac_min>
            <mac_max>C91A006A1918</mac_max>
        </mac>
        <mac>
            <mac_min>C91A006A191A</mac_min>
            <mac_max>C91A006A191B</mac_max>
        </mac>
        <mac>
            <mac_min>C91A006A191E</mac_min>
            <mac_max>C91A006A191F</mac_max>
        </mac>
        <mac>
            <mac_min>C91A006A1921</mac_min>
            <mac_max>C91A006A1922</mac_max>
        </mac>
        <mac>
            <mac_min>C91A006A192E</mac_min>
            <mac_max>C91A006A192F</mac_max>
        </mac>
        <mac>
            <mac_min>C91A006A1931</mac_min>
            <mac_max>C91A006A1932</mac_max>
        </mac>
        <mac>
            <mac_min>C91A006A1941</mac_min>
            <mac_max>C91A006A1942</mac_max>
        </mac>
        <mac>
            <mac_min>C91A006A1955</mac_min>
            <mac_max>C91A006A1956</mac_max>
        </mac>
        <mac>
            <mac_min>C91A006B1D4F</mac_min>
            <mac_max>C91A006B1D50</mac_max>
        </mac>
        <mac>
            <mac_min>C91A006B1D55</mac_min>
            <mac_max>C91A006B1D5C</mac_max>
        </mac>
        <mac>
            <mac_min>C91A006B1D6C</mac_min>
            <mac_max>C91A006B1D6D</mac_max>
        </mac>
        <mac>
            <mac_min>C91A006B1D70</mac_min>
            <mac_max>C91A006B1D74</mac_max>
        </mac>
        <mac>
            <mac_min>C91A006B1D76</mac_min>
            <mac_max>C91A006B1D78</mac_max>
        </mac>
        <mac>
            <mac_min>C91A006B1D7E</mac_min>
            <mac_max>C91A006B1D7F</mac_max>
        </mac>
        <mac>
            <mac_min>C91A006B1D81</mac_min>
            <mac_max>C91A006B1D83</mac_max>
        </mac>
        <mac>
            <mac_min>C91A006B1D9F</mac_min>
            <mac_max>C91A006B1DA0</mac_max>
        </mac>
        <mac>
            <mac_min>C91A006B1DA2</mac_min>
            <mac_max>C91A006B1DA3</mac_max>
        </mac>
        <mac>
            <mac_min>C91A006B1DAF</mac_min>
            <mac_max>C91A006B1DB6</mac_max>
        </mac>
        <mac>
            <mac_min>C91A006B1DB8</mac_min>
            <mac_max>C91A006B1DBA</mac_max>
        </mac>
        <mac>
            <mac_min>C91A006B1DBC</mac_min>
            <mac_max>C91A006B1DBE</mac_max>
        </mac>
        <mac>
            <mac_min>C91A006B1DC0</mac_min>
            <mac_max>C91A006B1DC4</mac_max>
        </mac>
        <mac>
            <mac_min>C91A006B1DC9</mac_min>
            <mac_max>C91A006B1DCE</mac_max>
        </mac>
        <mac>
            <mac_min>C91A006B1DD3</mac_min>
            <mac_max>C91A006B1DD8</mac_max>
        </mac>
        <mac>
            <mac_min>C91A006B1DDA</mac_min>
            <mac_max>C91A006B1DDC</mac_max>
        </mac>
        <mac>
            <mac_min>C91A006B1DDE</mac_min>
            <mac_max>C91A006B1DE0</mac_max>
        </mac>
        <mac>
            <mac_min>C91A006B1DE3</mac_min>
            <mac_max>C91A006B1DE4</mac_max>
        </mac>
        <mac>
            <mac_min>C91A006B1DE6</mac_min>
            <mac_max>C91A006B1DE8</mac_max>
        </mac>
        <mac>
            <mac_min>C91A006B1DEB</mac_min>
            <mac_max>C91A006B1DF0</mac_max>
        </mac>
        <mac>
            <mac_min>C91A006B1DF3</mac_min>
            <mac_max>C91A006B1DF5</mac_max>
        </mac>
        <mac>
            <mac_min>C91A006B1DF7</mac_min>
            <mac_max>C91A006B1DF8</mac_max>
        </mac>
        <mac>
            <mac_min>C91A006B1DFB</mac_min>
            <mac_max>C91A006B1DFC</mac_max>
        </mac>
        <mac>
            <mac_min>C91A006B1DFE</mac_min>
            <mac_max>C91A006B1E06</mac_max>
        </mac>
        <mac>
            <mac_min>C91A006B1E08</mac_min>
            <mac_max>C91A006B1E0A</mac_max>
        </mac>
        <mac>
            <mac_min>C91A006B1E11</mac_min>
            <mac_max>C91A006B1E13</mac_max>
        </mac>
        <mac>
            <mac_min>C91A006B1E1B</mac_min>
            <mac_max>C91A006B1E1D</mac_max>
        </mac>
        <mac>
            <mac_min>C91A006B1E21</mac_min>
            <mac_max>C91A006B1E24</mac_max>
        </mac>
        <mac>
            <mac_min>C91A006B1E28</mac_min>
            <mac_max>C91A006B1E2A</mac_max>
        </mac>
        <mac>
            <mac_min>C91A006B1E32</mac_min>
            <mac_max>C91A006B1E33</mac_max>
        </mac>
        <mac>
            <mac_min>C91A006B1E39</mac_min>
            <mac_max>C91A006B1E3A</mac_max>
        </mac>
        <mac>
            <mac_min>C91A006B1E3D</mac_min>
            <mac_max>C91A006B1E3F</mac_max>
        </mac>
        <mac>
            <mac_min>C91A006B1E46</mac_min>
            <mac_max>C91A006B1E47</mac_max>
        </mac>
        <mac>
            <mac_min>C91A006B1E49</mac_min>
            <mac_max>C91A006B1E4A</mac_max>
        </mac>
        <mac>
            <mac_min>C91A006B1E4D</mac_min>
            <mac_max>C91A006B1E53</mac_max>
        </mac>
        <mac>
            <mac_min>C91A006B1E5A</mac_min>
            <mac_max>C91A006B1E5F</mac_max>
        </mac>
        <mac>
            <mac_min>C91A006B1E66</mac_min>
            <mac_max>C91A006B1E6C</mac_max>
        </mac>
        <mac>
            <mac_min>C91A006B1E6E</mac_min>
            <mac_max>C91A006B1E73</mac_max>
        </mac>
        <mac>
            <mac_min>C91A006B1E75</mac_min>
            <mac_max>C91A006B1E77</mac_max>
        </mac>
        <mac>
            <mac_min>C91A006B1E81</mac_min>
            <mac_max>C91A006B1E84</mac_max>
        </mac>
        <mac>
            <mac_min>C91A006B1EAA</mac_min>
            <mac_max>C91A006B1EAF</mac_max>
        </mac>
        <mac>
            <mac_min>C91A006B1EB1</mac_min>
            <mac_max>C91A006B1EB4</mac_max>
        </mac>
        <mac>
            <mac_min>C91A006B1EB6</mac_min>
            <mac_max>C91A006B1EB9</mac_max>
        </mac>
        <mac>
            <mac_min>C91A006B1EBB</mac_min>
            <mac_max>C91A006B1EBC</mac_max>
        </mac>
        <mac>
            <mac_min>C91A006B1EBE</mac_min>
            <mac_max>C91A006B1EBF</mac_max>
        </mac>
        <mac>
            <mac_min>C91A006B1EC2</mac_min>
            <mac_max>C91A006B1EC3</mac_max>
        </mac>
        <mac>
            <mac_min>C91A006B1EC5</mac_min>
            <mac_max>C91A006B1EC6</mac_max>
        </mac>
        <mac>
            <mac_min>C91A006B1EC8</mac_min>
            <mac_max>C91A006B1ECA</mac_max>
        </mac>
        <mac>
            <mac_min>C91A006B1ECF</mac_min>
            <mac_max>C91A006B1ED5</mac_max>
        </mac>
        <mac>
            <mac_min>C91A006B1ED8</mac_min>
            <mac_max>C91A006B1EDB</mac_max>
        </mac>
        <mac>
            <mac_min>C91A006B1F12</mac_min>
            <mac_max>C91A006B1F14</mac_max>
        </mac>
        <mac>
            <mac_min>C91A006B1F25</mac_min>
            <mac_max>C91A006B1F27</mac_max>
        </mac>
        <mac>
            <mac_min>C91A006B1F2E</mac_min>
            <mac_max>C91A006B1F30</mac_max>
        </mac>
        <mac>
            <mac_min>C91A006B1F33</mac_min>
            <mac_max>C91A006B1F36</mac_max>
        </mac>
        <mac>
            <mac_min>C91A006B1F38</mac_min>
            <mac_max>C91A006B1F39</mac_max>
        </mac>
        <mac>
            <mac_min>C91A006B2292</mac_min>
            <mac_max>C91A006B2298</mac_max>
        </mac>
        <mac>
            <mac_min>C91A006B229F</mac_min>
            <mac_max>C91A006B22A0</mac_max>
        </mac>
        <mac>
            <mac_min>C91A006B22A2</mac_min>
            <mac_max>C91A006B22A4</mac_max>
        </mac>
        <mac>
            <mac_min>C91A006B22AB</mac_min>
            <mac_max>C91A006B22AC</mac_max>
        </mac>
        <mac>
            <mac_min>C91A006B22B0</mac_min>
            <mac_max>C91A006B22B4</mac_max>
        </mac>
        <mac>
            <mac_min>C91A006B22B9</mac_min>
            <mac_max>C91A006B22BA</mac_max>
        </mac>
        <mac>
            <mac_min>C91A006B22BF</mac_min>
            <mac_max>C91A006B22C0</mac_max>
        </mac>
        <mac>
            <mac_min>C91A006B22C2</mac_min>
            <mac_max>C91A006B22C3</mac_max>
        </mac>
        <mac>
            <mac_min>FDA527289AFB</mac_min>
            <mac_max>FDA527289AFC</mac_max>
        </mac>
        <mac>
            <mac_min>FDA527289B0F</mac_min>
            <mac_max>FDA527289B10</mac_max>
        </mac>
        <mac>
            <mac_min>FDA527289B1F</mac_min>
            <mac_max>FDA527289B20</mac_max>
        </mac>
        <mac>
            <mac_min>FDA527289B22</mac_min>
            <mac_max>FDA527289B23</mac_max>
        </mac>
        <mac>
            <mac_min>FDA527289B2F</mac_min>
            <mac_max>FDA527289B30</mac_max>
        </mac>
        <mac>
            <mac_min>FDA527289B32</mac_min>
            <mac_max>FDA527289B33</mac_max>
        </mac>
        <mac>
            <mac_min>FDA527289B36</mac_min>
            <mac_max>FDA527289B37</mac_max>
        </mac>
        <mac>
            <mac_min>FDA527289B39</mac_min>
            <mac_max>FDA527289B3A</mac_max>
        </mac>
        <mac>
            <mac_min>FDA527289B44</mac_min>
            <mac_max>FDA527289B46</mac_max>
        </mac>
        <mac>
            <mac_min>FDA527289B4D</mac_min>
            <mac_max>FDA527289B51</mac_max>
        </mac>
        <mac>
            <mac_min>FDA527289BA0</mac_min>
            <mac_max>FDA527289BA1</mac_max>
        </mac>
        <mac>
            <mac_min>FDA527289BA3</mac_min>
            <mac_max>FDA527289BA4</mac_max>
        </mac>
        <mac>
            <mac_min>FDA527289BBB</mac_min>
            <mac_max>FDA527289BC0</mac_max>
        </mac>
        <mac>
            <mac_min>FDA527289BC6</mac_min>
            <mac_max>FDA527289BC7</mac_max>
        </mac>
        <mac>
            <mac_min>FDA527289BC9</mac_min>
            <mac_max>FDA527289BCA</mac_max>
        </mac>
        <mac>
            <mac_min>FDA527289BCF</mac_min>
            <mac_max>FDA527289BD0</mac_max>
        </mac>
        <mac>
            <mac_min>FDA527289BD4</mac_min>
            <mac_max>FDA527289BD5</mac_max>
        </mac>
        <mac>
            <mac_min>FDA527289BDE</mac_min>
            <mac_max>FDA527289BE5</mac_max>
        </mac>
        <mac>
            <mac_min>FDA527289BF1</mac_min>
            <mac_max>FDA527289BF2</mac_max>
        </mac>
        <mac>
            <mac_min>FDA527289BF6</mac_min>
            <mac_max>FDA527289BF7</mac_max>
        </mac>
        <mac>
            <mac_min>FDA527289C00</mac_min>
            <mac_max>FDA527289C02</mac_max>
        </mac>
        <mac>
            <mac_min>FDA527289C04</mac_min>
            <mac_max>FDA527289C05</mac_max>
        </mac>
        <mac>
            <mac_min>FDA527289C08</mac_min>
            <mac_max>FDA527289C0B</mac_max>
        </mac>
        <mac>
            <mac_min>FDA527289C0D</mac_min>
            <mac_max>FDA527289C10</mac_max>
        </mac>
        <mac>
            <mac_min>FDA527289C19</mac_min>
            <mac_max>FDA527289C1B</mac_max>
        </mac>
        <mac>
            <mac_min>FDA527289C1F</mac_min>
            <mac_max>FDA527289C21</mac_max>
        </mac>
        <mac>
            <mac_min>FDA527289C23</mac_min>
            <mac_max>FDA527289C26</mac_max>
        </mac>
        <mac>
            <mac_min>FDA527289C29</mac_min>
            <mac_max>FDA527289C2C</mac_max>
        </mac>
        <mac>
            <mac_min>FDA527289C2E</mac_min>
            <mac_max>FDA527289C31</mac_max>
        </mac>
        <mac>
            <mac_min>FDA527289C35</mac_min>
            <mac_max>FDA527289C38</mac_max>
        </mac>
        <mac>
            <mac_min>FDA527289C3A</mac_min>
            <mac_max>FDA527289C44</mac_max>
        </mac>
        <mac>
            <mac_min>FDA527289C46</mac_min>
            <mac_max>FDA527289C4D</mac_max>
        </mac>
        <mac>
            <mac_min>FDA527289C53</mac_min>
            <mac_max>FDA527289C65</mac_max>
        </mac>
        <mac>
            <mac_min>FDA527289C67</mac_min>
            <mac_max>FDA527289C6D</mac_max>
        </mac>
        <mac>
            <mac_min>FDA527289C6F</mac_min>
            <mac_max>FDA527289C70</mac_max>
        </mac>
        <mac>
            <mac_min>FDA527289C72</mac_min>
            <mac_max>FDA527289C75</mac_max>
        </mac>
        <mac>
            <mac_min>FDA527289C77</mac_min>
            <mac_max>FDA527289C7E</mac_max>
        </mac>
        <mac>
            <mac_min>FDA527289C80</mac_min>
            <mac_max>FDA527289C83</mac_max>
        </mac>
        <mac>
            <mac_min>FDA527289C86</mac_min>
            <mac_max>FDA527289C87</mac_max>
        </mac>
        <mac>
            <mac_min>FDA527289C8C</mac_min>
            <mac_max>FDA527289C8E</mac_max>
        </mac>
        <mac>
            <mac_min>FDA527289C90</mac_min>
            <mac_max>FDA527289C91</mac_max>
        </mac>
        <mac>
            <mac_min>FDA527289C93</mac_min>
            <mac_max>FDA527289C94</mac_max>
        </mac>
        <mac>
            <mac_min>FDA527289C9A</mac_min>
            <mac_max>FDA527289C9C</mac_max>
        </mac>
        <mac>
            <mac_min>FDA527289CA0</mac_min>
            <mac_max>FDA527289CA3</mac_max>
        </mac>
        <mac>
            <mac_min>FDA527289CA7</mac_min>
            <mac_max>FDA527289CAC</mac_max>
        </mac>
        <mac>
            <mac_min>FDA527289CB4</mac_min>
            <mac_max>FDA527289CB7</mac_max>
        </mac>
        <mac>
            <mac_min>FDA527289CBD</mac_min>
            <mac_max>FDA527289CBE</mac_max>
        </mac>
        <mac>
            <mac_min>FDA527289CC0</mac_min>
            <mac_max>FDA527289CC1</mac_max>
        </mac>
        <mac>
            <mac_min>FDA527289CCF</mac_min>
            <mac_max>FDA527289CD0</mac_max>
        </mac>
        <mac>
            <mac_min>FDA527289CDC</mac_min>
            <mac_max>FDA527289CDE</mac_max>
        </mac>
        <mac>
            <mac_min>FDA52728AE8F</mac_min>
            <mac_max>FDA52728AE90</mac_max>
        </mac>
        <mac>
            <mac_min>FDA52728AE93</mac_min>
            <mac_max>FDA52728AE94</mac_max>
        </mac>
        <mac>
            <mac_min>FDA52728AEA0</mac_min>
            <mac_max>FDA52728AEA3</mac_max>
        </mac>
        <mac>
            <mac_min>FDA5272969F5</mac_min>
            <mac_max>FDA5272969F6</mac_max>
        </mac>
        <mac>
            <mac_min>FDA5272969F8</mac_min>
            <mac_max>FDA5272969F9</mac_max>
        </mac>
        <mac>
            <mac_min>FDA5272969FE</mac_min>
            <mac_max>FDA5272969FF</mac_max>
        </mac>
        <mac>
            <mac_min>FDA527296A04</mac_min>
            <mac_max>FDA527296A08</mac_max>
        </mac>
        <mac>
            <mac_min>FDA527296A0C</mac_min>
            <mac_max>FDA527296A0D</mac_max>
        </mac>
        <mac>
            <mac_min>FDA527296A14</mac_min>
            <mac_max>FDA527296A16</mac_max>
        </mac>
        <mac>
            <mac_min>FDA527296A18</mac_min>
            <mac_max>FDA527296A19</mac_max>
        </mac>
        <mac>
            <mac_min>FDA527296A20</mac_min>
            <mac_max>FDA527296A26</mac_max>
        </mac>
        <mac>
            <mac_min>FDA527296D7F</mac_min>
            <mac_max>FDA527296D80</mac_max>
        </mac>
        <mac>
            <mac_min>FDA527296D82</mac_min>
            <mac_max>FDA527296D85</mac_max>
        </mac>
        <mac>
            <mac_min>FDA527296D88</mac_min>
            <mac_max>FDA527296D8A</mac_max>
        </mac>
        <mac>
            <mac_min>FDA527296D91</mac_min>
            <mac_max>FDA527296D93</mac_max>
        </mac>
        <mac>
            <mac_min>FDA527296DA4</mac_min>
            <mac_max>FDA527296DA6</mac_max>
        </mac>
        <mac>
            <mac_min>FDA527296DDD</mac_min>
            <mac_max>FDA527296DE0</mac_max>
        </mac>
        <mac>
            <mac_min>FDA527296DE3</mac_min>
            <mac_max>FDA527296DE9</mac_max>
        </mac>
        <mac>
            <mac_min>FDA527296DEE</mac_min>
            <mac_max>FDA527296DF0</mac_max>
        </mac>
        <mac>
            <mac_min>FDA527296DF2</mac_min>
            <mac_max>FDA527296DF3</mac_max>
        </mac>
        <mac>
            <mac_min>FDA527296DF5</mac_min>
            <mac_max>FDA527296DF6</mac_max>
        </mac>
        <mac>
            <mac_min>FDA527296DF9</mac_min>
            <mac_max>FDA527296DFA</mac_max>
        </mac>
        <mac>
            <mac_min>FDA527296DFC</mac_min>
            <mac_max>FDA527296DFD</mac_max>
        </mac>
        <mac>
            <mac_min>FDA527296DFF</mac_min>
            <mac_max>FDA527296E02</mac_max>
        </mac>
        <mac>
            <mac_min>FDA527296E04</mac_min>
            <mac_max>FDA527296E07</mac_max>
        </mac>
        <mac>
            <mac_min>FDA527296E09</mac_min>
            <mac_max>FDA527296E0E</mac_max>
        </mac>
        <mac>
            <mac_min>FDA527296E34</mac_min>
            <mac_max>FDA527296E37</mac_max>
        </mac>
        <mac>
            <mac_min>FDA527296E41</mac_min>
            <mac_max>FDA527296E43</mac_max>
        </mac>
        <mac>
            <mac_min>FDA527296E45</mac_min>
            <mac_max>FDA527296E4A</mac_max>
        </mac>
        <mac>
            <mac_min>FDA527296E4C</mac_min>
            <mac_max>FDA527296E52</mac_max>
        </mac>
        <mac>
            <mac_min>FDA527296E59</mac_min>
            <mac_max>FDA527296E5E</mac_max>
        </mac>
        <mac>
            <mac_min>FDA527296E65</mac_min>
            <mac_max>FDA527296E6B</mac_max>
        </mac>
        <mac>
            <mac_min>FDA527296E6E</mac_min>
            <mac_max>FDA527296E6F</mac_max>
        </mac>
        <mac>
            <mac_min>FDA527296E71</mac_min>
            <mac_max>FDA527296E72</mac_max>
        </mac>
        <mac>
            <mac_min>FDA527296E79</mac_min>
            <mac_max>FDA527296E7B</mac_max>
        </mac>
        <mac>
            <mac_min>FDA527296E7E</mac_min>
            <mac_max>FDA527296E7F</mac_max>
        </mac>
        <mac>
            <mac_min>FDA527296E85</mac_min>
            <mac_max>FDA527296E86</mac_max>
        </mac>
        <mac>
            <mac_min>FDA527296E8E</mac_min>
            <mac_max>FDA527296E90</mac_max>
        </mac>
        <mac>
            <mac_min>FDA527296E94</mac_min>
            <mac_max>FDA527296E97</mac_max>
        </mac>
        <mac>
            <mac_min>FDA527296E9B</mac_min>
            <mac_max>FDA527296E9D</mac_max>
        </mac>
        <mac>
            <mac_min>FDA527296EA5</mac_min>
            <mac_max>FDA527296EA7</mac_max>
        </mac>
        <mac>
            <mac_min>FDA527296EAE</mac_min>
            <mac_max>FDA527296EB0</mac_max>
        </mac>
        <mac>
            <mac_min>FDA527296EB2</mac_min>
            <mac_max>FDA527296EBA</mac_max>
        </mac>
        <mac>
            <mac_min>FDA527296EBC</mac_min>
            <mac_max>FDA527296EBD</mac_max>
        </mac>
        <mac>
            <mac_min>FDA527296EC0</mac_min>
            <mac_max>FDA527296EC1</mac_max>
        </mac>
        <mac>
            <mac_min>FDA527296EC3</mac_min>
            <mac_max>FDA527296EC5</mac_max>
        </mac>
        <mac>
            <mac_min>FDA527296EC8</mac_min>
            <mac_max>FDA527296ECD</mac_max>
        </mac>
        <mac>
            <mac_min>FDA527296ED0</mac_min>
            <mac_max>FDA527296ED2</mac_max>
        </mac>
        <mac>
            <mac_min>FDA527296ED4</mac_min>
            <mac_max>FDA527296ED5</mac_max>
        </mac>
        <mac>
            <mac_min>FDA527296ED8</mac_min>
            <mac_max>FDA527296EDA</mac_max>
        </mac>
        <mac>
            <mac_min>FDA527296EDC</mac_min>
            <mac_max>FDA527296EDE</mac_max>
        </mac>
        <mac>
            <mac_min>FDA527296EE0</mac_min>
            <mac_max>FDA527296EE5</mac_max>
        </mac>
        <mac>
            <mac_min>FDA527296EEA</mac_min>
            <mac_max>FDA527296EEF</mac_max>
        </mac>
        <mac>
            <mac_min>FDA527296EF4</mac_min>
            <mac_max>FDA527296EF8</mac_max>
        </mac>
        <mac>
            <mac_min>FDA527296EFA</mac_min>
            <mac_max>FDA527296EFC</mac_max>
        </mac>
        <mac>
            <mac_min>FDA527296EFE</mac_min>
            <mac_max>FDA527296F00</mac_max>
        </mac>
        <mac>
            <mac_min>FDA527296F02</mac_min>
            <mac_max>FDA527296F09</mac_max>
        </mac>
        <mac>
            <mac_min>FDA527296F15</mac_min>
            <mac_max>FDA527296F16</mac_max>
        </mac>
        <mac>
            <mac_min>FDA527296F18</mac_min>
            <mac_max>FDA527296F19</mac_max>
        </mac>
        <mac>
            <mac_min>FDA527296F35</mac_min>
            <mac_max>FDA527296F37</mac_max>
        </mac>
        <mac>
            <mac_min>FDA527296F39</mac_min>
            <mac_max>FDA527296F3A</mac_max>
        </mac>
        <mac>
            <mac_min>FDA527296F40</mac_min>
            <mac_max>FDA527296F42</mac_max>
        </mac>
        <mac>
            <mac_min>FDA527296F44</mac_min>
            <mac_max>FDA527296F48</mac_max>
        </mac>
        <mac>
            <mac_min>FDA527296F4B</mac_min>
            <mac_max>FDA527296F4C</mac_max>
        </mac>
        <mac>
            <mac_min>FDA527296F5C</mac_min>
            <mac_max>FDA527296F63</mac_max>
        </mac>
        <mac>
            <mac_min>FDA527296F68</mac_min>
            <mac_max>FDA527296F69</mac_max>
        </mac>
    </mac_range>
    <mac_single>
        <mac>C91A006A059C</mac>
        <mac>C91A006A05AA</mac>
        <mac>C91A006A05B6</mac>
        <mac>C91A006A05C8</mac>
        <mac>C91A006A05CD</mac>
        <mac>C91A006A05D1</mac>
        <mac>C91A006A05D6</mac>
        <mac>C91A006A05D8</mac>
        <mac>C91A006A1777</mac>
        <mac>C91A006A1779</mac>
        <mac>C91A006A1797</mac>
        <mac>C91A006A17A2</mac>
        <mac>C91A006A17AC</mac>
        <mac>C91A006A17B3</mac>
        <mac>C91A006A1800</mac>
        <mac>C91A006A1802</mac>
        <mac>C91A006A181E</mac>
        <mac>C91A006A1834</mac>
        <mac>C91A006A1853</mac>
        <mac>C91A006A1858</mac>
        <mac>C91A006A185D</mac>
        <mac>C91A006A1864</mac>
        <mac>C91A006A186A</mac>
        <mac>C91A006A1876</mac>
        <mac>C91A006A187F</mac>
        <mac>C91A006A1884</mac>
        <mac>C91A006A1899</mac>
        <mac>C91A006A189B</mac>
        <mac>C91A006A189E</mac>
        <mac>C91A006A18A2</mac>
        <mac>C91A006A18A4</mac>
        <mac>C91A006A18B4</mac>
        <mac>C91A006A18C0</mac>
        <mac>C91A006A18C5</mac>
        <mac>C91A006A18CB</mac>
        <mac>C91A006A18D2</mac>
        <mac>C91A006A18D4</mac>
        <mac>C91A006A18DC</mac>
        <mac>C91A006A1907</mac>
        <mac>C91A006A1909</mac>
        <mac>C91A006A1913</mac>
        <mac>C91A006A1924</mac>
        <mac>C91A006A1929</mac>
        <mac>C91A006A192C</mac>
        <mac>C91A006A1934</mac>
        <mac>C91A006A193A</mac>
        <mac>C91A006A193F</mac>
        <mac>C91A006A1948</mac>
        <mac>C91A006A194E</mac>
        <mac>C91A006A1951</mac>
        <mac>C91A006A1953</mac>
        <mac>C91A006A195A</mac>
        <mac>C91A006A1962</mac>
        <mac>C91A006B1D53</mac>
        <mac>C91A006B1D5E</mac>
        <mac>C91A006B1D62</mac>
        <mac>C91A006B1D68</mac>
        <mac>C91A006B1D6A</mac>
        <mac>C91A006B1D7B</mac>
        <mac>C91A006B1D85</mac>
        <mac>C91A006B1D88</mac>
        <mac>C91A006B1D8C</mac>
        <mac>C91A006B1D8F</mac>
        <mac>C91A006B1D91</mac>
        <mac>C91A006B1D93</mac>
        <mac>C91A006B1D95</mac>
        <mac>C91A006B1D97</mac>
        <mac>C91A006B1D9A</mac>
        <mac>C91A006B1D9D</mac>
        <mac>C91A006B1DA5</mac>
        <mac>C91A006B1DA7</mac>
        <mac>C91A006B1DAB</mac>
        <mac>C91A006B1DAD</mac>
        <mac>C91A006B1DC6</mac>
        <mac>C91A006B1DD1</mac>
        <mac>C91A006B1E15</mac>
        <mac>C91A006B1E17</mac>
        <mac>C91A006B1E1F</mac>
        <mac>C91A006B1E37</mac>
        <mac>C91A006B1E42</mac>
        <mac>C91A006B1E55</mac>
        <mac>C91A006B1E57</mac>
        <mac>C91A006B1E89</mac>
        <mac>C91A006B1E8D</mac>
        <mac>C91A006B1E93</mac>
        <mac>C91A006B1E96</mac>
        <mac>C91A006B1E99</mac>
        <mac>C91A006B1EA0</mac>
        <mac>C91A006B1EA2</mac>
        <mac>C91A006B1F10</mac>
        <mac>C91A006B1F1C</mac>
        <mac>C91A006B1F22</mac>
        <mac>C91A006B1F3C</mac>
        <mac>C91A006B1F3F</mac>
        <mac>C91A006B2265</mac>
        <mac>C91A006B228E</mac>
        <mac>C91A006B229A</mac>
        <mac>C91A006B229D</mac>
        <mac>C91A006B22A9</mac>
        <mac>C91A006B22AE</mac>
        <mac>C91A006B22B7</mac>
        <mac>FDA527289AEF</mac>
        <mac>FDA527289AF7</mac>
        <mac>FDA527289AFE</mac>
        <mac>FDA527289B00</mac>
        <mac>FDA527289B03</mac>
        <mac>FDA527289B09</mac>
        <mac>FDA527289B12</mac>
        <mac>FDA527289B17</mac>
        <mac>FDA527289B1D</mac>
        <mac>FDA527289B25</mac>
        <mac>FDA527289B28</mac>
        <mac>FDA527289B2D</mac>
        <mac>FDA527289B3E</mac>
        <mac>FDA527289B48</mac>
        <mac>FDA527289B4A</mac>
        <mac>FDA527289B75</mac>
        <mac>FDA527289B7D</mac>
        <mac>FDA527289B7F</mac>
        <mac>FDA527289B86</mac>
        <mac>FDA527289B8C</mac>
        <mac>FDA527289B91</mac>
        <mac>FDA527289B9D</mac>
        <mac>FDA527289BAD</mac>
        <mac>FDA527289BAF</mac>
        <mac>FDA527289BB3</mac>
        <mac>FDA527289BB6</mac>
        <mac>FDA527289BB8</mac>
        <mac>FDA527289BCD</mac>
        <mac>FDA527289BD2</mac>
        <mac>FDA527289BDB</mac>
        <mac>FDA527289BE7</mac>
        <mac>FDA527289BED</mac>
        <mac>FDA527289BF4</mac>
        <mac>FDA527289BF9</mac>
        <mac>FDA527289BFE</mac>
        <mac>FDA527289C1D</mac>
        <mac>FDA527289C33</mac>
        <mac>FDA527289C4F</mac>
        <mac>FDA527289C51</mac>
        <mac>FDA527289C9E</mac>
        <mac>FDA527289CA5</mac>
        <mac>FDA527289CAF</mac>
        <mac>FDA527289CBA</mac>
        <mac>FDA527289CD8</mac>
        <mac>FDA527289CDA</mac>
        <mac>FDA52728AE7B</mac>
        <mac>FDA52728AE7D</mac>
        <mac>FDA52728AE82</mac>
        <mac>FDA52728AE86</mac>
        <mac>FDA52728AE8B</mac>
        <mac>FDA52728AE9D</mac>
        <mac>FDA52728AEA9</mac>
        <mac>FDA52728AEB7</mac>
        <mac>FDA527296A01</mac>
        <mac>FDA527296A0A</mac>
        <mac>FDA527296A0F</mac>
        <mac>FDA527296A1B</mac>
        <mac>FDA527296A1E</mac>
        <mac>FDA527296A2A</mac>
        <mac>FDA527296A53</mac>
        <mac>FDA527296D79</mac>
        <mac>FDA527296D7C</mac>
        <mac>FDA527296D96</mac>
        <mac>FDA527296D9C</mac>
        <mac>FDA527296DA8</mac>
        <mac>FDA527296E16</mac>
        <mac>FDA527296E18</mac>
        <mac>FDA527296E1F</mac>
        <mac>FDA527296E22</mac>
        <mac>FDA527296E25</mac>
        <mac>FDA527296E2B</mac>
        <mac>FDA527296E2F</mac>
        <mac>FDA527296E61</mac>
        <mac>FDA527296E63</mac>
        <mac>FDA527296E76</mac>
        <mac>FDA527296E81</mac>
        <mac>FDA527296E99</mac>
        <mac>FDA527296EA1</mac>
        <mac>FDA527296EA3</mac>
        <mac>FDA527296EE7</mac>
        <mac>FDA527296EF2</mac>
        <mac>FDA527296F0B</mac>
        <mac>FDA527296F0D</mac>
        <mac>FDA527296F11</mac>
        <mac>FDA527296F13</mac>
        <mac>FDA527296F1B</mac>
        <mac>FDA527296F1E</mac>
        <mac>FDA527296F21</mac>
        <mac>FDA527296F23</mac>
        <mac>FDA527296F25</mac>
        <mac>FDA527296F27</mac>
        <mac>FDA527296F29</mac>
        <mac>FDA527296F2C</mac>
        <mac>FDA527296F30</mac>
        <mac>FDA527296F33</mac>
        <mac>FDA527296F3D</mac>
        <mac>FDA527296F4E</mac>
        <mac>FDA527296F50</mac>
        <mac>FDA527296F56</mac>
        <mac>FDA527296F5A</mac>
        <mac>FDA527296F65</mac>
    </mac_single>
    <mac_warn />
</build_mac>
