<?xml version="1.0" encoding="utf-8" ?>
<build_mac>
    <build_id>861300120010300002</build_id>
    <mac_range>
        <mac>
            <mac_min>C91A006D2A39</mac_min>
            <mac_max>C91A006D2A3C</mac_max>
        </mac>
        <mac>
            <mac_min>C91A006D2A40</mac_min>
            <mac_max>C91A006D2A41</mac_max>
        </mac>
        <mac>
            <mac_min>C91A006D2A49</mac_min>
            <mac_max>C91A006D2A4C</mac_max>
        </mac>
        <mac>
            <mac_min>C91A006D2A4F</mac_min>
            <mac_max>C91A006D2A50</mac_max>
        </mac>
        <mac>
            <mac_min>C91A006D2A5D</mac_min>
            <mac_max>C91A006D2A60</mac_max>
        </mac>
        <mac>
            <mac_min>C91A006D2ADA</mac_min>
            <mac_max>C91A006D2ADB</mac_max>
        </mac>
        <mac>
            <mac_min>FDA5272AEB12</mac_min>
            <mac_max>FDA5272AEB15</mac_max>
        </mac>
        <mac>
            <mac_min>FDA5272AEB19</mac_min>
            <mac_max>FDA5272AEB1A</mac_max>
        </mac>
        <mac>
            <mac_min>FDA5272AEB22</mac_min>
            <mac_max>FDA5272AEB25</mac_max>
        </mac>
        <mac>
            <mac_min>FDA5272AEB28</mac_min>
            <mac_max>FDA5272AEB29</mac_max>
        </mac>
        <mac>
            <mac_min>FDA5272AEB36</mac_min>
            <mac_max>FDA5272AEB39</mac_max>
        </mac>
        <mac>
            <mac_min>FDA5272AEBB3</mac_min>
            <mac_max>FDA5272AEBB4</mac_max>
        </mac>
    </mac_range>
    <mac_single>
        <mac>C91A006D2A31</mac>
        <mac>C91A006D2A33</mac>
        <mac>C91A006D2A35</mac>
        <mac>C91A006D2A37</mac>
        <mac>C91A006D2A44</mac>
        <mac>C91A006D2A46</mac>
        <mac>C91A006D2A56</mac>
        <mac>C91A006D2AD6</mac>
        <mac>C91A006D2AD8</mac>
        <mac>C91A006D2AE2</mac>
        <mac>C91A006D2AEF</mac>
        <mac>FDA5272AEB0A</mac>
        <mac>FDA5272AEB0C</mac>
        <mac>FDA5272AEB0E</mac>
        <mac>FDA5272AEB10</mac>
        <mac>FDA5272AEB1D</mac>
        <mac>FDA5272AEB1F</mac>
        <mac>FDA5272AEB2F</mac>
        <mac>FDA5272AEBAF</mac>
        <mac>FDA5272AEBB1</mac>
        <mac>FDA5272AEBBB</mac>
        <mac>FDA5272AEBC8</mac>
    </mac_single>
    <mac_warn />
</build_mac>
