<?xml version="1.0" encoding="utf-8" ?>
<build_mac>
    <build_id>861300110010300003</build_id>
    <mac_range>
        <mac>
            <mac_min>C91A006B1D4D</mac_min>
            <mac_max>C91A006B1D4E</mac_max>
        </mac>
        <mac>
            <mac_min>C91A006B1D51</mac_min>
            <mac_max>C91A006B1D52</mac_max>
        </mac>
        <mac>
            <mac_min>C91A006B1D65</mac_min>
            <mac_max>C91A006B1D67</mac_max>
        </mac>
        <mac>
            <mac_min>C91A006B1D79</mac_min>
            <mac_max>C91A006B1D7A</mac_max>
        </mac>
        <mac>
            <mac_min>C91A006B1D7C</mac_min>
            <mac_max>C91A006B1D7D</mac_max>
        </mac>
        <mac>
            <mac_min>C91A006B1E26</mac_min>
            <mac_max>C91A006B1E27</mac_max>
        </mac>
        <mac>
            <mac_min>C91A006B1E30</mac_min>
            <mac_max>C91A006B1E31</mac_max>
        </mac>
        <mac>
            <mac_min>C91A006B1E60</mac_min>
            <mac_max>C91A006B1E61</mac_max>
        </mac>
        <mac>
            <mac_min>C91A006B1E63</mac_min>
            <mac_max>C91A006B1E65</mac_max>
        </mac>
        <mac>
            <mac_min>FDA527296E53</mac_min>
            <mac_max>FDA527296E55</mac_max>
        </mac>
        <mac>
            <mac_min>FDA527296E57</mac_min>
            <mac_max>FDA527296E58</mac_max>
        </mac>
        <mac>
            <mac_min>FDA527296E87</mac_min>
            <mac_max>FDA527296E88</mac_max>
        </mac>
        <mac>
            <mac_min>FDA527296E91</mac_min>
            <mac_max>FDA527296E92</mac_max>
        </mac>
        <mac>
            <mac_min>FDA527296F3B</mac_min>
            <mac_max>FDA527296F3C</mac_max>
        </mac>
        <mac>
            <mac_min>FDA527296F3E</mac_min>
            <mac_max>FDA527296F3F</mac_max>
        </mac>
        <mac>
            <mac_min>FDA527296F51</mac_min>
            <mac_max>FDA527296F53</mac_max>
        </mac>
        <mac>
            <mac_min>FDA527296F66</mac_min>
            <mac_max>FDA527296F67</mac_max>
        </mac>
        <mac>
            <mac_min>FDA527296F6A</mac_min>
            <mac_max>FDA527296F6B</mac_max>
        </mac>
    </mac_range>
    <mac_single>
        <mac>C91A006A1824</mac>
        <mac>C91A006A187A</mac>
        <mac>C91A006B1D54</mac>
        <mac>C91A006B1D69</mac>
        <mac>C91A006B1D6F</mac>
        <mac>C91A006B1DE2</mac>
        <mac>C91A006B1DE9</mac>
        <mac>C91A006B1DF1</mac>
        <mac>C91A006B1DF6</mac>
        <mac>C91A006B1E0C</mac>
        <mac>C91A006B1E0F</mac>
        <mac>C91A006B1E16</mac>
        <mac>C91A006B1E18</mac>
        <mac>C91A006B1E1A</mac>
        <mac>C91A006B1E2E</mac>
        <mac>C91A006B1E36</mac>
        <mac>C91A006B1E43</mac>
        <mac>C91A006B1E4B</mac>
        <mac>C91A006B1E56</mac>
        <mac>C91A006B1E59</mac>
        <mac>FDA527289BD7</mac>
        <mac>FDA527289C2D</mac>
        <mac>FDA527296E5F</mac>
        <mac>FDA527296E62</mac>
        <mac>FDA527296E6D</mac>
        <mac>FDA527296E75</mac>
        <mac>FDA527296E82</mac>
        <mac>FDA527296E8A</mac>
        <mac>FDA527296E9E</mac>
        <mac>FDA527296EA0</mac>
        <mac>FDA527296EA2</mac>
        <mac>FDA527296EA9</mac>
        <mac>FDA527296EAC</mac>
        <mac>FDA527296EC2</mac>
        <mac>FDA527296EC7</mac>
        <mac>FDA527296ECF</mac>
        <mac>FDA527296ED6</mac>
        <mac>FDA527296F49</mac>
        <mac>FDA527296F4F</mac>
        <mac>FDA527296F64</mac>
    </mac_single>
    <mac_warn />
</build_mac>
