<?xml version="1.0" encoding="utf-8" ?>
<build_mac>
    <build_id>861300130010300006</build_id>
    <mac_range>
        <mac>
            <mac_min>C91A006C0640</mac_min>
            <mac_max>C91A006C0690</mac_max>
        </mac>
        <mac>
            <mac_min>C91A006C0692</mac_min>
            <mac_max>C91A006C06A3</mac_max>
        </mac>
        <mac>
            <mac_min>C91A006C0708</mac_min>
            <mac_max>C91A006C0710</mac_max>
        </mac>
        <mac>
            <mac_min>C91A006C0712</mac_min>
            <mac_max>C91A006C0739</mac_max>
        </mac>
        <mac>
            <mac_min>C91A006C076C</mac_min>
            <mac_max>C91A006C079D</mac_max>
        </mac>
        <mac>
            <mac_min>C91A006C0821</mac_min>
            <mac_max>C91A006C0822</mac_max>
        </mac>
        <mac>
            <mac_min>C91A006C0834</mac_min>
            <mac_max>C91A006C0892</mac_max>
        </mac>
        <mac>
            <mac_min>C91A006C0894</mac_min>
            <mac_max>C91A006C0895</mac_max>
        </mac>
        <mac>
            <mac_min>ECB352D40000</mac_min>
            <mac_max>ECB352D40050</mac_max>
        </mac>
        <mac>
            <mac_min>ECB352D40052</mac_min>
            <mac_max>ECB352D40063</mac_max>
        </mac>
        <mac>
            <mac_min>ECB352D400C8</mac_min>
            <mac_max>ECB352D400D0</mac_max>
        </mac>
        <mac>
            <mac_min>ECB352D400D2</mac_min>
            <mac_max>ECB352D400F9</mac_max>
        </mac>
        <mac>
            <mac_min>ECB352D4012C</mac_min>
            <mac_max>ECB352D4015D</mac_max>
        </mac>
        <mac>
            <mac_min>ECB352D401E1</mac_min>
            <mac_max>ECB352D401E2</mac_max>
        </mac>
        <mac>
            <mac_min>ECB352D401F4</mac_min>
            <mac_max>ECB352D40252</mac_max>
        </mac>
        <mac>
            <mac_min>ECB352D40254</mac_min>
            <mac_max>ECB352D40255</mac_max>
        </mac>
        <mac>
            <mac_min>FDA5272A6F22</mac_min>
            <mac_max>FDA5272A6F72</mac_max>
        </mac>
        <mac>
            <mac_min>FDA5272A6F74</mac_min>
            <mac_max>FDA5272A6F85</mac_max>
        </mac>
        <mac>
            <mac_min>FDA5272A6FEA</mac_min>
            <mac_max>FDA5272A6FF2</mac_max>
        </mac>
        <mac>
            <mac_min>FDA5272A6FF4</mac_min>
            <mac_max>FDA5272A701B</mac_max>
        </mac>
        <mac>
            <mac_min>FDA5272A704E</mac_min>
            <mac_max>FDA5272A707F</mac_max>
        </mac>
        <mac>
            <mac_min>FDA5272A7103</mac_min>
            <mac_max>FDA5272A7104</mac_max>
        </mac>
        <mac>
            <mac_min>FDA5272A7116</mac_min>
            <mac_max>FDA5272A7174</mac_max>
        </mac>
        <mac>
            <mac_min>FDA5272A7176</mac_min>
            <mac_max>FDA5272A7177</mac_max>
        </mac>
    </mac_range>
    <mac_single>
        <mac>C91A006C0806</mac>
        <mac>C91A006C080C</mac>
        <mac>C91A006C0810</mac>
        <mac>C91A006C081D</mac>
        <mac>C91A006C0826</mac>
        <mac>C91A006C0828</mac>
        <mac>C91A006C082F</mac>
        <mac>C91A006C0897</mac>
        <mac>ECB352D401C6</mac>
        <mac>ECB352D401CC</mac>
        <mac>ECB352D401D0</mac>
        <mac>ECB352D401DD</mac>
        <mac>ECB352D401E6</mac>
        <mac>ECB352D401E8</mac>
        <mac>ECB352D401EF</mac>
        <mac>ECB352D40257</mac>
        <mac>FDA5272A70E8</mac>
        <mac>FDA5272A70EE</mac>
        <mac>FDA5272A70F2</mac>
        <mac>FDA5272A70FF</mac>
        <mac>FDA5272A7108</mac>
        <mac>FDA5272A710A</mac>
        <mac>FDA5272A7111</mac>
        <mac>FDA5272A7179</mac>
    </mac_single>
    <mac_warn />
</build_mac>
