<?xml version="1.0" encoding="utf-8" ?>
<build_mac>
    <build_id>861300010040300004</build_id>
    <mac_range>
        <mac>
            <mac_min>C91A006022F7</mac_min>
            <mac_max>C91A006022FA</mac_max>
        </mac>
        <mac>
            <mac_min>C91A006022FC</mac_min>
            <mac_max>C91A006022FE</mac_max>
        </mac>
        <mac>
            <mac_min>C91A00602301</mac_min>
            <mac_max>C91A00602302</mac_max>
        </mac>
        <mac>
            <mac_min>C91A00602306</mac_min>
            <mac_max>C91A00602308</mac_max>
        </mac>
        <mac>
            <mac_min>C91A0060230A</mac_min>
            <mac_max>C91A0060230B</mac_max>
        </mac>
        <mac>
            <mac_min>C91A00602314</mac_min>
            <mac_max>C91A00602315</mac_max>
        </mac>
        <mac>
            <mac_min>FDA5271BFAFD</mac_min>
            <mac_max>FDA5271BFB00</mac_max>
        </mac>
        <mac>
            <mac_min>FDA5271BFB02</mac_min>
            <mac_max>FDA5271BFB04</mac_max>
        </mac>
        <mac>
            <mac_min>FDA5271BFB07</mac_min>
            <mac_max>FDA5271BFB08</mac_max>
        </mac>
        <mac>
            <mac_min>FDA5271BFB0C</mac_min>
            <mac_max>FDA5271BFB0E</mac_max>
        </mac>
        <mac>
            <mac_min>FDA5271BFB10</mac_min>
            <mac_max>FDA5271BFB11</mac_max>
        </mac>
        <mac>
            <mac_min>FDA5271BFB1A</mac_min>
            <mac_max>FDA5271BFB1B</mac_max>
        </mac>
    </mac_range>
    <mac_single>
        <mac>C91A00602310</mac>
        <mac>C91A00602317</mac>
        <mac>C91A0060231B</mac>
        <mac>C91A00602321</mac>
        <mac>FDA5271BFB16</mac>
        <mac>FDA5271BFB1D</mac>
        <mac>FDA5271BFB21</mac>
        <mac>FDA5271BFB27</mac>
    </mac_single>
    <mac_warn />
</build_mac>
