<?xml version="1.0" encoding="utf-8" ?>
<build_mac>
    <build_id>861300070020300001</build_id>
    <mac_range>
        <mac>
            <mac_min>C91A006F5208</mac_min>
            <mac_max>C91A006F545F</mac_max>
        </mac>
        <mac>
            <mac_min>C91A007203E8</mac_min>
            <mac_max>C91A007203EB</mac_max>
        </mac>
        <mac>
            <mac_min>C91A007203F1</mac_min>
            <mac_max>C91A007203F5</mac_max>
        </mac>
        <mac>
            <mac_min>C91A007203F7</mac_min>
            <mac_max>C91A007203F8</mac_max>
        </mac>
        <mac>
            <mac_min>C91A007203FB</mac_min>
            <mac_max>C91A007203FC</mac_max>
        </mac>
        <mac>
            <mac_min>C91A00720400</mac_min>
            <mac_max>C91A00720401</mac_max>
        </mac>
        <mac>
            <mac_min>C91A00720403</mac_min>
            <mac_max>C91A00720405</mac_max>
        </mac>
        <mac>
            <mac_min>C91A0072040A</mac_min>
            <mac_max>C91A0072040D</mac_max>
        </mac>
        <mac>
            <mac_min>C91A00720410</mac_min>
            <mac_max>C91A00720412</mac_max>
        </mac>
        <mac>
            <mac_min>C91A00720418</mac_min>
            <mac_max>C91A007204AF</mac_max>
        </mac>
        <mac>
            <mac_min>C91A007204E2</mac_min>
            <mac_max>C91A00720577</mac_max>
        </mac>
        <mac>
            <mac_min>ECB32C280000</mac_min>
            <mac_max>ECB32C28025B</mac_max>
        </mac>
        <mac>
            <mac_min>ECB32C280261</mac_min>
            <mac_max>ECB32C280265</mac_max>
        </mac>
        <mac>
            <mac_min>ECB32C280267</mac_min>
            <mac_max>ECB32C280268</mac_max>
        </mac>
        <mac>
            <mac_min>ECB32C28026B</mac_min>
            <mac_max>ECB32C28026C</mac_max>
        </mac>
        <mac>
            <mac_min>ECB32C280270</mac_min>
            <mac_max>ECB32C280271</mac_max>
        </mac>
        <mac>
            <mac_min>ECB32C280273</mac_min>
            <mac_max>ECB32C280275</mac_max>
        </mac>
        <mac>
            <mac_min>ECB32C28027A</mac_min>
            <mac_max>ECB32C28027D</mac_max>
        </mac>
        <mac>
            <mac_min>ECB32C280280</mac_min>
            <mac_max>ECB32C280282</mac_max>
        </mac>
        <mac>
            <mac_min>ECB32C280288</mac_min>
            <mac_max>ECB32C28031F</mac_max>
        </mac>
        <mac>
            <mac_min>ECB32C280352</mac_min>
            <mac_max>ECB32C2803E7</mac_max>
        </mac>
        <mac>
            <mac_min>FDA5272C7787</mac_min>
            <mac_max>FDA5272C797A</mac_max>
        </mac>
        <mac>
            <mac_min>FDA5272C797C</mac_min>
            <mac_max>FDA5272C79DF</mac_max>
        </mac>
        <mac>
            <mac_min>FDA5272F218A</mac_min>
            <mac_max>FDA5272F218D</mac_max>
        </mac>
        <mac>
            <mac_min>FDA5272F2193</mac_min>
            <mac_max>FDA5272F2197</mac_max>
        </mac>
        <mac>
            <mac_min>FDA5272F2199</mac_min>
            <mac_max>FDA5272F219A</mac_max>
        </mac>
        <mac>
            <mac_min>FDA5272F219D</mac_min>
            <mac_max>FDA5272F219E</mac_max>
        </mac>
        <mac>
            <mac_min>FDA5272F21A2</mac_min>
            <mac_max>FDA5272F21A3</mac_max>
        </mac>
        <mac>
            <mac_min>FDA5272F21A5</mac_min>
            <mac_max>FDA5272F21A7</mac_max>
        </mac>
        <mac>
            <mac_min>FDA5272F21AC</mac_min>
            <mac_max>FDA5272F21AF</mac_max>
        </mac>
        <mac>
            <mac_min>FDA5272F21B2</mac_min>
            <mac_max>FDA5272F21B4</mac_max>
        </mac>
        <mac>
            <mac_min>FDA5272F21BA</mac_min>
            <mac_max>FDA5272F2251</mac_max>
        </mac>
        <mac>
            <mac_min>FDA5272F2284</mac_min>
            <mac_max>FDA5272F2319</mac_max>
        </mac>
    </mac_range>
    <mac_single>
        <mac>C91A007203ED</mac>
        <mac>C91A00720407</mac>
        <mac>C91A00720414</mac>
        <mac>ECB32C28025D</mac>
        <mac>ECB32C280277</mac>
        <mac>ECB32C280284</mac>
        <mac>FDA5272F218F</mac>
        <mac>FDA5272F21A9</mac>
        <mac>FDA5272F21B6</mac>
    </mac_single>
    <mac_warn />
</build_mac>
