<?xml version="1.0" encoding="utf-8" ?>
<build_mac>
    <build_id>861300090020300001</build_id>
    <mac_range>
        <mac>
            <mac_min>C91A006F5460</mac_min>
            <mac_max>C91A006F54AD</mac_max>
        </mac>
        <mac>
            <mac_min>C91A006F54AF</mac_min>
            <mac_max>C91A006F54D7</mac_max>
        </mac>
        <mac>
            <mac_min>C91A006F54D9</mac_min>
            <mac_max>C91A006F550C</mac_max>
        </mac>
        <mac>
            <mac_min>C91A006F550E</mac_min>
            <mac_max>C91A006F5663</mac_max>
        </mac>
        <mac>
            <mac_min>C91A006F5665</mac_min>
            <mac_max>C91A006F56B7</mac_max>
        </mac>
        <mac>
            <mac_min>C91A0071765C</mac_min>
            <mac_max>C91A00717757</mac_max>
        </mac>
        <mac>
            <mac_min>C91A00717759</mac_min>
            <mac_max>C91A0071775B</mac_max>
        </mac>
        <mac>
            <mac_min>C91A0071775F</mac_min>
            <mac_max>C91A00717763</mac_max>
        </mac>
        <mac>
            <mac_min>C91A00717769</mac_min>
            <mac_max>C91A0071776B</mac_max>
        </mac>
        <mac>
            <mac_min>C91A0071776D</mac_min>
            <mac_max>C91A0071776F</mac_max>
        </mac>
        <mac>
            <mac_min>C91A00717777</mac_min>
            <mac_max>C91A00717778</mac_max>
        </mac>
        <mac>
            <mac_min>C91A00717784</mac_min>
            <mac_max>C91A00717787</mac_max>
        </mac>
        <mac>
            <mac_min>ECB32C290000</mac_min>
            <mac_max>ECB32C29004D</mac_max>
        </mac>
        <mac>
            <mac_min>ECB32C29004F</mac_min>
            <mac_max>ECB32C290077</mac_max>
        </mac>
        <mac>
            <mac_min>ECB32C290079</mac_min>
            <mac_max>ECB32C2900AC</mac_max>
        </mac>
        <mac>
            <mac_min>ECB32C2900AE</mac_min>
            <mac_max>ECB32C290203</mac_max>
        </mac>
        <mac>
            <mac_min>ECB32C290205</mac_min>
            <mac_max>ECB32C290353</mac_max>
        </mac>
        <mac>
            <mac_min>ECB32C290355</mac_min>
            <mac_max>ECB32C290357</mac_max>
        </mac>
        <mac>
            <mac_min>ECB32C29035B</mac_min>
            <mac_max>ECB32C29035F</mac_max>
        </mac>
        <mac>
            <mac_min>ECB32C290365</mac_min>
            <mac_max>ECB32C290367</mac_max>
        </mac>
        <mac>
            <mac_min>ECB32C290369</mac_min>
            <mac_max>ECB32C29036B</mac_max>
        </mac>
        <mac>
            <mac_min>ECB32C290373</mac_min>
            <mac_max>ECB32C290374</mac_max>
        </mac>
        <mac>
            <mac_min>ECB32C290380</mac_min>
            <mac_max>ECB32C290383</mac_max>
        </mac>
        <mac>
            <mac_min>FDA5272C79E0</mac_min>
            <mac_max>FDA5272C7A2D</mac_max>
        </mac>
        <mac>
            <mac_min>FDA5272C7A2F</mac_min>
            <mac_max>FDA5272C7A57</mac_max>
        </mac>
        <mac>
            <mac_min>FDA5272C7A59</mac_min>
            <mac_max>FDA5272C7A8C</mac_max>
        </mac>
        <mac>
            <mac_min>FDA5272C7A8E</mac_min>
            <mac_max>FDA5272C7B6F</mac_max>
        </mac>
        <mac>
            <mac_min>FDA5272C7B7B</mac_min>
            <mac_max>FDA5272C7BEE</mac_max>
        </mac>
        <mac>
            <mac_min>FDA5272C7BF0</mac_min>
            <mac_max>FDA5272C7C42</mac_max>
        </mac>
        <mac>
            <mac_min>FDA5272F0B44</mac_min>
            <mac_max>FDA5272F0C3F</mac_max>
        </mac>
        <mac>
            <mac_min>FDA5272F0C41</mac_min>
            <mac_max>FDA5272F0C43</mac_max>
        </mac>
        <mac>
            <mac_min>FDA5272F0C47</mac_min>
            <mac_max>FDA5272F0C4B</mac_max>
        </mac>
        <mac>
            <mac_min>FDA5272F0C51</mac_min>
            <mac_max>FDA5272F0C53</mac_max>
        </mac>
        <mac>
            <mac_min>FDA5272F0C55</mac_min>
            <mac_max>FDA5272F0C57</mac_max>
        </mac>
        <mac>
            <mac_min>FDA5272F0C5F</mac_min>
            <mac_max>FDA5272F0C60</mac_max>
        </mac>
        <mac>
            <mac_min>FDA5272F0C6C</mac_min>
            <mac_max>FDA5272F0C6F</mac_max>
        </mac>
    </mac_range>
    <mac_single>
        <mac>C91A0071775D</mac>
        <mac>C91A00717765</mac>
        <mac>C91A00717767</mac>
        <mac>C91A00717771</mac>
        <mac>C91A0071777A</mac>
        <mac>C91A00717780</mac>
        <mac>C91A00717782</mac>
        <mac>ECB32C290359</mac>
        <mac>ECB32C290361</mac>
        <mac>ECB32C290363</mac>
        <mac>ECB32C29036D</mac>
        <mac>ECB32C290376</mac>
        <mac>ECB32C29037C</mac>
        <mac>ECB32C29037E</mac>
        <mac>FDA5272F0C45</mac>
        <mac>FDA5272F0C4D</mac>
        <mac>FDA5272F0C4F</mac>
        <mac>FDA5272F0C59</mac>
        <mac>FDA5272F0C62</mac>
        <mac>FDA5272F0C68</mac>
        <mac>FDA5272F0C6A</mac>
    </mac_single>
    <mac_warn />
</build_mac>
