<?xml version="1.0" encoding="utf-8" ?>
<build_mac>
    <build_id>861300010020300008</build_id>
    <mac_range>
        <mac>
            <mac_min>C91A006D31B4</mac_min>
            <mac_max>C91A006D31B5</mac_max>
        </mac>
        <mac>
            <mac_min>C91A006D3206</mac_min>
            <mac_max>C91A006D3207</mac_max>
        </mac>
        <mac>
            <mac_min>C91A006D4469</mac_min>
            <mac_max>C91A006D446B</mac_max>
        </mac>
        <mac>
            <mac_min>C91A006D4488</mac_min>
            <mac_max>C91A006D4489</mac_max>
        </mac>
        <mac>
            <mac_min>C91A006D4493</mac_min>
            <mac_max>C91A006D4494</mac_max>
        </mac>
        <mac>
            <mac_min>C91A006D4536</mac_min>
            <mac_max>C91A006D4537</mac_max>
        </mac>
        <mac>
            <mac_min>C91A006D453A</mac_min>
            <mac_max>C91A006D453B</mac_max>
        </mac>
        <mac>
            <mac_min>C91A006D4556</mac_min>
            <mac_max>C91A006D4559</mac_max>
        </mac>
        <mac>
            <mac_min>C91A006D455C</mac_min>
            <mac_max>C91A006D4587</mac_max>
        </mac>
        <mac>
            <mac_min>C91A006D459E</mac_min>
            <mac_max>C91A006D459F</mac_max>
        </mac>
        <mac>
            <mac_min>C91A006D4600</mac_min>
            <mac_max>C91A006D4601</mac_max>
        </mac>
        <mac>
            <mac_min>C91A006D4609</mac_min>
            <mac_max>C91A006D460A</mac_max>
        </mac>
        <mac>
            <mac_min>C91A006D461F</mac_min>
            <mac_max>C91A006D4621</mac_max>
        </mac>
        <mac>
            <mac_min>C91A006D4641</mac_min>
            <mac_max>C91A006D4645</mac_max>
        </mac>
        <mac>
            <mac_min>FDA5272AF28E</mac_min>
            <mac_max>FDA5272AF28F</mac_max>
        </mac>
        <mac>
            <mac_min>FDA5272AF2E0</mac_min>
            <mac_max>FDA5272AF2E1</mac_max>
        </mac>
        <mac>
            <mac_min>FDA5272B0737</mac_min>
            <mac_max>FDA5272B0739</mac_max>
        </mac>
        <mac>
            <mac_min>FDA5272B0756</mac_min>
            <mac_max>FDA5272B0757</mac_max>
        </mac>
        <mac>
            <mac_min>FDA5272B0761</mac_min>
            <mac_max>FDA5272B0762</mac_max>
        </mac>
        <mac>
            <mac_min>FDA5272B0804</mac_min>
            <mac_max>FDA5272B0805</mac_max>
        </mac>
        <mac>
            <mac_min>FDA5272B0808</mac_min>
            <mac_max>FDA5272B0809</mac_max>
        </mac>
        <mac>
            <mac_min>FDA5272B0824</mac_min>
            <mac_max>FDA5272B0827</mac_max>
        </mac>
        <mac>
            <mac_min>FDA5272B082A</mac_min>
            <mac_max>FDA5272B0855</mac_max>
        </mac>
        <mac>
            <mac_min>FDA5272B086C</mac_min>
            <mac_max>FDA5272B086D</mac_max>
        </mac>
        <mac>
            <mac_min>FDA5272B08CE</mac_min>
            <mac_max>FDA5272B08CF</mac_max>
        </mac>
        <mac>
            <mac_min>FDA5272B08D7</mac_min>
            <mac_max>FDA5272B08D8</mac_max>
        </mac>
        <mac>
            <mac_min>FDA5272B08ED</mac_min>
            <mac_max>FDA5272B08EF</mac_max>
        </mac>
        <mac>
            <mac_min>FDA5272B090F</mac_min>
            <mac_max>FDA5272B0913</mac_max>
        </mac>
    </mac_range>
    <mac_single>
        <mac>C91A006203BA</mac>
        <mac>C91A006D2993</mac>
        <mac>C91A006D29B2</mac>
        <mac>C91A006D2A8A</mac>
        <mac>C91A006D3135</mac>
        <mac>C91A006D3145</mac>
        <mac>C91A006D3149</mac>
        <mac>C91A006D318D</mac>
        <mac>C91A006D319A</mac>
        <mac>C91A006D319F</mac>
        <mac>C91A006D31A9</mac>
        <mac>C91A006D31B2</mac>
        <mac>C91A006D31BE</mac>
        <mac>C91A006D3203</mac>
        <mac>C91A006D320D</mac>
        <mac>C91A006D321D</mac>
        <mac>C91A006D322F</mac>
        <mac>C91A006D3231</mac>
        <mac>C91A006D3256</mac>
        <mac>C91A006D326F</mac>
        <mac>C91A006D3274</mac>
        <mac>C91A006D327C</mac>
        <mac>C91A006D3281</mac>
        <mac>C91A006D328C</mac>
        <mac>C91A006D328F</mac>
        <mac>C91A006D447B</mac>
        <mac>C91A006D4484</mac>
        <mac>C91A006D4499</mac>
        <mac>C91A006D449C</mac>
        <mac>C91A006D44C3</mac>
        <mac>C91A006D44C7</mac>
        <mac>C91A006D44D0</mac>
        <mac>C91A006D44D4</mac>
        <mac>C91A006D44D9</mac>
        <mac>C91A006D44DE</mac>
        <mac>C91A006D44E6</mac>
        <mac>C91A006D44EA</mac>
        <mac>C91A006D452B</mac>
        <mac>C91A006D453F</mac>
        <mac>C91A006D4543</mac>
        <mac>C91A006D454E</mac>
        <mac>C91A006D459A</mac>
        <mac>C91A006D45AC</mac>
        <mac>C91A006D45EC</mac>
        <mac>C91A006D45F0</mac>
        <mac>C91A006D45FA</mac>
        <mac>C91A006D45FD</mac>
        <mac>C91A006D4603</mac>
        <mac>C91A006D4611</mac>
        <mac>C91A006D4617</mac>
        <mac>C91A006D461A</mac>
        <mac>C91A006D461D</mac>
        <mac>C91A006D4623</mac>
        <mac>C91A006D4625</mac>
        <mac>C91A006D4629</mac>
        <mac>C91A006D462F</mac>
        <mac>C91A006D4638</mac>
        <mac>C91A006D464F</mac>
        <mac>C91A01994483</mac>
        <mac>FDA5272AEA6C</mac>
        <mac>FDA5272AEA8B</mac>
        <mac>FDA5272AEB63</mac>
        <mac>FDA5272AF20F</mac>
        <mac>FDA5272AF21F</mac>
        <mac>FDA5272AF223</mac>
        <mac>FDA5272AF267</mac>
        <mac>FDA5272AF274</mac>
        <mac>FDA5272AF279</mac>
        <mac>FDA5272AF283</mac>
        <mac>FDA5272AF28C</mac>
        <mac>FDA5272AF298</mac>
        <mac>FDA5272AF2DD</mac>
        <mac>FDA5272AF2E7</mac>
        <mac>FDA5272AF2F7</mac>
        <mac>FDA5272AF309</mac>
        <mac>FDA5272AF30B</mac>
        <mac>FDA5272AF330</mac>
        <mac>FDA5272AF349</mac>
        <mac>FDA5272AF34E</mac>
        <mac>FDA5272AF356</mac>
        <mac>FDA5272AF35B</mac>
        <mac>FDA5272AF366</mac>
        <mac>FDA5272AF369</mac>
        <mac>FDA5272B0749</mac>
        <mac>FDA5272B0752</mac>
        <mac>FDA5272B0767</mac>
        <mac>FDA5272B076A</mac>
        <mac>FDA5272B0791</mac>
        <mac>FDA5272B0795</mac>
        <mac>FDA5272B079E</mac>
        <mac>FDA5272B07A2</mac>
        <mac>FDA5272B07A7</mac>
        <mac>FDA5272B07AC</mac>
        <mac>FDA5272B07B4</mac>
        <mac>FDA5272B07B8</mac>
        <mac>FDA5272B07F9</mac>
        <mac>FDA5272B080D</mac>
        <mac>FDA5272B0811</mac>
        <mac>FDA5272B081C</mac>
        <mac>FDA5272B0868</mac>
        <mac>FDA5272B087A</mac>
        <mac>FDA5272B08BA</mac>
        <mac>FDA5272B08BE</mac>
        <mac>FDA5272B08C8</mac>
        <mac>FDA5272B08CB</mac>
        <mac>FDA5272B08D1</mac>
        <mac>FDA5272B08DF</mac>
        <mac>FDA5272B08E5</mac>
        <mac>FDA5272B08E8</mac>
        <mac>FDA5272B08EB</mac>
        <mac>FDA5272B08F1</mac>
        <mac>FDA5272B08F3</mac>
        <mac>FDA5272B08F7</mac>
        <mac>FDA5272B08FD</mac>
        <mac>FDA5272B0906</mac>
        <mac>FDA5272B091D</mac>
    </mac_single>
    <mac_warn />
</build_mac>
