<?xml version="1.0" encoding="utf-8" ?>
<build_mac>
    <build_id>861300110020300001</build_id>
    <mac_range>
        <mac>
            <mac_min>C91A00724F1D</mac_min>
            <mac_max>C91A00724F1E</mac_max>
        </mac>
        <mac>
            <mac_min>C91A00724F29</mac_min>
            <mac_max>C91A00724F2A</mac_max>
        </mac>
        <mac>
            <mac_min>C91A00724F42</mac_min>
            <mac_max>C91A00724F44</mac_max>
        </mac>
        <mac>
            <mac_min>C91A0072543D</mac_min>
            <mac_max>C91A0072543E</mac_max>
        </mac>
        <mac>
            <mac_min>C91A00725448</mac_min>
            <mac_max>C91A00725449</mac_max>
        </mac>
        <mac>
            <mac_min>C91A00725454</mac_min>
            <mac_max>C91A00725455</mac_max>
        </mac>
        <mac>
            <mac_min>C91A0072550E</mac_min>
            <mac_max>C91A00725510</mac_max>
        </mac>
        <mac>
            <mac_min>C91A007255AD</mac_min>
            <mac_max>C91A007255AF</mac_max>
        </mac>
        <mac>
            <mac_min>C91A007255B3</mac_min>
            <mac_max>C91A007255B4</mac_max>
        </mac>
        <mac>
            <mac_min>C91A007255C0</mac_min>
            <mac_max>C91A007255C6</mac_max>
        </mac>
        <mac>
            <mac_min>C91A007255C9</mac_min>
            <mac_max>C91A007255CA</mac_max>
        </mac>
        <mac>
            <mac_min>C91A007255D0</mac_min>
            <mac_max>C91A007255D2</mac_max>
        </mac>
        <mac>
            <mac_min>C91A007255DF</mac_min>
            <mac_max>C91A007255E3</mac_max>
        </mac>
        <mac>
            <mac_min>FDA5272FED39</mac_min>
            <mac_max>FDA5272FED3A</mac_max>
        </mac>
        <mac>
            <mac_min>FDA5272FED45</mac_min>
            <mac_max>FDA5272FED46</mac_max>
        </mac>
        <mac>
            <mac_min>FDA5272FED5E</mac_min>
            <mac_max>FDA5272FED60</mac_max>
        </mac>
        <mac>
            <mac_min>FDA5272FF259</mac_min>
            <mac_max>FDA5272FF25A</mac_max>
        </mac>
        <mac>
            <mac_min>FDA5272FF264</mac_min>
            <mac_max>FDA5272FF265</mac_max>
        </mac>
        <mac>
            <mac_min>FDA5272FF270</mac_min>
            <mac_max>FDA5272FF271</mac_max>
        </mac>
        <mac>
            <mac_min>FDA5272FF32A</mac_min>
            <mac_max>FDA5272FF32C</mac_max>
        </mac>
        <mac>
            <mac_min>FDA5272FF3C9</mac_min>
            <mac_max>FDA5272FF3CB</mac_max>
        </mac>
        <mac>
            <mac_min>FDA5272FF3CF</mac_min>
            <mac_max>FDA5272FF3D0</mac_max>
        </mac>
        <mac>
            <mac_min>FDA5272FF3DC</mac_min>
            <mac_max>FDA5272FF3E2</mac_max>
        </mac>
        <mac>
            <mac_min>FDA5272FF3E5</mac_min>
            <mac_max>FDA5272FF3E6</mac_max>
        </mac>
        <mac>
            <mac_min>FDA5272FF3EC</mac_min>
            <mac_max>FDA5272FF3EE</mac_max>
        </mac>
        <mac>
            <mac_min>FDA5272FF3FB</mac_min>
            <mac_max>FDA5272FF3FF</mac_max>
        </mac>
    </mac_range>
    <mac_single>
        <mac>C91A00724F1A</mac>
        <mac>C91A00724F25</mac>
        <mac>C91A00724F27</mac>
        <mac>C91A00724F2F</mac>
        <mac>C91A00724F32</mac>
        <mac>C91A00724F38</mac>
        <mac>C91A00724F3B</mac>
        <mac>C91A00724F3D</mac>
        <mac>C91A00724F40</mac>
        <mac>C91A00724F46</mac>
        <mac>C91A00724F48</mac>
        <mac>C91A007253FE</mac>
        <mac>C91A00725401</mac>
        <mac>C91A00725404</mac>
        <mac>C91A00725406</mac>
        <mac>C91A00725409</mac>
        <mac>C91A00725410</mac>
        <mac>C91A00725416</mac>
        <mac>C91A00725425</mac>
        <mac>C91A00725427</mac>
        <mac>C91A0072542D</mac>
        <mac>C91A00725436</mac>
        <mac>C91A00725440</mac>
        <mac>C91A0072544C</mac>
        <mac>C91A00725451</mac>
        <mac>C91A00725459</mac>
        <mac>C91A0072545B</mac>
        <mac>C91A007254FD</mac>
        <mac>C91A00725500</mac>
        <mac>C91A00725508</mac>
        <mac>C91A00725595</mac>
        <mac>C91A007255B7</mac>
        <mac>C91A007255B9</mac>
        <mac>C91A007255BE</mac>
        <mac>C91A007255D8</mac>
        <mac>C91A007255DB</mac>
        <mac>C91A007255DD</mac>
        <mac>C91A007255E5</mac>
        <mac>C91A007255E8</mac>
        <mac>C91A007255EC</mac>
        <mac>C91A007255EF</mac>
        <mac>FDA5272FED36</mac>
        <mac>FDA5272FED41</mac>
        <mac>FDA5272FED43</mac>
        <mac>FDA5272FED4B</mac>
        <mac>FDA5272FED4E</mac>
        <mac>FDA5272FED54</mac>
        <mac>FDA5272FED57</mac>
        <mac>FDA5272FED59</mac>
        <mac>FDA5272FED5C</mac>
        <mac>FDA5272FED62</mac>
        <mac>FDA5272FED64</mac>
        <mac>FDA5272FF21A</mac>
        <mac>FDA5272FF21D</mac>
        <mac>FDA5272FF220</mac>
        <mac>FDA5272FF222</mac>
        <mac>FDA5272FF225</mac>
        <mac>FDA5272FF22C</mac>
        <mac>FDA5272FF232</mac>
        <mac>FDA5272FF241</mac>
        <mac>FDA5272FF243</mac>
        <mac>FDA5272FF249</mac>
        <mac>FDA5272FF252</mac>
        <mac>FDA5272FF25C</mac>
        <mac>FDA5272FF268</mac>
        <mac>FDA5272FF26D</mac>
        <mac>FDA5272FF275</mac>
        <mac>FDA5272FF277</mac>
        <mac>FDA5272FF319</mac>
        <mac>FDA5272FF31C</mac>
        <mac>FDA5272FF324</mac>
        <mac>FDA5272FF3B1</mac>
        <mac>FDA5272FF3D3</mac>
        <mac>FDA5272FF3D5</mac>
        <mac>FDA5272FF3DA</mac>
        <mac>FDA5272FF3F4</mac>
        <mac>FDA5272FF3F7</mac>
        <mac>FDA5272FF3F9</mac>
        <mac>FDA5272FF401</mac>
        <mac>FDA5272FF404</mac>
        <mac>FDA5272FF408</mac>
        <mac>FDA5272FF40B</mac>
    </mac_single>
    <mac_warn />
</build_mac>
