<?xml version="1.0" encoding="utf-8" ?>
<build_mac>
    <build_id>861300010100300001</build_id>
    <mac_range>
        <mac>
            <mac_min>C91A006023AC</mac_min>
            <mac_max>C91A006023AD</mac_max>
        </mac>
        <mac>
            <mac_min>FDA5271BF8CB</mac_min>
            <mac_max>FDA5271BF8CC</mac_max>
        </mac>
    </mac_range>
    <mac_single>
        <mac>C91A00602397</mac>
        <mac>C91A0060239B</mac>
        <mac>C91A006023A3</mac>
        <mac>C91A006023AA</mac>
        <mac>C91A006023B1</mac>
        <mac>C91A006023B9</mac>
        <mac>C91A006023BB</mac>
        <mac>C91A006023D4</mac>
        <mac>C91A006023DA</mac>
        <mac>C91A006023E3</mac>
        <mac>C91A006023EB</mac>
        <mac>C91A006023ED</mac>
        <mac>FDA5271BF8B6</mac>
        <mac>FDA5271BF8BA</mac>
        <mac>FDA5271BF8C2</mac>
        <mac>FDA5271BF8C9</mac>
        <mac>FDA5271BF8D0</mac>
        <mac>FDA5271BF8D8</mac>
        <mac>FDA5271BF8DA</mac>
        <mac>FDA5271BF8F3</mac>
        <mac>FDA5271BF8F9</mac>
        <mac>FDA5271BF902</mac>
        <mac>FDA5271BF90A</mac>
        <mac>FDA5271BF90C</mac>
    </mac_single>
    <mac_warn />
</build_mac>
