<?xml version="1.0" encoding="utf-8" ?>
<build_mac>
    <build_id>861300010040300007</build_id>
    <mac_range>
        <mac>
            <mac_min>C91A00660677</mac_min>
            <mac_max>C91A00660678</mac_max>
        </mac>
        <mac>
            <mac_min>C91A00660685</mac_min>
            <mac_max>C91A00660686</mac_max>
        </mac>
        <mac>
            <mac_min>C91A00660691</mac_min>
            <mac_max>C91A00660692</mac_max>
        </mac>
        <mac>
            <mac_min>C91A00660695</mac_min>
            <mac_max>C91A00660696</mac_max>
        </mac>
        <mac>
            <mac_min>C91A0066069F</mac_min>
            <mac_max>C91A006606A0</mac_max>
        </mac>
        <mac>
            <mac_min>C91A00660708</mac_min>
            <mac_max>C91A0066070A</mac_max>
        </mac>
        <mac>
            <mac_min>C91A0066070D</mac_min>
            <mac_max>C91A00660713</mac_max>
        </mac>
        <mac>
            <mac_min>C91A0066071A</mac_min>
            <mac_max>C91A00660723</mac_max>
        </mac>
        <mac>
            <mac_min>C91A00660725</mac_min>
            <mac_max>C91A00660726</mac_max>
        </mac>
        <mac>
            <mac_min>C91A00660729</mac_min>
            <mac_max>C91A0066072C</mac_max>
        </mac>
        <mac>
            <mac_min>C91A0066072E</mac_min>
            <mac_max>C91A00660730</mac_max>
        </mac>
        <mac>
            <mac_min>C91A00660738</mac_min>
            <mac_max>C91A00660739</mac_max>
        </mac>
        <mac>
            <mac_min>FDA52723C7C1</mac_min>
            <mac_max>FDA52723C7C2</mac_max>
        </mac>
        <mac>
            <mac_min>FDA52723C7CA</mac_min>
            <mac_max>FDA52723C7CC</mac_max>
        </mac>
        <mac>
            <mac_min>FDA52723C7CE</mac_min>
            <mac_max>FDA52723C7D1</mac_max>
        </mac>
        <mac>
            <mac_min>FDA52723C7D4</mac_min>
            <mac_max>FDA52723C7D5</mac_max>
        </mac>
        <mac>
            <mac_min>FDA52723C7D7</mac_min>
            <mac_max>FDA52723C7E0</mac_max>
        </mac>
        <mac>
            <mac_min>FDA52723C7E7</mac_min>
            <mac_max>FDA52723C7ED</mac_max>
        </mac>
        <mac>
            <mac_min>FDA52723C7F0</mac_min>
            <mac_max>FDA52723C7F2</mac_max>
        </mac>
        <mac>
            <mac_min>FDA52723C85A</mac_min>
            <mac_max>FDA52723C85B</mac_max>
        </mac>
        <mac>
            <mac_min>FDA52723C864</mac_min>
            <mac_max>FDA52723C865</mac_max>
        </mac>
        <mac>
            <mac_min>FDA52723C868</mac_min>
            <mac_max>FDA52723C869</mac_max>
        </mac>
        <mac>
            <mac_min>FDA52723C874</mac_min>
            <mac_max>FDA52723C875</mac_max>
        </mac>
        <mac>
            <mac_min>FDA52723C882</mac_min>
            <mac_max>FDA52723C883</mac_max>
        </mac>
    </mac_range>
    <mac_single>
        <mac>C91A00660314</mac>
        <mac>C91A0066067D</mac>
        <mac>C91A0066067F</mac>
        <mac>C91A00660689</mac>
        <mac>C91A0066068C</mac>
        <mac>C91A00660699</mac>
        <mac>C91A00660715</mac>
        <mac>C91A00660717</mac>
        <mac>C91A00660733</mac>
        <mac>C91A00660736</mac>
        <mac>FDA52723C7C4</mac>
        <mac>FDA52723C7C7</mac>
        <mac>FDA52723C7E3</mac>
        <mac>FDA52723C7E5</mac>
        <mac>FDA52723C861</mac>
        <mac>FDA52723C86E</mac>
        <mac>FDA52723C871</mac>
        <mac>FDA52723C87B</mac>
        <mac>FDA52723C87D</mac>
        <mac>FDA52723CBE7</mac>
    </mac_single>
    <mac_warn />
</build_mac>
