<?xml version="1.0" encoding="utf-8" ?>
<build_mac>
    <build_id>861300010010300006</build_id>
    <mac_range>
        <mac>
            <mac_min>C91A0060223F</mac_min>
            <mac_max>C91A00602244</mac_max>
        </mac>
        <mac>
            <mac_min>C91A0060224C</mac_min>
            <mac_max>C91A0060224E</mac_max>
        </mac>
        <mac>
            <mac_min>C91A00602250</mac_min>
            <mac_max>C91A00602251</mac_max>
        </mac>
        <mac>
            <mac_min>C91A00602486</mac_min>
            <mac_max>C91A0060249B</mac_max>
        </mac>
        <mac>
            <mac_min>C91A0060249D</mac_min>
            <mac_max>C91A006024B7</mac_max>
        </mac>
        <mac>
            <mac_min>C91A00602580</mac_min>
            <mac_max>C91A006025B1</mac_max>
        </mac>
        <mac>
            <mac_min>C91A006D446E</mac_min>
            <mac_max>C91A006D4470</mac_max>
        </mac>
        <mac>
            <mac_min>C91A006D44F2</mac_min>
            <mac_max>C91A006D44FA</mac_max>
        </mac>
        <mac>
            <mac_min>C91A006D44FC</mac_min>
            <mac_max>C91A006D451D</mac_max>
        </mac>
        <mac>
            <mac_min>C91A006D451F</mac_min>
            <mac_max>C91A006D4523</mac_max>
        </mac>
        <mac>
            <mac_min>C91A006D4525</mac_min>
            <mac_max>C91A006D4528</mac_max>
        </mac>
        <mac>
            <mac_min>C91A006D452D</mac_min>
            <mac_max>C91A006D452F</mac_max>
        </mac>
        <mac>
            <mac_min>C91A006D4544</mac_min>
            <mac_max>C91A006D4547</mac_max>
        </mac>
        <mac>
            <mac_min>C91A006D454B</mac_min>
            <mac_max>C91A006D454D</mac_max>
        </mac>
        <mac>
            <mac_min>C91A006D4554</mac_min>
            <mac_max>C91A006D4555</mac_max>
        </mac>
        <mac>
            <mac_min>C91A006D45C2</mac_min>
            <mac_max>C91A006D45C3</mac_max>
        </mac>
        <mac>
            <mac_min>C91A006D45C5</mac_min>
            <mac_max>C91A006D45C6</mac_max>
        </mac>
        <mac>
            <mac_min>C91A006D45C8</mac_min>
            <mac_max>C91A006D45C9</mac_max>
        </mac>
        <mac>
            <mac_min>C91A006D45CF</mac_min>
            <mac_max>C91A006D45D0</mac_max>
        </mac>
        <mac>
            <mac_min>C91A006D45D2</mac_min>
            <mac_max>C91A006D45D4</mac_max>
        </mac>
        <mac>
            <mac_min>C91A006D45D6</mac_min>
            <mac_max>C91A006D45D7</mac_max>
        </mac>
        <mac>
            <mac_min>C91A006D45D9</mac_min>
            <mac_max>C91A006D45DA</mac_max>
        </mac>
        <mac>
            <mac_min>C91A006D45DC</mac_min>
            <mac_max>C91A006D45DE</mac_max>
        </mac>
        <mac>
            <mac_min>C91A006D45E7</mac_min>
            <mac_max>C91A006D45EA</mac_max>
        </mac>
        <mac>
            <mac_min>C91A006D45F5</mac_min>
            <mac_max>C91A006D45F6</mac_max>
        </mac>
        <mac>
            <mac_min>C91A006D460F</mac_min>
            <mac_max>C91A006D4610</mac_max>
        </mac>
        <mac>
            <mac_min>C91A006D4647</mac_min>
            <mac_max>C91A006D4648</mac_max>
        </mac>
        <mac>
            <mac_min>C91A006F0BEA</mac_min>
            <mac_max>C91A006F0C1B</mac_max>
        </mac>
        <mac>
            <mac_min>C91A006F0D48</mac_min>
            <mac_max>C91A006F0D79</mac_max>
        </mac>
        <mac>
            <mac_min>C91A006F0D7C</mac_min>
            <mac_max>C91A006F0D7D</mac_max>
        </mac>
        <mac>
            <mac_min>C91A006F0D7F</mac_min>
            <mac_max>C91A006F0D80</mac_max>
        </mac>
        <mac>
            <mac_min>C91A006F0D82</mac_min>
            <mac_max>C91A006F0D87</mac_max>
        </mac>
        <mac>
            <mac_min>C91A006F0D8B</mac_min>
            <mac_max>C91A006F0D8C</mac_max>
        </mac>
        <mac>
            <mac_min>C91A006F0D92</mac_min>
            <mac_max>C91A006F0D96</mac_max>
        </mac>
        <mac>
            <mac_min>C91A006F0D99</mac_min>
            <mac_max>C91A006F0D9A</mac_max>
        </mac>
        <mac>
            <mac_min>C91A006F0D9C</mac_min>
            <mac_max>C91A006F0DA2</mac_max>
        </mac>
        <mac>
            <mac_min>C91A006F0DA4</mac_min>
            <mac_max>C91A006F0DA5</mac_max>
        </mac>
        <mac>
            <mac_min>C91A00713B92</mac_min>
            <mac_max>C91A00713BC0</mac_max>
        </mac>
        <mac>
            <mac_min>C91A00713BC2</mac_min>
            <mac_max>C91A00713BC3</mac_max>
        </mac>
        <mac>
            <mac_min>FDA5271BFA45</mac_min>
            <mac_max>FDA5271BFA4A</mac_max>
        </mac>
        <mac>
            <mac_min>FDA5271BFA52</mac_min>
            <mac_max>FDA5271BFA54</mac_max>
        </mac>
        <mac>
            <mac_min>FDA5271BFA56</mac_min>
            <mac_max>FDA5271BFA57</mac_max>
        </mac>
        <mac>
            <mac_min>FDA5271BFB99</mac_min>
            <mac_max>FDA5271BFBAE</mac_max>
        </mac>
        <mac>
            <mac_min>FDA5271BFBB0</mac_min>
            <mac_max>FDA5271BFBCA</mac_max>
        </mac>
        <mac>
            <mac_min>FDA5271BFE40</mac_min>
            <mac_max>FDA5271BFE71</mac_max>
        </mac>
        <mac>
            <mac_min>FDA5272B073C</mac_min>
            <mac_max>FDA5272B073E</mac_max>
        </mac>
        <mac>
            <mac_min>FDA5272B07C0</mac_min>
            <mac_max>FDA5272B07C8</mac_max>
        </mac>
        <mac>
            <mac_min>FDA5272B07CA</mac_min>
            <mac_max>FDA5272B07EB</mac_max>
        </mac>
        <mac>
            <mac_min>FDA5272B07ED</mac_min>
            <mac_max>FDA5272B07F1</mac_max>
        </mac>
        <mac>
            <mac_min>FDA5272B07F3</mac_min>
            <mac_max>FDA5272B07F6</mac_max>
        </mac>
        <mac>
            <mac_min>FDA5272B07FB</mac_min>
            <mac_max>FDA5272B07FD</mac_max>
        </mac>
        <mac>
            <mac_min>FDA5272B0812</mac_min>
            <mac_max>FDA5272B0815</mac_max>
        </mac>
        <mac>
            <mac_min>FDA5272B0819</mac_min>
            <mac_max>FDA5272B081B</mac_max>
        </mac>
        <mac>
            <mac_min>FDA5272B0822</mac_min>
            <mac_max>FDA5272B0823</mac_max>
        </mac>
        <mac>
            <mac_min>FDA5272B0890</mac_min>
            <mac_max>FDA5272B0891</mac_max>
        </mac>
        <mac>
            <mac_min>FDA5272B0893</mac_min>
            <mac_max>FDA5272B0894</mac_max>
        </mac>
        <mac>
            <mac_min>FDA5272B0896</mac_min>
            <mac_max>FDA5272B0897</mac_max>
        </mac>
        <mac>
            <mac_min>FDA5272B089D</mac_min>
            <mac_max>FDA5272B089E</mac_max>
        </mac>
        <mac>
            <mac_min>FDA5272B08A0</mac_min>
            <mac_max>FDA5272B08A2</mac_max>
        </mac>
        <mac>
            <mac_min>FDA5272B08A4</mac_min>
            <mac_max>FDA5272B08A5</mac_max>
        </mac>
        <mac>
            <mac_min>FDA5272B08A7</mac_min>
            <mac_max>FDA5272B08A8</mac_max>
        </mac>
        <mac>
            <mac_min>FDA5272B08AA</mac_min>
            <mac_max>FDA5272B08AC</mac_max>
        </mac>
        <mac>
            <mac_min>FDA5272B08B5</mac_min>
            <mac_max>FDA5272B08B8</mac_max>
        </mac>
        <mac>
            <mac_min>FDA5272B08C3</mac_min>
            <mac_max>FDA5272B08C4</mac_max>
        </mac>
        <mac>
            <mac_min>FDA5272B08DD</mac_min>
            <mac_max>FDA5272B08DE</mac_max>
        </mac>
        <mac>
            <mac_min>FDA5272B0915</mac_min>
            <mac_max>FDA5272B0916</mac_max>
        </mac>
        <mac>
            <mac_min>FDA5272BAB9C</mac_min>
            <mac_max>FDA5272BABCD</mac_max>
        </mac>
        <mac>
            <mac_min>FDA5272BACFA</mac_min>
            <mac_max>FDA5272BAD2B</mac_max>
        </mac>
        <mac>
            <mac_min>FDA5272BAD2E</mac_min>
            <mac_max>FDA5272BAD2F</mac_max>
        </mac>
        <mac>
            <mac_min>FDA5272BAD31</mac_min>
            <mac_max>FDA5272BAD32</mac_max>
        </mac>
        <mac>
            <mac_min>FDA5272BAD34</mac_min>
            <mac_max>FDA5272BAD39</mac_max>
        </mac>
        <mac>
            <mac_min>FDA5272BAD3D</mac_min>
            <mac_max>FDA5272BAD3E</mac_max>
        </mac>
        <mac>
            <mac_min>FDA5272BAD44</mac_min>
            <mac_max>FDA5272BAD48</mac_max>
        </mac>
        <mac>
            <mac_min>FDA5272BAD4B</mac_min>
            <mac_max>FDA5272BAD4C</mac_max>
        </mac>
        <mac>
            <mac_min>FDA5272BAD4E</mac_min>
            <mac_max>FDA5272BAD54</mac_max>
        </mac>
        <mac>
            <mac_min>FDA5272BAD56</mac_min>
            <mac_max>FDA5272BAD57</mac_max>
        </mac>
        <mac>
            <mac_min>FDA5272E25B5</mac_min>
            <mac_max>FDA5272E25E3</mac_max>
        </mac>
        <mac>
            <mac_min>FDA5272E25E5</mac_min>
            <mac_max>FDA5272E25E6</mac_max>
        </mac>
    </mac_range>
    <mac_single>
        <mac>C91A001344FB</mac>
        <mac>C91A0060222F</mac>
        <mac>C91A00602232</mac>
        <mac>C91A00602234</mac>
        <mac>C91A00602236</mac>
        <mac>C91A00602238</mac>
        <mac>C91A00602246</mac>
        <mac>C91A00602248</mac>
        <mac>C91A00602253</mac>
        <mac>C91A00602256</mac>
        <mac>C91A0060243E</mac>
        <mac>C91A006D447E</mac>
        <mac>C91A006D4497</mac>
        <mac>C91A006D44AB</mac>
        <mac>C91A006D44B4</mac>
        <mac>C91A006D44D8</mac>
        <mac>C91A006D44EB</mac>
        <mac>C91A006D452A</mac>
        <mac>C91A006D4531</mac>
        <mac>C91A006D4535</mac>
        <mac>C91A006D4539</mac>
        <mac>C91A006D453E</mac>
        <mac>C91A006D4542</mac>
        <mac>C91A006D4551</mac>
        <mac>C91A006D458A</mac>
        <mac>C91A006D4597</mac>
        <mac>C91A006D45A4</mac>
        <mac>C91A006D45B7</mac>
        <mac>C91A006D45BF</mac>
        <mac>C91A006D45CB</mac>
        <mac>C91A006D45E1</mac>
        <mac>C91A006D45E3</mac>
        <mac>C91A006D45F3</mac>
        <mac>C91A006D45FB</mac>
        <mac>C91A006D4602</mac>
        <mac>C91A006D4607</mac>
        <mac>C91A006D4633</mac>
        <mac>C91A006D4635</mac>
        <mac>C91A006F0BDD</mac>
        <mac>C91A006F0C95</mac>
        <mac>C91A006F0CC7</mac>
        <mac>C91A006F0D0B</mac>
        <mac>C91A006F0DA7</mac>
        <mac>C91A006F0DA9</mac>
        <mac>C91A006F0DAB</mac>
        <mac>FDA5271BFA35</mac>
        <mac>FDA5271BFA38</mac>
        <mac>FDA5271BFA3A</mac>
        <mac>FDA5271BFA3C</mac>
        <mac>FDA5271BFA3E</mac>
        <mac>FDA5271BFA4C</mac>
        <mac>FDA5271BFA4E</mac>
        <mac>FDA5271BFA59</mac>
        <mac>FDA5271BFA5C</mac>
        <mac>FDA5271BFB51</mac>
        <mac>FDA5272B074C</mac>
        <mac>FDA5272B0765</mac>
        <mac>FDA5272B0779</mac>
        <mac>FDA5272B0782</mac>
        <mac>FDA5272B07A6</mac>
        <mac>FDA5272B07B9</mac>
        <mac>FDA5272B07F8</mac>
        <mac>FDA5272B07FF</mac>
        <mac>FDA5272B0803</mac>
        <mac>FDA5272B0807</mac>
        <mac>FDA5272B080C</mac>
        <mac>FDA5272B0810</mac>
        <mac>FDA5272B081F</mac>
        <mac>FDA5272B0858</mac>
        <mac>FDA5272B0865</mac>
        <mac>FDA5272B0872</mac>
        <mac>FDA5272B0885</mac>
        <mac>FDA5272B088D</mac>
        <mac>FDA5272B0899</mac>
        <mac>FDA5272B08AF</mac>
        <mac>FDA5272B08B1</mac>
        <mac>FDA5272B08C1</mac>
        <mac>FDA5272B08C9</mac>
        <mac>FDA5272B08D0</mac>
        <mac>FDA5272B08D5</mac>
        <mac>FDA5272B0901</mac>
        <mac>FDA5272B0903</mac>
        <mac>FDA5272BAB8F</mac>
        <mac>FDA5272BAC47</mac>
        <mac>FDA5272BAC79</mac>
        <mac>FDA5272BACBD</mac>
        <mac>FDA5272BAD59</mac>
        <mac>FDA5272BAD5B</mac>
        <mac>FDA5272BAD5D</mac>
    </mac_single>
    <mac_warn />
</build_mac>
