<?xml version="1.0" encoding="utf-8" ?>
<build_mac>
    <build_id>861300020020300001</build_id>
    <mac_range>
        <mac>
            <mac_min>C91A006F0C1E</mac_min>
            <mac_max>C91A006F0C20</mac_max>
        </mac>
        <mac>
            <mac_min>C91A006F0C2A</mac_min>
            <mac_max>C91A006F0C2B</mac_max>
        </mac>
        <mac>
            <mac_min>C91A006F0C34</mac_min>
            <mac_max>C91A006F0C37</mac_max>
        </mac>
        <mac>
            <mac_min>C91A006F0C39</mac_min>
            <mac_max>C91A006F0C3C</mac_max>
        </mac>
        <mac>
            <mac_min>C91A006F0C46</mac_min>
            <mac_max>C91A006F0C47</mac_max>
        </mac>
        <mac>
            <mac_min>C91A006F0C50</mac_min>
            <mac_max>C91A006F0C51</mac_max>
        </mac>
        <mac>
            <mac_min>C91A006F0C58</mac_min>
            <mac_max>C91A006F0C5A</mac_max>
        </mac>
        <mac>
            <mac_min>C91A006F0C67</mac_min>
            <mac_max>C91A006F0C6A</mac_max>
        </mac>
        <mac>
            <mac_min>C91A006F0C6C</mac_min>
            <mac_max>C91A006F0C6D</mac_max>
        </mac>
        <mac>
            <mac_min>C91A006F0C6F</mac_min>
            <mac_max>C91A006F0C71</mac_max>
        </mac>
        <mac>
            <mac_min>C91A006F0C7D</mac_min>
            <mac_max>C91A006F0C7E</mac_max>
        </mac>
        <mac>
            <mac_min>C91A006F0CB7</mac_min>
            <mac_max>C91A006F0CB8</mac_max>
        </mac>
        <mac>
            <mac_min>C91A006F0CBA</mac_min>
            <mac_max>C91A006F0CC0</mac_max>
        </mac>
        <mac>
            <mac_min>C91A006F0CC2</mac_min>
            <mac_max>C91A006F0CC3</mac_max>
        </mac>
        <mac>
            <mac_min>C91A006F0CC8</mac_min>
            <mac_max>C91A006F0CC9</mac_max>
        </mac>
        <mac>
            <mac_min>C91A006F0CCB</mac_min>
            <mac_max>C91A006F0CCD</mac_max>
        </mac>
        <mac>
            <mac_min>C91A006F0CCF</mac_min>
            <mac_max>C91A006F0CD1</mac_max>
        </mac>
        <mac>
            <mac_min>C91A006F0CD3</mac_min>
            <mac_max>C91A006F0CD4</mac_max>
        </mac>
        <mac>
            <mac_min>C91A006F0CD7</mac_min>
            <mac_max>C91A006F0CD8</mac_max>
        </mac>
        <mac>
            <mac_min>C91A006F0CE0</mac_min>
            <mac_max>C91A006F0CE2</mac_max>
        </mac>
        <mac>
            <mac_min>C91A006F0D1E</mac_min>
            <mac_max>C91A006F0D21</mac_max>
        </mac>
        <mac>
            <mac_min>C91A006F0D2A</mac_min>
            <mac_max>C91A006F0D2B</mac_max>
        </mac>
        <mac>
            <mac_min>C91A006F0D31</mac_min>
            <mac_max>C91A006F0D33</mac_max>
        </mac>
        <mac>
            <mac_min>C91A006F0D37</mac_min>
            <mac_max>C91A006F0D38</mac_max>
        </mac>
        <mac>
            <mac_min>C91A006F0D3C</mac_min>
            <mac_max>C91A006F0D3D</mac_max>
        </mac>
        <mac>
            <mac_min>C91A006F0D40</mac_min>
            <mac_max>C91A006F0D41</mac_max>
        </mac>
        <mac>
            <mac_min>C91A006F0D44</mac_min>
            <mac_max>C91A006F0D45</mac_max>
        </mac>
        <mac>
            <mac_min>FDA5272BABD0</mac_min>
            <mac_max>FDA5272BABD2</mac_max>
        </mac>
        <mac>
            <mac_min>FDA5272BABDC</mac_min>
            <mac_max>FDA5272BABDD</mac_max>
        </mac>
        <mac>
            <mac_min>FDA5272BABE6</mac_min>
            <mac_max>FDA5272BABE9</mac_max>
        </mac>
        <mac>
            <mac_min>FDA5272BABEB</mac_min>
            <mac_max>FDA5272BABEE</mac_max>
        </mac>
        <mac>
            <mac_min>FDA5272BABF8</mac_min>
            <mac_max>FDA5272BABF9</mac_max>
        </mac>
        <mac>
            <mac_min>FDA5272BAC02</mac_min>
            <mac_max>FDA5272BAC03</mac_max>
        </mac>
        <mac>
            <mac_min>FDA5272BAC0A</mac_min>
            <mac_max>FDA5272BAC0C</mac_max>
        </mac>
        <mac>
            <mac_min>FDA5272BAC19</mac_min>
            <mac_max>FDA5272BAC1C</mac_max>
        </mac>
        <mac>
            <mac_min>FDA5272BAC1E</mac_min>
            <mac_max>FDA5272BAC1F</mac_max>
        </mac>
        <mac>
            <mac_min>FDA5272BAC21</mac_min>
            <mac_max>FDA5272BAC23</mac_max>
        </mac>
        <mac>
            <mac_min>FDA5272BAC2F</mac_min>
            <mac_max>FDA5272BAC30</mac_max>
        </mac>
        <mac>
            <mac_min>FDA5272BAC69</mac_min>
            <mac_max>FDA5272BAC6A</mac_max>
        </mac>
        <mac>
            <mac_min>FDA5272BAC6C</mac_min>
            <mac_max>FDA5272BAC72</mac_max>
        </mac>
        <mac>
            <mac_min>FDA5272BAC74</mac_min>
            <mac_max>FDA5272BAC75</mac_max>
        </mac>
        <mac>
            <mac_min>FDA5272BAC7A</mac_min>
            <mac_max>FDA5272BAC7B</mac_max>
        </mac>
        <mac>
            <mac_min>FDA5272BAC7D</mac_min>
            <mac_max>FDA5272BAC7F</mac_max>
        </mac>
        <mac>
            <mac_min>FDA5272BAC81</mac_min>
            <mac_max>FDA5272BAC83</mac_max>
        </mac>
        <mac>
            <mac_min>FDA5272BAC85</mac_min>
            <mac_max>FDA5272BAC86</mac_max>
        </mac>
        <mac>
            <mac_min>FDA5272BAC89</mac_min>
            <mac_max>FDA5272BAC8A</mac_max>
        </mac>
        <mac>
            <mac_min>FDA5272BAC92</mac_min>
            <mac_max>FDA5272BAC94</mac_max>
        </mac>
        <mac>
            <mac_min>FDA5272BACD0</mac_min>
            <mac_max>FDA5272BACD3</mac_max>
        </mac>
        <mac>
            <mac_min>FDA5272BACDC</mac_min>
            <mac_max>FDA5272BACDD</mac_max>
        </mac>
        <mac>
            <mac_min>FDA5272BACE3</mac_min>
            <mac_max>FDA5272BACE5</mac_max>
        </mac>
        <mac>
            <mac_min>FDA5272BACE9</mac_min>
            <mac_max>FDA5272BACEA</mac_max>
        </mac>
        <mac>
            <mac_min>FDA5272BACEE</mac_min>
            <mac_max>FDA5272BACEF</mac_max>
        </mac>
        <mac>
            <mac_min>FDA5272BACF2</mac_min>
            <mac_max>FDA5272BACF3</mac_max>
        </mac>
        <mac>
            <mac_min>FDA5272BACF6</mac_min>
            <mac_max>FDA5272BACF7</mac_max>
        </mac>
    </mac_range>
    <mac_single>
        <mac>C91A006F0BD3</mac>
        <mac>C91A006F0BD5</mac>
        <mac>C91A006F0BE8</mac>
        <mac>C91A006F0C1C</mac>
        <mac>C91A006F0C22</mac>
        <mac>C91A006F0C24</mac>
        <mac>C91A006F0C28</mac>
        <mac>C91A006F0C30</mac>
        <mac>C91A006F0C32</mac>
        <mac>C91A006F0C3E</mac>
        <mac>C91A006F0C42</mac>
        <mac>C91A006F0C4E</mac>
        <mac>C91A006F0C53</mac>
        <mac>C91A006F0C55</mac>
        <mac>C91A006F0C5C</mac>
        <mac>C91A006F0C5E</mac>
        <mac>C91A006F0C61</mac>
        <mac>C91A006F0C63</mac>
        <mac>C91A006F0C77</mac>
        <mac>C91A006F0C7A</mac>
        <mac>C91A006F0CB3</mac>
        <mac>C91A006F0CB5</mac>
        <mac>C91A006F0CDA</mac>
        <mac>C91A006F0CDE</mac>
        <mac>C91A006F0CE6</mac>
        <mac>C91A006F0D05</mac>
        <mac>C91A006F0D0D</mac>
        <mac>C91A006F0D16</mac>
        <mac>C91A006F0D1B</mac>
        <mac>C91A006F0D23</mac>
        <mac>C91A006F0D25</mac>
        <mac>C91A006F0D28</mac>
        <mac>C91A006F0D47</mac>
        <mac>FDA5272BAB85</mac>
        <mac>FDA5272BAB87</mac>
        <mac>FDA5272BAB9A</mac>
        <mac>FDA5272BABCE</mac>
        <mac>FDA5272BABD4</mac>
        <mac>FDA5272BABD6</mac>
        <mac>FDA5272BABDA</mac>
        <mac>FDA5272BABE2</mac>
        <mac>FDA5272BABE4</mac>
        <mac>FDA5272BABF0</mac>
        <mac>FDA5272BABF4</mac>
        <mac>FDA5272BAC00</mac>
        <mac>FDA5272BAC05</mac>
        <mac>FDA5272BAC07</mac>
        <mac>FDA5272BAC0E</mac>
        <mac>FDA5272BAC10</mac>
        <mac>FDA5272BAC13</mac>
        <mac>FDA5272BAC15</mac>
        <mac>FDA5272BAC29</mac>
        <mac>FDA5272BAC2C</mac>
        <mac>FDA5272BAC65</mac>
        <mac>FDA5272BAC67</mac>
        <mac>FDA5272BAC8C</mac>
        <mac>FDA5272BAC90</mac>
        <mac>FDA5272BAC98</mac>
        <mac>FDA5272BACB7</mac>
        <mac>FDA5272BACBF</mac>
        <mac>FDA5272BACC8</mac>
        <mac>FDA5272BACCD</mac>
        <mac>FDA5272BACD5</mac>
        <mac>FDA5272BACD7</mac>
        <mac>FDA5272BACDA</mac>
        <mac>FDA5272BACF9</mac>
    </mac_single>
    <mac_warn />
</build_mac>
