<?xml version="1.0" encoding="utf-8" ?>
<build_mac>
    <build_id>861300130010300001</build_id>
    <mac_range>
        <mac>
            <mac_min>C91A006D1770</mac_min>
            <mac_max>C91A006D17E2</mac_max>
        </mac>
        <mac>
            <mac_min>C91A006D17E4</mac_min>
            <mac_max>C91A006D1804</mac_max>
        </mac>
        <mac>
            <mac_min>C91A006D1806</mac_min>
            <mac_max>C91A006D1853</mac_max>
        </mac>
        <mac>
            <mac_min>C91A006D1855</mac_min>
            <mac_max>C91A006D1888</mac_max>
        </mac>
        <mac>
            <mac_min>C91A006D188A</mac_min>
            <mac_max>C91A006D189F</mac_max>
        </mac>
        <mac>
            <mac_min>C91A006D18A1</mac_min>
            <mac_max>C91A006D18AE</mac_max>
        </mac>
        <mac>
            <mac_min>C91A006D18B0</mac_min>
            <mac_max>C91A006D1932</mac_max>
        </mac>
        <mac>
            <mac_min>C91A006D1934</mac_min>
            <mac_max>C91A006D1963</mac_max>
        </mac>
        <mac>
            <mac_min>C91A006D2F12</mac_min>
            <mac_max>C91A006D2F43</mac_max>
        </mac>
        <mac>
            <mac_min>C91A006D2FB0</mac_min>
            <mac_max>C91A006D2FB1</mac_max>
        </mac>
        <mac>
            <mac_min>C91A006D2FB4</mac_min>
            <mac_max>C91A006D2FB5</mac_max>
        </mac>
        <mac>
            <mac_min>C91A006D2FB8</mac_min>
            <mac_max>C91A006D2FB9</mac_max>
        </mac>
        <mac>
            <mac_min>C91A006D300E</mac_min>
            <mac_max>C91A006D303B</mac_max>
        </mac>
        <mac>
            <mac_min>C91A006D303D</mac_min>
            <mac_max>C91A006D3047</mac_max>
        </mac>
        <mac>
            <mac_min>C91A006D3049</mac_min>
            <mac_max>C91A006D306F</mac_max>
        </mac>
        <mac>
            <mac_min>C91A006D30A2</mac_min>
            <mac_max>C91A006D30AB</mac_max>
        </mac>
        <mac>
            <mac_min>C91A006D30AD</mac_min>
            <mac_max>C91A006D30B6</mac_max>
        </mac>
        <mac>
            <mac_min>C91A006D30B8</mac_min>
            <mac_max>C91A006D30B9</mac_max>
        </mac>
        <mac>
            <mac_min>C91A006D30BD</mac_min>
            <mac_max>C91A006D30D3</mac_max>
        </mac>
        <mac>
            <mac_min>FDA5272AD840</mac_min>
            <mac_max>FDA5272AD8B2</mac_max>
        </mac>
        <mac>
            <mac_min>FDA5272AD8B4</mac_min>
            <mac_max>FDA5272AD8D4</mac_max>
        </mac>
        <mac>
            <mac_min>FDA5272AD8D6</mac_min>
            <mac_max>FDA5272AD923</mac_max>
        </mac>
        <mac>
            <mac_min>FDA5272AD925</mac_min>
            <mac_max>FDA5272AD958</mac_max>
        </mac>
        <mac>
            <mac_min>FDA5272AD95A</mac_min>
            <mac_max>FDA5272AD96F</mac_max>
        </mac>
        <mac>
            <mac_min>FDA5272AD971</mac_min>
            <mac_max>FDA5272AD97E</mac_max>
        </mac>
        <mac>
            <mac_min>FDA5272AD980</mac_min>
            <mac_max>FDA5272ADA02</mac_max>
        </mac>
        <mac>
            <mac_min>FDA5272ADA04</mac_min>
            <mac_max>FDA5272ADA33</mac_max>
        </mac>
        <mac>
            <mac_min>FDA5272AEFEC</mac_min>
            <mac_max>FDA5272AF01D</mac_max>
        </mac>
        <mac>
            <mac_min>FDA5272AF08A</mac_min>
            <mac_max>FDA5272AF08B</mac_max>
        </mac>
        <mac>
            <mac_min>FDA5272AF08E</mac_min>
            <mac_max>FDA5272AF08F</mac_max>
        </mac>
        <mac>
            <mac_min>FDA5272AF092</mac_min>
            <mac_max>FDA5272AF093</mac_max>
        </mac>
        <mac>
            <mac_min>FDA5272AF0E8</mac_min>
            <mac_max>FDA5272AF115</mac_max>
        </mac>
        <mac>
            <mac_min>FDA5272AF117</mac_min>
            <mac_max>FDA5272AF121</mac_max>
        </mac>
        <mac>
            <mac_min>FDA5272AF123</mac_min>
            <mac_max>FDA5272AF149</mac_max>
        </mac>
        <mac>
            <mac_min>FDA5272AF17C</mac_min>
            <mac_max>FDA5272AF185</mac_max>
        </mac>
        <mac>
            <mac_min>FDA5272AF187</mac_min>
            <mac_max>FDA5272AF190</mac_max>
        </mac>
        <mac>
            <mac_min>FDA5272AF192</mac_min>
            <mac_max>FDA5272AF193</mac_max>
        </mac>
        <mac>
            <mac_min>FDA5272AF197</mac_min>
            <mac_max>FDA5272AF1AD</mac_max>
        </mac>
    </mac_range>
    <mac_single>
        <mac>C91A006C1805</mac>
        <mac>C91A006D2FBE</mac>
        <mac>C91A006D2FC3</mac>
        <mac>C91A006D300C</mac>
        <mac>C91A006D30BB</mac>
        <mac>C91A007B30B7</mac>
        <mac>FDA5272A80E7</mac>
        <mac>FDA5272AF098</mac>
        <mac>FDA5272AF09D</mac>
        <mac>FDA5272AF0E6</mac>
        <mac>FDA5272AF195</mac>
    </mac_single>
    <mac_warn />
</build_mac>
