<?xml version="1.0" encoding="utf-8" ?>
<build_mac>
    <build_id>861300010050300002</build_id>
    <mac_range>
        <mac>
            <mac_min>C91A006603B6</mac_min>
            <mac_max>C91A006603B7</mac_max>
        </mac>
        <mac>
            <mac_min>C91A006603BB</mac_min>
            <mac_max>C91A006603BC</mac_max>
        </mac>
        <mac>
            <mac_min>C91A006603BF</mac_min>
            <mac_max>C91A006603C0</mac_max>
        </mac>
        <mac>
            <mac_min>C91A006603C4</mac_min>
            <mac_max>C91A006603C7</mac_max>
        </mac>
        <mac>
            <mac_min>C91A006603CC</mac_min>
            <mac_max>C91A006603CE</mac_max>
        </mac>
        <mac>
            <mac_min>C91A006603D5</mac_min>
            <mac_max>C91A006603D7</mac_max>
        </mac>
        <mac>
            <mac_min>C91A006603D9</mac_min>
            <mac_max>C91A006603DD</mac_max>
        </mac>
        <mac>
            <mac_min>C91A006603E0</mac_min>
            <mac_max>C91A006603E3</mac_max>
        </mac>
        <mac>
            <mac_min>C91A006603E5</mac_min>
            <mac_max>C91A006603E7</mac_max>
        </mac>
        <mac>
            <mac_min>C91A00660742</mac_min>
            <mac_max>C91A00660749</mac_max>
        </mac>
        <mac>
            <mac_min>C91A0066074B</mac_min>
            <mac_max>C91A0066074C</mac_max>
        </mac>
        <mac>
            <mac_min>C91A00660755</mac_min>
            <mac_max>C91A00660756</mac_max>
        </mac>
        <mac>
            <mac_min>C91A0066075E</mac_min>
            <mac_max>C91A00660762</mac_max>
        </mac>
        <mac>
            <mac_min>C91A00660768</mac_min>
            <mac_max>C91A00660769</mac_max>
        </mac>
        <mac>
            <mac_min>C91A006A047E</mac_min>
            <mac_max>C91A006A047F</mac_max>
        </mac>
        <mac>
            <mac_min>C91A006A0489</mac_min>
            <mac_max>C91A006A048A</mac_max>
        </mac>
        <mac>
            <mac_min>C91A006A049E</mac_min>
            <mac_max>C91A006A049F</mac_max>
        </mac>
        <mac>
            <mac_min>C91A006A04E2</mac_min>
            <mac_max>C91A006A04E3</mac_max>
        </mac>
        <mac>
            <mac_min>C91A006A04EC</mac_min>
            <mac_max>C91A006A04EE</mac_max>
        </mac>
        <mac>
            <mac_min>C91A006A04F5</mac_min>
            <mac_max>C91A006A04F6</mac_max>
        </mac>
        <mac>
            <mac_min>C91A006A04FA</mac_min>
            <mac_max>C91A006A04FB</mac_max>
        </mac>
        <mac>
            <mac_min>C91A006A0503</mac_min>
            <mac_max>C91A006A0504</mac_max>
        </mac>
        <mac>
            <mac_min>C91A006A0509</mac_min>
            <mac_max>C91A006A050A</mac_max>
        </mac>
        <mac>
            <mac_min>C91A006A050E</mac_min>
            <mac_max>C91A006A050F</mac_max>
        </mac>
        <mac>
            <mac_min>FDA52723C791</mac_min>
            <mac_max>FDA52723C792</mac_max>
        </mac>
        <mac>
            <mac_min>FDA52723C798</mac_min>
            <mac_max>FDA52723C79C</mac_max>
        </mac>
        <mac>
            <mac_min>FDA52723C7A4</mac_min>
            <mac_max>FDA52723C7A5</mac_max>
        </mac>
        <mac>
            <mac_min>FDA52723C7AE</mac_min>
            <mac_max>FDA52723C7AF</mac_max>
        </mac>
        <mac>
            <mac_min>FDA52723C7B1</mac_min>
            <mac_max>FDA52723C7B8</mac_max>
        </mac>
        <mac>
            <mac_min>FDA52723CB14</mac_min>
            <mac_max>FDA52723CB16</mac_max>
        </mac>
        <mac>
            <mac_min>FDA52723CB18</mac_min>
            <mac_max>FDA52723CB1B</mac_max>
        </mac>
        <mac>
            <mac_min>FDA52723CB1E</mac_min>
            <mac_max>FDA52723CB22</mac_max>
        </mac>
        <mac>
            <mac_min>FDA52723CB24</mac_min>
            <mac_max>FDA52723CB26</mac_max>
        </mac>
        <mac>
            <mac_min>FDA52723CB2D</mac_min>
            <mac_max>FDA52723CB2F</mac_max>
        </mac>
        <mac>
            <mac_min>FDA52723CB34</mac_min>
            <mac_max>FDA52723CB37</mac_max>
        </mac>
        <mac>
            <mac_min>FDA52723CB3B</mac_min>
            <mac_max>FDA52723CB3C</mac_max>
        </mac>
        <mac>
            <mac_min>FDA52723CB3F</mac_min>
            <mac_max>FDA52723CB40</mac_max>
        </mac>
        <mac>
            <mac_min>FDA52723CB44</mac_min>
            <mac_max>FDA52723CB45</mac_max>
        </mac>
        <mac>
            <mac_min>FDA52728AF44</mac_min>
            <mac_max>FDA52728AF45</mac_max>
        </mac>
        <mac>
            <mac_min>FDA52728AF49</mac_min>
            <mac_max>FDA52728AF4A</mac_max>
        </mac>
        <mac>
            <mac_min>FDA52728AF4F</mac_min>
            <mac_max>FDA52728AF50</mac_max>
        </mac>
        <mac>
            <mac_min>FDA52728AF58</mac_min>
            <mac_max>FDA52728AF59</mac_max>
        </mac>
        <mac>
            <mac_min>FDA52728AF5D</mac_min>
            <mac_max>FDA52728AF5E</mac_max>
        </mac>
        <mac>
            <mac_min>FDA52728AF65</mac_min>
            <mac_max>FDA52728AF67</mac_max>
        </mac>
        <mac>
            <mac_min>FDA52728AF70</mac_min>
            <mac_max>FDA52728AF71</mac_max>
        </mac>
        <mac>
            <mac_min>FDA52728AFB4</mac_min>
            <mac_max>FDA52728AFB5</mac_max>
        </mac>
        <mac>
            <mac_min>FDA52728AFC9</mac_min>
            <mac_max>FDA52728AFCA</mac_max>
        </mac>
        <mac>
            <mac_min>FDA52728AFD4</mac_min>
            <mac_max>FDA52728AFD5</mac_max>
        </mac>
    </mac_range>
    <mac_single>
        <mac>C91A006603C2</mac>
        <mac>C91A006603C9</mac>
        <mac>C91A006603D0</mac>
        <mac>C91A006603D3</mac>
        <mac>C91A00660694</mac>
        <mac>C91A006606E2</mac>
        <mac>C91A006606E7</mac>
        <mac>C91A006606FA</mac>
        <mac>C91A006606FF</mac>
        <mac>C91A00660707</mac>
        <mac>C91A0066073B</mac>
        <mac>C91A0066073E</mac>
        <mac>C91A0066074E</mac>
        <mac>C91A0066075A</mac>
        <mac>C91A00660764</mac>
        <mac>C91A00660766</mac>
        <mac>C91A006A041C</mac>
        <mac>C91A006A044C</mac>
        <mac>C91A006A0481</mac>
        <mac>C91A006A0483</mac>
        <mac>C91A006A0493</mac>
        <mac>C91A006A049C</mac>
        <mac>C91A006A04A1</mac>
        <mac>C91A006A04AB</mac>
        <mac>C91A006A04E5</mac>
        <mac>C91A006A04E8</mac>
        <mac>C91A006A04EA</mac>
        <mac>C91A006A04FD</mac>
        <mac>C91A006A04FF</mac>
        <mac>C91A006A0507</mac>
        <mac>C91A006A0512</mac>
        <mac>FDA52723C794</mac>
        <mac>FDA52723C796</mac>
        <mac>FDA52723C7A0</mac>
        <mac>FDA52723C7AC</mac>
        <mac>FDA52723C7BC</mac>
        <mac>FDA52723C7BF</mac>
        <mac>FDA52723C7F3</mac>
        <mac>FDA52723C7FB</mac>
        <mac>FDA52723C800</mac>
        <mac>FDA52723C813</mac>
        <mac>FDA52723C818</mac>
        <mac>FDA52723C866</mac>
        <mac>FDA52723CB28</mac>
        <mac>FDA52723CB2B</mac>
        <mac>FDA52723CB32</mac>
        <mac>FDA52723CB39</mac>
        <mac>FDA52728AF41</mac>
        <mac>FDA52728AF4C</mac>
        <mac>FDA52728AF54</mac>
        <mac>FDA52728AF56</mac>
        <mac>FDA52728AF69</mac>
        <mac>FDA52728AF6B</mac>
        <mac>FDA52728AF6E</mac>
        <mac>FDA52728AFA8</mac>
        <mac>FDA52728AFB2</mac>
        <mac>FDA52728AFB7</mac>
        <mac>FDA52728AFC0</mac>
        <mac>FDA52728AFD0</mac>
        <mac>FDA52728AFD2</mac>
        <mac>FDA52728B007</mac>
        <mac>FDA52728B037</mac>
    </mac_single>
    <mac_warn />
</build_mac>
