<?xml version="1.0" encoding="utf-8" ?>
<build_mac>
    <build_id>861300100030400001</build_id>
    <mac_range>
        <mac>
            <mac_min>C91A006D2AC6</mac_min>
            <mac_max>C91A006D2AC7</mac_max>
        </mac>
        <mac>
            <mac_min>C91A006D2AC9</mac_min>
            <mac_max>C91A006D2AD5</mac_max>
        </mac>
        <mac>
            <mac_min>C91A006D2ADC</mac_min>
            <mac_max>C91A006D2AE1</mac_max>
        </mac>
        <mac>
            <mac_min>C91A006D2AE4</mac_min>
            <mac_max>C91A006D2AEE</mac_max>
        </mac>
        <mac>
            <mac_min>C91A006D2AF0</mac_min>
            <mac_max>C91A006D2AF7</mac_max>
        </mac>
        <mac>
            <mac_min>FDA5272AEB9F</mac_min>
            <mac_max>FDA5272AEBA0</mac_max>
        </mac>
        <mac>
            <mac_min>FDA5272AEBA2</mac_min>
            <mac_max>FDA5272AEBAE</mac_max>
        </mac>
        <mac>
            <mac_min>FDA5272AEBB5</mac_min>
            <mac_max>FDA5272AEBBA</mac_max>
        </mac>
        <mac>
            <mac_min>FDA5272AEBBD</mac_min>
            <mac_max>FDA5272AEBC7</mac_max>
        </mac>
        <mac>
            <mac_min>FDA5272AEBC9</mac_min>
            <mac_max>FDA5272AEBD0</mac_max>
        </mac>
    </mac_range>
    <mac_single>
        <mac>C91A006D2AD7</mac>
        <mac>C91A006D2AD9</mac>
        <mac>FDA5272AEBB0</mac>
        <mac>FDA5272AEBB2</mac>
    </mac_single>
    <mac_warn />
</build_mac>
