<?xml version="1.0" encoding="utf-8" ?>
<build_mac>
    <build_id>861300010010300002</build_id>
    <mac_range>
        <mac>
            <mac_min>C91A00601EDC</mac_min>
            <mac_max>C91A00601EDF</mac_max>
        </mac>
        <mac>
            <mac_min>C91A00601EE1</mac_min>
            <mac_max>C91A00601EE2</mac_max>
        </mac>
        <mac>
            <mac_min>C91A00601EE4</mac_min>
            <mac_max>C91A00601EE5</mac_max>
        </mac>
        <mac>
            <mac_min>C91A00601EE7</mac_min>
            <mac_max>C91A00601F0D</mac_max>
        </mac>
        <mac>
            <mac_min>C91A00601FB7</mac_min>
            <mac_max>C91A00601FB9</mac_max>
        </mac>
        <mac>
            <mac_min>C91A00601FBB</mac_min>
            <mac_max>C91A00601FBC</mac_max>
        </mac>
        <mac>
            <mac_min>C91A00601FC0</mac_min>
            <mac_max>C91A00601FC1</mac_max>
        </mac>
        <mac>
            <mac_min>C91A00601FC4</mac_min>
            <mac_max>C91A00601FC5</mac_max>
        </mac>
        <mac>
            <mac_min>C91A00601FC7</mac_min>
            <mac_max>C91A00601FC9</mac_max>
        </mac>
        <mac>
            <mac_min>C91A00601FCF</mac_min>
            <mac_max>C91A00601FD0</mac_max>
        </mac>
        <mac>
            <mac_min>C91A00601FD4</mac_min>
            <mac_max>C91A00601FD5</mac_max>
        </mac>
        <mac>
            <mac_min>C91A006023F9</mac_min>
            <mac_max>C91A006023FA</mac_max>
        </mac>
        <mac>
            <mac_min>C91A006023FF</mac_min>
            <mac_max>C91A00602400</mac_max>
        </mac>
        <mac>
            <mac_min>C91A0060251C</mac_min>
            <mac_max>C91A00602537</mac_max>
        </mac>
        <mac>
            <mac_min>C91A00602539</mac_min>
            <mac_max>C91A0060254D</mac_max>
        </mac>
        <mac>
            <mac_min>C91A006025B2</mac_min>
            <mac_max>C91A006025E3</mac_max>
        </mac>
        <mac>
            <mac_min>C91A00610F0A</mac_min>
            <mac_max>C91A00610F0E</mac_max>
        </mac>
        <mac>
            <mac_min>C91A00610F10</mac_min>
            <mac_max>C91A00610F3B</mac_max>
        </mac>
        <mac>
            <mac_min>C91A006602EE</mac_min>
            <mac_max>C91A00660313</mac_max>
        </mac>
        <mac>
            <mac_min>C91A00660315</mac_min>
            <mac_max>C91A0066031D</mac_max>
        </mac>
        <mac>
            <mac_min>C91A00660516</mac_min>
            <mac_max>C91A0066051A</mac_max>
        </mac>
        <mac>
            <mac_min>C91A0066051C</mac_min>
            <mac_max>C91A0066051D</mac_max>
        </mac>
        <mac>
            <mac_min>C91A0066051F</mac_min>
            <mac_max>C91A00660537</mac_max>
        </mac>
        <mac>
            <mac_min>C91A0066053A</mac_min>
            <mac_max>C91A0066053B</mac_max>
        </mac>
        <mac>
            <mac_min>C91A0066053D</mac_min>
            <mac_max>C91A0066053E</mac_max>
        </mac>
        <mac>
            <mac_min>C91A00660544</mac_min>
            <mac_max>C91A00660545</mac_max>
        </mac>
        <mac>
            <mac_min>C91A00660640</mac_min>
            <mac_max>C91A00660646</mac_max>
        </mac>
        <mac>
            <mac_min>C91A00660648</mac_min>
            <mac_max>C91A00660669</mac_max>
        </mac>
        <mac>
            <mac_min>C91A0066066B</mac_min>
            <mac_max>C91A00660671</mac_max>
        </mac>
        <mac>
            <mac_min>C91A00660770</mac_min>
            <mac_max>C91A00660772</mac_max>
        </mac>
        <mac>
            <mac_min>C91A00660774</mac_min>
            <mac_max>C91A00660775</mac_max>
        </mac>
        <mac>
            <mac_min>C91A00660777</mac_min>
            <mac_max>C91A00660779</mac_max>
        </mac>
        <mac>
            <mac_min>C91A0066077C</mac_min>
            <mac_max>C91A00660781</mac_max>
        </mac>
        <mac>
            <mac_min>C91A00660783</mac_min>
            <mac_max>C91A0066078D</mac_max>
        </mac>
        <mac>
            <mac_min>C91A0066078F</mac_min>
            <mac_max>C91A00660791</mac_max>
        </mac>
        <mac>
            <mac_min>C91A00660793</mac_min>
            <mac_max>C91A00660795</mac_max>
        </mac>
        <mac>
            <mac_min>C91A00660797</mac_min>
            <mac_max>C91A00660799</mac_max>
        </mac>
        <mac>
            <mac_min>C91A0066079C</mac_min>
            <mac_max>C91A0066079D</mac_max>
        </mac>
        <mac>
            <mac_min>FDA5271BF0B6</mac_min>
            <mac_max>FDA5271BF0B9</mac_max>
        </mac>
        <mac>
            <mac_min>FDA5271BF0BB</mac_min>
            <mac_max>FDA5271BF0BC</mac_max>
        </mac>
        <mac>
            <mac_min>FDA5271BF0BE</mac_min>
            <mac_max>FDA5271BF0BF</mac_max>
        </mac>
        <mac>
            <mac_min>FDA5271BF0C1</mac_min>
            <mac_max>FDA5271BF0E7</mac_max>
        </mac>
        <mac>
            <mac_min>FDA5271BF215</mac_min>
            <mac_max>FDA5271BF217</mac_max>
        </mac>
        <mac>
            <mac_min>FDA5271BF219</mac_min>
            <mac_max>FDA5271BF21A</mac_max>
        </mac>
        <mac>
            <mac_min>FDA5271BF21E</mac_min>
            <mac_max>FDA5271BF21F</mac_max>
        </mac>
        <mac>
            <mac_min>FDA5271BF222</mac_min>
            <mac_max>FDA5271BF223</mac_max>
        </mac>
        <mac>
            <mac_min>FDA5271BF225</mac_min>
            <mac_max>FDA5271BF227</mac_max>
        </mac>
        <mac>
            <mac_min>FDA5271BF22D</mac_min>
            <mac_max>FDA5271BF22E</mac_max>
        </mac>
        <mac>
            <mac_min>FDA5271BF232</mac_min>
            <mac_max>FDA5271BF233</mac_max>
        </mac>
        <mac>
            <mac_min>FDA5271BF918</mac_min>
            <mac_max>FDA5271BF919</mac_max>
        </mac>
        <mac>
            <mac_min>FDA5271BF91E</mac_min>
            <mac_max>FDA5271BF91F</mac_max>
        </mac>
        <mac>
            <mac_min>FDA5271BFDDC</mac_min>
            <mac_max>FDA5271BFDF7</mac_max>
        </mac>
        <mac>
            <mac_min>FDA5271BFDF9</mac_min>
            <mac_max>FDA5271BFE0D</mac_max>
        </mac>
        <mac>
            <mac_min>FDA5271BFE72</mac_min>
            <mac_max>FDA5271BFEA3</mac_max>
        </mac>
        <mac>
            <mac_min>FDA52722A1C6</mac_min>
            <mac_max>FDA52722A1F1</mac_max>
        </mac>
        <mac>
            <mac_min>FDA52722A1F3</mac_min>
            <mac_max>FDA52722A1F7</mac_max>
        </mac>
        <mac>
            <mac_min>FDA52723C75D</mac_min>
            <mac_max>FDA52723C75E</mac_max>
        </mac>
        <mac>
            <mac_min>FDA52723C761</mac_min>
            <mac_max>FDA52723C763</mac_max>
        </mac>
        <mac>
            <mac_min>FDA52723C765</mac_min>
            <mac_max>FDA52723C767</mac_max>
        </mac>
        <mac>
            <mac_min>FDA52723C769</mac_min>
            <mac_max>FDA52723C76B</mac_max>
        </mac>
        <mac>
            <mac_min>FDA52723C76D</mac_min>
            <mac_max>FDA52723C777</mac_max>
        </mac>
        <mac>
            <mac_min>FDA52723C779</mac_min>
            <mac_max>FDA52723C77E</mac_max>
        </mac>
        <mac>
            <mac_min>FDA52723C781</mac_min>
            <mac_max>FDA52723C783</mac_max>
        </mac>
        <mac>
            <mac_min>FDA52723C785</mac_min>
            <mac_max>FDA52723C786</mac_max>
        </mac>
        <mac>
            <mac_min>FDA52723C788</mac_min>
            <mac_max>FDA52723C78A</mac_max>
        </mac>
        <mac>
            <mac_min>FDA52723C889</mac_min>
            <mac_max>FDA52723C88F</mac_max>
        </mac>
        <mac>
            <mac_min>FDA52723C891</mac_min>
            <mac_max>FDA52723C8B2</mac_max>
        </mac>
        <mac>
            <mac_min>FDA52723C8B4</mac_min>
            <mac_max>FDA52723C8BA</mac_max>
        </mac>
        <mac>
            <mac_min>FDA52723C9B6</mac_min>
            <mac_max>FDA52723C9B7</mac_max>
        </mac>
        <mac>
            <mac_min>FDA52723C9BD</mac_min>
            <mac_max>FDA52723C9BE</mac_max>
        </mac>
        <mac>
            <mac_min>FDA52723C9C0</mac_min>
            <mac_max>FDA52723C9C1</mac_max>
        </mac>
        <mac>
            <mac_min>FDA52723C9C4</mac_min>
            <mac_max>FDA52723C9DC</mac_max>
        </mac>
        <mac>
            <mac_min>FDA52723C9DE</mac_min>
            <mac_max>FDA52723C9DF</mac_max>
        </mac>
        <mac>
            <mac_min>FDA52723C9E1</mac_min>
            <mac_max>FDA52723C9E5</mac_max>
        </mac>
        <mac>
            <mac_min>FDA52723CBDE</mac_min>
            <mac_max>FDA52723CBE6</mac_max>
        </mac>
        <mac>
            <mac_min>FDA52723CBE8</mac_min>
            <mac_max>FDA52723CC0D</mac_max>
        </mac>
    </mac_range>
    <mac_single>
        <mac>C91A00601F29</mac>
        <mac>C91A00601F31</mac>
        <mac>C91A00601F34</mac>
        <mac>C91A00601FAA</mac>
        <mac>C91A00601FB4</mac>
        <mac>C91A00601FCB</mac>
        <mac>C91A00601FD2</mac>
        <mac>C91A006023E9</mac>
        <mac>C91A00602403</mac>
        <mac>C91A00602405</mac>
        <mac>C91A00602407</mac>
        <mac>C91A0060240F</mac>
        <mac>C91A00602413</mac>
        <mac>C91A0060241B</mac>
        <mac>C91A00602420</mac>
        <mac>C91A0066031F</mac>
        <mac>C91A00660514</mac>
        <mac>C91A00660540</mac>
        <mac>C91A00660542</mac>
        <mac>C91A00660688</mac>
        <mac>FDA5271BF103</mac>
        <mac>FDA5271BF10B</mac>
        <mac>FDA5271BF10E</mac>
        <mac>FDA5271BF208</mac>
        <mac>FDA5271BF212</mac>
        <mac>FDA5271BF229</mac>
        <mac>FDA5271BF230</mac>
        <mac>FDA5271BF908</mac>
        <mac>FDA5271BF922</mac>
        <mac>FDA5271BF924</mac>
        <mac>FDA5271BF926</mac>
        <mac>FDA5271BF92E</mac>
        <mac>FDA5271BF932</mac>
        <mac>FDA5271BFB2E</mac>
        <mac>FDA5271BFB33</mac>
        <mac>FDA52723C872</mac>
        <mac>FDA52723C9B9</mac>
        <mac>FDA52723C9BB</mac>
        <mac>FDA52723C9E7</mac>
        <mac>FDA52723CBDC</mac>
    </mac_single>
    <mac_warn />
</build_mac>
