<?xml version="1.0" encoding="utf-8" ?>
<build_mac>
    <build_id>861300010080300004</build_id>
    <mac_range>
        <mac>
            <mac_min>C91A00724720</mac_min>
            <mac_max>C91A00724727</mac_max>
        </mac>
        <mac>
            <mac_min>C91A00724729</mac_min>
            <mac_max>C91A0072472A</mac_max>
        </mac>
        <mac>
            <mac_min>C91A0072472F</mac_min>
            <mac_max>C91A00724731</mac_max>
        </mac>
        <mac>
            <mac_min>C91A00724735</mac_min>
            <mac_max>C91A00724737</mac_max>
        </mac>
        <mac>
            <mac_min>C91A00724739</mac_min>
            <mac_max>C91A0072473C</mac_max>
        </mac>
        <mac>
            <mac_min>C91A0072473F</mac_min>
            <mac_max>C91A0072474A</mac_max>
        </mac>
        <mac>
            <mac_min>C91A0072475C</mac_min>
            <mac_max>C91A0072475D</mac_max>
        </mac>
        <mac>
            <mac_min>C91A00724760</mac_min>
            <mac_max>C91A00724761</mac_max>
        </mac>
        <mac>
            <mac_min>C91A00724769</mac_min>
            <mac_max>C91A0072476A</mac_max>
        </mac>
        <mac>
            <mac_min>C91A0072476C</mac_min>
            <mac_max>C91A0072476D</mac_max>
        </mac>
        <mac>
            <mac_min>C91A007248DC</mac_min>
            <mac_max>C91A007248DE</mac_max>
        </mac>
        <mac>
            <mac_min>C91A007248E3</mac_min>
            <mac_max>C91A007248E5</mac_max>
        </mac>
        <mac>
            <mac_min>C91A007248EA</mac_min>
            <mac_max>C91A007248EB</mac_max>
        </mac>
        <mac>
            <mac_min>C91A007248ED</mac_min>
            <mac_max>C91A007248EE</mac_max>
        </mac>
        <mac>
            <mac_min>C91A007248F0</mac_min>
            <mac_max>C91A007248F5</mac_max>
        </mac>
        <mac>
            <mac_min>C91A007248FF</mac_min>
            <mac_max>C91A00724902</mac_max>
        </mac>
        <mac>
            <mac_min>C91A00724904</mac_min>
            <mac_max>C91A00724907</mac_max>
        </mac>
        <mac>
            <mac_min>C91A00724909</mac_min>
            <mac_max>C91A0072490B</mac_max>
        </mac>
        <mac>
            <mac_min>FDA5272FE53B</mac_min>
            <mac_max>FDA5272FE542</mac_max>
        </mac>
        <mac>
            <mac_min>FDA5272FE544</mac_min>
            <mac_max>FDA5272FE545</mac_max>
        </mac>
        <mac>
            <mac_min>FDA5272FE54A</mac_min>
            <mac_max>FDA5272FE54C</mac_max>
        </mac>
        <mac>
            <mac_min>FDA5272FE550</mac_min>
            <mac_max>FDA5272FE552</mac_max>
        </mac>
        <mac>
            <mac_min>FDA5272FE554</mac_min>
            <mac_max>FDA5272FE557</mac_max>
        </mac>
        <mac>
            <mac_min>FDA5272FE55A</mac_min>
            <mac_max>FDA5272FE565</mac_max>
        </mac>
        <mac>
            <mac_min>FDA5272FE577</mac_min>
            <mac_max>FDA5272FE578</mac_max>
        </mac>
        <mac>
            <mac_min>FDA5272FE57B</mac_min>
            <mac_max>FDA5272FE57C</mac_max>
        </mac>
        <mac>
            <mac_min>FDA5272FE584</mac_min>
            <mac_max>FDA5272FE585</mac_max>
        </mac>
        <mac>
            <mac_min>FDA5272FE587</mac_min>
            <mac_max>FDA5272FE588</mac_max>
        </mac>
        <mac>
            <mac_min>FDA5272FE6F7</mac_min>
            <mac_max>FDA5272FE6F9</mac_max>
        </mac>
        <mac>
            <mac_min>FDA5272FE6FE</mac_min>
            <mac_max>FDA5272FE700</mac_max>
        </mac>
        <mac>
            <mac_min>FDA5272FE705</mac_min>
            <mac_max>FDA5272FE706</mac_max>
        </mac>
        <mac>
            <mac_min>FDA5272FE708</mac_min>
            <mac_max>FDA5272FE709</mac_max>
        </mac>
        <mac>
            <mac_min>FDA5272FE70B</mac_min>
            <mac_max>FDA5272FE710</mac_max>
        </mac>
        <mac>
            <mac_min>FDA5272FE71A</mac_min>
            <mac_max>FDA5272FE71D</mac_max>
        </mac>
        <mac>
            <mac_min>FDA5272FE71F</mac_min>
            <mac_max>FDA5272FE722</mac_max>
        </mac>
        <mac>
            <mac_min>FDA5272FE724</mac_min>
            <mac_max>FDA5272FE726</mac_max>
        </mac>
    </mac_range>
    <mac_single>
        <mac>C91A00724718</mac>
        <mac>C91A0072471E</mac>
        <mac>C91A0072472C</mac>
        <mac>C91A00724733</mac>
        <mac>C91A0072474D</mac>
        <mac>C91A0072474F</mac>
        <mac>C91A00724751</mac>
        <mac>C91A00724753</mac>
        <mac>C91A00724758</mac>
        <mac>C91A00724771</mac>
        <mac>C91A00724773</mac>
        <mac>C91A007248B8</mac>
        <mac>C91A007248DA</mac>
        <mac>C91A007248E1</mac>
        <mac>C91A007248E8</mac>
        <mac>C91A007248F7</mac>
        <mac>C91A007248FB</mac>
        <mac>FDA5272FE533</mac>
        <mac>FDA5272FE539</mac>
        <mac>FDA5272FE547</mac>
        <mac>FDA5272FE54E</mac>
        <mac>FDA5272FE568</mac>
        <mac>FDA5272FE56A</mac>
        <mac>FDA5272FE56C</mac>
        <mac>FDA5272FE56E</mac>
        <mac>FDA5272FE573</mac>
        <mac>FDA5272FE58C</mac>
        <mac>FDA5272FE58E</mac>
        <mac>FDA5272FE6D3</mac>
        <mac>FDA5272FE6F5</mac>
        <mac>FDA5272FE6FC</mac>
        <mac>FDA5272FE703</mac>
        <mac>FDA5272FE712</mac>
        <mac>FDA5272FE716</mac>
    </mac_single>
    <mac_warn />
</build_mac>
