<?xml version="1.0" encoding="utf-8" ?>
<build_mac>
    <build_id>861300010150300002</build_id>
    <mac_range>
        <mac>
            <mac_min>C91A0061128F</mac_min>
            <mac_max>C91A00611290</mac_max>
        </mac>
        <mac>
            <mac_min>C91A0061129B</mac_min>
            <mac_max>C91A0061129E</mac_max>
        </mac>
        <mac>
            <mac_min>C91A006112AB</mac_min>
            <mac_max>C91A006112AC</mac_max>
        </mac>
        <mac>
            <mac_min>C91A006112BC</mac_min>
            <mac_max>C91A006112BE</mac_max>
        </mac>
        <mac>
            <mac_min>FDA527229E43</mac_min>
            <mac_max>FDA527229E45</mac_max>
        </mac>
        <mac>
            <mac_min>FDA527229E55</mac_min>
            <mac_max>FDA527229E56</mac_max>
        </mac>
        <mac>
            <mac_min>FDA527229E63</mac_min>
            <mac_max>FDA527229E66</mac_max>
        </mac>
        <mac>
            <mac_min>FDA527229E71</mac_min>
            <mac_max>FDA527229E72</mac_max>
        </mac>
    </mac_range>
    <mac_single>
        <mac>C91A00611292</mac>
        <mac>C91A00611295</mac>
        <mac>C91A006112A7</mac>
        <mac>C91A006112A9</mac>
        <mac>C91A006112AF</mac>
        <mac>C91A006112B8</mac>
        <mac>C91A006112BA</mac>
        <mac>FDA527229E47</mac>
        <mac>FDA527229E49</mac>
        <mac>FDA527229E52</mac>
        <mac>FDA527229E58</mac>
        <mac>FDA527229E5A</mac>
        <mac>FDA527229E6C</mac>
        <mac>FDA527229E6F</mac>
    </mac_single>
    <mac_warn />
</build_mac>
