<?xml version="1.0" encoding="utf-8" ?>
<build_mac>
    <build_id>861300100010300001</build_id>
    <mac_range>
        <mac>
            <mac_min>C91A006B1D86</mac_min>
            <mac_max>C91A006B1D87</mac_max>
        </mac>
        <mac>
            <mac_min>C91A006B1D89</mac_min>
            <mac_max>C91A006B1D8B</mac_max>
        </mac>
        <mac>
            <mac_min>C91A006B1D8D</mac_min>
            <mac_max>C91A006B1D8E</mac_max>
        </mac>
        <mac>
            <mac_min>C91A006B1D98</mac_min>
            <mac_max>C91A006B1D99</mac_max>
        </mac>
        <mac>
            <mac_min>C91A006B1D9B</mac_min>
            <mac_max>C91A006B1D9C</mac_max>
        </mac>
        <mac>
            <mac_min>C91A006B1DA8</mac_min>
            <mac_max>C91A006B1DAA</mac_max>
        </mac>
        <mac>
            <mac_min>C91A006B1DC7</mac_min>
            <mac_max>C91A006B1DC8</mac_max>
        </mac>
        <mac>
            <mac_min>C91A006B1DCF</mac_min>
            <mac_max>C91A006B1DD0</mac_max>
        </mac>
        <mac>
            <mac_min>C91A006B1E78</mac_min>
            <mac_max>C91A006B1E80</mac_max>
        </mac>
        <mac>
            <mac_min>C91A006B1E85</mac_min>
            <mac_max>C91A006B1E88</mac_max>
        </mac>
        <mac>
            <mac_min>C91A006B1E8A</mac_min>
            <mac_max>C91A006B1E8C</mac_max>
        </mac>
        <mac>
            <mac_min>C91A006B1E8E</mac_min>
            <mac_max>C91A006B1E92</mac_max>
        </mac>
        <mac>
            <mac_min>C91A006B1E94</mac_min>
            <mac_max>C91A006B1E95</mac_max>
        </mac>
        <mac>
            <mac_min>C91A006B1E97</mac_min>
            <mac_max>C91A006B1E98</mac_max>
        </mac>
        <mac>
            <mac_min>C91A006B1E9A</mac_min>
            <mac_max>C91A006B1E9F</mac_max>
        </mac>
        <mac>
            <mac_min>C91A006B1EA3</mac_min>
            <mac_max>C91A006B1EA9</mac_max>
        </mac>
        <mac>
            <mac_min>C91A006B1EC0</mac_min>
            <mac_max>C91A006B1EC1</mac_max>
        </mac>
        <mac>
            <mac_min>C91A006B1ECB</mac_min>
            <mac_max>C91A006B1ECE</mac_max>
        </mac>
        <mac>
            <mac_min>C91A006B1ED6</mac_min>
            <mac_max>C91A006B1ED7</mac_max>
        </mac>
        <mac>
            <mac_min>C91A006B1EDC</mac_min>
            <mac_max>C91A006B1F0F</mac_max>
        </mac>
        <mac>
            <mac_min>C91A006B1F15</mac_min>
            <mac_max>C91A006B1F1B</mac_max>
        </mac>
        <mac>
            <mac_min>C91A006B1F1D</mac_min>
            <mac_max>C91A006B1F21</mac_max>
        </mac>
        <mac>
            <mac_min>C91A006B1F23</mac_min>
            <mac_max>C91A006B1F24</mac_max>
        </mac>
        <mac>
            <mac_min>C91A006B1F28</mac_min>
            <mac_max>C91A006B1F2D</mac_max>
        </mac>
        <mac>
            <mac_min>C91A006B1F31</mac_min>
            <mac_max>C91A006B1F32</mac_max>
        </mac>
        <mac>
            <mac_min>C91A006B1F3A</mac_min>
            <mac_max>C91A006B1F3B</mac_max>
        </mac>
        <mac>
            <mac_min>C91A006B1F3D</mac_min>
            <mac_max>C91A006B1F3E</mac_max>
        </mac>
        <mac>
            <mac_min>C91A006B2134</mac_min>
            <mac_max>C91A006B2165</mac_max>
        </mac>
        <mac>
            <mac_min>C91A006B21FC</mac_min>
            <mac_max>C91A006B222D</mac_max>
        </mac>
        <mac>
            <mac_min>C91A006B2260</mac_min>
            <mac_max>C91A006B2264</mac_max>
        </mac>
        <mac>
            <mac_min>C91A006B2266</mac_min>
            <mac_max>C91A006B228D</mac_max>
        </mac>
        <mac>
            <mac_min>C91A006B228F</mac_min>
            <mac_max>C91A006B2291</mac_max>
        </mac>
        <mac>
            <mac_min>C91A006B229B</mac_min>
            <mac_max>C91A006B229C</mac_max>
        </mac>
        <mac>
            <mac_min>C91A006B22A5</mac_min>
            <mac_max>C91A006B22A8</mac_max>
        </mac>
        <mac>
            <mac_min>C91A006B22B5</mac_min>
            <mac_max>C91A006B22B6</mac_max>
        </mac>
        <mac>
            <mac_min>C91A006B22BB</mac_min>
            <mac_max>C91A006B22BE</mac_max>
        </mac>
        <mac>
            <mac_min>C91A006B22FA</mac_min>
            <mac_max>C91A006B22FB</mac_max>
        </mac>
        <mac>
            <mac_min>C91A006B22FD</mac_min>
            <mac_max>C91A006B22FF</mac_max>
        </mac>
        <mac>
            <mac_min>C91A006B2308</mac_min>
            <mac_max>C91A006B230B</mac_max>
        </mac>
        <mac>
            <mac_min>C91A006B2311</mac_min>
            <mac_max>C91A006B2314</mac_max>
        </mac>
        <mac>
            <mac_min>C91A006B231F</mac_min>
            <mac_max>C91A006B2320</mac_max>
        </mac>
        <mac>
            <mac_min>FDA527296998</mac_min>
            <mac_max>FDA527296999</mac_max>
        </mac>
        <mac>
            <mac_min>FDA5272969A4</mac_min>
            <mac_max>FDA5272969A7</mac_max>
        </mac>
        <mac>
            <mac_min>FDA5272969AD</mac_min>
            <mac_max>FDA5272969B0</mac_max>
        </mac>
        <mac>
            <mac_min>FDA5272969B9</mac_min>
            <mac_max>FDA5272969BB</mac_max>
        </mac>
        <mac>
            <mac_min>FDA5272969BD</mac_min>
            <mac_max>FDA5272969BE</mac_max>
        </mac>
        <mac>
            <mac_min>FDA5272969FA</mac_min>
            <mac_max>FDA5272969FD</mac_max>
        </mac>
        <mac>
            <mac_min>FDA527296A02</mac_min>
            <mac_max>FDA527296A03</mac_max>
        </mac>
        <mac>
            <mac_min>FDA527296A10</mac_min>
            <mac_max>FDA527296A13</mac_max>
        </mac>
        <mac>
            <mac_min>FDA527296A1C</mac_min>
            <mac_max>FDA527296A1D</mac_max>
        </mac>
        <mac>
            <mac_min>FDA527296A27</mac_min>
            <mac_max>FDA527296A29</mac_max>
        </mac>
        <mac>
            <mac_min>FDA527296A2B</mac_min>
            <mac_max>FDA527296A52</mac_max>
        </mac>
        <mac>
            <mac_min>FDA527296A54</mac_min>
            <mac_max>FDA527296A58</mac_max>
        </mac>
        <mac>
            <mac_min>FDA527296A8B</mac_min>
            <mac_max>FDA527296ABC</mac_max>
        </mac>
        <mac>
            <mac_min>FDA527296B53</mac_min>
            <mac_max>FDA527296B84</mac_max>
        </mac>
        <mac>
            <mac_min>FDA527296D7A</mac_min>
            <mac_max>FDA527296D7B</mac_max>
        </mac>
        <mac>
            <mac_min>FDA527296D7D</mac_min>
            <mac_max>FDA527296D7E</mac_max>
        </mac>
        <mac>
            <mac_min>FDA527296D86</mac_min>
            <mac_max>FDA527296D87</mac_max>
        </mac>
        <mac>
            <mac_min>FDA527296D8B</mac_min>
            <mac_max>FDA527296D90</mac_max>
        </mac>
        <mac>
            <mac_min>FDA527296D94</mac_min>
            <mac_max>FDA527296D95</mac_max>
        </mac>
        <mac>
            <mac_min>FDA527296D97</mac_min>
            <mac_max>FDA527296D9B</mac_max>
        </mac>
        <mac>
            <mac_min>FDA527296D9D</mac_min>
            <mac_max>FDA527296DA3</mac_max>
        </mac>
        <mac>
            <mac_min>FDA527296DA9</mac_min>
            <mac_max>FDA527296DDC</mac_max>
        </mac>
        <mac>
            <mac_min>FDA527296DE1</mac_min>
            <mac_max>FDA527296DE2</mac_max>
        </mac>
        <mac>
            <mac_min>FDA527296DEA</mac_min>
            <mac_max>FDA527296DED</mac_max>
        </mac>
        <mac>
            <mac_min>FDA527296DF7</mac_min>
            <mac_max>FDA527296DF8</mac_max>
        </mac>
        <mac>
            <mac_min>FDA527296E0F</mac_min>
            <mac_max>FDA527296E15</mac_max>
        </mac>
        <mac>
            <mac_min>FDA527296E19</mac_min>
            <mac_max>FDA527296E1E</mac_max>
        </mac>
        <mac>
            <mac_min>FDA527296E20</mac_min>
            <mac_max>FDA527296E21</mac_max>
        </mac>
        <mac>
            <mac_min>FDA527296E23</mac_min>
            <mac_max>FDA527296E24</mac_max>
        </mac>
        <mac>
            <mac_min>FDA527296E26</mac_min>
            <mac_max>FDA527296E2A</mac_max>
        </mac>
        <mac>
            <mac_min>FDA527296E2C</mac_min>
            <mac_max>FDA527296E2E</mac_max>
        </mac>
        <mac>
            <mac_min>FDA527296E30</mac_min>
            <mac_max>FDA527296E33</mac_max>
        </mac>
        <mac>
            <mac_min>FDA527296E38</mac_min>
            <mac_max>FDA527296E40</mac_max>
        </mac>
        <mac>
            <mac_min>FDA527296EE8</mac_min>
            <mac_max>FDA527296EE9</mac_max>
        </mac>
        <mac>
            <mac_min>FDA527296EF0</mac_min>
            <mac_max>FDA527296EF1</mac_max>
        </mac>
        <mac>
            <mac_min>FDA527296F0E</mac_min>
            <mac_max>FDA527296F10</mac_max>
        </mac>
        <mac>
            <mac_min>FDA527296F1C</mac_min>
            <mac_max>FDA527296F1D</mac_max>
        </mac>
        <mac>
            <mac_min>FDA527296F1F</mac_min>
            <mac_max>FDA527296F20</mac_max>
        </mac>
        <mac>
            <mac_min>FDA527296F2A</mac_min>
            <mac_max>FDA527296F2B</mac_max>
        </mac>
        <mac>
            <mac_min>FDA527296F2D</mac_min>
            <mac_max>FDA527296F2F</mac_max>
        </mac>
        <mac>
            <mac_min>FDA527296F31</mac_min>
            <mac_max>FDA527296F32</mac_max>
        </mac>
    </mac_range>
    <mac_single>
        <mac>C91A006B1D80</mac>
        <mac>C91A006B1D84</mac>
        <mac>C91A006B1D90</mac>
        <mac>C91A006B1D92</mac>
        <mac>C91A006B1D94</mac>
        <mac>C91A006B1D96</mac>
        <mac>C91A006B1D9E</mac>
        <mac>C91A006B1DA1</mac>
        <mac>C91A006B1DA4</mac>
        <mac>C91A006B1DA6</mac>
        <mac>C91A006B1DAC</mac>
        <mac>C91A006B1DAE</mac>
        <mac>C91A006B1DB7</mac>
        <mac>C91A006B1DBB</mac>
        <mac>C91A006B1DBF</mac>
        <mac>C91A006B1DC5</mac>
        <mac>C91A006B1DD2</mac>
        <mac>C91A006B1DD9</mac>
        <mac>C91A006B1DDD</mac>
        <mac>C91A006B1DE1</mac>
        <mac>C91A006B1DF2</mac>
        <mac>C91A006B1DF9</mac>
        <mac>C91A006B1EA1</mac>
        <mac>C91A006B1EB0</mac>
        <mac>C91A006B1EB5</mac>
        <mac>C91A006B1EBA</mac>
        <mac>C91A006B1EBD</mac>
        <mac>C91A006B1EC4</mac>
        <mac>C91A006B1EC7</mac>
        <mac>C91A006B1F11</mac>
        <mac>C91A006B1F37</mac>
        <mac>C91A006B2299</mac>
        <mac>C91A006B229E</mac>
        <mac>C91A006B22A1</mac>
        <mac>C91A006B22AA</mac>
        <mac>C91A006B22AD</mac>
        <mac>C91A006B22AF</mac>
        <mac>C91A006B22B8</mac>
        <mac>C91A006B22C1</mac>
        <mac>C91A006B22F6</mac>
        <mac>C91A006B2301</mac>
        <mac>C91A006B2304</mac>
        <mac>C91A006B230D</mac>
        <mac>C91A006B2316</mac>
        <mac>C91A006B2318</mac>
        <mac>FDA5272969A0</mac>
        <mac>FDA5272969A2</mac>
        <mac>FDA5272969AB</mac>
        <mac>FDA5272969B4</mac>
        <mac>FDA5272969B7</mac>
        <mac>FDA5272969C2</mac>
        <mac>FDA5272969F7</mac>
        <mac>FDA527296A00</mac>
        <mac>FDA527296A09</mac>
        <mac>FDA527296A0B</mac>
        <mac>FDA527296A0E</mac>
        <mac>FDA527296A17</mac>
        <mac>FDA527296A1A</mac>
        <mac>FDA527296A1F</mac>
        <mac>FDA527296D81</mac>
        <mac>FDA527296DA7</mac>
        <mac>FDA527296DF1</mac>
        <mac>FDA527296DF4</mac>
        <mac>FDA527296DFB</mac>
        <mac>FDA527296DFE</mac>
        <mac>FDA527296E03</mac>
        <mac>FDA527296E08</mac>
        <mac>FDA527296E17</mac>
        <mac>FDA527296EBF</mac>
        <mac>FDA527296EC6</mac>
        <mac>FDA527296ED7</mac>
        <mac>FDA527296EDB</mac>
        <mac>FDA527296EDF</mac>
        <mac>FDA527296EE6</mac>
        <mac>FDA527296EF3</mac>
        <mac>FDA527296EF9</mac>
        <mac>FDA527296EFD</mac>
        <mac>FDA527296F01</mac>
        <mac>FDA527296F0A</mac>
        <mac>FDA527296F0C</mac>
        <mac>FDA527296F12</mac>
        <mac>FDA527296F14</mac>
        <mac>FDA527296F17</mac>
        <mac>FDA527296F1A</mac>
        <mac>FDA527296F22</mac>
        <mac>FDA527296F24</mac>
        <mac>FDA527296F26</mac>
        <mac>FDA527296F28</mac>
        <mac>FDA527296F34</mac>
        <mac>FDA527296F38</mac>
    </mac_single>
    <mac_warn />
</build_mac>
