<?xml version="1.0" encoding="utf-8" ?>
<build_mac>
    <build_id>861300080010300001</build_id>
    <mac_range>
        <mac>
            <mac_min>C91A007247AE</mac_min>
            <mac_max>C91A007247B0</mac_max>
        </mac>
        <mac>
            <mac_min>C91A007247B2</mac_min>
            <mac_max>C91A007247BA</mac_max>
        </mac>
        <mac>
            <mac_min>C91A007247BE</mac_min>
            <mac_max>C91A007247C0</mac_max>
        </mac>
        <mac>
            <mac_min>C91A007247C2</mac_min>
            <mac_max>C91A007247DF</mac_max>
        </mac>
        <mac>
            <mac_min>C91A007248E6</mac_min>
            <mac_max>C91A007248E7</mac_max>
        </mac>
        <mac>
            <mac_min>C91A007248F9</mac_min>
            <mac_max>C91A007248FA</mac_max>
        </mac>
        <mac>
            <mac_min>C91A007248FC</mac_min>
            <mac_max>C91A007248FD</mac_max>
        </mac>
        <mac>
            <mac_min>FDA5272FE5C9</mac_min>
            <mac_max>FDA5272FE5CB</mac_max>
        </mac>
        <mac>
            <mac_min>FDA5272FE5CD</mac_min>
            <mac_max>FDA5272FE5D5</mac_max>
        </mac>
        <mac>
            <mac_min>FDA5272FE5D9</mac_min>
            <mac_max>FDA5272FE5DB</mac_max>
        </mac>
        <mac>
            <mac_min>FDA5272FE5DD</mac_min>
            <mac_max>FDA5272FE5FA</mac_max>
        </mac>
        <mac>
            <mac_min>FDA5272FE701</mac_min>
            <mac_max>FDA5272FE702</mac_max>
        </mac>
        <mac>
            <mac_min>FDA5272FE714</mac_min>
            <mac_max>FDA5272FE715</mac_max>
        </mac>
        <mac>
            <mac_min>FDA5272FE717</mac_min>
            <mac_max>FDA5272FE718</mac_max>
        </mac>
    </mac_range>
    <mac_single>
        <mac>C91A0072471B</mac>
        <mac>C91A00724728</mac>
        <mac>C91A0072472D</mac>
        <mac>C91A00724738</mac>
        <mac>C91A00724757</mac>
        <mac>C91A007247BC</mac>
        <mac>C91A007248DB</mac>
        <mac>C91A007248E0</mac>
        <mac>C91A007248EC</mac>
        <mac>C91A007248EF</mac>
        <mac>C91A007248F6</mac>
        <mac>C91A00724903</mac>
        <mac>C91A00724908</mac>
        <mac>FDA5272FE536</mac>
        <mac>FDA5272FE543</mac>
        <mac>FDA5272FE548</mac>
        <mac>FDA5272FE553</mac>
        <mac>FDA5272FE572</mac>
        <mac>FDA5272FE5D7</mac>
        <mac>FDA5272FE6F6</mac>
        <mac>FDA5272FE6FB</mac>
        <mac>FDA5272FE707</mac>
        <mac>FDA5272FE70A</mac>
        <mac>FDA5272FE711</mac>
        <mac>FDA5272FE71E</mac>
        <mac>FDA5272FE723</mac>
    </mac_single>
    <mac_warn />
</build_mac>
