<?xml version="1.0" encoding="utf-8" ?>
<build_mac>
    <build_id>861300010010300023</build_id>
    <mac_range>
        <mac>
            <mac_min>C91A006D2907</mac_min>
            <mac_max>C91A006D2908</mac_max>
        </mac>
        <mac>
            <mac_min>C91A006D290D</mac_min>
            <mac_max>C91A006D290F</mac_max>
        </mac>
        <mac>
            <mac_min>C91A006D291F</mac_min>
            <mac_max>C91A006D2921</mac_max>
        </mac>
        <mac>
            <mac_min>C91A006D2923</mac_min>
            <mac_max>C91A006D2924</mac_max>
        </mac>
        <mac>
            <mac_min>C91A006D4C5E</mac_min>
            <mac_max>C91A006D4C63</mac_max>
        </mac>
        <mac>
            <mac_min>C91A006D4C65</mac_min>
            <mac_max>C91A006D4C84</mac_max>
        </mac>
        <mac>
            <mac_min>C91A006D4C88</mac_min>
            <mac_max>C91A006D4C91</mac_max>
        </mac>
        <mac>
            <mac_min>C91A006D4C93</mac_min>
            <mac_max>C91A006D4CAC</mac_max>
        </mac>
        <mac>
            <mac_min>C91A006D4CAE</mac_min>
            <mac_max>C91A006D4CC1</mac_max>
        </mac>
        <mac>
            <mac_min>C91A006D4CC7</mac_min>
            <mac_max>C91A006D4CC8</mac_max>
        </mac>
        <mac>
            <mac_min>C91A006D4D03</mac_min>
            <mac_max>C91A006D4D08</mac_max>
        </mac>
        <mac>
            <mac_min>C91A006D4D0E</mac_min>
            <mac_max>C91A006D4D0F</mac_max>
        </mac>
        <mac>
            <mac_min>C91A006D4D11</mac_min>
            <mac_max>C91A006D4D12</mac_max>
        </mac>
        <mac>
            <mac_min>C91A006D4D14</mac_min>
            <mac_max>C91A006D4D17</mac_max>
        </mac>
        <mac>
            <mac_min>C91A006D4D24</mac_min>
            <mac_max>C91A006D4D25</mac_max>
        </mac>
        <mac>
            <mac_min>C91A006D4D39</mac_min>
            <mac_max>C91A006D4D3A</mac_max>
        </mac>
        <mac>
            <mac_min>C91A006D4D41</mac_min>
            <mac_max>C91A006D4D42</mac_max>
        </mac>
        <mac>
            <mac_min>C91A006D4D49</mac_min>
            <mac_max>C91A006D4D4D</mac_max>
        </mac>
        <mac>
            <mac_min>C91A006D4D8A</mac_min>
            <mac_max>C91A006D4DA2</mac_max>
        </mac>
        <mac>
            <mac_min>C91A006D4DA4</mac_min>
            <mac_max>C91A006D4DBC</mac_max>
        </mac>
        <mac>
            <mac_min>C91A006D4DBE</mac_min>
            <mac_max>C91A006D4DBF</mac_max>
        </mac>
        <mac>
            <mac_min>C91A006D4DCE</mac_min>
            <mac_max>C91A006D4DD0</mac_max>
        </mac>
        <mac>
            <mac_min>C91A006D4DD7</mac_min>
            <mac_max>C91A006D4DD8</mac_max>
        </mac>
        <mac>
            <mac_min>C91A006D4E09</mac_min>
            <mac_max>C91A006D4E0A</mac_max>
        </mac>
        <mac>
            <mac_min>FDA5272AE9E0</mac_min>
            <mac_max>FDA5272AE9E1</mac_max>
        </mac>
        <mac>
            <mac_min>FDA5272AE9E6</mac_min>
            <mac_max>FDA5272AE9E8</mac_max>
        </mac>
        <mac>
            <mac_min>FDA5272AE9F8</mac_min>
            <mac_max>FDA5272AE9FA</mac_max>
        </mac>
        <mac>
            <mac_min>FDA5272AE9FC</mac_min>
            <mac_max>FDA5272AE9FD</mac_max>
        </mac>
        <mac>
            <mac_min>FDA5272B0F2C</mac_min>
            <mac_max>FDA5272B0F31</mac_max>
        </mac>
        <mac>
            <mac_min>FDA5272B0F33</mac_min>
            <mac_max>FDA5272B0F52</mac_max>
        </mac>
        <mac>
            <mac_min>FDA5272B0F56</mac_min>
            <mac_max>FDA5272B0F5F</mac_max>
        </mac>
        <mac>
            <mac_min>FDA5272B0F61</mac_min>
            <mac_max>FDA5272B0F7A</mac_max>
        </mac>
        <mac>
            <mac_min>FDA5272B0F7C</mac_min>
            <mac_max>FDA5272B0F8F</mac_max>
        </mac>
        <mac>
            <mac_min>FDA5272B0F95</mac_min>
            <mac_max>FDA5272B0F96</mac_max>
        </mac>
        <mac>
            <mac_min>FDA5272B0FD1</mac_min>
            <mac_max>FDA5272B0FD6</mac_max>
        </mac>
        <mac>
            <mac_min>FDA5272B0FDC</mac_min>
            <mac_max>FDA5272B0FDD</mac_max>
        </mac>
        <mac>
            <mac_min>FDA5272B0FDF</mac_min>
            <mac_max>FDA5272B0FE0</mac_max>
        </mac>
        <mac>
            <mac_min>FDA5272B0FE2</mac_min>
            <mac_max>FDA5272B0FE5</mac_max>
        </mac>
        <mac>
            <mac_min>FDA5272B0FF2</mac_min>
            <mac_max>FDA5272B0FF3</mac_max>
        </mac>
        <mac>
            <mac_min>FDA5272B1007</mac_min>
            <mac_max>FDA5272B1008</mac_max>
        </mac>
        <mac>
            <mac_min>FDA5272B100F</mac_min>
            <mac_max>FDA5272B1010</mac_max>
        </mac>
        <mac>
            <mac_min>FDA5272B1017</mac_min>
            <mac_max>FDA5272B101B</mac_max>
        </mac>
        <mac>
            <mac_min>FDA5272B1058</mac_min>
            <mac_max>FDA5272B1070</mac_max>
        </mac>
        <mac>
            <mac_min>FDA5272B1072</mac_min>
            <mac_max>FDA5272B108A</mac_max>
        </mac>
        <mac>
            <mac_min>FDA5272B108C</mac_min>
            <mac_max>FDA5272B108D</mac_max>
        </mac>
        <mac>
            <mac_min>FDA5272B109C</mac_min>
            <mac_max>FDA5272B109E</mac_max>
        </mac>
        <mac>
            <mac_min>FDA5272B10A5</mac_min>
            <mac_max>FDA5272B10A6</mac_max>
        </mac>
        <mac>
            <mac_min>FDA5272B10D7</mac_min>
            <mac_max>FDA5272B10D8</mac_max>
        </mac>
    </mac_range>
    <mac_single>
        <mac>C91A006D2905</mac>
        <mac>C91A006D290A</mac>
        <mac>C91A006D2914</mac>
        <mac>C91A006D2919</mac>
        <mac>C91A006D2927</mac>
        <mac>C91A006D292D</mac>
        <mac>C91A006D2932</mac>
        <mac>C91A006D4C39</mac>
        <mac>C91A006D4C45</mac>
        <mac>C91A006D4C55</mac>
        <mac>C91A006D4C86</mac>
        <mac>C91A006D4CE2</mac>
        <mac>C91A006D4CF6</mac>
        <mac>C91A006D4CF9</mac>
        <mac>C91A006D4CFD</mac>
        <mac>C91A006D4D01</mac>
        <mac>C91A006D4D22</mac>
        <mac>C91A006D4D2D</mac>
        <mac>C91A006D4D32</mac>
        <mac>C91A006D4D3E</mac>
        <mac>C91A006D4D44</mac>
        <mac>C91A006D4D51</mac>
        <mac>C91A006D4D56</mac>
        <mac>C91A006D4DD2</mac>
        <mac>C91A006D4DDA</mac>
        <mac>C91A006D4DDC</mac>
        <mac>C91A006D4DE7</mac>
        <mac>C91A006D4DEB</mac>
        <mac>C91A006D4DED</mac>
        <mac>C91A006D4E01</mac>
        <mac>C91A006D4E16</mac>
        <mac>FDA5272AE9DE</mac>
        <mac>FDA5272AE9E3</mac>
        <mac>FDA5272AE9ED</mac>
        <mac>FDA5272AE9F2</mac>
        <mac>FDA5272AEA00</mac>
        <mac>FDA5272AEA06</mac>
        <mac>FDA5272AEA0B</mac>
        <mac>FDA5272B0F07</mac>
        <mac>FDA5272B0F13</mac>
        <mac>FDA5272B0F23</mac>
        <mac>FDA5272B0F54</mac>
        <mac>FDA5272B0FB0</mac>
        <mac>FDA5272B0FC4</mac>
        <mac>FDA5272B0FC7</mac>
        <mac>FDA5272B0FCB</mac>
        <mac>FDA5272B0FCF</mac>
        <mac>FDA5272B0FF0</mac>
        <mac>FDA5272B0FFB</mac>
        <mac>FDA5272B1000</mac>
        <mac>FDA5272B100C</mac>
        <mac>FDA5272B1012</mac>
        <mac>FDA5272B101F</mac>
        <mac>FDA5272B1024</mac>
        <mac>FDA5272B10A0</mac>
        <mac>FDA5272B10A8</mac>
        <mac>FDA5272B10AA</mac>
        <mac>FDA5272B10B5</mac>
        <mac>FDA5272B10B9</mac>
        <mac>FDA5272B10BB</mac>
        <mac>FDA5272B10CF</mac>
        <mac>FDA5272B10E4</mac>
    </mac_single>
    <mac_warn />
</build_mac>
