<?xml version="1.0" encoding="utf-8" ?>
<build_mac>
    <build_id>861300010010300028</build_id>
    <mac_range>
        <mac>
            <mac_min>C91A006B2169</mac_min>
            <mac_max>C91A006B216A</mac_max>
        </mac>
        <mac>
            <mac_min>C91A006B2173</mac_min>
            <mac_max>C91A006B2175</mac_max>
        </mac>
        <mac>
            <mac_min>C91A006B217A</mac_min>
            <mac_max>C91A006B217C</mac_max>
        </mac>
        <mac>
            <mac_min>C91A006B2180</mac_min>
            <mac_max>C91A006B2182</mac_max>
        </mac>
        <mac>
            <mac_min>C91A006B2187</mac_min>
            <mac_max>C91A006B2188</mac_max>
        </mac>
        <mac>
            <mac_min>C91A006B218F</mac_min>
            <mac_max>C91A006B2190</mac_max>
        </mac>
        <mac>
            <mac_min>C91A006B2192</mac_min>
            <mac_max>C91A006B2195</mac_max>
        </mac>
        <mac>
            <mac_min>C91A006B2244</mac_min>
            <mac_max>C91A006B2245</mac_max>
        </mac>
        <mac>
            <mac_min>C91A006B224B</mac_min>
            <mac_max>C91A006B224C</mac_max>
        </mac>
        <mac>
            <mac_min>FDA527296A6C</mac_min>
            <mac_max>FDA527296A6D</mac_max>
        </mac>
        <mac>
            <mac_min>FDA527296A73</mac_min>
            <mac_max>FDA527296A74</mac_max>
        </mac>
        <mac>
            <mac_min>FDA527296B23</mac_min>
            <mac_max>FDA527296B26</mac_max>
        </mac>
        <mac>
            <mac_min>FDA527296B28</mac_min>
            <mac_max>FDA527296B29</mac_max>
        </mac>
        <mac>
            <mac_min>FDA527296B30</mac_min>
            <mac_max>FDA527296B31</mac_max>
        </mac>
        <mac>
            <mac_min>FDA527296B36</mac_min>
            <mac_max>FDA527296B38</mac_max>
        </mac>
        <mac>
            <mac_min>FDA527296B3C</mac_min>
            <mac_max>FDA527296B3E</mac_max>
        </mac>
        <mac>
            <mac_min>FDA527296B43</mac_min>
            <mac_max>FDA527296B45</mac_max>
        </mac>
        <mac>
            <mac_min>FDA527296B4E</mac_min>
            <mac_max>FDA527296B4F</mac_max>
        </mac>
    </mac_range>
    <mac_single>
        <mac>C91A006B216C</mac>
        <mac>C91A006B216F</mac>
        <mac>C91A006B2177</mac>
        <mac>C91A006B217E</mac>
        <mac>C91A006B219A</mac>
        <mac>C91A006B219C</mac>
        <mac>C91A006B219E</mac>
        <mac>C91A006B21A2</mac>
        <mac>C91A006B21AC</mac>
        <mac>C91A006B21AF</mac>
        <mac>C91A006B21B1</mac>
        <mac>C91A006B21BE</mac>
        <mac>C91A006B21C4</mac>
        <mac>C91A006B2232</mac>
        <mac>C91A006B2234</mac>
        <mac>C91A006B223E</mac>
        <mac>C91A006B224E</mac>
        <mac>C91A006B2250</mac>
        <mac>C91A006B2255</mac>
        <mac>FDA527296A63</mac>
        <mac>FDA527296A68</mac>
        <mac>FDA527296A6A</mac>
        <mac>FDA527296A7A</mac>
        <mac>FDA527296A84</mac>
        <mac>FDA527296A86</mac>
        <mac>FDA527296AF4</mac>
        <mac>FDA527296AFA</mac>
        <mac>FDA527296B07</mac>
        <mac>FDA527296B09</mac>
        <mac>FDA527296B0C</mac>
        <mac>FDA527296B16</mac>
        <mac>FDA527296B1A</mac>
        <mac>FDA527296B1C</mac>
        <mac>FDA527296B1E</mac>
        <mac>FDA527296B3A</mac>
        <mac>FDA527296B41</mac>
        <mac>FDA527296B49</mac>
        <mac>FDA527296B4C</mac>
    </mac_single>
    <mac_warn />
</build_mac>
