<?xml version="1.0" encoding="utf-8" ?>
<build_mac>
    <build_id>861300010150300014</build_id>
    <mac_range>
        <mac>
            <mac_min>C91A007139A3</mac_min>
            <mac_max>C91A007139A7</mac_max>
        </mac>
        <mac>
            <mac_min>C91A007139B4</mac_min>
            <mac_max>C91A007139B5</mac_max>
        </mac>
        <mac>
            <mac_min>C91A007139BC</mac_min>
            <mac_max>C91A007139BD</mac_max>
        </mac>
        <mac>
            <mac_min>C91A007139C6</mac_min>
            <mac_max>C91A007139C8</mac_max>
        </mac>
        <mac>
            <mac_min>C91A00713A79</mac_min>
            <mac_max>C91A00713A7B</mac_max>
        </mac>
        <mac>
            <mac_min>C91A00713A7E</mac_min>
            <mac_max>C91A00713A7F</mac_max>
        </mac>
        <mac>
            <mac_min>C91A00713A83</mac_min>
            <mac_max>C91A00713A84</mac_max>
        </mac>
        <mac>
            <mac_min>C91A00713A87</mac_min>
            <mac_max>C91A00713A88</mac_max>
        </mac>
        <mac>
            <mac_min>C91A00713A8A</mac_min>
            <mac_max>C91A00713A8B</mac_max>
        </mac>
        <mac>
            <mac_min>C91A00713A8D</mac_min>
            <mac_max>C91A00713A8E</mac_max>
        </mac>
        <mac>
            <mac_min>C91A00713A90</mac_min>
            <mac_max>C91A00713A91</mac_max>
        </mac>
        <mac>
            <mac_min>C91A00713A95</mac_min>
            <mac_max>C91A00713A97</mac_max>
        </mac>
        <mac>
            <mac_min>FDA5272E23C6</mac_min>
            <mac_max>FDA5272E23CA</mac_max>
        </mac>
        <mac>
            <mac_min>FDA5272E23D7</mac_min>
            <mac_max>FDA5272E23D8</mac_max>
        </mac>
        <mac>
            <mac_min>FDA5272E23DF</mac_min>
            <mac_max>FDA5272E23E0</mac_max>
        </mac>
        <mac>
            <mac_min>FDA5272E23E9</mac_min>
            <mac_max>FDA5272E23EB</mac_max>
        </mac>
        <mac>
            <mac_min>FDA5272E249C</mac_min>
            <mac_max>FDA5272E249E</mac_max>
        </mac>
        <mac>
            <mac_min>FDA5272E24A1</mac_min>
            <mac_max>FDA5272E24A2</mac_max>
        </mac>
        <mac>
            <mac_min>FDA5272E24A6</mac_min>
            <mac_max>FDA5272E24A7</mac_max>
        </mac>
        <mac>
            <mac_min>FDA5272E24AA</mac_min>
            <mac_max>FDA5272E24AB</mac_max>
        </mac>
        <mac>
            <mac_min>FDA5272E24AD</mac_min>
            <mac_max>FDA5272E24AE</mac_max>
        </mac>
        <mac>
            <mac_min>FDA5272E24B0</mac_min>
            <mac_max>FDA5272E24B1</mac_max>
        </mac>
        <mac>
            <mac_min>FDA5272E24B3</mac_min>
            <mac_max>FDA5272E24B4</mac_max>
        </mac>
        <mac>
            <mac_min>FDA5272E24B8</mac_min>
            <mac_max>FDA5272E24BA</mac_max>
        </mac>
    </mac_range>
    <mac_single>
        <mac>C91A007138B0</mac>
        <mac>C91A007138C5</mac>
        <mac>C91A007138D0</mac>
        <mac>C91A0071399F</mac>
        <mac>C91A007139AB</mac>
        <mac>C91A007139AD</mac>
        <mac>C91A007139AF</mac>
        <mac>C91A007139B2</mac>
        <mac>C91A007139C1</mac>
        <mac>C91A007139CA</mac>
        <mac>C91A007139CC</mac>
        <mac>C91A007139CE</mac>
        <mac>C91A00713A66</mac>
        <mac>C91A00713A68</mac>
        <mac>C91A00713A6B</mac>
        <mac>C91A00713A6D</mac>
        <mac>C91A00713A6F</mac>
        <mac>C91A00713A74</mac>
        <mac>C91A00713A77</mac>
        <mac>C91A00713A81</mac>
        <mac>FDA5272E22D3</mac>
        <mac>FDA5272E22E8</mac>
        <mac>FDA5272E22F3</mac>
        <mac>FDA5272E23C2</mac>
        <mac>FDA5272E23CE</mac>
        <mac>FDA5272E23D0</mac>
        <mac>FDA5272E23D2</mac>
        <mac>FDA5272E23D5</mac>
        <mac>FDA5272E23E4</mac>
        <mac>FDA5272E23ED</mac>
        <mac>FDA5272E23EF</mac>
        <mac>FDA5272E23F1</mac>
        <mac>FDA5272E2489</mac>
        <mac>FDA5272E248B</mac>
        <mac>FDA5272E248E</mac>
        <mac>FDA5272E2490</mac>
        <mac>FDA5272E2492</mac>
        <mac>FDA5272E2497</mac>
        <mac>FDA5272E249A</mac>
        <mac>FDA5272E24A4</mac>
    </mac_single>
    <mac_warn />
</build_mac>
