<?xml version="1.0" encoding="utf-8" ?>
<build_mac>
    <build_id>861300010040300001</build_id>
    <mac_range>
        <mac>
            <mac_min>C91A002C0208</mac_min>
            <mac_max>C91A002C02A3</mac_max>
        </mac>
        <mac>
            <mac_min>C91A002C0310</mac_min>
            <mac_max>C91A002C0312</mac_max>
        </mac>
        <mac>
            <mac_min>C91A002C0326</mac_min>
            <mac_max>C91A002C0329</mac_max>
        </mac>
        <mac>
            <mac_min>C91A002C0398</mac_min>
            <mac_max>C91A002C03F0</mac_max>
        </mac>
        <mac>
            <mac_min>C91A002C03F2</mac_min>
            <mac_max>C91A002C03FB</mac_max>
        </mac>
        <mac>
            <mac_min>C91A002C0406</mac_min>
            <mac_max>C91A002C0407</mac_max>
        </mac>
        <mac>
            <mac_min>C91A002C041A</mac_min>
            <mac_max>C91A002C041E</mac_max>
        </mac>
    </mac_range>
    <mac_single>
        <mac>C91A002C006F</mac>
        <mac>C91A002C02B0</mac>
        <mac>C91A002C02BA</mac>
        <mac>C91A002C02C5</mac>
        <mac>C91A002C031D</mac>
        <mac>C91A002C031F</mac>
        <mac>C91A002C0421</mac>
        <mac>C91A002C042E</mac>
        <mac>C91A002C0442</mac>
        <mac>C91A002C044B</mac>
        <mac>C91A002C0456</mac>
    </mac_single>
    <mac_warn />
</build_mac>
