<?xml version="1.0" encoding="utf-8" ?>
<build_mac>
    <build_id>861300130010300003</build_id>
    <mac_range>
        <mac>
            <mac_min>C91A006D2EE0</mac_min>
            <mac_max>C91A006D2F11</mac_max>
        </mac>
        <mac>
            <mac_min>C91A006D2F76</mac_min>
            <mac_max>C91A006D2FA7</mac_max>
        </mac>
        <mac>
            <mac_min>C91A006D30A0</mac_min>
            <mac_max>C91A006D30A1</mac_max>
        </mac>
        <mac>
            <mac_min>FDA5272AEFBA</mac_min>
            <mac_max>FDA5272AEFEB</mac_max>
        </mac>
        <mac>
            <mac_min>FDA5272AF050</mac_min>
            <mac_max>FDA5272AF081</mac_max>
        </mac>
        <mac>
            <mac_min>FDA5272AF17A</mac_min>
            <mac_max>FDA5272AF17B</mac_max>
        </mac>
    </mac_range>
    <mac_single>
        <mac>C91A006D2FC0</mac>
        <mac>C91A006D2FD6</mac>
        <mac>C91A006D3071</mac>
        <mac>C91A006D3073</mac>
        <mac>C91A006D3075</mac>
        <mac>C91A006D3078</mac>
        <mac>C91A006D307B</mac>
        <mac>C91A006D3083</mac>
        <mac>C91A006D30BA</mac>
        <mac>C91A006D30BC</mac>
        <mac>FDA5272AF09A</mac>
        <mac>FDA5272AF0B0</mac>
        <mac>FDA5272AF14B</mac>
        <mac>FDA5272AF14D</mac>
        <mac>FDA5272AF14F</mac>
        <mac>FDA5272AF152</mac>
        <mac>FDA5272AF155</mac>
        <mac>FDA5272AF15D</mac>
        <mac>FDA5272AF194</mac>
        <mac>FDA5272AF196</mac>
    </mac_single>
    <mac_warn />
</build_mac>
