<?xml version="1.0" encoding="utf-8" ?>
<build_mac>
    <build_id>861300010150300003</build_id>
    <mac_range>
        <mac>
            <mac_min>C91A007139B0</mac_min>
            <mac_max>C91A007139B1</mac_max>
        </mac>
        <mac>
            <mac_min>C91A007139B8</mac_min>
            <mac_max>C91A007139B9</mac_max>
        </mac>
        <mac>
            <mac_min>C91A00713A69</mac_min>
            <mac_max>C91A00713A6A</mac_max>
        </mac>
        <mac>
            <mac_min>C91A00713A70</mac_min>
            <mac_max>C91A00713A72</mac_max>
        </mac>
        <mac>
            <mac_min>C91A00713A93</mac_min>
            <mac_max>C91A00713A94</mac_max>
        </mac>
        <mac>
            <mac_min>C91A00725528</mac_min>
            <mac_max>C91A00725529</mac_max>
        </mac>
        <mac>
            <mac_min>C91A0072552B</mac_min>
            <mac_max>C91A0072552E</mac_max>
        </mac>
        <mac>
            <mac_min>C91A00725530</mac_min>
            <mac_max>C91A00725533</mac_max>
        </mac>
        <mac>
            <mac_min>C91A00725535</mac_min>
            <mac_max>C91A0072553A</mac_max>
        </mac>
        <mac>
            <mac_min>C91A00725540</mac_min>
            <mac_max>C91A00725542</mac_max>
        </mac>
        <mac>
            <mac_min>C91A00725544</mac_min>
            <mac_max>C91A00725549</mac_max>
        </mac>
        <mac>
            <mac_min>C91A0072554C</mac_min>
            <mac_max>C91A0072554F</mac_max>
        </mac>
        <mac>
            <mac_min>C91A00725555</mac_min>
            <mac_max>C91A00725558</mac_max>
        </mac>
        <mac>
            <mac_min>FDA5272E23D3</mac_min>
            <mac_max>FDA5272E23D4</mac_max>
        </mac>
        <mac>
            <mac_min>FDA5272E23DB</mac_min>
            <mac_max>FDA5272E23DC</mac_max>
        </mac>
        <mac>
            <mac_min>FDA5272E248C</mac_min>
            <mac_max>FDA5272E248D</mac_max>
        </mac>
        <mac>
            <mac_min>FDA5272E2493</mac_min>
            <mac_max>FDA5272E2495</mac_max>
        </mac>
        <mac>
            <mac_min>FDA5272E24B6</mac_min>
            <mac_max>FDA5272E24B7</mac_max>
        </mac>
        <mac>
            <mac_min>FDA5272FF344</mac_min>
            <mac_max>FDA5272FF345</mac_max>
        </mac>
        <mac>
            <mac_min>FDA5272FF347</mac_min>
            <mac_max>FDA5272FF34A</mac_max>
        </mac>
        <mac>
            <mac_min>FDA5272FF34C</mac_min>
            <mac_max>FDA5272FF34F</mac_max>
        </mac>
        <mac>
            <mac_min>FDA5272FF351</mac_min>
            <mac_max>FDA5272FF356</mac_max>
        </mac>
        <mac>
            <mac_min>FDA5272FF35C</mac_min>
            <mac_max>FDA5272FF35E</mac_max>
        </mac>
        <mac>
            <mac_min>FDA5272FF360</mac_min>
            <mac_max>FDA5272FF365</mac_max>
        </mac>
        <mac>
            <mac_min>FDA5272FF368</mac_min>
            <mac_max>FDA5272FF36B</mac_max>
        </mac>
        <mac>
            <mac_min>FDA5272FF371</mac_min>
            <mac_max>FDA5272FF374</mac_max>
        </mac>
    </mac_range>
    <mac_single>
        <mac>C91A007138A8</mac>
        <mac>C91A007139AA</mac>
        <mac>C91A00713A6E</mac>
        <mac>C91A00713A76</mac>
        <mac>C91A00713A7D</mac>
        <mac>C91A00713A85</mac>
        <mac>C91A00713A89</mac>
        <mac>C91A00713A8C</mac>
        <mac>C91A0072553D</mac>
        <mac>C91A00725553</mac>
        <mac>FDA5272E22CB</mac>
        <mac>FDA5272E23CD</mac>
        <mac>FDA5272E2491</mac>
        <mac>FDA5272E2499</mac>
        <mac>FDA5272E24A0</mac>
        <mac>FDA5272E24A8</mac>
        <mac>FDA5272E24AC</mac>
        <mac>FDA5272E24AF</mac>
        <mac>FDA5272FF359</mac>
        <mac>FDA5272FF36F</mac>
    </mac_single>
    <mac_warn />
</build_mac>
