<?xml version="1.0" encoding="utf-8" ?>
<build_mac>
    <build_id>861300010110300002</build_id>
    <mac_range>
        <mac>
            <mac_min>C91A006C0B22</mac_min>
            <mac_max>C91A006C0B85</mac_max>
        </mac>
        <mac>
            <mac_min>C91A006C0BB8</mac_min>
            <mac_max>C91A006C0BBF</mac_max>
        </mac>
        <mac>
            <mac_min>C91A006C0BC1</mac_min>
            <mac_max>C91A006C0BC7</mac_max>
        </mac>
        <mac>
            <mac_min>C91A006C0BCE</mac_min>
            <mac_max>C91A006C0BD2</mac_max>
        </mac>
        <mac>
            <mac_min>C91A006C0BD8</mac_min>
            <mac_max>C91A006C0BDB</mac_max>
        </mac>
        <mac>
            <mac_min>C91A006C0BDE</mac_min>
            <mac_max>C91A006C0BE5</mac_max>
        </mac>
        <mac>
            <mac_min>C91A006C0BE7</mac_min>
            <mac_max>C91A006C0BEE</mac_max>
        </mac>
        <mac>
            <mac_min>C91A006C0BF0</mac_min>
            <mac_max>C91A006C0C7F</mac_max>
        </mac>
        <mac>
            <mac_min>ECB352D60032</mac_min>
            <mac_max>ECB352D60095</mac_max>
        </mac>
        <mac>
            <mac_min>ECB352D600C8</mac_min>
            <mac_max>ECB352D600CF</mac_max>
        </mac>
        <mac>
            <mac_min>ECB352D600D1</mac_min>
            <mac_max>ECB352D600D7</mac_max>
        </mac>
        <mac>
            <mac_min>ECB352D600DE</mac_min>
            <mac_max>ECB352D600E2</mac_max>
        </mac>
        <mac>
            <mac_min>ECB352D600E8</mac_min>
            <mac_max>ECB352D600EB</mac_max>
        </mac>
        <mac>
            <mac_min>ECB352D600EE</mac_min>
            <mac_max>ECB352D600F5</mac_max>
        </mac>
        <mac>
            <mac_min>ECB352D600F7</mac_min>
            <mac_max>ECB352D600FE</mac_max>
        </mac>
        <mac>
            <mac_min>ECB352D60100</mac_min>
            <mac_max>ECB352D6018F</mac_max>
        </mac>
        <mac>
            <mac_min>FDA5272A7404</mac_min>
            <mac_max>FDA5272A7467</mac_max>
        </mac>
        <mac>
            <mac_min>FDA5272A749A</mac_min>
            <mac_max>FDA5272A74A1</mac_max>
        </mac>
        <mac>
            <mac_min>FDA5272A74A3</mac_min>
            <mac_max>FDA5272A74A9</mac_max>
        </mac>
        <mac>
            <mac_min>FDA5272A74B0</mac_min>
            <mac_max>FDA5272A74B4</mac_max>
        </mac>
        <mac>
            <mac_min>FDA5272A74BA</mac_min>
            <mac_max>FDA5272A74BD</mac_max>
        </mac>
        <mac>
            <mac_min>FDA5272A74C0</mac_min>
            <mac_max>FDA5272A74C7</mac_max>
        </mac>
        <mac>
            <mac_min>FDA5272A74C9</mac_min>
            <mac_max>FDA5272A74D0</mac_max>
        </mac>
        <mac>
            <mac_min>FDA5272A74D2</mac_min>
            <mac_max>FDA5272A7561</mac_max>
        </mac>
    </mac_range>
    <mac_single>
        <mac>C91A006C0BCA</mac>
        <mac>C91A006C0BCC</mac>
        <mac>C91A006C0BD4</mac>
        <mac>C91A006C0BD6</mac>
        <mac>ECB352D600DA</mac>
        <mac>ECB352D600DC</mac>
        <mac>ECB352D600E4</mac>
        <mac>ECB352D600E6</mac>
        <mac>FDA5272A74AC</mac>
        <mac>FDA5272A74AE</mac>
        <mac>FDA5272A74B6</mac>
        <mac>FDA5272A74B8</mac>
    </mac_single>
    <mac_warn />
</build_mac>
