<?xml version="1.0" encoding="utf-8" ?>
<build_mac>
    <build_id>861300010010300030</build_id>
    <mac_range>
        <mac>
            <mac_min>C91A006D445D</mac_min>
            <mac_max>C91A006D4468</mac_max>
        </mac>
        <mac>
            <mac_min>C91A006D4471</mac_min>
            <mac_max>C91A006D4474</mac_max>
        </mac>
        <mac>
            <mac_min>C91A006D4478</mac_min>
            <mac_max>C91A006D447A</mac_max>
        </mac>
        <mac>
            <mac_min>C91A006D4481</mac_min>
            <mac_max>C91A006D4482</mac_max>
        </mac>
        <mac>
            <mac_min>C91A006D4485</mac_min>
            <mac_max>C91A006D4487</mac_max>
        </mac>
        <mac>
            <mac_min>C91A006D448B</mac_min>
            <mac_max>C91A006D448D</mac_max>
        </mac>
        <mac>
            <mac_min>C91A006D44AC</mac_min>
            <mac_max>C91A006D44AE</mac_max>
        </mac>
        <mac>
            <mac_min>C91A006D44B8</mac_min>
            <mac_max>C91A006D44BA</mac_max>
        </mac>
        <mac>
            <mac_min>C91A006D44C5</mac_min>
            <mac_max>C91A006D44C6</mac_max>
        </mac>
        <mac>
            <mac_min>C91A006D44C8</mac_min>
            <mac_max>C91A006D44CF</mac_max>
        </mac>
        <mac>
            <mac_min>C91A006D44D5</mac_min>
            <mac_max>C91A006D44D6</mac_max>
        </mac>
        <mac>
            <mac_min>C91A006D44DA</mac_min>
            <mac_max>C91A006D44DD</mac_max>
        </mac>
        <mac>
            <mac_min>C91A006D44DF</mac_min>
            <mac_max>C91A006D44E0</mac_max>
        </mac>
        <mac>
            <mac_min>C91A006D44E4</mac_min>
            <mac_max>C91A006D44E5</mac_max>
        </mac>
        <mac>
            <mac_min>C91A006D44E7</mac_min>
            <mac_max>C91A006D44E9</mac_max>
        </mac>
        <mac>
            <mac_min>C91A006D44EC</mac_min>
            <mac_max>C91A006D44F1</mac_max>
        </mac>
        <mac>
            <mac_min>C91A006D453C</mac_min>
            <mac_max>C91A006D453D</mac_max>
        </mac>
        <mac>
            <mac_min>C91A006D4540</mac_min>
            <mac_max>C91A006D4541</mac_max>
        </mac>
        <mac>
            <mac_min>C91A006D4548</mac_min>
            <mac_max>C91A006D454A</mac_max>
        </mac>
        <mac>
            <mac_min>C91A006D4552</mac_min>
            <mac_max>C91A006D4553</mac_max>
        </mac>
        <mac>
            <mac_min>C91A006D458B</mac_min>
            <mac_max>C91A006D4594</mac_max>
        </mac>
        <mac>
            <mac_min>C91A006D459B</mac_min>
            <mac_max>C91A006D459D</mac_max>
        </mac>
        <mac>
            <mac_min>C91A006D45A0</mac_min>
            <mac_max>C91A006D45A3</mac_max>
        </mac>
        <mac>
            <mac_min>C91A006D45AD</mac_min>
            <mac_max>C91A006D45B6</mac_max>
        </mac>
        <mac>
            <mac_min>C91A006D45B8</mac_min>
            <mac_max>C91A006D45B9</mac_max>
        </mac>
        <mac>
            <mac_min>C91A006D45F1</mac_min>
            <mac_max>C91A006D45F2</mac_max>
        </mac>
        <mac>
            <mac_min>C91A006D45F7</mac_min>
            <mac_max>C91A006D45F9</mac_max>
        </mac>
        <mac>
            <mac_min>C91A006D4604</mac_min>
            <mac_max>C91A006D4606</mac_max>
        </mac>
        <mac>
            <mac_min>C91A006D460B</mac_min>
            <mac_max>C91A006D460C</mac_max>
        </mac>
        <mac>
            <mac_min>C91A006D4612</mac_min>
            <mac_max>C91A006D4613</mac_max>
        </mac>
        <mac>
            <mac_min>C91A006D4618</mac_min>
            <mac_max>C91A006D4619</mac_max>
        </mac>
        <mac>
            <mac_min>C91A006D462A</mac_min>
            <mac_max>C91A006D462C</mac_max>
        </mac>
        <mac>
            <mac_min>C91A006D4630</mac_min>
            <mac_max>C91A006D4632</mac_max>
        </mac>
        <mac>
            <mac_min>C91A006D4639</mac_min>
            <mac_max>C91A006D463C</mac_max>
        </mac>
        <mac>
            <mac_min>C91A006D463F</mac_min>
            <mac_max>C91A006D4640</mac_max>
        </mac>
        <mac>
            <mac_min>C91A006D4649</mac_min>
            <mac_max>C91A006D464D</mac_max>
        </mac>
        <mac>
            <mac_min>FDA5272B072B</mac_min>
            <mac_max>FDA5272B0736</mac_max>
        </mac>
        <mac>
            <mac_min>FDA5272B073F</mac_min>
            <mac_max>FDA5272B0742</mac_max>
        </mac>
        <mac>
            <mac_min>FDA5272B0746</mac_min>
            <mac_max>FDA5272B0748</mac_max>
        </mac>
        <mac>
            <mac_min>FDA5272B074F</mac_min>
            <mac_max>FDA5272B0750</mac_max>
        </mac>
        <mac>
            <mac_min>FDA5272B0753</mac_min>
            <mac_max>FDA5272B0755</mac_max>
        </mac>
        <mac>
            <mac_min>FDA5272B0759</mac_min>
            <mac_max>FDA5272B075B</mac_max>
        </mac>
        <mac>
            <mac_min>FDA5272B077A</mac_min>
            <mac_max>FDA5272B077C</mac_max>
        </mac>
        <mac>
            <mac_min>FDA5272B0786</mac_min>
            <mac_max>FDA5272B0788</mac_max>
        </mac>
        <mac>
            <mac_min>FDA5272B0793</mac_min>
            <mac_max>FDA5272B0794</mac_max>
        </mac>
        <mac>
            <mac_min>FDA5272B0796</mac_min>
            <mac_max>FDA5272B079D</mac_max>
        </mac>
        <mac>
            <mac_min>FDA5272B07A3</mac_min>
            <mac_max>FDA5272B07A4</mac_max>
        </mac>
        <mac>
            <mac_min>FDA5272B07A8</mac_min>
            <mac_max>FDA5272B07AB</mac_max>
        </mac>
        <mac>
            <mac_min>FDA5272B07AD</mac_min>
            <mac_max>FDA5272B07AE</mac_max>
        </mac>
        <mac>
            <mac_min>FDA5272B07B2</mac_min>
            <mac_max>FDA5272B07B3</mac_max>
        </mac>
        <mac>
            <mac_min>FDA5272B07B5</mac_min>
            <mac_max>FDA5272B07B7</mac_max>
        </mac>
        <mac>
            <mac_min>FDA5272B07BA</mac_min>
            <mac_max>FDA5272B07BF</mac_max>
        </mac>
        <mac>
            <mac_min>FDA5272B080A</mac_min>
            <mac_max>FDA5272B080B</mac_max>
        </mac>
        <mac>
            <mac_min>FDA5272B080E</mac_min>
            <mac_max>FDA5272B080F</mac_max>
        </mac>
        <mac>
            <mac_min>FDA5272B0816</mac_min>
            <mac_max>FDA5272B0818</mac_max>
        </mac>
        <mac>
            <mac_min>FDA5272B0820</mac_min>
            <mac_max>FDA5272B0821</mac_max>
        </mac>
        <mac>
            <mac_min>FDA5272B0859</mac_min>
            <mac_max>FDA5272B0862</mac_max>
        </mac>
        <mac>
            <mac_min>FDA5272B0869</mac_min>
            <mac_max>FDA5272B086B</mac_max>
        </mac>
        <mac>
            <mac_min>FDA5272B086E</mac_min>
            <mac_max>FDA5272B0871</mac_max>
        </mac>
        <mac>
            <mac_min>FDA5272B087B</mac_min>
            <mac_max>FDA5272B0884</mac_max>
        </mac>
        <mac>
            <mac_min>FDA5272B0886</mac_min>
            <mac_max>FDA5272B0887</mac_max>
        </mac>
        <mac>
            <mac_min>FDA5272B08BF</mac_min>
            <mac_max>FDA5272B08C0</mac_max>
        </mac>
        <mac>
            <mac_min>FDA5272B08C5</mac_min>
            <mac_max>FDA5272B08C7</mac_max>
        </mac>
        <mac>
            <mac_min>FDA5272B08D2</mac_min>
            <mac_max>FDA5272B08D4</mac_max>
        </mac>
        <mac>
            <mac_min>FDA5272B08D9</mac_min>
            <mac_max>FDA5272B08DA</mac_max>
        </mac>
        <mac>
            <mac_min>FDA5272B08E0</mac_min>
            <mac_max>FDA5272B08E1</mac_max>
        </mac>
        <mac>
            <mac_min>FDA5272B08E6</mac_min>
            <mac_max>FDA5272B08E7</mac_max>
        </mac>
        <mac>
            <mac_min>FDA5272B08F8</mac_min>
            <mac_max>FDA5272B08FA</mac_max>
        </mac>
        <mac>
            <mac_min>FDA5272B08FE</mac_min>
            <mac_max>FDA5272B0900</mac_max>
        </mac>
        <mac>
            <mac_min>FDA5272B0907</mac_min>
            <mac_max>FDA5272B090A</mac_max>
        </mac>
        <mac>
            <mac_min>FDA5272B090D</mac_min>
            <mac_max>FDA5272B090E</mac_max>
        </mac>
        <mac>
            <mac_min>FDA5272B0917</mac_min>
            <mac_max>FDA5272B091B</mac_max>
        </mac>
    </mac_range>
    <mac_single>
        <mac>C91A006D446D</mac>
        <mac>C91A006D447D</mac>
        <mac>C91A006D4490</mac>
        <mac>C91A006D449B</mac>
        <mac>C91A006D449D</mac>
        <mac>C91A006D449F</mac>
        <mac>C91A006D44A7</mac>
        <mac>C91A006D44AA</mac>
        <mac>C91A006D44B1</mac>
        <mac>C91A006D44BD</mac>
        <mac>C91A006D44C2</mac>
        <mac>C91A006D44D1</mac>
        <mac>C91A006D44D3</mac>
        <mac>C91A006D44E2</mac>
        <mac>C91A006D451E</mac>
        <mac>C91A006D4524</mac>
        <mac>C91A006D4529</mac>
        <mac>C91A006D4530</mac>
        <mac>C91A006D4532</mac>
        <mac>C91A006D4538</mac>
        <mac>C91A006D4589</mac>
        <mac>C91A006D4596</mac>
        <mac>C91A006D4598</mac>
        <mac>C91A006D45A5</mac>
        <mac>C91A006D45A8</mac>
        <mac>C91A006D45AB</mac>
        <mac>C91A006D45ED</mac>
        <mac>C91A006D45EF</mac>
        <mac>C91A006D45FC</mac>
        <mac>C91A006D4608</mac>
        <mac>C91A006D460E</mac>
        <mac>C91A006D4616</mac>
        <mac>C91A006D461B</mac>
        <mac>C91A006D461E</mac>
        <mac>C91A006D4622</mac>
        <mac>C91A006D4626</mac>
        <mac>C91A006D462E</mac>
        <mac>C91A006D4634</mac>
        <mac>C91A006D4636</mac>
        <mac>FDA5272B073B</mac>
        <mac>FDA5272B074B</mac>
        <mac>FDA5272B075E</mac>
        <mac>FDA5272B0769</mac>
        <mac>FDA5272B076B</mac>
        <mac>FDA5272B076D</mac>
        <mac>FDA5272B0775</mac>
        <mac>FDA5272B0778</mac>
        <mac>FDA5272B077F</mac>
        <mac>FDA5272B078B</mac>
        <mac>FDA5272B0790</mac>
        <mac>FDA5272B079F</mac>
        <mac>FDA5272B07A1</mac>
        <mac>FDA5272B07B0</mac>
        <mac>FDA5272B07EC</mac>
        <mac>FDA5272B07F2</mac>
        <mac>FDA5272B07F7</mac>
        <mac>FDA5272B07FE</mac>
        <mac>FDA5272B0800</mac>
        <mac>FDA5272B0806</mac>
        <mac>FDA5272B0857</mac>
        <mac>FDA5272B0864</mac>
        <mac>FDA5272B0866</mac>
        <mac>FDA5272B0873</mac>
        <mac>FDA5272B0876</mac>
        <mac>FDA5272B0879</mac>
        <mac>FDA5272B08BB</mac>
        <mac>FDA5272B08BD</mac>
        <mac>FDA5272B08CA</mac>
        <mac>FDA5272B08D6</mac>
        <mac>FDA5272B08DC</mac>
        <mac>FDA5272B08E4</mac>
        <mac>FDA5272B08E9</mac>
        <mac>FDA5272B08EC</mac>
        <mac>FDA5272B08F0</mac>
        <mac>FDA5272B08F4</mac>
        <mac>FDA5272B08FC</mac>
        <mac>FDA5272B0902</mac>
        <mac>FDA5272B0904</mac>
    </mac_single>
    <mac_warn />
</build_mac>
