<?xml version="1.0" encoding="utf-8" ?>
<build_mac>
    <build_id>861300180010300001</build_id>
    <mac_range>
        <mac>
            <mac_min>C91A00601FA4</mac_min>
            <mac_max>C91A00601FA7</mac_max>
        </mac>
        <mac>
            <mac_min>C91A00601FAC</mac_min>
            <mac_max>C91A00601FB2</mac_max>
        </mac>
        <mac>
            <mac_min>C91A00601FB5</mac_min>
            <mac_max>C91A00601FB6</mac_max>
        </mac>
        <mac>
            <mac_min>C91A00601FBD</mac_min>
            <mac_max>C91A00601FBF</mac_max>
        </mac>
        <mac>
            <mac_min>C91A00601FC2</mac_min>
            <mac_max>C91A00601FC3</mac_max>
        </mac>
        <mac>
            <mac_min>C91A00601FCC</mac_min>
            <mac_max>C91A00601FCE</mac_max>
        </mac>
        <mac>
            <mac_min>FDA5271BF202</mac_min>
            <mac_max>FDA5271BF205</mac_max>
        </mac>
        <mac>
            <mac_min>FDA5271BF20A</mac_min>
            <mac_max>FDA5271BF210</mac_max>
        </mac>
        <mac>
            <mac_min>FDA5271BF213</mac_min>
            <mac_max>FDA5271BF214</mac_max>
        </mac>
        <mac>
            <mac_min>FDA5271BF21B</mac_min>
            <mac_max>FDA5271BF21D</mac_max>
        </mac>
        <mac>
            <mac_min>FDA5271BF220</mac_min>
            <mac_max>FDA5271BF221</mac_max>
        </mac>
        <mac>
            <mac_min>FDA5271BF22A</mac_min>
            <mac_max>FDA5271BF22C</mac_max>
        </mac>
    </mac_range>
    <mac_single>
        <mac>C91A00601FA9</mac>
        <mac>C91A00601FD1</mac>
        <mac>C91A00601FD3</mac>
        <mac>FDA5271BF207</mac>
        <mac>FDA5271BF22F</mac>
        <mac>FDA5271BF231</mac>
    </mac_single>
    <mac_warn />
</build_mac>
