<?xml version="1.0" encoding="utf-8" ?>
<build_mac>
    <build_id>861300010010300009</build_id>
    <mac_range>
        <mac>
            <mac_min>C91A006B22C8</mac_min>
            <mac_max>C91A006B22C9</mac_max>
        </mac>
        <mac>
            <mac_min>C91A006B22E5</mac_min>
            <mac_max>C91A006B22E6</mac_max>
        </mac>
        <mac>
            <mac_min>C91A006B2319</mac_min>
            <mac_max>C91A006B231A</mac_max>
        </mac>
        <mac>
            <mac_min>C91A006B3E83</mac_min>
            <mac_max>C91A006B3E86</mac_max>
        </mac>
        <mac>
            <mac_min>C91A006B3E88</mac_min>
            <mac_max>C91A006B3E8A</mac_max>
        </mac>
        <mac>
            <mac_min>C91A006B3E9B</mac_min>
            <mac_max>C91A006B3E9D</mac_max>
        </mac>
        <mac>
            <mac_min>C91A006B3EA3</mac_min>
            <mac_max>C91A006B3EA7</mac_max>
        </mac>
        <mac>
            <mac_min>C91A006B3EAB</mac_min>
            <mac_max>C91A006B3EAC</mac_max>
        </mac>
        <mac>
            <mac_min>C91A006B3EAE</mac_min>
            <mac_max>C91A006B3EAF</mac_max>
        </mac>
        <mac>
            <mac_min>C91A006B3EB3</mac_min>
            <mac_max>C91A006B3EB4</mac_max>
        </mac>
        <mac>
            <mac_min>C91A006B3EB7</mac_min>
            <mac_max>C91A006B3EB8</mac_max>
        </mac>
        <mac>
            <mac_min>C91A006B3EC2</mac_min>
            <mac_max>C91A006B3EC4</mac_max>
        </mac>
        <mac>
            <mac_min>C91A006B3ECB</mac_min>
            <mac_max>C91A006B3ECC</mac_max>
        </mac>
        <mac>
            <mac_min>C91A006B3ED0</mac_min>
            <mac_max>C91A006B3ED2</mac_max>
        </mac>
        <mac>
            <mac_min>C91A006B3ED4</mac_min>
            <mac_max>C91A006B3ED5</mac_max>
        </mac>
        <mac>
            <mac_min>C91A006B3EDC</mac_min>
            <mac_max>C91A006B3EDE</mac_max>
        </mac>
        <mac>
            <mac_min>C91A006B3EE2</mac_min>
            <mac_max>C91A006B3EE3</mac_max>
        </mac>
        <mac>
            <mac_min>C91A006B3EFA</mac_min>
            <mac_max>C91A006B3EFD</mac_max>
        </mac>
        <mac>
            <mac_min>C91A006B3F0F</mac_min>
            <mac_max>C91A006B3F11</mac_max>
        </mac>
        <mac>
            <mac_min>C91A006B3F13</mac_min>
            <mac_max>C91A006B3F15</mac_max>
        </mac>
        <mac>
            <mac_min>C91A006B3F1A</mac_min>
            <mac_max>C91A006B3F1C</mac_max>
        </mac>
        <mac>
            <mac_min>C91A006B3F1F</mac_min>
            <mac_max>C91A006B3F20</mac_max>
        </mac>
        <mac>
            <mac_min>C91A006B3F24</mac_min>
            <mac_max>C91A006B3F25</mac_max>
        </mac>
        <mac>
            <mac_min>C91A006B3F34</mac_min>
            <mac_max>C91A006B3F35</mac_max>
        </mac>
        <mac>
            <mac_min>C91A006B3F3F</mac_min>
            <mac_max>C91A006B3F41</mac_max>
        </mac>
        <mac>
            <mac_min>C91A006B3F47</mac_min>
            <mac_max>C91A006B3F48</mac_max>
        </mac>
        <mac>
            <mac_min>C91A006B3F68</mac_min>
            <mac_max>C91A006B3F69</mac_max>
        </mac>
        <mac>
            <mac_min>C91A006B3F88</mac_min>
            <mac_max>C91A006B3F89</mac_max>
        </mac>
        <mac>
            <mac_min>C91A006B3F8C</mac_min>
            <mac_max>C91A006B3F8D</mac_max>
        </mac>
        <mac>
            <mac_min>C91A006B3F8F</mac_min>
            <mac_max>C91A006B3F90</mac_max>
        </mac>
        <mac>
            <mac_min>C91A006B3F92</mac_min>
            <mac_max>C91A006B3F93</mac_max>
        </mac>
        <mac>
            <mac_min>C91A006B3FA1</mac_min>
            <mac_max>C91A006B3FA2</mac_max>
        </mac>
        <mac>
            <mac_min>C91A006B3FF5</mac_min>
            <mac_max>C91A006B3FF6</mac_max>
        </mac>
        <mac>
            <mac_min>C91A006B4042</mac_min>
            <mac_max>C91A006B4043</mac_max>
        </mac>
        <mac>
            <mac_min>C91A006B4048</mac_min>
            <mac_max>C91A006B404D</mac_max>
        </mac>
        <mac>
            <mac_min>C91A006B4052</mac_min>
            <mac_max>C91A006B4053</mac_max>
        </mac>
        <mac>
            <mac_min>C91A006B4055</mac_min>
            <mac_max>C91A006B4056</mac_max>
        </mac>
        <mac>
            <mac_min>C91A006B4059</mac_min>
            <mac_max>C91A006B405B</mac_max>
        </mac>
        <mac>
            <mac_min>C91A006B406F</mac_min>
            <mac_max>C91A006B4072</mac_max>
        </mac>
        <mac>
            <mac_min>FDA5272945E2</mac_min>
            <mac_max>FDA5272945E5</mac_max>
        </mac>
        <mac>
            <mac_min>FDA5272945F9</mac_min>
            <mac_max>FDA5272945FB</mac_max>
        </mac>
        <mac>
            <mac_min>FDA5272945FE</mac_min>
            <mac_max>FDA5272945FF</mac_max>
        </mac>
        <mac>
            <mac_min>FDA527294601</mac_min>
            <mac_max>FDA527294602</mac_max>
        </mac>
        <mac>
            <mac_min>FDA527294607</mac_min>
            <mac_max>FDA52729460C</mac_max>
        </mac>
        <mac>
            <mac_min>FDA527294611</mac_min>
            <mac_max>FDA527294612</mac_max>
        </mac>
        <mac>
            <mac_min>FDA52729465E</mac_min>
            <mac_max>FDA52729465F</mac_max>
        </mac>
        <mac>
            <mac_min>FDA5272946B2</mac_min>
            <mac_max>FDA5272946B3</mac_max>
        </mac>
        <mac>
            <mac_min>FDA5272946C1</mac_min>
            <mac_max>FDA5272946C2</mac_max>
        </mac>
        <mac>
            <mac_min>FDA5272946C4</mac_min>
            <mac_max>FDA5272946C5</mac_max>
        </mac>
        <mac>
            <mac_min>FDA5272946C7</mac_min>
            <mac_max>FDA5272946C8</mac_max>
        </mac>
        <mac>
            <mac_min>FDA5272946CB</mac_min>
            <mac_max>FDA5272946CC</mac_max>
        </mac>
        <mac>
            <mac_min>FDA5272946EB</mac_min>
            <mac_max>FDA5272946EC</mac_max>
        </mac>
        <mac>
            <mac_min>FDA52729470C</mac_min>
            <mac_max>FDA52729470D</mac_max>
        </mac>
        <mac>
            <mac_min>FDA527294713</mac_min>
            <mac_max>FDA527294715</mac_max>
        </mac>
        <mac>
            <mac_min>FDA52729471F</mac_min>
            <mac_max>FDA527294720</mac_max>
        </mac>
        <mac>
            <mac_min>FDA52729472F</mac_min>
            <mac_max>FDA527294730</mac_max>
        </mac>
        <mac>
            <mac_min>FDA527294734</mac_min>
            <mac_max>FDA527294735</mac_max>
        </mac>
        <mac>
            <mac_min>FDA527294738</mac_min>
            <mac_max>FDA52729473A</mac_max>
        </mac>
        <mac>
            <mac_min>FDA52729473F</mac_min>
            <mac_max>FDA527294741</mac_max>
        </mac>
        <mac>
            <mac_min>FDA527294743</mac_min>
            <mac_max>FDA527294745</mac_max>
        </mac>
        <mac>
            <mac_min>FDA527294757</mac_min>
            <mac_max>FDA52729475A</mac_max>
        </mac>
        <mac>
            <mac_min>FDA527294DD5</mac_min>
            <mac_max>FDA527294DD6</mac_max>
        </mac>
        <mac>
            <mac_min>FDA527294DDA</mac_min>
            <mac_max>FDA527294DDC</mac_max>
        </mac>
        <mac>
            <mac_min>FDA527294DE3</mac_min>
            <mac_max>FDA527294DE4</mac_max>
        </mac>
        <mac>
            <mac_min>FDA527294DE6</mac_min>
            <mac_max>FDA527294DE8</mac_max>
        </mac>
        <mac>
            <mac_min>FDA527294DEC</mac_min>
            <mac_max>FDA527294DED</mac_max>
        </mac>
        <mac>
            <mac_min>FDA527294DF4</mac_min>
            <mac_max>FDA527294DF6</mac_max>
        </mac>
        <mac>
            <mac_min>FDA527294E00</mac_min>
            <mac_max>FDA527294E01</mac_max>
        </mac>
        <mac>
            <mac_min>FDA527294E04</mac_min>
            <mac_max>FDA527294E05</mac_max>
        </mac>
        <mac>
            <mac_min>FDA527294E09</mac_min>
            <mac_max>FDA527294E0A</mac_max>
        </mac>
        <mac>
            <mac_min>FDA527294E0C</mac_min>
            <mac_max>FDA527294E0D</mac_max>
        </mac>
        <mac>
            <mac_min>FDA527294E11</mac_min>
            <mac_max>FDA527294E15</mac_max>
        </mac>
        <mac>
            <mac_min>FDA527294E1B</mac_min>
            <mac_max>FDA527294E1D</mac_max>
        </mac>
        <mac>
            <mac_min>FDA527294E2E</mac_min>
            <mac_max>FDA527294E30</mac_max>
        </mac>
        <mac>
            <mac_min>FDA527294E32</mac_min>
            <mac_max>FDA527294E35</mac_max>
        </mac>
        <mac>
            <mac_min>FDA52729699E</mac_min>
            <mac_max>FDA52729699F</mac_max>
        </mac>
        <mac>
            <mac_min>FDA5272969D2</mac_min>
            <mac_max>FDA5272969D3</mac_max>
        </mac>
        <mac>
            <mac_min>FDA5272969EF</mac_min>
            <mac_max>FDA5272969F0</mac_max>
        </mac>
    </mac_range>
    <mac_single>
        <mac>C91A006B2197</mac>
        <mac>C91A006B21B6</mac>
        <mac>C91A006B21CC</mac>
        <mac>C91A006B21D8</mac>
        <mac>C91A006B21E9</mac>
        <mac>C91A006B22D1</mac>
        <mac>C91A006B22D6</mac>
        <mac>C91A006B22E3</mac>
        <mac>C91A006B22E8</mac>
        <mac>C91A006B22EB</mac>
        <mac>C91A006B22F4</mac>
        <mac>C91A006B22F8</mac>
        <mac>C91A006B2300</mac>
        <mac>C91A006B2303</mac>
        <mac>C91A006B2307</mac>
        <mac>C91A006B2310</mac>
        <mac>C91A006B2315</mac>
        <mac>C91A006B2317</mac>
        <mac>C91A006B3E81</mac>
        <mac>C91A006B3E8C</mac>
        <mac>C91A006B3E8E</mac>
        <mac>C91A006B3E90</mac>
        <mac>C91A006B3E93</mac>
        <mac>C91A006B3E95</mac>
        <mac>C91A006B3E97</mac>
        <mac>C91A006B3E9F</mac>
        <mac>C91A006B3EA1</mac>
        <mac>C91A006B3EA9</mac>
        <mac>C91A006B3EB1</mac>
        <mac>C91A006B3EBB</mac>
        <mac>C91A006B3EBD</mac>
        <mac>C91A006B3EC0</mac>
        <mac>C91A006B3EDA</mac>
        <mac>C91A006B3EE0</mac>
        <mac>C91A006B3EED</mac>
        <mac>C91A006B3EF2</mac>
        <mac>C91A006B3EF6</mac>
        <mac>C91A006B3EF8</mac>
        <mac>C91A006B3F01</mac>
        <mac>C91A006B3F07</mac>
        <mac>C91A006B3F18</mac>
        <mac>C91A006B3F28</mac>
        <mac>C91A006B3F2D</mac>
        <mac>C91A006B3F3B</mac>
        <mac>C91A006B3F43</mac>
        <mac>C91A006B3F4B</mac>
        <mac>C91A006B3F51</mac>
        <mac>C91A006B3F55</mac>
        <mac>C91A006B3F5A</mac>
        <mac>C91A006B3F74</mac>
        <mac>C91A006B3F7B</mac>
        <mac>C91A006B3F81</mac>
        <mac>C91A006B3F97</mac>
        <mac>C91A006B3F9A</mac>
        <mac>C91A006B3F9E</mac>
        <mac>C91A006B3FA5</mac>
        <mac>C91A006B3FA7</mac>
        <mac>C91A006B3FA9</mac>
        <mac>C91A006B3FDF</mac>
        <mac>C91A006B3FEF</mac>
        <mac>C91A006B3FF1</mac>
        <mac>C91A006B3FF3</mac>
        <mac>C91A006B3FF9</mac>
        <mac>C91A006B3FFD</mac>
        <mac>C91A006B3FFF</mac>
        <mac>C91A006B4002</mac>
        <mac>C91A006B400A</mac>
        <mac>C91A006B400C</mac>
        <mac>C91A006B404F</mac>
        <mac>C91A006B405F</mac>
        <mac>C91A006B4061</mac>
        <mac>C91A006B4064</mac>
        <mac>C91A006B406A</mac>
        <mac>C91A006B406C</mac>
        <mac>FDA5272945E8</mac>
        <mac>FDA5272945EA</mac>
        <mac>FDA5272945F0</mac>
        <mac>FDA5272945F3</mac>
        <mac>FDA5272945F5</mac>
        <mac>FDA527294605</mac>
        <mac>FDA527294648</mac>
        <mac>FDA52729464A</mac>
        <mac>FDA527294652</mac>
        <mac>FDA527294655</mac>
        <mac>FDA527294657</mac>
        <mac>FDA52729465B</mac>
        <mac>FDA527294661</mac>
        <mac>FDA527294663</mac>
        <mac>FDA527294665</mac>
        <mac>FDA527294675</mac>
        <mac>FDA5272946AB</mac>
        <mac>FDA5272946AD</mac>
        <mac>FDA5272946AF</mac>
        <mac>FDA5272946B6</mac>
        <mac>FDA5272946BA</mac>
        <mac>FDA5272946BD</mac>
        <mac>FDA5272946D3</mac>
        <mac>FDA5272946D9</mac>
        <mac>FDA5272946E0</mac>
        <mac>FDA5272946FA</mac>
        <mac>FDA5272946FF</mac>
        <mac>FDA527294703</mac>
        <mac>FDA527294709</mac>
        <mac>FDA527294711</mac>
        <mac>FDA527294719</mac>
        <mac>FDA527294727</mac>
        <mac>FDA52729472C</mac>
        <mac>FDA52729473C</mac>
        <mac>FDA52729474D</mac>
        <mac>FDA527294753</mac>
        <mac>FDA52729475C</mac>
        <mac>FDA52729475E</mac>
        <mac>FDA527294762</mac>
        <mac>FDA527294767</mac>
        <mac>FDA527294DD8</mac>
        <mac>FDA527294DDE</mac>
        <mac>FDA527294DF8</mac>
        <mac>FDA527294DFB</mac>
        <mac>FDA527294DFD</mac>
        <mac>FDA527294E07</mac>
        <mac>FDA527294E0F</mac>
        <mac>FDA527294E17</mac>
        <mac>FDA527294E19</mac>
        <mac>FDA527294E21</mac>
        <mac>FDA527294E23</mac>
        <mac>FDA527294E25</mac>
        <mac>FDA527294E28</mac>
        <mac>FDA527294E2A</mac>
        <mac>FDA527294E2C</mac>
        <mac>FDA527294E37</mac>
        <mac>FDA5272969A1</mac>
        <mac>FDA5272969A3</mac>
        <mac>FDA5272969A8</mac>
        <mac>FDA5272969B1</mac>
        <mac>FDA5272969B5</mac>
        <mac>FDA5272969B8</mac>
        <mac>FDA5272969C0</mac>
        <mac>FDA5272969C4</mac>
        <mac>FDA5272969CD</mac>
        <mac>FDA5272969D0</mac>
        <mac>FDA5272969D5</mac>
        <mac>FDA5272969E2</mac>
        <mac>FDA5272969E7</mac>
        <mac>FDA527296ACF</mac>
        <mac>FDA527296AE0</mac>
        <mac>FDA527296AEC</mac>
        <mac>FDA527296B02</mac>
        <mac>FDA527296B21</mac>
    </mac_single>
    <mac_warn />
</build_mac>
