<?xml version="1.0" encoding="utf-8" ?>
<build_mac>
    <build_id>861300010150300001</build_id>
    <mac_range>
        <mac>
            <mac_min>C91A006022FF</mac_min>
            <mac_max>C91A00602300</mac_max>
        </mac>
        <mac>
            <mac_min>C91A00602303</mac_min>
            <mac_max>C91A00602304</mac_max>
        </mac>
        <mac>
            <mac_min>C91A0060230E</mac_min>
            <mac_max>C91A0060230F</mac_max>
        </mac>
        <mac>
            <mac_min>C91A00602318</mac_min>
            <mac_max>C91A0060231A</mac_max>
        </mac>
        <mac>
            <mac_min>C91A00602324</mac_min>
            <mac_max>C91A00602325</mac_max>
        </mac>
        <mac>
            <mac_min>C91A0060235D</mac_min>
            <mac_max>C91A00602360</mac_max>
        </mac>
        <mac>
            <mac_min>C91A00602364</mac_min>
            <mac_max>C91A00602365</mac_max>
        </mac>
        <mac>
            <mac_min>C91A0060236A</mac_min>
            <mac_max>C91A0060236B</mac_max>
        </mac>
        <mac>
            <mac_min>C91A0060236E</mac_min>
            <mac_max>C91A0060236F</mac_max>
        </mac>
        <mac>
            <mac_min>C91A00602371</mac_min>
            <mac_max>C91A00602372</mac_max>
        </mac>
        <mac>
            <mac_min>C91A00602377</mac_min>
            <mac_max>C91A00602379</mac_max>
        </mac>
        <mac>
            <mac_min>C91A0060237D</mac_min>
            <mac_max>C91A0060237E</mac_max>
        </mac>
        <mac>
            <mac_min>C91A00602386</mac_min>
            <mac_max>C91A00602387</mac_max>
        </mac>
        <mac>
            <mac_min>C91A00602389</mac_min>
            <mac_max>C91A0060238B</mac_max>
        </mac>
        <mac>
            <mac_min>FDA5271BF87C</mac_min>
            <mac_max>FDA5271BF87F</mac_max>
        </mac>
        <mac>
            <mac_min>FDA5271BF883</mac_min>
            <mac_max>FDA5271BF884</mac_max>
        </mac>
        <mac>
            <mac_min>FDA5271BF889</mac_min>
            <mac_max>FDA5271BF88A</mac_max>
        </mac>
        <mac>
            <mac_min>FDA5271BF88D</mac_min>
            <mac_max>FDA5271BF88E</mac_max>
        </mac>
        <mac>
            <mac_min>FDA5271BF890</mac_min>
            <mac_max>FDA5271BF891</mac_max>
        </mac>
        <mac>
            <mac_min>FDA5271BF896</mac_min>
            <mac_max>FDA5271BF898</mac_max>
        </mac>
        <mac>
            <mac_min>FDA5271BF89C</mac_min>
            <mac_max>FDA5271BF89D</mac_max>
        </mac>
        <mac>
            <mac_min>FDA5271BF8A5</mac_min>
            <mac_max>FDA5271BF8A6</mac_max>
        </mac>
        <mac>
            <mac_min>FDA5271BF8A8</mac_min>
            <mac_max>FDA5271BF8AA</mac_max>
        </mac>
        <mac>
            <mac_min>FDA5271BFB05</mac_min>
            <mac_max>FDA5271BFB06</mac_max>
        </mac>
        <mac>
            <mac_min>FDA5271BFB09</mac_min>
            <mac_max>FDA5271BFB0A</mac_max>
        </mac>
        <mac>
            <mac_min>FDA5271BFB14</mac_min>
            <mac_max>FDA5271BFB15</mac_max>
        </mac>
        <mac>
            <mac_min>FDA5271BFB1E</mac_min>
            <mac_max>FDA5271BFB20</mac_max>
        </mac>
        <mac>
            <mac_min>FDA5271BFB2A</mac_min>
            <mac_max>FDA5271BFB2B</mac_max>
        </mac>
    </mac_range>
    <mac_single>
        <mac>C91A00601E7E</mac>
        <mac>C91A00601E84</mac>
        <mac>C91A00601E86</mac>
        <mac>C91A00601E89</mac>
        <mac>C91A00601E91</mac>
        <mac>C91A00601E93</mac>
        <mac>C91A00601EA1</mac>
        <mac>C91A00602313</mac>
        <mac>C91A00602316</mac>
        <mac>C91A0060231D</mac>
        <mac>C91A0060235A</mac>
        <mac>C91A00602362</mac>
        <mac>C91A00602374</mac>
        <mac>C91A0060237B</mac>
        <mac>C91A00602380</mac>
        <mac>C91A00602382</mac>
        <mac>C91A00602384</mac>
        <mac>FDA5271BF058</mac>
        <mac>FDA5271BF05E</mac>
        <mac>FDA5271BF060</mac>
        <mac>FDA5271BF063</mac>
        <mac>FDA5271BF06B</mac>
        <mac>FDA5271BF06D</mac>
        <mac>FDA5271BF07B</mac>
        <mac>FDA5271BF879</mac>
        <mac>FDA5271BF881</mac>
        <mac>FDA5271BF893</mac>
        <mac>FDA5271BF89A</mac>
        <mac>FDA5271BF89F</mac>
        <mac>FDA5271BF8A1</mac>
        <mac>FDA5271BF8A3</mac>
        <mac>FDA5271BFB19</mac>
        <mac>FDA5271BFB1C</mac>
        <mac>FDA5271BFB23</mac>
    </mac_single>
    <mac_warn />
</build_mac>
