<?xml version="1.0" encoding="utf-8" ?>
<build_mac>
    <build_id>861300010040300003</build_id>
    <mac_range>
        <mac>
            <mac_min>C91A00601F24</mac_min>
            <mac_max>C91A00601F26</mac_max>
        </mac>
        <mac>
            <mac_min>C91A00601F32</mac_min>
            <mac_max>C91A00601F33</mac_max>
        </mac>
        <mac>
            <mac_min>C91A00601F3A</mac_min>
            <mac_max>C91A00601F3E</mac_max>
        </mac>
        <mac>
            <mac_min>FDA5271BF0FE</mac_min>
            <mac_max>FDA5271BF100</mac_max>
        </mac>
        <mac>
            <mac_min>FDA5271BF10C</mac_min>
            <mac_max>FDA5271BF10D</mac_max>
        </mac>
        <mac>
            <mac_min>FDA5271BF114</mac_min>
            <mac_max>FDA5271BF118</mac_max>
        </mac>
    </mac_range>
    <mac_single>
        <mac>C91A00601EE0</mac>
        <mac>C91A00601EE6</mac>
        <mac>C91A00601F0E</mac>
        <mac>C91A00601F10</mac>
        <mac>C91A00601F12</mac>
        <mac>C91A00601F1A</mac>
        <mac>C91A00601F1F</mac>
        <mac>FDA5271BF0BA</mac>
        <mac>FDA5271BF0C0</mac>
        <mac>FDA5271BF0E8</mac>
        <mac>FDA5271BF0EA</mac>
        <mac>FDA5271BF0EC</mac>
        <mac>FDA5271BF0F4</mac>
        <mac>FDA5271BF0F9</mac>
    </mac_single>
    <mac_warn />
</build_mac>
