<?xml version="1.0" encoding="utf-8" ?>
<build_mac>
    <build_id>861300090020300002</build_id>
    <mac_range>
        <mac>
            <mac_min>C91A00724F21</mac_min>
            <mac_max>C91A00724F22</mac_max>
        </mac>
        <mac>
            <mac_min>C91A0072540A</mac_min>
            <mac_max>C91A0072540C</mac_max>
        </mac>
        <mac>
            <mac_min>C91A0072541C</mac_min>
            <mac_max>C91A0072541D</mac_max>
        </mac>
        <mac>
            <mac_min>C91A00725423</mac_min>
            <mac_max>C91A00725424</mac_max>
        </mac>
        <mac>
            <mac_min>C91A00725428</mac_min>
            <mac_max>C91A0072542A</mac_max>
        </mac>
        <mac>
            <mac_min>C91A0072542E</mac_min>
            <mac_max>C91A0072542F</mac_max>
        </mac>
        <mac>
            <mac_min>C91A00725438</mac_min>
            <mac_max>C91A00725439</mac_max>
        </mac>
        <mac>
            <mac_min>C91A00725443</mac_min>
            <mac_max>C91A00725444</mac_max>
        </mac>
        <mac>
            <mac_min>C91A00725457</mac_min>
            <mac_max>C91A00725458</mac_max>
        </mac>
        <mac>
            <mac_min>C91A0072545C</mac_min>
            <mac_max>C91A0072545D</mac_max>
        </mac>
        <mac>
            <mac_min>C91A007254F6</mac_min>
            <mac_max>C91A007254F9</mac_max>
        </mac>
        <mac>
            <mac_min>C91A007254FE</mac_min>
            <mac_max>C91A007254FF</mac_max>
        </mac>
        <mac>
            <mac_min>C91A00725504</mac_min>
            <mac_max>C91A00725507</mac_max>
        </mac>
        <mac>
            <mac_min>C91A00725512</mac_min>
            <mac_max>C91A00725513</mac_max>
        </mac>
        <mac>
            <mac_min>C91A00725515</mac_min>
            <mac_max>C91A00725517</mac_max>
        </mac>
        <mac>
            <mac_min>C91A0072551B</mac_min>
            <mac_max>C91A0072551C</mac_max>
        </mac>
        <mac>
            <mac_min>C91A00725521</mac_min>
            <mac_max>C91A00725524</mac_max>
        </mac>
        <mac>
            <mac_min>C91A0072558C</mac_min>
            <mac_max>C91A0072558E</mac_max>
        </mac>
        <mac>
            <mac_min>C91A0072559A</mac_min>
            <mac_max>C91A0072559C</mac_max>
        </mac>
        <mac>
            <mac_min>C91A007255A2</mac_min>
            <mac_max>C91A007255A3</mac_max>
        </mac>
        <mac>
            <mac_min>C91A007255A5</mac_min>
            <mac_max>C91A007255A6</mac_max>
        </mac>
        <mac>
            <mac_min>C91A007255A9</mac_min>
            <mac_max>C91A007255AB</mac_max>
        </mac>
        <mac>
            <mac_min>C91A007255BC</mac_min>
            <mac_max>C91A007255BD</mac_max>
        </mac>
        <mac>
            <mac_min>C91A007255D5</mac_min>
            <mac_max>C91A007255D6</mac_max>
        </mac>
        <mac>
            <mac_min>FDA5272FED3D</mac_min>
            <mac_max>FDA5272FED3E</mac_max>
        </mac>
        <mac>
            <mac_min>FDA5272FF226</mac_min>
            <mac_max>FDA5272FF228</mac_max>
        </mac>
        <mac>
            <mac_min>FDA5272FF238</mac_min>
            <mac_max>FDA5272FF239</mac_max>
        </mac>
        <mac>
            <mac_min>FDA5272FF23F</mac_min>
            <mac_max>FDA5272FF240</mac_max>
        </mac>
        <mac>
            <mac_min>FDA5272FF244</mac_min>
            <mac_max>FDA5272FF246</mac_max>
        </mac>
        <mac>
            <mac_min>FDA5272FF24A</mac_min>
            <mac_max>FDA5272FF24B</mac_max>
        </mac>
        <mac>
            <mac_min>FDA5272FF254</mac_min>
            <mac_max>FDA5272FF255</mac_max>
        </mac>
        <mac>
            <mac_min>FDA5272FF25F</mac_min>
            <mac_max>FDA5272FF260</mac_max>
        </mac>
        <mac>
            <mac_min>FDA5272FF273</mac_min>
            <mac_max>FDA5272FF274</mac_max>
        </mac>
        <mac>
            <mac_min>FDA5272FF278</mac_min>
            <mac_max>FDA5272FF279</mac_max>
        </mac>
        <mac>
            <mac_min>FDA5272FF312</mac_min>
            <mac_max>FDA5272FF315</mac_max>
        </mac>
        <mac>
            <mac_min>FDA5272FF31A</mac_min>
            <mac_max>FDA5272FF31B</mac_max>
        </mac>
        <mac>
            <mac_min>FDA5272FF320</mac_min>
            <mac_max>FDA5272FF323</mac_max>
        </mac>
        <mac>
            <mac_min>FDA5272FF32E</mac_min>
            <mac_max>FDA5272FF32F</mac_max>
        </mac>
        <mac>
            <mac_min>FDA5272FF331</mac_min>
            <mac_max>FDA5272FF333</mac_max>
        </mac>
        <mac>
            <mac_min>FDA5272FF337</mac_min>
            <mac_max>FDA5272FF338</mac_max>
        </mac>
        <mac>
            <mac_min>FDA5272FF33D</mac_min>
            <mac_max>FDA5272FF340</mac_max>
        </mac>
        <mac>
            <mac_min>FDA5272FF3A8</mac_min>
            <mac_max>FDA5272FF3AA</mac_max>
        </mac>
        <mac>
            <mac_min>FDA5272FF3B6</mac_min>
            <mac_max>FDA5272FF3B8</mac_max>
        </mac>
        <mac>
            <mac_min>FDA5272FF3BE</mac_min>
            <mac_max>FDA5272FF3BF</mac_max>
        </mac>
        <mac>
            <mac_min>FDA5272FF3C1</mac_min>
            <mac_max>FDA5272FF3C2</mac_max>
        </mac>
        <mac>
            <mac_min>FDA5272FF3C5</mac_min>
            <mac_max>FDA5272FF3C7</mac_max>
        </mac>
        <mac>
            <mac_min>FDA5272FF3D8</mac_min>
            <mac_max>FDA5272FF3D9</mac_max>
        </mac>
        <mac>
            <mac_min>FDA5272FF3F1</mac_min>
            <mac_max>FDA5272FF3F2</mac_max>
        </mac>
    </mac_range>
    <mac_single>
        <mac>C91A00724F26</mac>
        <mac>C91A00724F2E</mac>
        <mac>C91A00724F30</mac>
        <mac>C91A00724F33</mac>
        <mac>C91A00724F35</mac>
        <mac>C91A00724F37</mac>
        <mac>C91A00724F3C</mac>
        <mac>C91A00724F3F</mac>
        <mac>C91A00724F41</mac>
        <mac>C91A00724F49</mac>
        <mac>C91A00724F4B</mac>
        <mac>C91A007253FD</mac>
        <mac>C91A007253FF</mac>
        <mac>C91A00725403</mac>
        <mac>C91A00725405</mac>
        <mac>C91A00725408</mac>
        <mac>C91A0072540E</mac>
        <mac>C91A00725411</mac>
        <mac>C91A00725413</mac>
        <mac>C91A00725415</mac>
        <mac>C91A00725417</mac>
        <mac>C91A00725420</mac>
        <mac>C91A00725426</mac>
        <mac>C91A0072542C</mac>
        <mac>C91A00725431</mac>
        <mac>C91A00725433</mac>
        <mac>C91A00725441</mac>
        <mac>C91A00725446</mac>
        <mac>C91A007254FB</mac>
        <mac>C91A00725502</mac>
        <mac>C91A00725509</mac>
        <mac>C91A0072550D</mac>
        <mac>C91A0072551E</mac>
        <mac>C91A00725526</mac>
        <mac>C91A00725591</mac>
        <mac>C91A00725594</mac>
        <mac>C91A00725596</mac>
        <mac>C91A00725598</mac>
        <mac>C91A0072559F</mac>
        <mac>C91A007255B0</mac>
        <mac>C91A007255B2</mac>
        <mac>C91A007255BA</mac>
        <mac>C91A007255CD</mac>
        <mac>C91A007255DC</mac>
        <mac>C91A007255DE</mac>
        <mac>FDA5272FED42</mac>
        <mac>FDA5272FED4A</mac>
        <mac>FDA5272FED4C</mac>
        <mac>FDA5272FED4F</mac>
        <mac>FDA5272FED51</mac>
        <mac>FDA5272FED53</mac>
        <mac>FDA5272FED58</mac>
        <mac>FDA5272FED5B</mac>
        <mac>FDA5272FED5D</mac>
        <mac>FDA5272FED65</mac>
        <mac>FDA5272FED67</mac>
        <mac>FDA5272FF219</mac>
        <mac>FDA5272FF21B</mac>
        <mac>FDA5272FF21F</mac>
        <mac>FDA5272FF221</mac>
        <mac>FDA5272FF224</mac>
        <mac>FDA5272FF22A</mac>
        <mac>FDA5272FF22D</mac>
        <mac>FDA5272FF22F</mac>
        <mac>FDA5272FF231</mac>
        <mac>FDA5272FF233</mac>
        <mac>FDA5272FF23C</mac>
        <mac>FDA5272FF242</mac>
        <mac>FDA5272FF248</mac>
        <mac>FDA5272FF24D</mac>
        <mac>FDA5272FF24F</mac>
        <mac>FDA5272FF25D</mac>
        <mac>FDA5272FF262</mac>
        <mac>FDA5272FF317</mac>
        <mac>FDA5272FF31E</mac>
        <mac>FDA5272FF325</mac>
        <mac>FDA5272FF329</mac>
        <mac>FDA5272FF33A</mac>
        <mac>FDA5272FF342</mac>
        <mac>FDA5272FF3AD</mac>
        <mac>FDA5272FF3B0</mac>
        <mac>FDA5272FF3B2</mac>
        <mac>FDA5272FF3B4</mac>
        <mac>FDA5272FF3BB</mac>
        <mac>FDA5272FF3CC</mac>
        <mac>FDA5272FF3CE</mac>
        <mac>FDA5272FF3D6</mac>
        <mac>FDA5272FF3E9</mac>
        <mac>FDA5272FF3F8</mac>
        <mac>FDA5272FF3FA</mac>
    </mac_single>
    <mac_warn />
</build_mac>
