<?xml version="1.0" encoding="utf-8" ?>
<build_mac>
    <build_id>861300010040300005</build_id>
    <mac_range>
        <mac>
            <mac_min>C91A00601F13</mac_min>
            <mac_max>C91A00601F19</mac_max>
        </mac>
        <mac>
            <mac_min>C91A00601F1B</mac_min>
            <mac_max>C91A00601F1E</mac_max>
        </mac>
        <mac>
            <mac_min>C91A00601F20</mac_min>
            <mac_max>C91A00601F23</mac_max>
        </mac>
        <mac>
            <mac_min>C91A00601F27</mac_min>
            <mac_max>C91A00601F28</mac_max>
        </mac>
        <mac>
            <mac_min>C91A00601F2A</mac_min>
            <mac_max>C91A00601F30</mac_max>
        </mac>
        <mac>
            <mac_min>C91A00601F35</mac_min>
            <mac_max>C91A00601F36</mac_max>
        </mac>
        <mac>
            <mac_min>C91A00601F38</mac_min>
            <mac_max>C91A00601F39</mac_max>
        </mac>
        <mac>
            <mac_min>C91A00601F72</mac_min>
            <mac_max>C91A00601FA3</mac_max>
        </mac>
        <mac>
            <mac_min>C91A0060206C</mac_min>
            <mac_max>C91A00602095</mac_max>
        </mac>
        <mac>
            <mac_min>C91A00602097</mac_min>
            <mac_max>C91A0060209D</mac_max>
        </mac>
        <mac>
            <mac_min>C91A0060230C</mac_min>
            <mac_max>C91A0060230D</mac_max>
        </mac>
        <mac>
            <mac_min>C91A0060231E</mac_min>
            <mac_max>C91A00602320</mac_max>
        </mac>
        <mac>
            <mac_min>C91A00602322</mac_min>
            <mac_max>C91A00602323</mac_max>
        </mac>
        <mac>
            <mac_min>C91A006023C8</mac_min>
            <mac_max>C91A006023CD</mac_max>
        </mac>
        <mac>
            <mac_min>C91A00602454</mac_min>
            <mac_max>C91A00602459</mac_max>
        </mac>
        <mac>
            <mac_min>C91A0060245B</mac_min>
            <mac_max>C91A00602460</mac_max>
        </mac>
        <mac>
            <mac_min>C91A00602462</mac_min>
            <mac_max>C91A0060246E</mac_max>
        </mac>
        <mac>
            <mac_min>C91A00602470</mac_min>
            <mac_max>C91A00602473</mac_max>
        </mac>
        <mac>
            <mac_min>C91A00602476</mac_min>
            <mac_max>C91A00602477</mac_max>
        </mac>
        <mac>
            <mac_min>C91A0060247B</mac_min>
            <mac_max>C91A00602484</mac_max>
        </mac>
        <mac>
            <mac_min>FDA5271BF0ED</mac_min>
            <mac_max>FDA5271BF0F3</mac_max>
        </mac>
        <mac>
            <mac_min>FDA5271BF0F5</mac_min>
            <mac_max>FDA5271BF0F8</mac_max>
        </mac>
        <mac>
            <mac_min>FDA5271BF0FA</mac_min>
            <mac_max>FDA5271BF0FD</mac_max>
        </mac>
        <mac>
            <mac_min>FDA5271BF101</mac_min>
            <mac_max>FDA5271BF102</mac_max>
        </mac>
        <mac>
            <mac_min>FDA5271BF104</mac_min>
            <mac_max>FDA5271BF10A</mac_max>
        </mac>
        <mac>
            <mac_min>FDA5271BF10F</mac_min>
            <mac_max>FDA5271BF110</mac_max>
        </mac>
        <mac>
            <mac_min>FDA5271BF112</mac_min>
            <mac_max>FDA5271BF113</mac_max>
        </mac>
        <mac>
            <mac_min>FDA5271BF1D0</mac_min>
            <mac_max>FDA5271BF201</mac_max>
        </mac>
        <mac>
            <mac_min>FDA5271BF2CA</mac_min>
            <mac_max>FDA5271BF2F3</mac_max>
        </mac>
        <mac>
            <mac_min>FDA5271BF2F5</mac_min>
            <mac_max>FDA5271BF2FB</mac_max>
        </mac>
        <mac>
            <mac_min>FDA5271BF8E7</mac_min>
            <mac_max>FDA5271BF8EC</mac_max>
        </mac>
        <mac>
            <mac_min>FDA5271BFB12</mac_min>
            <mac_max>FDA5271BFB13</mac_max>
        </mac>
        <mac>
            <mac_min>FDA5271BFB24</mac_min>
            <mac_max>FDA5271BFB26</mac_max>
        </mac>
        <mac>
            <mac_min>FDA5271BFB28</mac_min>
            <mac_max>FDA5271BFB29</mac_max>
        </mac>
        <mac>
            <mac_min>FDA5271BFB67</mac_min>
            <mac_max>FDA5271BFB6C</mac_max>
        </mac>
        <mac>
            <mac_min>FDA5271BFB6E</mac_min>
            <mac_max>FDA5271BFB73</mac_max>
        </mac>
        <mac>
            <mac_min>FDA5271BFB75</mac_min>
            <mac_max>FDA5271BFB81</mac_max>
        </mac>
        <mac>
            <mac_min>FDA5271BFB83</mac_min>
            <mac_max>FDA5271BFB86</mac_max>
        </mac>
        <mac>
            <mac_min>FDA5271BFB89</mac_min>
            <mac_max>FDA5271BFB8A</mac_max>
        </mac>
        <mac>
            <mac_min>FDA5271BFB8E</mac_min>
            <mac_max>FDA5271BFB97</mac_max>
        </mac>
    </mac_range>
    <mac_single>
        <mac>C91A00601E5A</mac>
        <mac>C91A00601E77</mac>
        <mac>C91A00601EA0</mac>
        <mac>C91A00601EA6</mac>
        <mac>C91A00601EE3</mac>
        <mac>C91A00601F0F</mac>
        <mac>C91A00601F3F</mac>
        <mac>C91A006022F6</mac>
        <mac>C91A006022FB</mac>
        <mac>C91A00602305</mac>
        <mac>C91A00602311</mac>
        <mac>C91A0060231C</mac>
        <mac>C91A00602326</mac>
        <mac>C91A006023AE</mac>
        <mac>C91A006023C1</mac>
        <mac>C91A006023C3</mac>
        <mac>C91A006023CF</mac>
        <mac>C91A006023DB</mac>
        <mac>C91A006023E6</mac>
        <mac>C91A006023EE</mac>
        <mac>FDA5271BEE40</mac>
        <mac>FDA5271BF051</mac>
        <mac>FDA5271BF07A</mac>
        <mac>FDA5271BF080</mac>
        <mac>FDA5271BF0BD</mac>
        <mac>FDA5271BF0E9</mac>
        <mac>FDA5271BF119</mac>
        <mac>FDA5271BF8CD</mac>
        <mac>FDA5271BF8E0</mac>
        <mac>FDA5271BF8E2</mac>
        <mac>FDA5271BF8EE</mac>
        <mac>FDA5271BF8FA</mac>
        <mac>FDA5271BF905</mac>
        <mac>FDA5271BF90D</mac>
        <mac>FDA5271BFAFC</mac>
        <mac>FDA5271BFB01</mac>
        <mac>FDA5271BFB0B</mac>
        <mac>FDA5271BFB17</mac>
        <mac>FDA5271BFB22</mac>
        <mac>FDA5271BFB2C</mac>
    </mac_single>
    <mac_warn />
</build_mac>
