<?xml version="1.0" encoding="utf-8" ?>
<build_mac>
    <build_id>861300050060300004</build_id>
    <mac_range>
        <mac>
            <mac_min>C91A00725492</mac_min>
            <mac_max>C91A00725493</mac_max>
        </mac>
        <mac>
            <mac_min>C91A007254BB</mac_min>
            <mac_max>C91A007254BC</mac_max>
        </mac>
        <mac>
            <mac_min>C91A0072553E</mac_min>
            <mac_max>C91A0072553F</mac_max>
        </mac>
        <mac>
            <mac_min>C91A0072554A</mac_min>
            <mac_max>C91A0072554B</mac_max>
        </mac>
        <mac>
            <mac_min>C91A00725550</mac_min>
            <mac_max>C91A00725552</mac_max>
        </mac>
        <mac>
            <mac_min>FDA5272FF2AE</mac_min>
            <mac_max>FDA5272FF2AF</mac_max>
        </mac>
        <mac>
            <mac_min>FDA5272FF2D7</mac_min>
            <mac_max>FDA5272FF2D8</mac_max>
        </mac>
        <mac>
            <mac_min>FDA5272FF35A</mac_min>
            <mac_max>FDA5272FF35B</mac_max>
        </mac>
        <mac>
            <mac_min>FDA5272FF366</mac_min>
            <mac_max>FDA5272FF367</mac_max>
        </mac>
        <mac>
            <mac_min>FDA5272FF36C</mac_min>
            <mac_max>FDA5272FF36E</mac_max>
        </mac>
    </mac_range>
    <mac_single>
        <mac>C91A00725496</mac>
        <mac>C91A00725498</mac>
        <mac>C91A0072549E</mac>
        <mac>C91A007254A3</mac>
        <mac>C91A007254A7</mac>
        <mac>C91A007254B0</mac>
        <mac>C91A007254B7</mac>
        <mac>C91A007254C3</mac>
        <mac>C91A0072552A</mac>
        <mac>C91A0072552F</mac>
        <mac>C91A00725534</mac>
        <mac>C91A0072553B</mac>
        <mac>C91A00725543</mac>
        <mac>C91A00725559</mac>
        <mac>FDA5272FF2B2</mac>
        <mac>FDA5272FF2B4</mac>
        <mac>FDA5272FF2BA</mac>
        <mac>FDA5272FF2BF</mac>
        <mac>FDA5272FF2C3</mac>
        <mac>FDA5272FF2CC</mac>
        <mac>FDA5272FF2D3</mac>
        <mac>FDA5272FF2DF</mac>
        <mac>FDA5272FF346</mac>
        <mac>FDA5272FF34B</mac>
        <mac>FDA5272FF350</mac>
        <mac>FDA5272FF357</mac>
        <mac>FDA5272FF35F</mac>
        <mac>FDA5272FF375</mac>
    </mac_single>
    <mac_warn />
</build_mac>
