<?xml version="1.0" encoding="utf-8" ?>
<build_mac>
    <build_id>861300010040300019</build_id>
    <mac_range>
        <mac>
            <mac_min>C91A007138A4</mac_min>
            <mac_max>C91A007138A6</mac_max>
        </mac>
        <mac>
            <mac_min>C91A007138A9</mac_min>
            <mac_max>C91A007138AC</mac_max>
        </mac>
        <mac>
            <mac_min>C91A007138AE</mac_min>
            <mac_max>C91A007138AF</mac_max>
        </mac>
        <mac>
            <mac_min>C91A007138B2</mac_min>
            <mac_max>C91A007138BE</mac_max>
        </mac>
        <mac>
            <mac_min>C91A007138C0</mac_min>
            <mac_max>C91A007138C4</mac_max>
        </mac>
        <mac>
            <mac_min>C91A007138C6</mac_min>
            <mac_max>C91A007138CF</mac_max>
        </mac>
        <mac>
            <mac_min>C91A007138D1</mac_min>
            <mac_max>C91A007138D3</mac_max>
        </mac>
        <mac>
            <mac_min>C91A007138D5</mac_min>
            <mac_max>C91A00713977</mac_max>
        </mac>
        <mac>
            <mac_min>C91A00713979</mac_min>
            <mac_max>C91A0071397B</mac_max>
        </mac>
        <mac>
            <mac_min>C91A0071397D</mac_min>
            <mac_max>C91A00713984</mac_max>
        </mac>
        <mac>
            <mac_min>C91A00713986</mac_min>
            <mac_max>C91A00713990</mac_max>
        </mac>
        <mac>
            <mac_min>C91A00713992</mac_min>
            <mac_max>C91A0071399D</mac_max>
        </mac>
        <mac>
            <mac_min>C91A007139A0</mac_min>
            <mac_max>C91A007139A2</mac_max>
        </mac>
        <mac>
            <mac_min>C91A007139C2</mac_min>
            <mac_max>C91A007139C4</mac_max>
        </mac>
        <mac>
            <mac_min>C91A00713A11</mac_min>
            <mac_max>C91A00713A12</mac_max>
        </mac>
        <mac>
            <mac_min>C91A00713A2B</mac_min>
            <mac_max>C91A00713A2C</mac_max>
        </mac>
        <mac>
            <mac_min>C91A00713A2F</mac_min>
            <mac_max>C91A00713A30</mac_max>
        </mac>
        <mac>
            <mac_min>C91A00713A34</mac_min>
            <mac_max>C91A00713A65</mac_max>
        </mac>
        <mac>
            <mac_min>C91A00713BE3</mac_min>
            <mac_max>C91A00713BE4</mac_max>
        </mac>
        <mac>
            <mac_min>C91A00713C28</mac_min>
            <mac_max>C91A00713C2A</mac_max>
        </mac>
        <mac>
            <mac_min>C91A00713C3B</mac_min>
            <mac_max>C91A00713C3D</mac_max>
        </mac>
        <mac>
            <mac_min>C91A00713C48</mac_min>
            <mac_max>C91A00713C4A</mac_max>
        </mac>
        <mac>
            <mac_min>C91A00713C5E</mac_min>
            <mac_max>C91A00713C5F</mac_max>
        </mac>
        <mac>
            <mac_min>C91A00713C6B</mac_min>
            <mac_max>C91A00713C6C</mac_max>
        </mac>
        <mac>
            <mac_min>C91A00713C6E</mac_min>
            <mac_max>C91A00713C71</mac_max>
        </mac>
        <mac>
            <mac_min>C91A00713C7E</mac_min>
            <mac_max>C91A00713C82</mac_max>
        </mac>
        <mac>
            <mac_min>C91A0072477C</mac_min>
            <mac_max>C91A007247AD</mac_max>
        </mac>
        <mac>
            <mac_min>C91A00724812</mac_min>
            <mac_max>C91A00724872</mac_max>
        </mac>
        <mac>
            <mac_min>C91A00724874</mac_min>
            <mac_max>C91A007248A7</mac_max>
        </mac>
        <mac>
            <mac_min>C91A00725494</mac_min>
            <mac_max>C91A00725495</mac_max>
        </mac>
        <mac>
            <mac_min>C91A00725499</mac_min>
            <mac_max>C91A0072549D</mac_max>
        </mac>
        <mac>
            <mac_min>C91A0072549F</mac_min>
            <mac_max>C91A007254A2</mac_max>
        </mac>
        <mac>
            <mac_min>C91A007254A4</mac_min>
            <mac_max>C91A007254A6</mac_max>
        </mac>
        <mac>
            <mac_min>C91A007254A8</mac_min>
            <mac_max>C91A007254AF</mac_max>
        </mac>
        <mac>
            <mac_min>C91A007254B1</mac_min>
            <mac_max>C91A007254B6</mac_max>
        </mac>
        <mac>
            <mac_min>C91A007254B8</mac_min>
            <mac_max>C91A007254BA</mac_max>
        </mac>
        <mac>
            <mac_min>C91A007254BD</mac_min>
            <mac_max>C91A007254C2</mac_max>
        </mac>
        <mac>
            <mac_min>FDA5272E22C7</mac_min>
            <mac_max>FDA5272E22C9</mac_max>
        </mac>
        <mac>
            <mac_min>FDA5272E22CC</mac_min>
            <mac_max>FDA5272E22CF</mac_max>
        </mac>
        <mac>
            <mac_min>FDA5272E22D1</mac_min>
            <mac_max>FDA5272E22D2</mac_max>
        </mac>
        <mac>
            <mac_min>FDA5272E22D5</mac_min>
            <mac_max>FDA5272E22E1</mac_max>
        </mac>
        <mac>
            <mac_min>FDA5272E22E3</mac_min>
            <mac_max>FDA5272E22E7</mac_max>
        </mac>
        <mac>
            <mac_min>FDA5272E22E9</mac_min>
            <mac_max>FDA5272E22F2</mac_max>
        </mac>
        <mac>
            <mac_min>FDA5272E22F4</mac_min>
            <mac_max>FDA5272E22F6</mac_max>
        </mac>
        <mac>
            <mac_min>FDA5272E22F8</mac_min>
            <mac_max>FDA5272E239A</mac_max>
        </mac>
        <mac>
            <mac_min>FDA5272E239C</mac_min>
            <mac_max>FDA5272E239E</mac_max>
        </mac>
        <mac>
            <mac_min>FDA5272E23A0</mac_min>
            <mac_max>FDA5272E23A7</mac_max>
        </mac>
        <mac>
            <mac_min>FDA5272E23A9</mac_min>
            <mac_max>FDA5272E23B3</mac_max>
        </mac>
        <mac>
            <mac_min>FDA5272E23B5</mac_min>
            <mac_max>FDA5272E23C0</mac_max>
        </mac>
        <mac>
            <mac_min>FDA5272E23C3</mac_min>
            <mac_max>FDA5272E23C5</mac_max>
        </mac>
        <mac>
            <mac_min>FDA5272E23E5</mac_min>
            <mac_max>FDA5272E23E7</mac_max>
        </mac>
        <mac>
            <mac_min>FDA5272E2434</mac_min>
            <mac_max>FDA5272E2435</mac_max>
        </mac>
        <mac>
            <mac_min>FDA5272E244E</mac_min>
            <mac_max>FDA5272E244F</mac_max>
        </mac>
        <mac>
            <mac_min>FDA5272E2452</mac_min>
            <mac_max>FDA5272E2453</mac_max>
        </mac>
        <mac>
            <mac_min>FDA5272E2457</mac_min>
            <mac_max>FDA5272E2488</mac_max>
        </mac>
        <mac>
            <mac_min>FDA5272E2606</mac_min>
            <mac_max>FDA5272E2607</mac_max>
        </mac>
        <mac>
            <mac_min>FDA5272E264B</mac_min>
            <mac_max>FDA5272E264D</mac_max>
        </mac>
        <mac>
            <mac_min>FDA5272E265E</mac_min>
            <mac_max>FDA5272E2660</mac_max>
        </mac>
        <mac>
            <mac_min>FDA5272E266B</mac_min>
            <mac_max>FDA5272E266D</mac_max>
        </mac>
        <mac>
            <mac_min>FDA5272E2681</mac_min>
            <mac_max>FDA5272E2682</mac_max>
        </mac>
        <mac>
            <mac_min>FDA5272E268E</mac_min>
            <mac_max>FDA5272E268F</mac_max>
        </mac>
        <mac>
            <mac_min>FDA5272E2691</mac_min>
            <mac_max>FDA5272E2694</mac_max>
        </mac>
        <mac>
            <mac_min>FDA5272E26A1</mac_min>
            <mac_max>FDA5272E26A5</mac_max>
        </mac>
        <mac>
            <mac_min>FDA5272FE597</mac_min>
            <mac_max>FDA5272FE5C8</mac_max>
        </mac>
        <mac>
            <mac_min>FDA5272FE62D</mac_min>
            <mac_max>FDA5272FE68D</mac_max>
        </mac>
        <mac>
            <mac_min>FDA5272FE68F</mac_min>
            <mac_max>FDA5272FE6C2</mac_max>
        </mac>
        <mac>
            <mac_min>FDA5272FF2B0</mac_min>
            <mac_max>FDA5272FF2B1</mac_max>
        </mac>
        <mac>
            <mac_min>FDA5272FF2B5</mac_min>
            <mac_max>FDA5272FF2B9</mac_max>
        </mac>
        <mac>
            <mac_min>FDA5272FF2BB</mac_min>
            <mac_max>FDA5272FF2BE</mac_max>
        </mac>
        <mac>
            <mac_min>FDA5272FF2C0</mac_min>
            <mac_max>FDA5272FF2C2</mac_max>
        </mac>
        <mac>
            <mac_min>FDA5272FF2C4</mac_min>
            <mac_max>FDA5272FF2CB</mac_max>
        </mac>
        <mac>
            <mac_min>FDA5272FF2CD</mac_min>
            <mac_max>FDA5272FF2D2</mac_max>
        </mac>
        <mac>
            <mac_min>FDA5272FF2D4</mac_min>
            <mac_max>FDA5272FF2D6</mac_max>
        </mac>
        <mac>
            <mac_min>FDA5272FF2D9</mac_min>
            <mac_max>FDA5272FF2DE</mac_max>
        </mac>
    </mac_range>
    <mac_single>
        <mac>C91A007139A8</mac>
        <mac>C91A007139B7</mac>
        <mac>C91A007139BF</mac>
        <mac>C91A007139CF</mac>
        <mac>C91A00713A03</mac>
        <mac>C91A00713A05</mac>
        <mac>C91A00713A08</mac>
        <mac>C91A00713A0C</mac>
        <mac>C91A00713A17</mac>
        <mac>C91A00713A1A</mac>
        <mac>C91A00713A1D</mac>
        <mac>C91A00713A1F</mac>
        <mac>C91A00713A21</mac>
        <mac>C91A00713A28</mac>
        <mac>C91A00713A32</mac>
        <mac>C91A00713AA0</mac>
        <mac>C91A00713B49</mac>
        <mac>C91A00713B4D</mac>
        <mac>C91A00713B54</mac>
        <mac>C91A00713B5E</mac>
        <mac>C91A00713B65</mac>
        <mac>C91A00713BC6</mac>
        <mac>C91A00713BC8</mac>
        <mac>C91A00713BCB</mac>
        <mac>C91A00713BCF</mac>
        <mac>C91A00713BD2</mac>
        <mac>C91A00713BD5</mac>
        <mac>C91A00713BEE</mac>
        <mac>C91A00713C2F</mac>
        <mac>C91A00713C34</mac>
        <mac>C91A00713C37</mac>
        <mac>C91A00713C42</mac>
        <mac>C91A00713C44</mac>
        <mac>C91A00713C46</mac>
        <mac>C91A00713C4C</mac>
        <mac>C91A00713C5A</mac>
        <mac>C91A00713C64</mac>
        <mac>C91A00713C74</mac>
        <mac>C91A00713C77</mac>
        <mac>C91A00713C7A</mac>
        <mac>C91A00713C84</mac>
        <mac>C91A00713C88</mac>
        <mac>C91A00725497</mac>
        <mac>FDA5272E23CB</mac>
        <mac>FDA5272E23DA</mac>
        <mac>FDA5272E23E2</mac>
        <mac>FDA5272E23F2</mac>
        <mac>FDA5272E2426</mac>
        <mac>FDA5272E2428</mac>
        <mac>FDA5272E242B</mac>
        <mac>FDA5272E242F</mac>
        <mac>FDA5272E243A</mac>
        <mac>FDA5272E243D</mac>
        <mac>FDA5272E2440</mac>
        <mac>FDA5272E2442</mac>
        <mac>FDA5272E2444</mac>
        <mac>FDA5272E244B</mac>
        <mac>FDA5272E2455</mac>
        <mac>FDA5272E24C3</mac>
        <mac>FDA5272E256C</mac>
        <mac>FDA5272E2570</mac>
        <mac>FDA5272E2577</mac>
        <mac>FDA5272E2581</mac>
        <mac>FDA5272E2588</mac>
        <mac>FDA5272E25E9</mac>
        <mac>FDA5272E25EB</mac>
        <mac>FDA5272E25EE</mac>
        <mac>FDA5272E25F2</mac>
        <mac>FDA5272E25F5</mac>
        <mac>FDA5272E25F8</mac>
        <mac>FDA5272E2611</mac>
        <mac>FDA5272E2652</mac>
        <mac>FDA5272E2657</mac>
        <mac>FDA5272E265A</mac>
        <mac>FDA5272E2665</mac>
        <mac>FDA5272E2667</mac>
        <mac>FDA5272E2669</mac>
        <mac>FDA5272E266F</mac>
        <mac>FDA5272E267D</mac>
        <mac>FDA5272E2687</mac>
        <mac>FDA5272E2697</mac>
        <mac>FDA5272E269A</mac>
        <mac>FDA5272E269D</mac>
        <mac>FDA5272E26A7</mac>
        <mac>FDA5272E26AB</mac>
        <mac>FDA5272FF2B3</mac>
    </mac_single>
    <mac_warn />
</build_mac>
