<?xml version="1.0" encoding="utf-8" ?>
<build_mac>
    <build_id>861300100010300002</build_id>
    <mac_range>
        <mac>
            <mac_min>C91A007139D0</mac_min>
            <mac_max>C91A00713A01</mac_max>
        </mac>
        <mac>
            <mac_min>FDA5272E23F3</mac_min>
            <mac_max>FDA5272E2424</mac_max>
        </mac>
    </mac_range>
    <mac_single>
        <mac>C91A00713978</mac>
        <mac>C91A0071397C</mac>
        <mac>C91A00713985</mac>
        <mac>C91A00713991</mac>
        <mac>FDA5272E239B</mac>
        <mac>FDA5272E239F</mac>
        <mac>FDA5272E23A8</mac>
        <mac>FDA5272E23B4</mac>
    </mac_single>
    <mac_warn />
</build_mac>
