<?xml version="1.0" encoding="utf-8" ?>
<build_mac>
    <build_id>861300010080300001</build_id>
    <mac_range>
        <mac>
            <mac_min>C91A006B3E99</mac_min>
            <mac_max>C91A006B3E9A</mac_max>
        </mac>
        <mac>
            <mac_min>C91A006B3EC5</mac_min>
            <mac_max>C91A006B3EC7</mac_max>
        </mac>
        <mac>
            <mac_min>C91A006B3EC9</mac_min>
            <mac_max>C91A006B3ECA</mac_max>
        </mac>
        <mac>
            <mac_min>C91A006B3F22</mac_min>
            <mac_max>C91A006B3F23</mac_max>
        </mac>
        <mac>
            <mac_min>C91A006B3F36</mac_min>
            <mac_max>C91A006B3F37</mac_max>
        </mac>
        <mac>
            <mac_min>C91A006B3F3D</mac_min>
            <mac_max>C91A006B3F3E</mac_max>
        </mac>
        <mac>
            <mac_min>C91A006B3F71</mac_min>
            <mac_max>C91A006B3F72</mac_max>
        </mac>
        <mac>
            <mac_min>FDA5272946E2</mac_min>
            <mac_max>FDA5272946E3</mac_max>
        </mac>
        <mac>
            <mac_min>FDA527294716</mac_min>
            <mac_max>FDA527294717</mac_max>
        </mac>
        <mac>
            <mac_min>FDA52729471D</mac_min>
            <mac_max>FDA52729471E</mac_max>
        </mac>
        <mac>
            <mac_min>FDA527294731</mac_min>
            <mac_max>FDA527294732</mac_max>
        </mac>
        <mac>
            <mac_min>FDA527294DEE</mac_min>
            <mac_max>FDA527294DEF</mac_max>
        </mac>
        <mac>
            <mac_min>FDA527294DF1</mac_min>
            <mac_max>FDA527294DF3</mac_max>
        </mac>
        <mac>
            <mac_min>FDA527294E1E</mac_min>
            <mac_max>FDA527294E1F</mac_max>
        </mac>
    </mac_range>
    <mac_single>
        <mac>C91A006B218C</mac>
        <mac>C91A006B21A1</mac>
        <mac>C91A006B21AB</mac>
        <mac>C91A006B21CD</mac>
        <mac>C91A006B21D1</mac>
        <mac>C91A006B21D3</mac>
        <mac>C91A006B21DC</mac>
        <mac>C91A006B21E4</mac>
        <mac>C91A006B2236</mac>
        <mac>C91A006B223F</mac>
        <mac>C91A006B2251</mac>
        <mac>C91A006B22D0</mac>
        <mac>C91A006B22D8</mac>
        <mac>C91A006B2326</mac>
        <mac>C91A006B3E80</mac>
        <mac>C91A006B3E87</mac>
        <mac>C91A006B3E96</mac>
        <mac>C91A006B3EA8</mac>
        <mac>C91A006B3EAD</mac>
        <mac>C91A006B3ED6</mac>
        <mac>C91A006B3ED9</mac>
        <mac>C91A006B3EE1</mac>
        <mac>C91A006B3F0A</mac>
        <mac>C91A006B3F1D</mac>
        <mac>C91A006B3F27</mac>
        <mac>C91A006B3F2C</mac>
        <mac>C91A006B3F30</mac>
        <mac>C91A006B3F3A</mac>
        <mac>C91A006B3F44</mac>
        <mac>C91A006B3F4A</mac>
        <mac>C91A006B3F5D</mac>
        <mac>C91A006B3F6D</mac>
        <mac>C91A006B3F75</mac>
        <mac>C91A006B3FE4</mac>
        <mac>C91A006B4063</mac>
        <mac>FDA5272945F1</mac>
        <mac>FDA527294670</mac>
        <mac>FDA5272946DF</mac>
        <mac>FDA5272946E7</mac>
        <mac>FDA5272946F7</mac>
        <mac>FDA52729470A</mac>
        <mac>FDA527294710</mac>
        <mac>FDA52729471A</mac>
        <mac>FDA527294724</mac>
        <mac>FDA527294728</mac>
        <mac>FDA52729472D</mac>
        <mac>FDA527294737</mac>
        <mac>FDA52729474A</mac>
        <mac>FDA527294DD7</mac>
        <mac>FDA527294DDF</mac>
        <mac>FDA527294DE2</mac>
        <mac>FDA527294E0B</mac>
        <mac>FDA527294E10</mac>
        <mac>FDA527294E22</mac>
        <mac>FDA527294E31</mac>
        <mac>FDA527294E38</mac>
        <mac>FDA527296992</mac>
        <mac>FDA5272969E0</mac>
        <mac>FDA5272969E8</mac>
        <mac>FDA527296A67</mac>
        <mac>FDA527296A79</mac>
        <mac>FDA527296A82</mac>
        <mac>FDA527296AD4</mac>
        <mac>FDA527296ADC</mac>
        <mac>FDA527296AE5</mac>
        <mac>FDA527296AE7</mac>
        <mac>FDA527296AEB</mac>
        <mac>FDA527296B0D</mac>
        <mac>FDA527296B17</mac>
        <mac>FDA527296B2C</mac>
    </mac_single>
    <mac_warn />
</build_mac>
