<?xml version="1.0" encoding="utf-8" ?>
<build_mac>
    <build_id>861300010010300024</build_id>
    <mac_range>
        <mac>
            <mac_min>C91A00724F4C</mac_min>
            <mac_max>C91A00724F7D</mac_max>
        </mac>
        <mac>
            <mac_min>C91A00724FE2</mac_min>
            <mac_max>C91A00725013</mac_max>
        </mac>
        <mac>
            <mac_min>C91A007254C4</mac_min>
            <mac_max>C91A007254D7</mac_max>
        </mac>
        <mac>
            <mac_min>C91A007254DB</mac_min>
            <mac_max>C91A007254DC</mac_max>
        </mac>
        <mac>
            <mac_min>C91A007254DE</mac_min>
            <mac_max>C91A007254E1</mac_max>
        </mac>
        <mac>
            <mac_min>C91A007254E3</mac_min>
            <mac_max>C91A007254EB</mac_max>
        </mac>
        <mac>
            <mac_min>C91A007254ED</mac_min>
            <mac_max>C91A007254EE</mac_max>
        </mac>
        <mac>
            <mac_min>C91A007254F0</mac_min>
            <mac_max>C91A007254F5</mac_max>
        </mac>
        <mac>
            <mac_min>C91A00725563</mac_min>
            <mac_max>C91A00725564</mac_max>
        </mac>
        <mac>
            <mac_min>C91A00725566</mac_min>
            <mac_max>C91A00725567</mac_max>
        </mac>
        <mac>
            <mac_min>C91A0072556B</mac_min>
            <mac_max>C91A0072556E</mac_max>
        </mac>
        <mac>
            <mac_min>C91A0072557E</mac_min>
            <mac_max>C91A0072557F</mac_max>
        </mac>
        <mac>
            <mac_min>C91A00725583</mac_min>
            <mac_max>C91A00725585</mac_max>
        </mac>
        <mac>
            <mac_min>FDA5272FED68</mac_min>
            <mac_max>FDA5272FED99</mac_max>
        </mac>
        <mac>
            <mac_min>FDA5272FEDFE</mac_min>
            <mac_max>FDA5272FEE2F</mac_max>
        </mac>
        <mac>
            <mac_min>FDA5272FF2E0</mac_min>
            <mac_max>FDA5272FF2F3</mac_max>
        </mac>
        <mac>
            <mac_min>FDA5272FF2F7</mac_min>
            <mac_max>FDA5272FF2F8</mac_max>
        </mac>
        <mac>
            <mac_min>FDA5272FF2FA</mac_min>
            <mac_max>FDA5272FF2FD</mac_max>
        </mac>
        <mac>
            <mac_min>FDA5272FF2FF</mac_min>
            <mac_max>FDA5272FF307</mac_max>
        </mac>
        <mac>
            <mac_min>FDA5272FF309</mac_min>
            <mac_max>FDA5272FF30A</mac_max>
        </mac>
        <mac>
            <mac_min>FDA5272FF30C</mac_min>
            <mac_max>FDA5272FF311</mac_max>
        </mac>
        <mac>
            <mac_min>FDA5272FF37F</mac_min>
            <mac_max>FDA5272FF380</mac_max>
        </mac>
        <mac>
            <mac_min>FDA5272FF382</mac_min>
            <mac_max>FDA5272FF383</mac_max>
        </mac>
        <mac>
            <mac_min>FDA5272FF387</mac_min>
            <mac_max>FDA5272FF38A</mac_max>
        </mac>
        <mac>
            <mac_min>FDA5272FF39A</mac_min>
            <mac_max>FDA5272FF39B</mac_max>
        </mac>
        <mac>
            <mac_min>FDA5272FF39F</mac_min>
            <mac_max>FDA5272FF3A1</mac_max>
        </mac>
    </mac_range>
    <mac_single>
        <mac>C91A007247B1</mac>
        <mac>C91A007247BB</mac>
        <mac>C91A007247BD</mac>
        <mac>C91A007247C1</mac>
        <mac>C91A007248DF</mac>
        <mac>C91A007248E2</mac>
        <mac>C91A007248E9</mac>
        <mac>C91A007248F8</mac>
        <mac>C91A007248FE</mac>
        <mac>C91A0072555D</mac>
        <mac>C91A00725570</mac>
        <mac>C91A00725572</mac>
        <mac>C91A00725576</mac>
        <mac>C91A00725579</mac>
        <mac>C91A0072557B</mac>
        <mac>C91A0072558A</mac>
        <mac>FDA5272FE5CC</mac>
        <mac>FDA5272FE5D6</mac>
        <mac>FDA5272FE5D8</mac>
        <mac>FDA5272FE5DC</mac>
        <mac>FDA5272FE6FA</mac>
        <mac>FDA5272FE6FD</mac>
        <mac>FDA5272FE704</mac>
        <mac>FDA5272FE713</mac>
        <mac>FDA5272FE719</mac>
        <mac>FDA5272FF379</mac>
        <mac>FDA5272FF38C</mac>
        <mac>FDA5272FF38E</mac>
        <mac>FDA5272FF392</mac>
        <mac>FDA5272FF395</mac>
        <mac>FDA5272FF397</mac>
        <mac>FDA5272FF3A6</mac>
    </mac_single>
    <mac_warn />
</build_mac>
