<?xml version="1.0" encoding="utf-8" ?>
<build_mac>
    <build_id>861300010050300008</build_id>
    <mac_range>
        <mac>
            <mac_min>C91A00713C2D</mac_min>
            <mac_max>C91A00713C2E</mac_max>
        </mac>
        <mac>
            <mac_min>C91A00713C30</mac_min>
            <mac_max>C91A00713C33</mac_max>
        </mac>
        <mac>
            <mac_min>C91A00713C35</mac_min>
            <mac_max>C91A00713C36</mac_max>
        </mac>
        <mac>
            <mac_min>C91A00713C38</mac_min>
            <mac_max>C91A00713C3A</mac_max>
        </mac>
        <mac>
            <mac_min>C91A00713C3E</mac_min>
            <mac_max>C91A00713C3F</mac_max>
        </mac>
        <mac>
            <mac_min>C91A00713C4D</mac_min>
            <mac_max>C91A00713C4F</mac_max>
        </mac>
        <mac>
            <mac_min>C91A00713C52</mac_min>
            <mac_max>C91A00713C54</mac_max>
        </mac>
        <mac>
            <mac_min>C91A00713C56</mac_min>
            <mac_max>C91A00713C59</mac_max>
        </mac>
        <mac>
            <mac_min>C91A00713C5B</mac_min>
            <mac_max>C91A00713C5D</mac_max>
        </mac>
        <mac>
            <mac_min>C91A00713C60</mac_min>
            <mac_max>C91A00713C63</mac_max>
        </mac>
        <mac>
            <mac_min>C91A00713C65</mac_min>
            <mac_max>C91A00713C6A</mac_max>
        </mac>
        <mac>
            <mac_min>C91A00713C72</mac_min>
            <mac_max>C91A00713C73</mac_max>
        </mac>
        <mac>
            <mac_min>C91A00713C75</mac_min>
            <mac_max>C91A00713C76</mac_max>
        </mac>
        <mac>
            <mac_min>C91A00713C78</mac_min>
            <mac_max>C91A00713C79</mac_max>
        </mac>
        <mac>
            <mac_min>C91A00713C7B</mac_min>
            <mac_max>C91A00713C7D</mac_max>
        </mac>
        <mac>
            <mac_min>C91A00713C85</mac_min>
            <mac_max>C91A00713C87</mac_max>
        </mac>
        <mac>
            <mac_min>C91A00713C89</mac_min>
            <mac_max>C91A00713C8B</mac_max>
        </mac>
        <mac>
            <mac_min>FDA5272E2650</mac_min>
            <mac_max>FDA5272E2651</mac_max>
        </mac>
        <mac>
            <mac_min>FDA5272E2653</mac_min>
            <mac_max>FDA5272E2656</mac_max>
        </mac>
        <mac>
            <mac_min>FDA5272E2658</mac_min>
            <mac_max>FDA5272E2659</mac_max>
        </mac>
        <mac>
            <mac_min>FDA5272E265B</mac_min>
            <mac_max>FDA5272E265D</mac_max>
        </mac>
        <mac>
            <mac_min>FDA5272E2661</mac_min>
            <mac_max>FDA5272E2662</mac_max>
        </mac>
        <mac>
            <mac_min>FDA5272E2670</mac_min>
            <mac_max>FDA5272E2672</mac_max>
        </mac>
        <mac>
            <mac_min>FDA5272E2675</mac_min>
            <mac_max>FDA5272E2677</mac_max>
        </mac>
        <mac>
            <mac_min>FDA5272E2679</mac_min>
            <mac_max>FDA5272E267C</mac_max>
        </mac>
        <mac>
            <mac_min>FDA5272E267E</mac_min>
            <mac_max>FDA5272E2680</mac_max>
        </mac>
        <mac>
            <mac_min>FDA5272E2683</mac_min>
            <mac_max>FDA5272E2686</mac_max>
        </mac>
        <mac>
            <mac_min>FDA5272E2688</mac_min>
            <mac_max>FDA5272E268D</mac_max>
        </mac>
        <mac>
            <mac_min>FDA5272E2695</mac_min>
            <mac_max>FDA5272E2696</mac_max>
        </mac>
        <mac>
            <mac_min>FDA5272E2698</mac_min>
            <mac_max>FDA5272E2699</mac_max>
        </mac>
        <mac>
            <mac_min>FDA5272E269B</mac_min>
            <mac_max>FDA5272E269C</mac_max>
        </mac>
        <mac>
            <mac_min>FDA5272E269E</mac_min>
            <mac_max>FDA5272E26A0</mac_max>
        </mac>
        <mac>
            <mac_min>FDA5272E26A8</mac_min>
            <mac_max>FDA5272E26AA</mac_max>
        </mac>
        <mac>
            <mac_min>FDA5272E26AC</mac_min>
            <mac_max>FDA5272E26AE</mac_max>
        </mac>
    </mac_range>
    <mac_single>
        <mac>C91A00713A26</mac>
        <mac>C91A00713A31</mac>
        <mac>C91A00713C45</mac>
        <mac>C91A00713C47</mac>
        <mac>C91A00713C4B</mac>
        <mac>C91A00713C6D</mac>
        <mac>C91A00713C83</mac>
        <mac>FDA5272E2449</mac>
        <mac>FDA5272E2454</mac>
        <mac>FDA5272E2668</mac>
        <mac>FDA5272E266A</mac>
        <mac>FDA5272E266E</mac>
        <mac>FDA5272E2690</mac>
        <mac>FDA5272E26A6</mac>
    </mac_single>
    <mac_warn />
</build_mac>
