<?xml version="1.0" encoding="utf-8" ?>
<build_mac>
    <build_id>861300010010300018</build_id>
    <mac_range>
        <mac>
            <mac_min>C91A006D4C2C</mac_min>
            <mac_max>C91A006D4C2F</mac_max>
        </mac>
        <mac>
            <mac_min>C91A006D4C31</mac_min>
            <mac_max>C91A006D4C38</mac_max>
        </mac>
        <mac>
            <mac_min>C91A006D4C3C</mac_min>
            <mac_max>C91A006D4C44</mac_max>
        </mac>
        <mac>
            <mac_min>C91A006D4C46</mac_min>
            <mac_max>C91A006D4C50</mac_max>
        </mac>
        <mac>
            <mac_min>C91A006D4C52</mac_min>
            <mac_max>C91A006D4C54</mac_max>
        </mac>
        <mac>
            <mac_min>C91A006D4C56</mac_min>
            <mac_max>C91A006D4C5D</mac_max>
        </mac>
        <mac>
            <mac_min>C91A006D4DC0</mac_min>
            <mac_max>C91A006D4DCD</mac_max>
        </mac>
        <mac>
            <mac_min>C91A006D4DD3</mac_min>
            <mac_max>C91A006D4DD6</mac_max>
        </mac>
        <mac>
            <mac_min>C91A006D4DDD</mac_min>
            <mac_max>C91A006D4DE0</mac_max>
        </mac>
        <mac>
            <mac_min>C91A006D4DE3</mac_min>
            <mac_max>C91A006D4DE6</mac_max>
        </mac>
        <mac>
            <mac_min>FDA5272B0EFA</mac_min>
            <mac_max>FDA5272B0EFD</mac_max>
        </mac>
        <mac>
            <mac_min>FDA5272B0EFF</mac_min>
            <mac_max>FDA5272B0F06</mac_max>
        </mac>
        <mac>
            <mac_min>FDA5272B0F0A</mac_min>
            <mac_max>FDA5272B0F12</mac_max>
        </mac>
        <mac>
            <mac_min>FDA5272B0F14</mac_min>
            <mac_max>FDA5272B0F1E</mac_max>
        </mac>
        <mac>
            <mac_min>FDA5272B0F20</mac_min>
            <mac_max>FDA5272B0F22</mac_max>
        </mac>
        <mac>
            <mac_min>FDA5272B0F24</mac_min>
            <mac_max>FDA5272B0F2B</mac_max>
        </mac>
        <mac>
            <mac_min>FDA5272B108E</mac_min>
            <mac_max>FDA5272B109B</mac_max>
        </mac>
        <mac>
            <mac_min>FDA5272B10A1</mac_min>
            <mac_max>FDA5272B10A4</mac_max>
        </mac>
        <mac>
            <mac_min>FDA5272B10AB</mac_min>
            <mac_max>FDA5272B10AE</mac_max>
        </mac>
        <mac>
            <mac_min>FDA5272B10B1</mac_min>
            <mac_max>FDA5272B10B4</mac_max>
        </mac>
    </mac_range>
    <mac_single>
        <mac>C91A006D4C3A</mac>
        <mac>C91A006D4DBD</mac>
        <mac>C91A006D4DD1</mac>
        <mac>C91A006D4DD9</mac>
        <mac>C91A006D4DDB</mac>
        <mac>C91A006D4DE9</mac>
        <mac>C91A006D4DEC</mac>
        <mac>FDA5272B0F08</mac>
        <mac>FDA5272B108B</mac>
        <mac>FDA5272B109F</mac>
        <mac>FDA5272B10A7</mac>
        <mac>FDA5272B10A9</mac>
        <mac>FDA5272B10B7</mac>
        <mac>FDA5272B10BA</mac>
    </mac_single>
    <mac_warn />
</build_mac>
