<?xml version="1.0" encoding="utf-8" ?>
<build_mac>
    <build_id>861400010010300003</build_id>
    <mac_range>
        <mac>
            <mac_min>C91A006E7148</mac_min>
            <mac_max>C91A006E7149</mac_max>
        </mac>
        <mac>
            <mac_min>C91A006E714B</mac_min>
            <mac_max>C91A006E714C</mac_max>
        </mac>
        <mac>
            <mac_min>C91A006E714F</mac_min>
            <mac_max>C91A006E7159</mac_max>
        </mac>
        <mac>
            <mac_min>C91A006E715B</mac_min>
            <mac_max>C91A006E715F</mac_max>
        </mac>
        <mac>
            <mac_min>C91A006E7161</mac_min>
            <mac_max>C91A006E7165</mac_max>
        </mac>
        <mac>
            <mac_min>C91A006E7167</mac_min>
            <mac_max>C91A006E7169</mac_max>
        </mac>
        <mac>
            <mac_min>C91A006E716B</mac_min>
            <mac_max>C91A006E716E</mac_max>
        </mac>
        <mac>
            <mac_min>C91A006E7172</mac_min>
            <mac_max>C91A006E7179</mac_max>
        </mac>
        <mac>
            <mac_min>C91A006E7242</mac_min>
            <mac_max>C91A006E7246</mac_max>
        </mac>
        <mac>
            <mac_min>C91A006E7248</mac_min>
            <mac_max>C91A006E7249</mac_max>
        </mac>
        <mac>
            <mac_min>C91A006E7253</mac_min>
            <mac_max>C91A006E7254</mac_max>
        </mac>
        <mac>
            <mac_min>C91A006E7256</mac_min>
            <mac_max>C91A006E725A</mac_max>
        </mac>
        <mac>
            <mac_min>C91A006E725D</mac_min>
            <mac_max>C91A006E725F</mac_max>
        </mac>
        <mac>
            <mac_min>C91A006E7261</mac_min>
            <mac_max>C91A006E7262</mac_max>
        </mac>
        <mac>
            <mac_min>C91A006E7266</mac_min>
            <mac_max>C91A006E7267</mac_max>
        </mac>
        <mac>
            <mac_min>C91A006E726C</mac_min>
            <mac_max>C91A006E726D</mac_max>
        </mac>
        <mac>
            <mac_min>FDA5272584F9</mac_min>
            <mac_max>FDA5272584FB</mac_max>
        </mac>
        <mac>
            <mac_min>FDA527258504</mac_min>
            <mac_max>FDA527258505</mac_max>
        </mac>
        <mac>
            <mac_min>FDA5272585A0</mac_min>
            <mac_max>FDA5272585A1</mac_max>
        </mac>
        <mac>
            <mac_min>FDA5272585A8</mac_min>
            <mac_max>FDA5272585A9</mac_max>
        </mac>
        <mac>
            <mac_min>FDA5272585B1</mac_min>
            <mac_max>FDA5272585B2</mac_max>
        </mac>
        <mac>
            <mac_min>FDA5272585BF</mac_min>
            <mac_max>FDA5272585C2</mac_max>
        </mac>
        <mac>
            <mac_min>FDA5272585C7</mac_min>
            <mac_max>FDA5272585C8</mac_max>
        </mac>
        <mac>
            <mac_min>FDA5272586E8</mac_min>
            <mac_max>FDA5272586EA</mac_max>
        </mac>
        <mac>
            <mac_min>FDA527258736</mac_min>
            <mac_max>FDA527258738</mac_max>
        </mac>
        <mac>
            <mac_min>FDA52725873E</mac_min>
            <mac_max>FDA527258740</mac_max>
        </mac>
        <mac>
            <mac_min>FDA527258877</mac_min>
            <mac_max>FDA527258878</mac_max>
        </mac>
        <mac>
            <mac_min>FDA5272B9BC5</mac_min>
            <mac_max>FDA5272B9BC6</mac_max>
        </mac>
        <mac>
            <mac_min>FDA5272B9BC8</mac_min>
            <mac_max>FDA5272B9BC9</mac_max>
        </mac>
        <mac>
            <mac_min>FDA5272B9BCC</mac_min>
            <mac_max>FDA5272B9BD6</mac_max>
        </mac>
        <mac>
            <mac_min>FDA5272B9BD8</mac_min>
            <mac_max>FDA5272B9BDC</mac_max>
        </mac>
        <mac>
            <mac_min>FDA5272B9BDE</mac_min>
            <mac_max>FDA5272B9BE2</mac_max>
        </mac>
        <mac>
            <mac_min>FDA5272B9BE4</mac_min>
            <mac_max>FDA5272B9BE6</mac_max>
        </mac>
        <mac>
            <mac_min>FDA5272B9BE8</mac_min>
            <mac_max>FDA5272B9BEB</mac_max>
        </mac>
        <mac>
            <mac_min>FDA5272B9BEF</mac_min>
            <mac_max>FDA5272B9BF6</mac_max>
        </mac>
        <mac>
            <mac_min>FDA5272B9CBF</mac_min>
            <mac_max>FDA5272B9CC3</mac_max>
        </mac>
        <mac>
            <mac_min>FDA5272B9CC5</mac_min>
            <mac_max>FDA5272B9CC6</mac_max>
        </mac>
        <mac>
            <mac_min>FDA5272B9CD0</mac_min>
            <mac_max>FDA5272B9CD1</mac_max>
        </mac>
        <mac>
            <mac_min>FDA5272B9CD3</mac_min>
            <mac_max>FDA5272B9CD7</mac_max>
        </mac>
        <mac>
            <mac_min>FDA5272B9CDA</mac_min>
            <mac_max>FDA5272B9CDC</mac_max>
        </mac>
        <mac>
            <mac_min>FDA5272B9CDE</mac_min>
            <mac_max>FDA5272B9CDF</mac_max>
        </mac>
        <mac>
            <mac_min>FDA5272B9CE3</mac_min>
            <mac_max>FDA5272B9CE4</mac_max>
        </mac>
        <mac>
            <mac_min>FDA5272B9CE9</mac_min>
            <mac_max>FDA5272B9CEA</mac_max>
        </mac>
    </mac_range>
    <mac_single>
        <mac>C91A006E7170</mac>
        <mac>C91A006E7251</mac>
        <mac>C91A006E726A</mac>
        <mac>C91A006E7271</mac>
        <mac>C91A006E7273</mac>
        <mac>FDA5272584EF</mac>
        <mac>FDA5272584F2</mac>
        <mac>FDA5272584F4</mac>
        <mac>FDA527258500</mac>
        <mac>FDA527258527</mac>
        <mac>FDA527258596</mac>
        <mac>FDA52725859E</mac>
        <mac>FDA5272585B8</mac>
        <mac>FDA5272585BD</mac>
        <mac>FDA5272585CB</mac>
        <mac>FDA5272585F6</mac>
        <mac>FDA5272585FF</mac>
        <mac>FDA5272586EC</mac>
        <mac>FDA5272586EF</mac>
        <mac>FDA5272586F5</mac>
        <mac>FDA5272586FD</mac>
        <mac>FDA527258727</mac>
        <mac>FDA52725872E</mac>
        <mac>FDA527258746</mac>
        <mac>FDA52725874E</mac>
        <mac>FDA52725886E</mac>
        <mac>FDA527258870</mac>
        <mac>FDA527258873</mac>
        <mac>FDA527258875</mac>
        <mac>FDA52725887C</mac>
        <mac>FDA52725887F</mac>
        <mac>FDA5272B9BED</mac>
        <mac>FDA5272B9CCE</mac>
        <mac>FDA5272B9CE7</mac>
        <mac>FDA5272B9CEE</mac>
        <mac>FDA5272B9CF0</mac>
    </mac_single>
    <mac_warn />
</build_mac>
