<?xml version="1.0" encoding="utf-8" ?>
<build_mac>
    <build_id>861400010030300004</build_id>
    <mac_range>
        <mac>
            <mac_min>C91A006D271B</mac_min>
            <mac_max>C91A006D271E</mac_max>
        </mac>
        <mac>
            <mac_min>C91A006D2727</mac_min>
            <mac_max>C91A006D2729</mac_max>
        </mac>
        <mac>
            <mac_min>C91A006D272D</mac_min>
            <mac_max>C91A006D272E</mac_max>
        </mac>
        <mac>
            <mac_min>C91A006D2734</mac_min>
            <mac_max>C91A006D2738</mac_max>
        </mac>
        <mac>
            <mac_min>C91A006D273F</mac_min>
            <mac_max>C91A006D2740</mac_max>
        </mac>
        <mac>
            <mac_min>C91A006D28D4</mac_min>
            <mac_max>C91A006D28E1</mac_max>
        </mac>
        <mac>
            <mac_min>C91A006D28E3</mac_min>
            <mac_max>C91A006D28E7</mac_max>
        </mac>
        <mac>
            <mac_min>C91A006D28E9</mac_min>
            <mac_max>C91A006D28EB</mac_max>
        </mac>
        <mac>
            <mac_min>C91A006D28ED</mac_min>
            <mac_max>C91A006D28F2</mac_max>
        </mac>
        <mac>
            <mac_min>C91A006D28F4</mac_min>
            <mac_max>C91A006D28F9</mac_max>
        </mac>
        <mac>
            <mac_min>C91A006D28FB</mac_min>
            <mac_max>C91A006D28FF</mac_max>
        </mac>
        <mac>
            <mac_min>C91A006D2901</mac_min>
            <mac_max>C91A006D2903</mac_max>
        </mac>
        <mac>
            <mac_min>C91A006E71AC</mac_min>
            <mac_max>C91A006E71AE</mac_max>
        </mac>
        <mac>
            <mac_min>C91A006E71B1</mac_min>
            <mac_max>C91A006E71B3</mac_max>
        </mac>
        <mac>
            <mac_min>C91A006E71B7</mac_min>
            <mac_max>C91A006E71BE</mac_max>
        </mac>
        <mac>
            <mac_min>C91A006E71C1</mac_min>
            <mac_max>C91A006E71C2</mac_max>
        </mac>
        <mac>
            <mac_min>C91A006E71CB</mac_min>
            <mac_max>C91A006E71CC</mac_max>
        </mac>
        <mac>
            <mac_min>C91A006E71D2</mac_min>
            <mac_max>C91A006E71D3</mac_max>
        </mac>
        <mac>
            <mac_min>C91A006E71DA</mac_min>
            <mac_max>C91A006E71E8</mac_max>
        </mac>
        <mac>
            <mac_min>C91A006E71EA</mac_min>
            <mac_max>C91A006E71EF</mac_max>
        </mac>
        <mac>
            <mac_min>C91A006E71F1</mac_min>
            <mac_max>C91A006E71F4</mac_max>
        </mac>
        <mac>
            <mac_min>C91A006E71F6</mac_min>
            <mac_max>C91A006E7209</mac_max>
        </mac>
        <mac>
            <mac_min>C91A006E720B</mac_min>
            <mac_max>C91A006E720F</mac_max>
        </mac>
        <mac>
            <mac_min>C91A006E72E7</mac_min>
            <mac_max>C91A006E72EA</mac_max>
        </mac>
        <mac>
            <mac_min>C91A006E72EE</mac_min>
            <mac_max>C91A006E72EF</mac_max>
        </mac>
        <mac>
            <mac_min>C91A006E72FB</mac_min>
            <mac_max>C91A006E72FD</mac_max>
        </mac>
        <mac>
            <mac_min>C91A006E7303</mac_min>
            <mac_max>C91A006E7304</mac_max>
        </mac>
        <mac>
            <mac_min>FDA5272AE7F4</mac_min>
            <mac_max>FDA5272AE7F7</mac_max>
        </mac>
        <mac>
            <mac_min>FDA5272AE800</mac_min>
            <mac_max>FDA5272AE802</mac_max>
        </mac>
        <mac>
            <mac_min>FDA5272AE806</mac_min>
            <mac_max>FDA5272AE807</mac_max>
        </mac>
        <mac>
            <mac_min>FDA5272AE80D</mac_min>
            <mac_max>FDA5272AE811</mac_max>
        </mac>
        <mac>
            <mac_min>FDA5272AE818</mac_min>
            <mac_max>FDA5272AE819</mac_max>
        </mac>
        <mac>
            <mac_min>FDA5272AE9AD</mac_min>
            <mac_max>FDA5272AE9BA</mac_max>
        </mac>
        <mac>
            <mac_min>FDA5272AE9BC</mac_min>
            <mac_max>FDA5272AE9C0</mac_max>
        </mac>
        <mac>
            <mac_min>FDA5272AE9C2</mac_min>
            <mac_max>FDA5272AE9C4</mac_max>
        </mac>
        <mac>
            <mac_min>FDA5272AE9C6</mac_min>
            <mac_max>FDA5272AE9CB</mac_max>
        </mac>
        <mac>
            <mac_min>FDA5272AE9CD</mac_min>
            <mac_max>FDA5272AE9D2</mac_max>
        </mac>
        <mac>
            <mac_min>FDA5272AE9D4</mac_min>
            <mac_max>FDA5272AE9D8</mac_max>
        </mac>
        <mac>
            <mac_min>FDA5272AE9DA</mac_min>
            <mac_max>FDA5272AE9DC</mac_max>
        </mac>
        <mac>
            <mac_min>FDA5272B9C29</mac_min>
            <mac_max>FDA5272B9C2B</mac_max>
        </mac>
        <mac>
            <mac_min>FDA5272B9C2E</mac_min>
            <mac_max>FDA5272B9C30</mac_max>
        </mac>
        <mac>
            <mac_min>FDA5272B9C34</mac_min>
            <mac_max>FDA5272B9C3B</mac_max>
        </mac>
        <mac>
            <mac_min>FDA5272B9C3E</mac_min>
            <mac_max>FDA5272B9C3F</mac_max>
        </mac>
        <mac>
            <mac_min>FDA5272B9C48</mac_min>
            <mac_max>FDA5272B9C49</mac_max>
        </mac>
        <mac>
            <mac_min>FDA5272B9C4F</mac_min>
            <mac_max>FDA5272B9C50</mac_max>
        </mac>
        <mac>
            <mac_min>FDA5272B9C57</mac_min>
            <mac_max>FDA5272B9C65</mac_max>
        </mac>
        <mac>
            <mac_min>FDA5272B9C67</mac_min>
            <mac_max>FDA5272B9C6C</mac_max>
        </mac>
        <mac>
            <mac_min>FDA5272B9C6E</mac_min>
            <mac_max>FDA5272B9C71</mac_max>
        </mac>
        <mac>
            <mac_min>FDA5272B9C73</mac_min>
            <mac_max>FDA5272B9C86</mac_max>
        </mac>
        <mac>
            <mac_min>FDA5272B9C88</mac_min>
            <mac_max>FDA5272B9C8C</mac_max>
        </mac>
        <mac>
            <mac_min>FDA5272B9D64</mac_min>
            <mac_max>FDA5272B9D67</mac_max>
        </mac>
        <mac>
            <mac_min>FDA5272B9D6B</mac_min>
            <mac_max>FDA5272B9D6C</mac_max>
        </mac>
        <mac>
            <mac_min>FDA5272B9D78</mac_min>
            <mac_max>FDA5272B9D7A</mac_max>
        </mac>
        <mac>
            <mac_min>FDA5272B9D80</mac_min>
            <mac_max>FDA5272B9D81</mac_max>
        </mac>
    </mac_range>
    <mac_single>
        <mac>C91A006471BF</mac>
        <mac>C91A006D2712</mac>
        <mac>C91A006D2719</mac>
        <mac>C91A006D2720</mac>
        <mac>C91A006D2722</mac>
        <mac>C91A006D2725</mac>
        <mac>C91A006D272B</mac>
        <mac>C91A006D2731</mac>
        <mac>C91A006D273D</mac>
        <mac>C91A006D2787</mac>
        <mac>C91A006D278D</mac>
        <mac>C91A006D2790</mac>
        <mac>C91A006D2797</mac>
        <mac>C91A006D27A3</mac>
        <mac>C91A006D28D2</mac>
        <mac>C91A006E71B5</mac>
        <mac>C91A006E71C4</mac>
        <mac>C91A006E71C6</mac>
        <mac>C91A006E71C8</mac>
        <mac>C91A006E71D0</mac>
        <mac>C91A006E71D7</mac>
        <mac>C91A006E72AD</mac>
        <mac>C91A006E72BF</mac>
        <mac>C91A006E72CE</mac>
        <mac>C91A006E72D9</mac>
        <mac>C91A006E72DF</mac>
        <mac>C91A006E72E2</mac>
        <mac>C91A006E72EC</mac>
        <mac>C91A006E72F4</mac>
        <mac>C91A006E72F7</mac>
        <mac>C91A006E72F9</mac>
        <mac>C91A006E7308</mac>
        <mac>FDA5272AE7EB</mac>
        <mac>FDA5272AE7F2</mac>
        <mac>FDA5272AE7F9</mac>
        <mac>FDA5272AE7FB</mac>
        <mac>FDA5272AE7FE</mac>
        <mac>FDA5272AE804</mac>
        <mac>FDA5272AE80A</mac>
        <mac>FDA5272AE816</mac>
        <mac>FDA5272AE860</mac>
        <mac>FDA5272AE866</mac>
        <mac>FDA5272AE869</mac>
        <mac>FDA5272AE870</mac>
        <mac>FDA5272AE87C</mac>
        <mac>FDA5272AE9AB</mac>
        <mac>FDA5272B9C32</mac>
        <mac>FDA5272B9C41</mac>
        <mac>FDA5272B9C43</mac>
        <mac>FDA5272B9C45</mac>
        <mac>FDA5272B9C4D</mac>
        <mac>FDA5272B9C54</mac>
        <mac>FDA5272B9D2A</mac>
        <mac>FDA5272B9D3C</mac>
        <mac>FDA5272B9D4B</mac>
        <mac>FDA5272B9D56</mac>
        <mac>FDA5272B9D5C</mac>
        <mac>FDA5272B9D5F</mac>
        <mac>FDA5272B9D69</mac>
        <mac>FDA5272B9D71</mac>
        <mac>FDA5272B9D74</mac>
        <mac>FDA5272B9D76</mac>
        <mac>FDA5272B9D85</mac>
    </mac_single>
    <mac_warn />
</build_mac>
