<?xml version="1.0" encoding="utf-8" ?>
<build_mac>
    <build_id>861400010040300001</build_id>
    <mac_range>
        <mac>
            <mac_min>C91A00601E4C</mac_min>
            <mac_max>C91A00601E4D</mac_max>
        </mac>
        <mac>
            <mac_min>C91A00601E51</mac_min>
            <mac_max>C91A00601E57</mac_max>
        </mac>
        <mac>
            <mac_min>C91A00601E5B</mac_min>
            <mac_max>C91A00601E5D</mac_max>
        </mac>
        <mac>
            <mac_min>C91A00601E5F</mac_min>
            <mac_max>C91A00601E60</mac_max>
        </mac>
        <mac>
            <mac_min>C91A00601E6F</mac_min>
            <mac_max>C91A00601E70</mac_max>
        </mac>
        <mac>
            <mac_min>C91A00601E72</mac_min>
            <mac_max>C91A00601E76</mac_max>
        </mac>
        <mac>
            <mac_min>C91A006022C6</mac_min>
            <mac_max>C91A006022C8</mac_max>
        </mac>
        <mac>
            <mac_min>C91A006022CB</mac_min>
            <mac_max>C91A006022CE</mac_max>
        </mac>
        <mac>
            <mac_min>C91A006022D9</mac_min>
            <mac_max>C91A006022DB</mac_max>
        </mac>
        <mac>
            <mac_min>C91A006022DE</mac_min>
            <mac_max>C91A006022E1</mac_max>
        </mac>
        <mac>
            <mac_min>C91A006022E5</mac_min>
            <mac_max>C91A006022E7</mac_max>
        </mac>
        <mac>
            <mac_min>C91A00712F76</mac_min>
            <mac_max>C91A00712F9D</mac_max>
        </mac>
        <mac>
            <mac_min>C91A00712F9F</mac_min>
            <mac_max>C91A00712FA7</mac_max>
        </mac>
        <mac>
            <mac_min>C91A00713D22</mac_min>
            <mac_max>C91A00713D26</mac_max>
        </mac>
        <mac>
            <mac_min>C91A00713D36</mac_min>
            <mac_max>C91A00713D39</mac_max>
        </mac>
        <mac>
            <mac_min>C91A00713D3C</mac_min>
            <mac_max>C91A00713D3D</mac_max>
        </mac>
        <mac>
            <mac_min>C91A00713D41</mac_min>
            <mac_max>C91A00713D42</mac_max>
        </mac>
        <mac>
            <mac_min>C91A00713D47</mac_min>
            <mac_max>C91A00713D48</mac_max>
        </mac>
        <mac>
            <mac_min>C91A00713D4C</mac_min>
            <mac_max>C91A00713D4F</mac_max>
        </mac>
        <mac>
            <mac_min>C91A00713D51</mac_min>
            <mac_max>C91A00713D61</mac_max>
        </mac>
        <mac>
            <mac_min>C91A00713D63</mac_min>
            <mac_max>C91A00713D85</mac_max>
        </mac>
        <mac>
            <mac_min>C91A00713E5F</mac_min>
            <mac_max>C91A00713E60</mac_max>
        </mac>
        <mac>
            <mac_min>C91A00713E6D</mac_min>
            <mac_max>C91A00713E6F</mac_max>
        </mac>
        <mac>
            <mac_min>C91A00713E79</mac_min>
            <mac_max>C91A00713E7A</mac_max>
        </mac>
        <mac>
            <mac_min>FDA5271BEE32</mac_min>
            <mac_max>FDA5271BEE33</mac_max>
        </mac>
        <mac>
            <mac_min>FDA5271BEE37</mac_min>
            <mac_max>FDA5271BEE3D</mac_max>
        </mac>
        <mac>
            <mac_min>FDA5271BF036</mac_min>
            <mac_max>FDA5271BF037</mac_max>
        </mac>
        <mac>
            <mac_min>FDA5271BF039</mac_min>
            <mac_max>FDA5271BF03A</mac_max>
        </mac>
        <mac>
            <mac_min>FDA5271BF049</mac_min>
            <mac_max>FDA5271BF04A</mac_max>
        </mac>
        <mac>
            <mac_min>FDA5271BF04C</mac_min>
            <mac_max>FDA5271BF050</mac_max>
        </mac>
        <mac>
            <mac_min>FDA5271BFACC</mac_min>
            <mac_max>FDA5271BFACE</mac_max>
        </mac>
        <mac>
            <mac_min>FDA5271BFAD1</mac_min>
            <mac_max>FDA5271BFAD4</mac_max>
        </mac>
        <mac>
            <mac_min>FDA5271BFADF</mac_min>
            <mac_max>FDA5271BFAE1</mac_max>
        </mac>
        <mac>
            <mac_min>FDA5271BFAE4</mac_min>
            <mac_max>FDA5271BFAE7</mac_max>
        </mac>
        <mac>
            <mac_min>FDA5271BFAEB</mac_min>
            <mac_max>FDA5271BFAED</mac_max>
        </mac>
        <mac>
            <mac_min>FDA5272E1996</mac_min>
            <mac_max>FDA5272E19BD</mac_max>
        </mac>
        <mac>
            <mac_min>FDA5272E19BF</mac_min>
            <mac_max>FDA5272E19C7</mac_max>
        </mac>
        <mac>
            <mac_min>FDA5272E2745</mac_min>
            <mac_max>FDA5272E2749</mac_max>
        </mac>
        <mac>
            <mac_min>FDA5272E2759</mac_min>
            <mac_max>FDA5272E275C</mac_max>
        </mac>
        <mac>
            <mac_min>FDA5272E275F</mac_min>
            <mac_max>FDA5272E2760</mac_max>
        </mac>
        <mac>
            <mac_min>FDA5272E2764</mac_min>
            <mac_max>FDA5272E2765</mac_max>
        </mac>
        <mac>
            <mac_min>FDA5272E276A</mac_min>
            <mac_max>FDA5272E276B</mac_max>
        </mac>
        <mac>
            <mac_min>FDA5272E276F</mac_min>
            <mac_max>FDA5272E2772</mac_max>
        </mac>
        <mac>
            <mac_min>FDA5272E2774</mac_min>
            <mac_max>FDA5272E2784</mac_max>
        </mac>
        <mac>
            <mac_min>FDA5272E2786</mac_min>
            <mac_max>FDA5272E27A8</mac_max>
        </mac>
        <mac>
            <mac_min>FDA5272E2882</mac_min>
            <mac_max>FDA5272E2883</mac_max>
        </mac>
        <mac>
            <mac_min>FDA5272E2890</mac_min>
            <mac_max>FDA5272E2892</mac_max>
        </mac>
        <mac>
            <mac_min>FDA5272E289C</mac_min>
            <mac_max>FDA5272E289D</mac_max>
        </mac>
    </mac_range>
    <mac_single>
        <mac>C91A00601E49</mac>
        <mac>C91A00601E4F</mac>
        <mac>C91A00601E59</mac>
        <mac>C91A00601E62</mac>
        <mac>C91A00601E66</mac>
        <mac>C91A00601E6B</mac>
        <mac>C91A00601EA9</mac>
        <mac>C91A006022C4</mac>
        <mac>C91A006022D2</mac>
        <mac>C91A006022D4</mac>
        <mac>C91A006022D6</mac>
        <mac>C91A006022EA</mac>
        <mac>C91A006022EC</mac>
        <mac>C91A006022EE</mac>
        <mac>C91A006022F2</mac>
        <mac>C91A006022F5</mac>
        <mac>C91A00712FA9</mac>
        <mac>C91A00712FAD</mac>
        <mac>C91A00712FB0</mac>
        <mac>C91A00712FB3</mac>
        <mac>C91A00712FBC</mac>
        <mac>C91A00712FC2</mac>
        <mac>C91A00712FC7</mac>
        <mac>C91A00712FD2</mac>
        <mac>C91A00713D29</mac>
        <mac>C91A00713D2B</mac>
        <mac>C91A00713D2D</mac>
        <mac>C91A00713D30</mac>
        <mac>C91A00713D32</mac>
        <mac>C91A00713D3F</mac>
        <mac>C91A00713E50</mac>
        <mac>C91A00713E53</mac>
        <mac>C91A00713E64</mac>
        <mac>C91A00713E66</mac>
        <mac>C91A00713E68</mac>
        <mac>C91A00713E6B</mac>
        <mac>C91A00713E72</mac>
        <mac>C91A00713E75</mac>
        <mac>C91A00713E77</mac>
        <mac>C91A00713E7C</mac>
        <mac>C91A00713E7E</mac>
        <mac>FDA5271BEE2F</mac>
        <mac>FDA5271BEE35</mac>
        <mac>FDA5271BEE3F</mac>
        <mac>FDA5271BEE41</mac>
        <mac>FDA5271BF03C</mac>
        <mac>FDA5271BF040</mac>
        <mac>FDA5271BF045</mac>
        <mac>FDA5271BF083</mac>
        <mac>FDA5271BFACA</mac>
        <mac>FDA5271BFAD8</mac>
        <mac>FDA5271BFADA</mac>
        <mac>FDA5271BFADC</mac>
        <mac>FDA5271BFAF0</mac>
        <mac>FDA5271BFAF2</mac>
        <mac>FDA5271BFAF4</mac>
        <mac>FDA5271BFAF8</mac>
        <mac>FDA5271BFAFB</mac>
        <mac>FDA5272E19C9</mac>
        <mac>FDA5272E19CD</mac>
        <mac>FDA5272E19D0</mac>
        <mac>FDA5272E19D3</mac>
        <mac>FDA5272E19DC</mac>
        <mac>FDA5272E19E2</mac>
        <mac>FDA5272E19E7</mac>
        <mac>FDA5272E19F2</mac>
        <mac>FDA5272E274C</mac>
        <mac>FDA5272E274E</mac>
        <mac>FDA5272E2750</mac>
        <mac>FDA5272E2753</mac>
        <mac>FDA5272E2755</mac>
        <mac>FDA5272E2762</mac>
        <mac>FDA5272E2873</mac>
        <mac>FDA5272E2876</mac>
        <mac>FDA5272E2887</mac>
        <mac>FDA5272E2889</mac>
        <mac>FDA5272E288B</mac>
        <mac>FDA5272E288E</mac>
        <mac>FDA5272E2895</mac>
        <mac>FDA5272E2898</mac>
        <mac>FDA5272E289A</mac>
        <mac>FDA5272E289F</mac>
        <mac>FDA5272E28A1</mac>
    </mac_single>
    <mac_warn />
</build_mac>
