<?xml version="1.0" encoding="utf-8" ?>
<build_mac>
    <build_id>861400010080300012</build_id>
    <mac_range>
        <mac>
            <mac_min>C91A00713FB0</mac_min>
            <mac_max>C91A00713FB2</mac_max>
        </mac>
        <mac>
            <mac_min>C91A00713FC0</mac_min>
            <mac_max>C91A00713FC2</mac_max>
        </mac>
        <mac>
            <mac_min>C91A00713FC4</mac_min>
            <mac_max>C91A00713FC5</mac_max>
        </mac>
        <mac>
            <mac_min>C91A00713FCB</mac_min>
            <mac_max>C91A00713FCD</mac_max>
        </mac>
        <mac>
            <mac_min>C91A00714012</mac_min>
            <mac_max>C91A00714019</mac_max>
        </mac>
        <mac>
            <mac_min>C91A0071401C</mac_min>
            <mac_max>C91A00714027</mac_max>
        </mac>
        <mac>
            <mac_min>C91A0071402A</mac_min>
            <mac_max>C91A00714035</mac_max>
        </mac>
        <mac>
            <mac_min>C91A00714037</mac_min>
            <mac_max>C91A0071403A</mac_max>
        </mac>
        <mac>
            <mac_min>C91A0071403C</mac_min>
            <mac_max>C91A00714041</mac_max>
        </mac>
        <mac>
            <mac_min>C91A0071405D</mac_min>
            <mac_max>C91A0071405F</mac_max>
        </mac>
        <mac>
            <mac_min>C91A00714066</mac_min>
            <mac_max>C91A00714067</mac_max>
        </mac>
        <mac>
            <mac_min>C91A00714069</mac_min>
            <mac_max>C91A0071406A</mac_max>
        </mac>
        <mac>
            <mac_min>C91A0071406E</mac_min>
            <mac_max>C91A0071406F</mac_max>
        </mac>
        <mac>
            <mac_min>FDA5272E29D3</mac_min>
            <mac_max>FDA5272E29D5</mac_max>
        </mac>
        <mac>
            <mac_min>FDA5272E29E3</mac_min>
            <mac_max>FDA5272E29E5</mac_max>
        </mac>
        <mac>
            <mac_min>FDA5272E29E7</mac_min>
            <mac_max>FDA5272E29E8</mac_max>
        </mac>
        <mac>
            <mac_min>FDA5272E29EE</mac_min>
            <mac_max>FDA5272E29F0</mac_max>
        </mac>
        <mac>
            <mac_min>FDA5272E2A35</mac_min>
            <mac_max>FDA5272E2A3C</mac_max>
        </mac>
        <mac>
            <mac_min>FDA5272E2A3F</mac_min>
            <mac_max>FDA5272E2A4A</mac_max>
        </mac>
        <mac>
            <mac_min>FDA5272E2A4D</mac_min>
            <mac_max>FDA5272E2A58</mac_max>
        </mac>
        <mac>
            <mac_min>FDA5272E2A5A</mac_min>
            <mac_max>FDA5272E2A5D</mac_max>
        </mac>
        <mac>
            <mac_min>FDA5272E2A5F</mac_min>
            <mac_max>FDA5272E2A64</mac_max>
        </mac>
        <mac>
            <mac_min>FDA5272E2A80</mac_min>
            <mac_max>FDA5272E2A82</mac_max>
        </mac>
        <mac>
            <mac_min>FDA5272E2A89</mac_min>
            <mac_max>FDA5272E2A8A</mac_max>
        </mac>
        <mac>
            <mac_min>FDA5272E2A8C</mac_min>
            <mac_max>FDA5272E2A8D</mac_max>
        </mac>
        <mac>
            <mac_min>FDA5272E2A91</mac_min>
            <mac_max>FDA5272E2A92</mac_max>
        </mac>
    </mac_range>
    <mac_single>
        <mac>C91A00713F19</mac>
        <mac>C91A00713F87</mac>
        <mac>C91A00713F96</mac>
        <mac>C91A00713F9A</mac>
        <mac>C91A00713FA7</mac>
        <mac>C91A00713FB5</mac>
        <mac>C91A00713FB9</mac>
        <mac>C91A00713FC9</mac>
        <mac>C91A00713FCF</mac>
        <mac>C91A00713FD1</mac>
        <mac>C91A00713FD5</mac>
        <mac>C91A00714010</mac>
        <mac>C91A00714049</mac>
        <mac>C91A0071404B</mac>
        <mac>C91A0071404F</mac>
        <mac>C91A00714053</mac>
        <mac>C91A00714055</mac>
        <mac>C91A00714059</mac>
        <mac>C91A00714063</mac>
        <mac>C91A00714073</mac>
        <mac>FDA5272E293C</mac>
        <mac>FDA5272E29AA</mac>
        <mac>FDA5272E29B9</mac>
        <mac>FDA5272E29BD</mac>
        <mac>FDA5272E29CA</mac>
        <mac>FDA5272E29D8</mac>
        <mac>FDA5272E29DC</mac>
        <mac>FDA5272E29EC</mac>
        <mac>FDA5272E29F2</mac>
        <mac>FDA5272E29F4</mac>
        <mac>FDA5272E29F8</mac>
        <mac>FDA5272E2A33</mac>
        <mac>FDA5272E2A6C</mac>
        <mac>FDA5272E2A6E</mac>
        <mac>FDA5272E2A72</mac>
        <mac>FDA5272E2A76</mac>
        <mac>FDA5272E2A78</mac>
        <mac>FDA5272E2A7C</mac>
        <mac>FDA5272E2A86</mac>
        <mac>FDA5272E2A96</mac>
    </mac_single>
    <mac_warn />
</build_mac>
