<?xml version="1.0" encoding="utf-8" ?>
<build_mac>
    <build_id>861400010120300001</build_id>
    <mac_range>
        <mac>
            <mac_min>C91A006B3CF2</mac_min>
            <mac_max>C91A006B3CF3</mac_max>
        </mac>
        <mac>
            <mac_min>C91A006B3CF6</mac_min>
            <mac_max>C91A006B3CF9</mac_max>
        </mac>
        <mac>
            <mac_min>C91A006B3CFB</mac_min>
            <mac_max>C91A006B3CFC</mac_max>
        </mac>
        <mac>
            <mac_min>C91A006B3D0B</mac_min>
            <mac_max>C91A006B3D0D</mac_max>
        </mac>
        <mac>
            <mac_min>C91A006B3D1B</mac_min>
            <mac_max>C91A006B3D1C</mac_max>
        </mac>
        <mac>
            <mac_min>C91A006B3D8F</mac_min>
            <mac_max>C91A006B3D90</mac_max>
        </mac>
        <mac>
            <mac_min>C91A006B3DAA</mac_min>
            <mac_max>C91A006B3DAB</mac_max>
        </mac>
        <mac>
            <mac_min>C91A006B3DB8</mac_min>
            <mac_max>C91A006B3DB9</mac_max>
        </mac>
        <mac>
            <mac_min>C91A006B3DBB</mac_min>
            <mac_max>C91A006B3DBF</mac_max>
        </mac>
        <mac>
            <mac_min>C91A006B3DC2</mac_min>
            <mac_max>C91A006B3DC4</mac_max>
        </mac>
        <mac>
            <mac_min>C91A006B3DC9</mac_min>
            <mac_max>C91A006B3DD2</mac_max>
        </mac>
        <mac>
            <mac_min>C91A006B3DD9</mac_min>
            <mac_max>C91A006B3DDB</mac_max>
        </mac>
        <mac>
            <mac_min>C91A006B3DDD</mac_min>
            <mac_max>C91A006B3DE1</mac_max>
        </mac>
        <mac>
            <mac_min>C91A006B3E31</mac_min>
            <mac_max>C91A006B3E33</mac_max>
        </mac>
        <mac>
            <mac_min>C91A006B3E37</mac_min>
            <mac_max>C91A006B3E38</mac_max>
        </mac>
        <mac>
            <mac_min>C91A006B3E4C</mac_min>
            <mac_max>C91A006B3E4D</mac_max>
        </mac>
        <mac>
            <mac_min>FDA527294E6B</mac_min>
            <mac_max>FDA527294E6C</mac_max>
        </mac>
        <mac>
            <mac_min>FDA527294E80</mac_min>
            <mac_max>FDA527294E81</mac_max>
        </mac>
        <mac>
            <mac_min>FDA527294E85</mac_min>
            <mac_max>FDA527294E87</mac_max>
        </mac>
        <mac>
            <mac_min>FDA527294ED7</mac_min>
            <mac_max>FDA527294EDB</mac_max>
        </mac>
        <mac>
            <mac_min>FDA527294EDD</mac_min>
            <mac_max>FDA527294EDF</mac_max>
        </mac>
        <mac>
            <mac_min>FDA527294EE6</mac_min>
            <mac_max>FDA527294EEF</mac_max>
        </mac>
        <mac>
            <mac_min>FDA527294EF4</mac_min>
            <mac_max>FDA527294EF6</mac_max>
        </mac>
        <mac>
            <mac_min>FDA527294EF9</mac_min>
            <mac_max>FDA527294EFD</mac_max>
        </mac>
        <mac>
            <mac_min>FDA527294EFF</mac_min>
            <mac_max>FDA527294F00</mac_max>
        </mac>
        <mac>
            <mac_min>FDA527294F0D</mac_min>
            <mac_max>FDA527294F0E</mac_max>
        </mac>
        <mac>
            <mac_min>FDA527294F28</mac_min>
            <mac_max>FDA527294F29</mac_max>
        </mac>
        <mac>
            <mac_min>FDA527294F9C</mac_min>
            <mac_max>FDA527294F9D</mac_max>
        </mac>
        <mac>
            <mac_min>FDA527294FAB</mac_min>
            <mac_max>FDA527294FAD</mac_max>
        </mac>
        <mac>
            <mac_min>FDA527294FBC</mac_min>
            <mac_max>FDA527294FBD</mac_max>
        </mac>
        <mac>
            <mac_min>FDA527294FBF</mac_min>
            <mac_max>FDA527294FC2</mac_max>
        </mac>
        <mac>
            <mac_min>FDA527294FC5</mac_min>
            <mac_max>FDA527294FC6</mac_max>
        </mac>
    </mac_range>
    <mac_single>
        <mac>C91A006B3D00</mac>
        <mac>C91A006B3D05</mac>
        <mac>C91A006B3D08</mac>
        <mac>C91A006B3D10</mac>
        <mac>C91A006B3D16</mac>
        <mac>C91A006B3D20</mac>
        <mac>C91A006B3D29</mac>
        <mac>C91A006B3D3D</mac>
        <mac>C91A006B3D43</mac>
        <mac>C91A006B3D86</mac>
        <mac>C91A006B3D88</mac>
        <mac>C91A006B3D94</mac>
        <mac>C91A006B3D96</mac>
        <mac>C91A006B3D9B</mac>
        <mac>C91A006B3D9D</mac>
        <mac>C91A006B3D9F</mac>
        <mac>C91A006B3DA1</mac>
        <mac>C91A006B3DB4</mac>
        <mac>C91A006B3DC7</mac>
        <mac>C91A006B3DD4</mac>
        <mac>C91A006B3DD7</mac>
        <mac>C91A006B3DE4</mac>
        <mac>C91A006B3DE7</mac>
        <mac>C91A006B3DE9</mac>
        <mac>C91A006B3E20</mac>
        <mac>C91A006B3E41</mac>
        <mac>C91A006B3E43</mac>
        <mac>C91A006B3E4A</mac>
        <mac>FDA527294E6E</mac>
        <mac>FDA527294E75</mac>
        <mac>FDA527294E77</mac>
        <mac>FDA527294E98</mac>
        <mac>FDA527294ECF</mac>
        <mac>FDA527294ED1</mac>
        <mac>FDA527294ED4</mac>
        <mac>FDA527294EE1</mac>
        <mac>FDA527294EE4</mac>
        <mac>FDA527294EF1</mac>
        <mac>FDA527294F04</mac>
        <mac>FDA527294F17</mac>
        <mac>FDA527294F19</mac>
        <mac>FDA527294F1B</mac>
        <mac>FDA527294F1D</mac>
        <mac>FDA527294F22</mac>
        <mac>FDA527294F24</mac>
        <mac>FDA527294F30</mac>
        <mac>FDA527294F32</mac>
        <mac>FDA527294F75</mac>
        <mac>FDA527294F7B</mac>
        <mac>FDA527294F8F</mac>
        <mac>FDA527294F98</mac>
        <mac>FDA527294FA2</mac>
        <mac>FDA527294FA8</mac>
        <mac>FDA527294FB0</mac>
        <mac>FDA527294FB3</mac>
        <mac>FDA527294FB8</mac>
    </mac_single>
    <mac_warn />
</build_mac>
