<?xml version="1.0" encoding="utf-8" ?>
<build_mac>
    <build_id>861400010030300009</build_id>
    <mac_range>
        <mac>
            <mac_min>C91A006B3CA2</mac_min>
            <mac_max>C91A006B3CA4</mac_max>
        </mac>
        <mac>
            <mac_min>C91A006B3CB5</mac_min>
            <mac_max>C91A006B3CB6</mac_max>
        </mac>
        <mac>
            <mac_min>C91A006B3CB9</mac_min>
            <mac_max>C91A006B3CBA</mac_max>
        </mac>
        <mac>
            <mac_min>C91A006B3CBC</mac_min>
            <mac_max>C91A006B3CBD</mac_max>
        </mac>
        <mac>
            <mac_min>C91A006B3CC7</mac_min>
            <mac_max>C91A006B3CC8</mac_max>
        </mac>
        <mac>
            <mac_min>C91A006B3CD0</mac_min>
            <mac_max>C91A006B3CD2</mac_max>
        </mac>
        <mac>
            <mac_min>C91A006B3CD4</mac_min>
            <mac_max>C91A006B3CD5</mac_max>
        </mac>
        <mac>
            <mac_min>C91A006B3CDC</mac_min>
            <mac_max>C91A006B3CE0</mac_max>
        </mac>
        <mac>
            <mac_min>C91A006B3CEF</mac_min>
            <mac_max>C91A006B3CF0</mac_max>
        </mac>
        <mac>
            <mac_min>C91A006B3CF4</mac_min>
            <mac_max>C91A006B3CF5</mac_max>
        </mac>
        <mac>
            <mac_min>C91A006B3CFE</mac_min>
            <mac_max>C91A006B3CFF</mac_max>
        </mac>
        <mac>
            <mac_min>C91A006B3D17</mac_min>
            <mac_max>C91A006B3D1A</mac_max>
        </mac>
        <mac>
            <mac_min>C91A006B3D1E</mac_min>
            <mac_max>C91A006B3D1F</mac_max>
        </mac>
        <mac>
            <mac_min>C91A006B3D34</mac_min>
            <mac_max>C91A006B3D35</mac_max>
        </mac>
        <mac>
            <mac_min>C91A006B3D52</mac_min>
            <mac_max>C91A006B3D53</mac_max>
        </mac>
        <mac>
            <mac_min>C91A006B3D56</mac_min>
            <mac_max>C91A006B3D5A</mac_max>
        </mac>
        <mac>
            <mac_min>C91A006B3D64</mac_min>
            <mac_max>C91A006B3D66</mac_max>
        </mac>
        <mac>
            <mac_min>C91A006B3D6E</mac_min>
            <mac_max>C91A006B3D6F</mac_max>
        </mac>
        <mac>
            <mac_min>C91A006B3D81</mac_min>
            <mac_max>C91A006B3D82</mac_max>
        </mac>
        <mac>
            <mac_min>C91A006B3D8B</mac_min>
            <mac_max>C91A006B3D8D</mac_max>
        </mac>
        <mac>
            <mac_min>C91A006B3D99</mac_min>
            <mac_max>C91A006B3D9A</mac_max>
        </mac>
        <mac>
            <mac_min>C91A006B3DA4</mac_min>
            <mac_max>C91A006B3DA6</mac_max>
        </mac>
        <mac>
            <mac_min>C91A006B3DAE</mac_min>
            <mac_max>C91A006B3DAF</mac_max>
        </mac>
        <mac>
            <mac_min>C91A006B3DE2</mac_min>
            <mac_max>C91A006B3DE3</mac_max>
        </mac>
        <mac>
            <mac_min>C91A006B3DEB</mac_min>
            <mac_max>C91A006B3DEC</mac_max>
        </mac>
        <mac>
            <mac_min>C91A006B3DEE</mac_min>
            <mac_max>C91A006B3DF0</mac_max>
        </mac>
        <mac>
            <mac_min>C91A006B3DF7</mac_min>
            <mac_max>C91A006B3E03</mac_max>
        </mac>
        <mac>
            <mac_min>C91A006B3E05</mac_min>
            <mac_max>C91A006B3E09</mac_max>
        </mac>
        <mac>
            <mac_min>C91A006B3E0B</mac_min>
            <mac_max>C91A006B3E16</mac_max>
        </mac>
        <mac>
            <mac_min>C91A006B3E18</mac_min>
            <mac_max>C91A006B3E19</mac_max>
        </mac>
        <mac>
            <mac_min>C91A006B3E1B</mac_min>
            <mac_max>C91A006B3E1F</mac_max>
        </mac>
        <mac>
            <mac_min>C91A006B3E23</mac_min>
            <mac_max>C91A006B3E24</mac_max>
        </mac>
        <mac>
            <mac_min>C91A006B3E27</mac_min>
            <mac_max>C91A006B3E2A</mac_max>
        </mac>
        <mac>
            <mac_min>C91A006B3E2C</mac_min>
            <mac_max>C91A006B3E2D</mac_max>
        </mac>
        <mac>
            <mac_min>C91A006B3E2F</mac_min>
            <mac_max>C91A006B3E30</mac_max>
        </mac>
        <mac>
            <mac_min>C91A006B3E34</mac_min>
            <mac_max>C91A006B3E36</mac_max>
        </mac>
        <mac>
            <mac_min>C91A006B3E3E</mac_min>
            <mac_max>C91A006B3E3F</mac_max>
        </mac>
        <mac>
            <mac_min>C91A006B3E45</mac_min>
            <mac_max>C91A006B3E46</mac_max>
        </mac>
        <mac>
            <mac_min>C91A006B3E48</mac_min>
            <mac_max>C91A006B3E49</mac_max>
        </mac>
        <mac>
            <mac_min>C91A006B3E55</mac_min>
            <mac_max>C91A006B3E58</mac_max>
        </mac>
        <mac>
            <mac_min>C91A006B3E78</mac_min>
            <mac_max>C91A006B3E7A</mac_max>
        </mac>
        <mac>
            <mac_min>C91A006C1DE2</mac_min>
            <mac_max>C91A006C1E09</mac_max>
        </mac>
        <mac>
            <mac_min>C91A006C1E0B</mac_min>
            <mac_max>C91A006C1E0E</mac_max>
        </mac>
        <mac>
            <mac_min>C91A006C1E12</mac_min>
            <mac_max>C91A006C1E13</mac_max>
        </mac>
        <mac>
            <mac_min>C91A006D2710</mac_min>
            <mac_max>C91A006D2711</mac_max>
        </mac>
        <mac>
            <mac_min>C91A006D2713</mac_min>
            <mac_max>C91A006D2718</mac_max>
        </mac>
        <mac>
            <mac_min>C91A006D2723</mac_min>
            <mac_max>C91A006D2724</mac_max>
        </mac>
        <mac>
            <mac_min>C91A006D272F</mac_min>
            <mac_max>C91A006D2730</mac_max>
        </mac>
        <mac>
            <mac_min>C91A006D2732</mac_min>
            <mac_max>C91A006D2733</mac_max>
        </mac>
        <mac>
            <mac_min>C91A006D2739</mac_min>
            <mac_max>C91A006D273C</mac_max>
        </mac>
        <mac>
            <mac_min>C91A006D2741</mac_min>
            <mac_max>C91A006D276B</mac_max>
        </mac>
        <mac>
            <mac_min>C91A006D276D</mac_min>
            <mac_max>C91A006D2775</mac_max>
        </mac>
        <mac>
            <mac_min>C91A006D2777</mac_min>
            <mac_max>C91A006D2786</mac_max>
        </mac>
        <mac>
            <mac_min>C91A006D2788</mac_min>
            <mac_max>C91A006D278C</mac_max>
        </mac>
        <mac>
            <mac_min>C91A006D278E</mac_min>
            <mac_max>C91A006D278F</mac_max>
        </mac>
        <mac>
            <mac_min>C91A006D2791</mac_min>
            <mac_max>C91A006D2792</mac_max>
        </mac>
        <mac>
            <mac_min>C91A006D2794</mac_min>
            <mac_max>C91A006D2796</mac_max>
        </mac>
        <mac>
            <mac_min>C91A006D2799</mac_min>
            <mac_max>C91A006D27A1</mac_max>
        </mac>
        <mac>
            <mac_min>C91A006D27A5</mac_min>
            <mac_max>C91A006D2814</mac_max>
        </mac>
        <mac>
            <mac_min>C91A006D2816</mac_min>
            <mac_max>C91A006D283B</mac_max>
        </mac>
        <mac>
            <mac_min>FDA527294E3E</mac_min>
            <mac_max>FDA527294E40</mac_max>
        </mac>
        <mac>
            <mac_min>FDA527294E60</mac_min>
            <mac_max>FDA527294E63</mac_max>
        </mac>
        <mac>
            <mac_min>FDA527294E6F</mac_min>
            <mac_max>FDA527294E70</mac_max>
        </mac>
        <mac>
            <mac_min>FDA527294E72</mac_min>
            <mac_max>FDA527294E73</mac_max>
        </mac>
        <mac>
            <mac_min>FDA527294E79</mac_min>
            <mac_max>FDA527294E7A</mac_max>
        </mac>
        <mac>
            <mac_min>FDA527294E82</mac_min>
            <mac_max>FDA527294E84</mac_max>
        </mac>
        <mac>
            <mac_min>FDA527294E88</mac_min>
            <mac_max>FDA527294E89</mac_max>
        </mac>
        <mac>
            <mac_min>FDA527294E8B</mac_min>
            <mac_max>FDA527294E8C</mac_max>
        </mac>
        <mac>
            <mac_min>FDA527294E8E</mac_min>
            <mac_max>FDA527294E91</mac_max>
        </mac>
        <mac>
            <mac_min>FDA527294E94</mac_min>
            <mac_max>FDA527294E95</mac_max>
        </mac>
        <mac>
            <mac_min>FDA527294E99</mac_min>
            <mac_max>FDA527294E9D</mac_max>
        </mac>
        <mac>
            <mac_min>FDA527294E9F</mac_min>
            <mac_max>FDA527294EA0</mac_max>
        </mac>
        <mac>
            <mac_min>FDA527294EA2</mac_min>
            <mac_max>FDA527294EAD</mac_max>
        </mac>
        <mac>
            <mac_min>FDA527294EAF</mac_min>
            <mac_max>FDA527294EB3</mac_max>
        </mac>
        <mac>
            <mac_min>FDA527294EB5</mac_min>
            <mac_max>FDA527294EC1</mac_max>
        </mac>
        <mac>
            <mac_min>FDA527294EC8</mac_min>
            <mac_max>FDA527294ECA</mac_max>
        </mac>
        <mac>
            <mac_min>FDA527294ECC</mac_min>
            <mac_max>FDA527294ECD</mac_max>
        </mac>
        <mac>
            <mac_min>FDA527294ED5</mac_min>
            <mac_max>FDA527294ED6</mac_max>
        </mac>
        <mac>
            <mac_min>FDA527294F09</mac_min>
            <mac_max>FDA527294F0A</mac_max>
        </mac>
        <mac>
            <mac_min>FDA527294F12</mac_min>
            <mac_max>FDA527294F14</mac_max>
        </mac>
        <mac>
            <mac_min>FDA527294F1E</mac_min>
            <mac_max>FDA527294F1F</mac_max>
        </mac>
        <mac>
            <mac_min>FDA527294F2B</mac_min>
            <mac_max>FDA527294F2D</mac_max>
        </mac>
        <mac>
            <mac_min>FDA527294F36</mac_min>
            <mac_max>FDA527294F37</mac_max>
        </mac>
        <mac>
            <mac_min>FDA527294F49</mac_min>
            <mac_max>FDA527294F4A</mac_max>
        </mac>
        <mac>
            <mac_min>FDA527294F52</mac_min>
            <mac_max>FDA527294F54</mac_max>
        </mac>
        <mac>
            <mac_min>FDA527294F5E</mac_min>
            <mac_max>FDA527294F62</mac_max>
        </mac>
        <mac>
            <mac_min>FDA527294F65</mac_min>
            <mac_max>FDA527294F66</mac_max>
        </mac>
        <mac>
            <mac_min>FDA527294F83</mac_min>
            <mac_max>FDA527294F84</mac_max>
        </mac>
        <mac>
            <mac_min>FDA527294F99</mac_min>
            <mac_max>FDA527294F9A</mac_max>
        </mac>
        <mac>
            <mac_min>FDA527294F9E</mac_min>
            <mac_max>FDA527294FA1</mac_max>
        </mac>
        <mac>
            <mac_min>FDA527294FB9</mac_min>
            <mac_max>FDA527294FBA</mac_max>
        </mac>
        <mac>
            <mac_min>FDA527294FC3</mac_min>
            <mac_max>FDA527294FC4</mac_max>
        </mac>
        <mac>
            <mac_min>FDA527294FC8</mac_min>
            <mac_max>FDA527294FC9</mac_max>
        </mac>
        <mac>
            <mac_min>FDA527294FD8</mac_min>
            <mac_max>FDA527294FDC</mac_max>
        </mac>
        <mac>
            <mac_min>FDA527294FE3</mac_min>
            <mac_max>FDA527294FE4</mac_max>
        </mac>
        <mac>
            <mac_min>FDA527294FE6</mac_min>
            <mac_max>FDA527294FE8</mac_max>
        </mac>
        <mac>
            <mac_min>FDA527294FF0</mac_min>
            <mac_max>FDA527294FF1</mac_max>
        </mac>
        <mac>
            <mac_min>FDA527294FFB</mac_min>
            <mac_max>FDA527294FFC</mac_max>
        </mac>
        <mac>
            <mac_min>FDA527294FFE</mac_min>
            <mac_max>FDA527294FFF</mac_max>
        </mac>
        <mac>
            <mac_min>FDA527295002</mac_min>
            <mac_max>FDA527295003</mac_max>
        </mac>
        <mac>
            <mac_min>FDA527295014</mac_min>
            <mac_max>FDA527295016</mac_max>
        </mac>
        <mac>
            <mac_min>FDA5272A86C4</mac_min>
            <mac_max>FDA5272A86EB</mac_max>
        </mac>
        <mac>
            <mac_min>FDA5272A86ED</mac_min>
            <mac_max>FDA5272A86F0</mac_max>
        </mac>
        <mac>
            <mac_min>FDA5272A86F4</mac_min>
            <mac_max>FDA5272A86F5</mac_max>
        </mac>
        <mac>
            <mac_min>FDA5272AE7E9</mac_min>
            <mac_max>FDA5272AE7EA</mac_max>
        </mac>
        <mac>
            <mac_min>FDA5272AE7EC</mac_min>
            <mac_max>FDA5272AE7F1</mac_max>
        </mac>
        <mac>
            <mac_min>FDA5272AE7FC</mac_min>
            <mac_max>FDA5272AE7FD</mac_max>
        </mac>
        <mac>
            <mac_min>FDA5272AE808</mac_min>
            <mac_max>FDA5272AE809</mac_max>
        </mac>
        <mac>
            <mac_min>FDA5272AE80B</mac_min>
            <mac_max>FDA5272AE80C</mac_max>
        </mac>
        <mac>
            <mac_min>FDA5272AE812</mac_min>
            <mac_max>FDA5272AE815</mac_max>
        </mac>
        <mac>
            <mac_min>FDA5272AE81A</mac_min>
            <mac_max>FDA5272AE844</mac_max>
        </mac>
        <mac>
            <mac_min>FDA5272AE846</mac_min>
            <mac_max>FDA5272AE84E</mac_max>
        </mac>
        <mac>
            <mac_min>FDA5272AE850</mac_min>
            <mac_max>FDA5272AE85F</mac_max>
        </mac>
        <mac>
            <mac_min>FDA5272AE861</mac_min>
            <mac_max>FDA5272AE865</mac_max>
        </mac>
        <mac>
            <mac_min>FDA5272AE867</mac_min>
            <mac_max>FDA5272AE868</mac_max>
        </mac>
        <mac>
            <mac_min>FDA5272AE86A</mac_min>
            <mac_max>FDA5272AE86B</mac_max>
        </mac>
        <mac>
            <mac_min>FDA5272AE86D</mac_min>
            <mac_max>FDA5272AE86F</mac_max>
        </mac>
        <mac>
            <mac_min>FDA5272AE872</mac_min>
            <mac_max>FDA5272AE87A</mac_max>
        </mac>
        <mac>
            <mac_min>FDA5272AE87E</mac_min>
            <mac_max>FDA5272AE8ED</mac_max>
        </mac>
        <mac>
            <mac_min>FDA5272AE8EF</mac_min>
            <mac_max>FDA5272AE914</mac_max>
        </mac>
    </mac_range>
    <mac_single>
        <mac>C91A00662776</mac>
        <mac>C91A006B276C</mac>
        <mac>C91A006B2815</mac>
        <mac>C91A006B376A</mac>
        <mac>C91A006B376D</mac>
        <mac>C91A006B3772</mac>
        <mac>C91A006B37E0</mac>
        <mac>C91A006B37E5</mac>
        <mac>C91A006B3C8D</mac>
        <mac>C91A006B3C94</mac>
        <mac>C91A006B3C9B</mac>
        <mac>C91A006B3CA0</mac>
        <mac>C91A006B3CA7</mac>
        <mac>C91A006B3CAB</mac>
        <mac>C91A006B3CB1</mac>
        <mac>C91A006B3CB3</mac>
        <mac>C91A006B3CC2</mac>
        <mac>C91A006B3CCC</mac>
        <mac>C91A006B3CCE</mac>
        <mac>C91A006B3CE5</mac>
        <mac>C91A006B3CFA</mac>
        <mac>C91A006B3D01</mac>
        <mac>C91A006B3D04</mac>
        <mac>C91A006B3D0A</mac>
        <mac>C91A006B3D0F</mac>
        <mac>C91A006B3D11</mac>
        <mac>C91A006B3D13</mac>
        <mac>C91A006B3D22</mac>
        <mac>C91A006B3D28</mac>
        <mac>C91A006B3D2D</mac>
        <mac>C91A006B3D3F</mac>
        <mac>C91A006B3D41</mac>
        <mac>C91A006B3D48</mac>
        <mac>C91A006B3D4F</mac>
        <mac>C91A006B3D5D</mac>
        <mac>C91A006B3D61</mac>
        <mac>C91A006B3D6C</mac>
        <mac>C91A006B3D87</mac>
        <mac>C91A006B3D89</mac>
        <mac>C91A006B3D91</mac>
        <mac>C91A006B3D95</mac>
        <mac>C91A006B3D97</mac>
        <mac>C91A006B3D9C</mac>
        <mac>C91A006B3D9E</mac>
        <mac>C91A006B3DA9</mac>
        <mac>C91A006B3DB3</mac>
        <mac>C91A006B3DB7</mac>
        <mac>C91A006B3DC1</mac>
        <mac>C91A006B3DC5</mac>
        <mac>C91A006B3DD6</mac>
        <mac>C91A006B3DDC</mac>
        <mac>C91A006B3DF3</mac>
        <mac>C91A006B3DF5</mac>
        <mac>C91A006B3E21</mac>
        <mac>C91A006B3E3A</mac>
        <mac>C91A006B3E3C</mac>
        <mac>C91A006B3E42</mac>
        <mac>C91A006B3E4B</mac>
        <mac>C91A006B3E4F</mac>
        <mac>C91A006B3E51</mac>
        <mac>C91A006B3E53</mac>
        <mac>C91A006B3E5E</mac>
        <mac>C91A006B3E60</mac>
        <mac>C91A006B3E64</mac>
        <mac>C91A006B3E68</mac>
        <mac>C91A006B3E6C</mac>
        <mac>C91A006B3E71</mac>
        <mac>C91A006B3E76</mac>
        <mac>C91A006C1E10</mac>
        <mac>C91A006D1E0A</mac>
        <mac>C91A006D1E0F</mac>
        <mac>C91A006D1E11</mac>
        <mac>C91A006D271A</mac>
        <mac>C91A006D271F</mac>
        <mac>C91A006D2721</mac>
        <mac>C91A006D2726</mac>
        <mac>C91A006D272A</mac>
        <mac>C91A006D272C</mac>
        <mac>C91A006D273E</mac>
        <mac>FDA527294E42</mac>
        <mac>FDA527294E47</mac>
        <mac>FDA527294E4C</mac>
        <mac>FDA527294E50</mac>
        <mac>FDA527294E54</mac>
        <mac>FDA527294E58</mac>
        <mac>FDA527294E5A</mac>
        <mac>FDA527294E65</mac>
        <mac>FDA527294E67</mac>
        <mac>FDA527294E69</mac>
        <mac>FDA527294E6D</mac>
        <mac>FDA527294E76</mac>
        <mac>FDA527294E7C</mac>
        <mac>FDA527294E7E</mac>
        <mac>FDA527294E97</mac>
        <mac>FDA527294EC3</mac>
        <mac>FDA527294EC5</mac>
        <mac>FDA527294EDC</mac>
        <mac>FDA527294EE2</mac>
        <mac>FDA527294EF3</mac>
        <mac>FDA527294EF7</mac>
        <mac>FDA527294F01</mac>
        <mac>FDA527294F05</mac>
        <mac>FDA527294F0F</mac>
        <mac>FDA527294F1A</mac>
        <mac>FDA527294F1C</mac>
        <mac>FDA527294F21</mac>
        <mac>FDA527294F23</mac>
        <mac>FDA527294F27</mac>
        <mac>FDA527294F2F</mac>
        <mac>FDA527294F31</mac>
        <mac>FDA527294F4C</mac>
        <mac>FDA527294F57</mac>
        <mac>FDA527294F5B</mac>
        <mac>FDA527294F69</mac>
        <mac>FDA527294F70</mac>
        <mac>FDA527294F77</mac>
        <mac>FDA527294F79</mac>
        <mac>FDA527294F8B</mac>
        <mac>FDA527294F90</mac>
        <mac>FDA527294F96</mac>
        <mac>FDA527294FA5</mac>
        <mac>FDA527294FA7</mac>
        <mac>FDA527294FA9</mac>
        <mac>FDA527294FAE</mac>
        <mac>FDA527294FB4</mac>
        <mac>FDA527294FB7</mac>
        <mac>FDA527294FBE</mac>
        <mac>FDA527294FD3</mac>
        <mac>FDA527294FEA</mac>
        <mac>FDA527294FEC</mac>
        <mac>FDA527294FF6</mac>
        <mac>FDA527295005</mac>
        <mac>FDA527295007</mac>
        <mac>FDA52729500D</mac>
        <mac>FDA527295011</mac>
        <mac>FDA527295018</mac>
        <mac>FDA52729501D</mac>
        <mac>FDA527295024</mac>
        <mac>FDA52729502B</mac>
        <mac>FDA5272954D3</mac>
        <mac>FDA5272954D8</mac>
        <mac>FDA527295546</mac>
        <mac>FDA52729554B</mac>
        <mac>FDA52729554E</mac>
        <mac>FDA5272964A3</mac>
        <mac>FDA52729654C</mac>
        <mac>FDA5272A86F2</mac>
        <mac>FDA5272ADEE3</mac>
        <mac>FDA5272ADEE8</mac>
        <mac>FDA5272ADEEA</mac>
        <mac>FDA5272AE7F3</mac>
        <mac>FDA5272AE7F8</mac>
        <mac>FDA5272AE7FA</mac>
        <mac>FDA5272AE7FF</mac>
        <mac>FDA5272AE803</mac>
        <mac>FDA5272AE805</mac>
        <mac>FDA5272AE817</mac>
    </mac_single>
    <mac_warn />
</build_mac>
