<?xml version="1.0" encoding="utf-8" ?>
<build_mac>
    <build_id>861400010090300001</build_id>
    <mac_range>
        <mac>
            <mac_min>C91A006F6270</mac_min>
            <mac_max>C91A006F6356</mac_max>
        </mac>
        <mac>
            <mac_min>C91A006F6358</mac_min>
            <mac_max>C91A006F6359</mac_max>
        </mac>
        <mac>
            <mac_min>C91A006F635B</mac_min>
            <mac_max>C91A006F63A2</mac_max>
        </mac>
        <mac>
            <mac_min>C91A006F63A4</mac_min>
            <mac_max>C91A006F64AB</mac_max>
        </mac>
        <mac>
            <mac_min>C91A006F64AD</mac_min>
            <mac_max>C91A006F64C7</mac_max>
        </mac>
        <mac>
            <mac_min>C91A007178B4</mac_min>
            <mac_max>C91A007179B5</mac_max>
        </mac>
        <mac>
            <mac_min>C91A007179B9</mac_min>
            <mac_max>C91A007179C3</mac_max>
        </mac>
        <mac>
            <mac_min>C91A007179C6</mac_min>
            <mac_max>C91A00717A11</mac_max>
        </mac>
        <mac>
            <mac_min>C91A00717ABA</mac_min>
            <mac_max>C91A00717ABD</mac_max>
        </mac>
        <mac>
            <mac_min>C91A00717ABF</mac_min>
            <mac_max>C91A00717AC0</mac_max>
        </mac>
        <mac>
            <mac_min>C91A00717AC6</mac_min>
            <mac_max>C91A00717AC8</mac_max>
        </mac>
        <mac>
            <mac_min>C91A00717ACA</mac_min>
            <mac_max>C91A00717ACB</mac_max>
        </mac>
        <mac>
            <mac_min>C91A00717AD4</mac_min>
            <mac_max>C91A00717AD6</mac_max>
        </mac>
        <mac>
            <mac_min>ECB329D00300</mac_min>
            <mac_max>ECB329D00303</mac_max>
        </mac>
        <mac>
            <mac_min>ECB329D00305</mac_min>
            <mac_max>ECB329D00306</mac_max>
        </mac>
        <mac>
            <mac_min>ECB329D0030C</mac_min>
            <mac_max>ECB329D0030E</mac_max>
        </mac>
        <mac>
            <mac_min>ECB329D00310</mac_min>
            <mac_max>ECB329D00311</mac_max>
        </mac>
        <mac>
            <mac_min>ECB329D0031A</mac_min>
            <mac_max>ECB329D0031C</mac_max>
        </mac>
        <mac>
            <mac_min>ECB32C2A0000</mac_min>
            <mac_max>ECB32C2A00E6</mac_max>
        </mac>
        <mac>
            <mac_min>ECB32C2A00E8</mac_min>
            <mac_max>ECB32C2A00E9</mac_max>
        </mac>
        <mac>
            <mac_min>ECB32C2A00EB</mac_min>
            <mac_max>ECB32C2A0132</mac_max>
        </mac>
        <mac>
            <mac_min>ECB32C2A0134</mac_min>
            <mac_max>ECB32C2A023B</mac_max>
        </mac>
        <mac>
            <mac_min>ECB32C2A023D</mac_min>
            <mac_max>ECB32C2A0359</mac_max>
        </mac>
        <mac>
            <mac_min>ECB32C2A035D</mac_min>
            <mac_max>ECB32C2A0367</mac_max>
        </mac>
        <mac>
            <mac_min>ECB32C2A036A</mac_min>
            <mac_max>ECB32C2A03B5</mac_max>
        </mac>
        <mac>
            <mac_min>FDA5272C87FB</mac_min>
            <mac_max>FDA5272C88E1</mac_max>
        </mac>
        <mac>
            <mac_min>FDA5272C88E3</mac_min>
            <mac_max>FDA5272C88E4</mac_max>
        </mac>
        <mac>
            <mac_min>FDA5272C88E6</mac_min>
            <mac_max>FDA5272C892D</mac_max>
        </mac>
        <mac>
            <mac_min>FDA5272C892F</mac_min>
            <mac_max>FDA5272C8A36</mac_max>
        </mac>
        <mac>
            <mac_min>FDA5272C8A38</mac_min>
            <mac_max>FDA5272C8A52</mac_max>
        </mac>
        <mac>
            <mac_min>FDA5272F0D9C</mac_min>
            <mac_max>FDA5272F0E9D</mac_max>
        </mac>
        <mac>
            <mac_min>FDA5272F0EA1</mac_min>
            <mac_max>FDA5272F0EAB</mac_max>
        </mac>
        <mac>
            <mac_min>FDA5272F0EAE</mac_min>
            <mac_max>FDA5272F0EF9</mac_max>
        </mac>
        <mac>
            <mac_min>FDA5272F0FA2</mac_min>
            <mac_max>FDA5272F0FA5</mac_max>
        </mac>
        <mac>
            <mac_min>FDA5272F0FA7</mac_min>
            <mac_max>FDA5272F0FA8</mac_max>
        </mac>
        <mac>
            <mac_min>FDA5272F0FAE</mac_min>
            <mac_max>FDA5272F0FB0</mac_max>
        </mac>
        <mac>
            <mac_min>FDA5272F0FB2</mac_min>
            <mac_max>FDA5272F0FB3</mac_max>
        </mac>
        <mac>
            <mac_min>FDA5272F0FBC</mac_min>
            <mac_max>FDA5272F0FBE</mac_max>
        </mac>
    </mac_range>
    <mac_single>
        <mac>C91A007179B7</mac>
        <mac>C91A00717AAC</mac>
        <mac>C91A00717AAF</mac>
        <mac>C91A00717AB1</mac>
        <mac>C91A00717AB3</mac>
        <mac>C91A00717AC2</mac>
        <mac>C91A00717AC4</mac>
        <mac>C91A00717ACF</mac>
        <mac>C91A00717AD2</mac>
        <mac>C91A00717AD8</mac>
        <mac>ECB329D002F2</mac>
        <mac>ECB329D002F5</mac>
        <mac>ECB329D002F7</mac>
        <mac>ECB329D002F9</mac>
        <mac>ECB329D00308</mac>
        <mac>ECB329D0030A</mac>
        <mac>ECB329D00315</mac>
        <mac>ECB329D00318</mac>
        <mac>ECB329D0031E</mac>
        <mac>ECB32C2A035B</mac>
        <mac>FDA5272F0E9F</mac>
        <mac>FDA5272F0F94</mac>
        <mac>FDA5272F0F97</mac>
        <mac>FDA5272F0F99</mac>
        <mac>FDA5272F0F9B</mac>
        <mac>FDA5272F0FAA</mac>
        <mac>FDA5272F0FAC</mac>
        <mac>FDA5272F0FB7</mac>
        <mac>FDA5272F0FBA</mac>
        <mac>FDA5272F0FC0</mac>
    </mac_single>
    <mac_warn />
</build_mac>
