<?xml version="1.0" encoding="utf-8" ?>
<build_mac>
    <build_id>861400010080300010</build_id>
    <mac_range>
        <mac>
            <mac_min>C91A006B36B0</mac_min>
            <mac_max>C91A006B36EC</mac_max>
        </mac>
        <mac>
            <mac_min>C91A006B36EE</mac_min>
            <mac_max>C91A006B3703</mac_max>
        </mac>
        <mac>
            <mac_min>C91A006B3705</mac_min>
            <mac_max>C91A006B3733</mac_max>
        </mac>
        <mac>
            <mac_min>C91A006B3735</mac_min>
            <mac_max>C91A006B3747</mac_max>
        </mac>
        <mac>
            <mac_min>C91A006B3749</mac_min>
            <mac_max>C91A006B3761</mac_max>
        </mac>
        <mac>
            <mac_min>C91A006B3765</mac_min>
            <mac_max>C91A006B3769</mac_max>
        </mac>
        <mac>
            <mac_min>C91A006B376B</mac_min>
            <mac_max>C91A006B376C</mac_max>
        </mac>
        <mac>
            <mac_min>C91A006B376F</mac_min>
            <mac_max>C91A006B3771</mac_max>
        </mac>
        <mac>
            <mac_min>C91A006B3773</mac_min>
            <mac_max>C91A006B379D</mac_max>
        </mac>
        <mac>
            <mac_min>C91A006B379F</mac_min>
            <mac_max>C91A006B37C7</mac_max>
        </mac>
        <mac>
            <mac_min>C91A006B37C9</mac_min>
            <mac_max>C91A006B37CD</mac_max>
        </mac>
        <mac>
            <mac_min>C91A006B37CF</mac_min>
            <mac_max>C91A006B37D2</mac_max>
        </mac>
        <mac>
            <mac_min>C91A006B37D4</mac_min>
            <mac_max>C91A006B37D7</mac_max>
        </mac>
        <mac>
            <mac_min>C91A006B37D9</mac_min>
            <mac_max>C91A006B37DF</mac_max>
        </mac>
        <mac>
            <mac_min>C91A006B37E1</mac_min>
            <mac_max>C91A006B37E3</mac_max>
        </mac>
        <mac>
            <mac_min>C91A006B37E6</mac_min>
            <mac_max>C91A006B37EB</mac_max>
        </mac>
        <mac>
            <mac_min>C91A006B37ED</mac_min>
            <mac_max>C91A006B37FC</mac_max>
        </mac>
        <mac>
            <mac_min>C91A006B37FE</mac_min>
            <mac_max>C91A006B3853</mac_max>
        </mac>
        <mac>
            <mac_min>C91A006B3855</mac_min>
            <mac_max>C91A006B386D</mac_max>
        </mac>
        <mac>
            <mac_min>C91A006B386F</mac_min>
            <mac_max>C91A006B3890</mac_max>
        </mac>
        <mac>
            <mac_min>C91A006B3892</mac_min>
            <mac_max>C91A006B38A3</mac_max>
        </mac>
        <mac>
            <mac_min>C91A006B3C8E</mac_min>
            <mac_max>C91A006B3C8F</mac_max>
        </mac>
        <mac>
            <mac_min>C91A006B3C91</mac_min>
            <mac_max>C91A006B3C93</mac_max>
        </mac>
        <mac>
            <mac_min>C91A006B3C98</mac_min>
            <mac_max>C91A006B3C9A</mac_max>
        </mac>
        <mac>
            <mac_min>C91A006B3C9C</mac_min>
            <mac_max>C91A006B3C9F</mac_max>
        </mac>
        <mac>
            <mac_min>C91A006B3CA5</mac_min>
            <mac_max>C91A006B3CA6</mac_max>
        </mac>
        <mac>
            <mac_min>C91A006B3CA8</mac_min>
            <mac_max>C91A006B3CAA</mac_max>
        </mac>
        <mac>
            <mac_min>C91A006B3CAD</mac_min>
            <mac_max>C91A006B3CB0</mac_max>
        </mac>
        <mac>
            <mac_min>C91A006B3CB7</mac_min>
            <mac_max>C91A006B3CB8</mac_max>
        </mac>
        <mac>
            <mac_min>C91A006B3CBF</mac_min>
            <mac_max>C91A006B3CC1</mac_max>
        </mac>
        <mac>
            <mac_min>C91A006B3CC3</mac_min>
            <mac_max>C91A006B3CC5</mac_max>
        </mac>
        <mac>
            <mac_min>C91A006B3CC9</mac_min>
            <mac_max>C91A006B3CCA</mac_max>
        </mac>
        <mac>
            <mac_min>C91A006B3CD7</mac_min>
            <mac_max>C91A006B3CDA</mac_max>
        </mac>
        <mac>
            <mac_min>C91A006B3CE3</mac_min>
            <mac_max>C91A006B3CE4</mac_max>
        </mac>
        <mac>
            <mac_min>C91A006B3CE6</mac_min>
            <mac_max>C91A006B3CEE</mac_max>
        </mac>
        <mac>
            <mac_min>C91A006B3D23</mac_min>
            <mac_max>C91A006B3D27</mac_max>
        </mac>
        <mac>
            <mac_min>C91A006B3D2A</mac_min>
            <mac_max>C91A006B3D2C</mac_max>
        </mac>
        <mac>
            <mac_min>C91A006B3D2E</mac_min>
            <mac_max>C91A006B3D2F</mac_max>
        </mac>
        <mac>
            <mac_min>C91A006B3D38</mac_min>
            <mac_max>C91A006B3D39</mac_max>
        </mac>
        <mac>
            <mac_min>C91A006B3D3B</mac_min>
            <mac_max>C91A006B3D3C</mac_max>
        </mac>
        <mac>
            <mac_min>C91A006B3D44</mac_min>
            <mac_max>C91A006B3D47</mac_max>
        </mac>
        <mac>
            <mac_min>C91A006B3D49</mac_min>
            <mac_max>C91A006B3D4B</mac_max>
        </mac>
        <mac>
            <mac_min>C91A006B3D54</mac_min>
            <mac_max>C91A006B3D55</mac_max>
        </mac>
        <mac>
            <mac_min>C91A006B3D5B</mac_min>
            <mac_max>C91A006B3D5C</mac_max>
        </mac>
        <mac>
            <mac_min>C91A006B3D5E</mac_min>
            <mac_max>C91A006B3D60</mac_max>
        </mac>
        <mac>
            <mac_min>C91A006B3D67</mac_min>
            <mac_max>C91A006B3D69</mac_max>
        </mac>
        <mac>
            <mac_min>C91A006B3D70</mac_min>
            <mac_max>C91A006B3D72</mac_max>
        </mac>
        <mac>
            <mac_min>C91A006B3D74</mac_min>
            <mac_max>C91A006B3D77</mac_max>
        </mac>
        <mac>
            <mac_min>C91A006B3D79</mac_min>
            <mac_max>C91A006B3D7A</mac_max>
        </mac>
        <mac>
            <mac_min>C91A006B3D7C</mac_min>
            <mac_max>C91A006B3D7D</mac_max>
        </mac>
        <mac>
            <mac_min>C91A006B3E59</mac_min>
            <mac_max>C91A006B3E5B</mac_max>
        </mac>
        <mac>
            <mac_min>C91A006B3E61</mac_min>
            <mac_max>C91A006B3E63</mac_max>
        </mac>
        <mac>
            <mac_min>C91A006B3E65</mac_min>
            <mac_max>C91A006B3E66</mac_max>
        </mac>
        <mac>
            <mac_min>C91A006B3E69</mac_min>
            <mac_max>C91A006B3E6B</mac_max>
        </mac>
        <mac>
            <mac_min>C91A006B3E72</mac_min>
            <mac_max>C91A006B3E74</mac_max>
        </mac>
        <mac>
            <mac_min>C91A006B3E7B</mac_min>
            <mac_max>C91A006B3E7D</mac_max>
        </mac>
        <mac>
            <mac_min>FDA527294E3B</mac_min>
            <mac_max>FDA527294E3D</mac_max>
        </mac>
        <mac>
            <mac_min>FDA527294E44</mac_min>
            <mac_max>FDA527294E46</mac_max>
        </mac>
        <mac>
            <mac_min>FDA527294E4D</mac_min>
            <mac_max>FDA527294E4F</mac_max>
        </mac>
        <mac>
            <mac_min>FDA527294E52</mac_min>
            <mac_max>FDA527294E53</mac_max>
        </mac>
        <mac>
            <mac_min>FDA527294E55</mac_min>
            <mac_max>FDA527294E57</mac_max>
        </mac>
        <mac>
            <mac_min>FDA527294E5D</mac_min>
            <mac_max>FDA527294E5F</mac_max>
        </mac>
        <mac>
            <mac_min>FDA527294F3B</mac_min>
            <mac_max>FDA527294F3C</mac_max>
        </mac>
        <mac>
            <mac_min>FDA527294F3E</mac_min>
            <mac_max>FDA527294F3F</mac_max>
        </mac>
        <mac>
            <mac_min>FDA527294F41</mac_min>
            <mac_max>FDA527294F44</mac_max>
        </mac>
        <mac>
            <mac_min>FDA527294F46</mac_min>
            <mac_max>FDA527294F48</mac_max>
        </mac>
        <mac>
            <mac_min>FDA527294F4F</mac_min>
            <mac_max>FDA527294F51</mac_max>
        </mac>
        <mac>
            <mac_min>FDA527294F58</mac_min>
            <mac_max>FDA527294F5A</mac_max>
        </mac>
        <mac>
            <mac_min>FDA527294F5C</mac_min>
            <mac_max>FDA527294F5D</mac_max>
        </mac>
        <mac>
            <mac_min>FDA527294F63</mac_min>
            <mac_max>FDA527294F64</mac_max>
        </mac>
        <mac>
            <mac_min>FDA527294F6D</mac_min>
            <mac_max>FDA527294F6F</mac_max>
        </mac>
        <mac>
            <mac_min>FDA527294F71</mac_min>
            <mac_max>FDA527294F74</mac_max>
        </mac>
        <mac>
            <mac_min>FDA527294F7C</mac_min>
            <mac_max>FDA527294F7D</mac_max>
        </mac>
        <mac>
            <mac_min>FDA527294F7F</mac_min>
            <mac_max>FDA527294F80</mac_max>
        </mac>
        <mac>
            <mac_min>FDA527294F89</mac_min>
            <mac_max>FDA527294F8A</mac_max>
        </mac>
        <mac>
            <mac_min>FDA527294F8C</mac_min>
            <mac_max>FDA527294F8E</mac_max>
        </mac>
        <mac>
            <mac_min>FDA527294F91</mac_min>
            <mac_max>FDA527294F95</mac_max>
        </mac>
        <mac>
            <mac_min>FDA527294FCA</mac_min>
            <mac_max>FDA527294FD2</mac_max>
        </mac>
        <mac>
            <mac_min>FDA527294FD4</mac_min>
            <mac_max>FDA527294FD5</mac_max>
        </mac>
        <mac>
            <mac_min>FDA527294FDE</mac_min>
            <mac_max>FDA527294FE1</mac_max>
        </mac>
        <mac>
            <mac_min>FDA527294FEE</mac_min>
            <mac_max>FDA527294FEF</mac_max>
        </mac>
        <mac>
            <mac_min>FDA527294FF3</mac_min>
            <mac_max>FDA527294FF5</mac_max>
        </mac>
        <mac>
            <mac_min>FDA527294FF7</mac_min>
            <mac_max>FDA527294FF9</mac_max>
        </mac>
        <mac>
            <mac_min>FDA527295000</mac_min>
            <mac_max>FDA527295001</mac_max>
        </mac>
        <mac>
            <mac_min>FDA527295008</mac_min>
            <mac_max>FDA52729500B</mac_max>
        </mac>
        <mac>
            <mac_min>FDA52729500E</mac_min>
            <mac_max>FDA527295010</mac_max>
        </mac>
        <mac>
            <mac_min>FDA527295012</mac_min>
            <mac_max>FDA527295013</mac_max>
        </mac>
        <mac>
            <mac_min>FDA527295019</mac_min>
            <mac_max>FDA52729501C</mac_max>
        </mac>
        <mac>
            <mac_min>FDA52729501E</mac_min>
            <mac_max>FDA527295020</mac_max>
        </mac>
        <mac>
            <mac_min>FDA527295025</mac_min>
            <mac_max>FDA527295027</mac_max>
        </mac>
        <mac>
            <mac_min>FDA527295029</mac_min>
            <mac_max>FDA52729502A</mac_max>
        </mac>
        <mac>
            <mac_min>FDA527295415</mac_min>
            <mac_max>FDA527295426</mac_max>
        </mac>
        <mac>
            <mac_min>FDA527295428</mac_min>
            <mac_max>FDA527295449</mac_max>
        </mac>
        <mac>
            <mac_min>FDA52729544B</mac_min>
            <mac_max>FDA527295463</mac_max>
        </mac>
        <mac>
            <mac_min>FDA527295465</mac_min>
            <mac_max>FDA5272954BA</mac_max>
        </mac>
        <mac>
            <mac_min>FDA5272954BC</mac_min>
            <mac_max>FDA5272954CB</mac_max>
        </mac>
        <mac>
            <mac_min>FDA5272954CD</mac_min>
            <mac_max>FDA5272954D2</mac_max>
        </mac>
        <mac>
            <mac_min>FDA5272954D5</mac_min>
            <mac_max>FDA5272954D7</mac_max>
        </mac>
        <mac>
            <mac_min>FDA5272954D9</mac_min>
            <mac_max>FDA5272954DF</mac_max>
        </mac>
        <mac>
            <mac_min>FDA5272954E1</mac_min>
            <mac_max>FDA5272954E4</mac_max>
        </mac>
        <mac>
            <mac_min>FDA5272954E6</mac_min>
            <mac_max>FDA5272954E9</mac_max>
        </mac>
        <mac>
            <mac_min>FDA5272954EB</mac_min>
            <mac_max>FDA5272954EF</mac_max>
        </mac>
        <mac>
            <mac_min>FDA5272954F1</mac_min>
            <mac_max>FDA527295519</mac_max>
        </mac>
        <mac>
            <mac_min>FDA52729551B</mac_min>
            <mac_max>FDA527295545</mac_max>
        </mac>
        <mac>
            <mac_min>FDA527295547</mac_min>
            <mac_max>FDA527295549</mac_max>
        </mac>
        <mac>
            <mac_min>FDA52729554C</mac_min>
            <mac_max>FDA52729554D</mac_max>
        </mac>
        <mac>
            <mac_min>FDA52729554F</mac_min>
            <mac_max>FDA527295553</mac_max>
        </mac>
        <mac>
            <mac_min>FDA527295557</mac_min>
            <mac_max>FDA52729556F</mac_max>
        </mac>
        <mac>
            <mac_min>FDA527295571</mac_min>
            <mac_max>FDA527295583</mac_max>
        </mac>
        <mac>
            <mac_min>FDA527295585</mac_min>
            <mac_max>FDA5272955B3</mac_max>
        </mac>
        <mac>
            <mac_min>FDA5272955B5</mac_min>
            <mac_max>FDA5272955CA</mac_max>
        </mac>
        <mac>
            <mac_min>FDA5272955CC</mac_min>
            <mac_max>FDA527295608</mac_max>
        </mac>
    </mac_range>
    <mac_single>
        <mac>C91A006B3763</mac>
        <mac>C91A006B3C8C</mac>
        <mac>C91A006B3C95</mac>
        <mac>C91A006B3CA1</mac>
        <mac>C91A006B3CB2</mac>
        <mac>C91A006B3CB4</mac>
        <mac>C91A006B3CBB</mac>
        <mac>C91A006B3CCF</mac>
        <mac>C91A006B3CD3</mac>
        <mac>C91A006B3D33</mac>
        <mac>C91A006B3D36</mac>
        <mac>C91A006B3D40</mac>
        <mac>C91A006B3D42</mac>
        <mac>C91A006B3D62</mac>
        <mac>C91A006B3D6B</mac>
        <mac>C91A006B3D7F</mac>
        <mac>C91A006B3D83</mac>
        <mac>C91A006B3D85</mac>
        <mac>C91A006B3DED</mac>
        <mac>C91A006B3DF1</mac>
        <mac>C91A006B3E17</mac>
        <mac>C91A006B3E4E</mac>
        <mac>C91A006B3E50</mac>
        <mac>C91A006B3E52</mac>
        <mac>C91A006B3E54</mac>
        <mac>C91A006B3E5F</mac>
        <mac>C91A006B3E70</mac>
        <mac>FDA527294E48</mac>
        <mac>FDA527294E59</mac>
        <mac>FDA527294E64</mac>
        <mac>FDA527294E66</mac>
        <mac>FDA527294E68</mac>
        <mac>FDA527294E6A</mac>
        <mac>FDA527294EA1</mac>
        <mac>FDA527294EC7</mac>
        <mac>FDA527294ECB</mac>
        <mac>FDA527294F33</mac>
        <mac>FDA527294F35</mac>
        <mac>FDA527294F39</mac>
        <mac>FDA527294F4D</mac>
        <mac>FDA527294F56</mac>
        <mac>FDA527294F76</mac>
        <mac>FDA527294F78</mac>
        <mac>FDA527294F82</mac>
        <mac>FDA527294F85</mac>
        <mac>FDA527294FE5</mac>
        <mac>FDA527294FE9</mac>
        <mac>FDA527294FFD</mac>
        <mac>FDA527295004</mac>
        <mac>FDA527295006</mac>
        <mac>FDA527295017</mac>
        <mac>FDA527295023</mac>
        <mac>FDA52729502C</mac>
        <mac>FDA527295555</mac>
    </mac_single>
    <mac_warn />
</build_mac>
