<?xml version="1.0" encoding="utf-8" ?>
<build_mac>
    <build_id>861400010010300018</build_id>
    <mac_range>
        <mac>
            <mac_min>C91A00713FA4</mac_min>
            <mac_max>C91A00713FA5</mac_max>
        </mac>
        <mac>
            <mac_min>C91A00714043</mac_min>
            <mac_max>C91A00714044</mac_max>
        </mac>
        <mac>
            <mac_min>C91A00714046</mac_min>
            <mac_max>C91A00714048</mac_max>
        </mac>
        <mac>
            <mac_min>C91A0071404D</mac_min>
            <mac_max>C91A0071404E</mac_max>
        </mac>
        <mac>
            <mac_min>FDA5272E29C7</mac_min>
            <mac_max>FDA5272E29C8</mac_max>
        </mac>
        <mac>
            <mac_min>FDA5272E2A66</mac_min>
            <mac_max>FDA5272E2A67</mac_max>
        </mac>
        <mac>
            <mac_min>FDA5272E2A69</mac_min>
            <mac_max>FDA5272E2A6B</mac_max>
        </mac>
        <mac>
            <mac_min>FDA5272E2A70</mac_min>
            <mac_max>FDA5272E2A71</mac_max>
        </mac>
    </mac_range>
    <mac_single>
        <mac>C91A00713E9B</mac>
        <mac>C91A00713F85</mac>
        <mac>C91A00713F90</mac>
        <mac>C91A00713F93</mac>
        <mac>C91A00713F9F</mac>
        <mac>C91A0071404A</mac>
        <mac>C91A00714051</mac>
        <mac>C91A00714058</mac>
        <mac>C91A0071405B</mac>
        <mac>C91A00714060</mac>
        <mac>C91A00714064</mac>
        <mac>C91A00714068</mac>
        <mac>C91A00714072</mac>
        <mac>FDA5272E28BE</mac>
        <mac>FDA5272E29A8</mac>
        <mac>FDA5272E29B3</mac>
        <mac>FDA5272E29B6</mac>
        <mac>FDA5272E29C2</mac>
        <mac>FDA5272E2A6D</mac>
        <mac>FDA5272E2A74</mac>
        <mac>FDA5272E2A7B</mac>
        <mac>FDA5272E2A7E</mac>
        <mac>FDA5272E2A83</mac>
        <mac>FDA5272E2A87</mac>
        <mac>FDA5272E2A8B</mac>
        <mac>FDA5272E2A95</mac>
    </mac_single>
    <mac_warn />
</build_mac>
