<?xml version="1.0" encoding="utf-8" ?>
<build_mac>
    <build_id>861400010040300007</build_id>
    <mac_range>
        <mac>
            <mac_min>C91A006D286F</mac_min>
            <mac_max>C91A006D2872</mac_max>
        </mac>
        <mac>
            <mac_min>C91A006D2878</mac_min>
            <mac_max>C91A006D287F</mac_max>
        </mac>
        <mac>
            <mac_min>C91A006D2881</mac_min>
            <mac_max>C91A006D2882</mac_max>
        </mac>
        <mac>
            <mac_min>C91A006D288F</mac_min>
            <mac_max>C91A006D2890</mac_max>
        </mac>
        <mac>
            <mac_min>C91A006D289E</mac_min>
            <mac_max>C91A006D289F</mac_max>
        </mac>
        <mac>
            <mac_min>FDA5272AE948</mac_min>
            <mac_max>FDA5272AE94B</mac_max>
        </mac>
        <mac>
            <mac_min>FDA5272AE951</mac_min>
            <mac_max>FDA5272AE958</mac_max>
        </mac>
        <mac>
            <mac_min>FDA5272AE95A</mac_min>
            <mac_max>FDA5272AE95B</mac_max>
        </mac>
        <mac>
            <mac_min>FDA5272AE968</mac_min>
            <mac_max>FDA5272AE969</mac_max>
        </mac>
        <mac>
            <mac_min>FDA5272AE977</mac_min>
            <mac_max>FDA5272AE978</mac_max>
        </mac>
    </mac_range>
    <mac_single>
        <mac>C91A006D2874</mac>
        <mac>C91A006D2876</mac>
        <mac>C91A006D2886</mac>
        <mac>C91A006D2888</mac>
        <mac>C91A006D288A</mac>
        <mac>C91A006D288C</mac>
        <mac>C91A006D2894</mac>
        <mac>C91A006D2897</mac>
        <mac>C91A006D2899</mac>
        <mac>C91A006D289C</mac>
        <mac>FDA5272AE94D</mac>
        <mac>FDA5272AE94F</mac>
        <mac>FDA5272AE95F</mac>
        <mac>FDA5272AE961</mac>
        <mac>FDA5272AE963</mac>
        <mac>FDA5272AE965</mac>
        <mac>FDA5272AE96D</mac>
        <mac>FDA5272AE970</mac>
        <mac>FDA5272AE972</mac>
        <mac>FDA5272AE975</mac>
    </mac_single>
    <mac_warn />
</build_mac>
