<?xml version="1.0" encoding="utf-8" ?>
<build_mac>
    <build_id>861400010080300002</build_id>
    <mac_range>
        <mac>
            <mac_min>C91A006E714D</mac_min>
            <mac_max>C91A006E714E</mac_max>
        </mac>
        <mac>
            <mac_min>C91A006E721B</mac_min>
            <mac_max>C91A006E721C</mac_max>
        </mac>
        <mac>
            <mac_min>C91A006E7221</mac_min>
            <mac_max>C91A006E7222</mac_max>
        </mac>
        <mac>
            <mac_min>C91A006E7229</mac_min>
            <mac_max>C91A006E722B</mac_max>
        </mac>
        <mac>
            <mac_min>C91A006E723B</mac_min>
            <mac_max>C91A006E723E</mac_max>
        </mac>
        <mac>
            <mac_min>C91A006E724E</mac_min>
            <mac_max>C91A006E724F</mac_max>
        </mac>
        <mac>
            <mac_min>C91A00712FAA</mac_min>
            <mac_max>C91A00712FAC</mac_max>
        </mac>
        <mac>
            <mac_min>C91A00712FAE</mac_min>
            <mac_max>C91A00712FAF</mac_max>
        </mac>
        <mac>
            <mac_min>C91A00712FB1</mac_min>
            <mac_max>C91A00712FB2</mac_max>
        </mac>
        <mac>
            <mac_min>C91A00712FB4</mac_min>
            <mac_max>C91A00712FB6</mac_max>
        </mac>
        <mac>
            <mac_min>C91A00712FBA</mac_min>
            <mac_max>C91A00712FBB</mac_max>
        </mac>
        <mac>
            <mac_min>C91A00712FBD</mac_min>
            <mac_max>C91A00712FBE</mac_max>
        </mac>
        <mac>
            <mac_min>C91A00712FC0</mac_min>
            <mac_max>C91A00712FC1</mac_max>
        </mac>
        <mac>
            <mac_min>C91A00712FC3</mac_min>
            <mac_max>C91A00712FC4</mac_max>
        </mac>
        <mac>
            <mac_min>C91A00712FC8</mac_min>
            <mac_max>C91A00712FCB</mac_max>
        </mac>
        <mac>
            <mac_min>C91A00712FCD</mac_min>
            <mac_max>C91A00712FD1</mac_max>
        </mac>
        <mac>
            <mac_min>C91A00712FD3</mac_min>
            <mac_max>C91A00712FD9</mac_max>
        </mac>
        <mac>
            <mac_min>C91A007130A2</mac_min>
            <mac_max>C91A007130D3</mac_max>
        </mac>
        <mac>
            <mac_min>C91A00713CF0</mac_min>
            <mac_max>C91A00713D21</mac_max>
        </mac>
        <mac>
            <mac_min>C91A00713DEA</mac_min>
            <mac_max>C91A00713E4D</mac_max>
        </mac>
        <mac>
            <mac_min>FDA5272B9BCA</mac_min>
            <mac_max>FDA5272B9BCB</mac_max>
        </mac>
        <mac>
            <mac_min>FDA5272B9C98</mac_min>
            <mac_max>FDA5272B9C99</mac_max>
        </mac>
        <mac>
            <mac_min>FDA5272B9C9E</mac_min>
            <mac_max>FDA5272B9C9F</mac_max>
        </mac>
        <mac>
            <mac_min>FDA5272B9CA6</mac_min>
            <mac_max>FDA5272B9CA8</mac_max>
        </mac>
        <mac>
            <mac_min>FDA5272B9CB8</mac_min>
            <mac_max>FDA5272B9CBB</mac_max>
        </mac>
        <mac>
            <mac_min>FDA5272B9CCB</mac_min>
            <mac_max>FDA5272B9CCC</mac_max>
        </mac>
        <mac>
            <mac_min>FDA5272E19CA</mac_min>
            <mac_max>FDA5272E19CC</mac_max>
        </mac>
        <mac>
            <mac_min>FDA5272E19CE</mac_min>
            <mac_max>FDA5272E19CF</mac_max>
        </mac>
        <mac>
            <mac_min>FDA5272E19D1</mac_min>
            <mac_max>FDA5272E19D2</mac_max>
        </mac>
        <mac>
            <mac_min>FDA5272E19D4</mac_min>
            <mac_max>FDA5272E19D6</mac_max>
        </mac>
        <mac>
            <mac_min>FDA5272E19DA</mac_min>
            <mac_max>FDA5272E19DB</mac_max>
        </mac>
        <mac>
            <mac_min>FDA5272E19DD</mac_min>
            <mac_max>FDA5272E19DE</mac_max>
        </mac>
        <mac>
            <mac_min>FDA5272E19E0</mac_min>
            <mac_max>FDA5272E19E1</mac_max>
        </mac>
        <mac>
            <mac_min>FDA5272E19E3</mac_min>
            <mac_max>FDA5272E19E4</mac_max>
        </mac>
        <mac>
            <mac_min>FDA5272E19E8</mac_min>
            <mac_max>FDA5272E19EB</mac_max>
        </mac>
        <mac>
            <mac_min>FDA5272E19ED</mac_min>
            <mac_max>FDA5272E19F1</mac_max>
        </mac>
        <mac>
            <mac_min>FDA5272E19F3</mac_min>
            <mac_max>FDA5272E19F9</mac_max>
        </mac>
        <mac>
            <mac_min>FDA5272E1AC2</mac_min>
            <mac_max>FDA5272E1AF3</mac_max>
        </mac>
        <mac>
            <mac_min>FDA5272E2713</mac_min>
            <mac_max>FDA5272E2744</mac_max>
        </mac>
        <mac>
            <mac_min>FDA5272E280D</mac_min>
            <mac_max>FDA5272E2870</mac_max>
        </mac>
    </mac_range>
    <mac_single>
        <mac>C91A006E714A</mac>
        <mac>C91A006E715A</mac>
        <mac>C91A006E7160</mac>
        <mac>C91A006E7166</mac>
        <mac>C91A006E716A</mac>
        <mac>C91A006E716F</mac>
        <mac>C91A006E7171</mac>
        <mac>C91A006E71F0</mac>
        <mac>C91A006E7212</mac>
        <mac>C91A006E7215</mac>
        <mac>C91A006E7217</mac>
        <mac>C91A006E721E</mac>
        <mac>C91A006E7225</mac>
        <mac>C91A006E722D</mac>
        <mac>C91A006E722F</mac>
        <mac>C91A006E7233</mac>
        <mac>C91A006E724A</mac>
        <mac>C91A006E724C</mac>
        <mac>C91A006E7255</mac>
        <mac>C91A006E7260</mac>
        <mac>C91A006E7263</mac>
        <mac>C91A006E7269</mac>
        <mac>C91A006E726F</mac>
        <mac>C91A006E7272</mac>
        <mac>C91A006E7281</mac>
        <mac>C91A006E7284</mac>
        <mac>C91A006E728A</mac>
        <mac>C91A006E728E</mac>
        <mac>C91A006E7297</mac>
        <mac>C91A006E729D</mac>
        <mac>C91A006E730E</mac>
        <mac>C91A00712FA8</mac>
        <mac>C91A00712FB8</mac>
        <mac>C91A00712FC6</mac>
        <mac>C91A00712FE4</mac>
        <mac>C91A00712FF2</mac>
        <mac>FDA5272B9BC7</mac>
        <mac>FDA5272B9BD7</mac>
        <mac>FDA5272B9BDD</mac>
        <mac>FDA5272B9BE3</mac>
        <mac>FDA5272B9BE7</mac>
        <mac>FDA5272B9BEC</mac>
        <mac>FDA5272B9BEE</mac>
        <mac>FDA5272B9C6D</mac>
        <mac>FDA5272B9C8F</mac>
        <mac>FDA5272B9C92</mac>
        <mac>FDA5272B9C94</mac>
        <mac>FDA5272B9C9B</mac>
        <mac>FDA5272B9CA2</mac>
        <mac>FDA5272B9CAA</mac>
        <mac>FDA5272B9CAC</mac>
        <mac>FDA5272B9CB0</mac>
        <mac>FDA5272B9CC7</mac>
        <mac>FDA5272B9CC9</mac>
        <mac>FDA5272B9CD2</mac>
        <mac>FDA5272B9CDD</mac>
        <mac>FDA5272B9CE0</mac>
        <mac>FDA5272B9CE6</mac>
        <mac>FDA5272B9CEC</mac>
        <mac>FDA5272B9CEF</mac>
        <mac>FDA5272B9CFE</mac>
        <mac>FDA5272B9D01</mac>
        <mac>FDA5272B9D07</mac>
        <mac>FDA5272B9D0B</mac>
        <mac>FDA5272B9D14</mac>
        <mac>FDA5272B9D1A</mac>
        <mac>FDA5272B9D8B</mac>
        <mac>FDA5272E19C8</mac>
        <mac>FDA5272E19D8</mac>
        <mac>FDA5272E19E6</mac>
        <mac>FDA5272E1A04</mac>
        <mac>FDA5272E1A12</mac>
    </mac_single>
    <mac_warn />
</build_mac>
