<?xml version="1.0" encoding="utf-8" ?>
<build_mac>
    <build_id>861400010080300001</build_id>
    <mac_range>
        <mac>
            <mac_min>C91A00610096</mac_min>
            <mac_max>C91A006100C7</mac_max>
        </mac>
        <mac>
            <mac_min>C91A00610B86</mac_min>
            <mac_max>C91A00610B9D</mac_max>
        </mac>
        <mac>
            <mac_min>C91A00610B9F</mac_min>
            <mac_max>C91A00610BB7</mac_max>
        </mac>
        <mac>
            <mac_min>C91A00611194</mac_min>
            <mac_max>C91A00611195</mac_max>
        </mac>
        <mac>
            <mac_min>C91A0061119C</mac_min>
            <mac_max>C91A0061119E</mac_max>
        </mac>
        <mac>
            <mac_min>C91A006111A0</mac_min>
            <mac_max>C91A006111A1</mac_max>
        </mac>
        <mac>
            <mac_min>C91A006111A6</mac_min>
            <mac_max>C91A006111A8</mac_max>
        </mac>
        <mac>
            <mac_min>C91A006111AA</mac_min>
            <mac_max>C91A006111AB</mac_max>
        </mac>
        <mac>
            <mac_min>C91A006111AE</mac_min>
            <mac_max>C91A006111AF</mac_max>
        </mac>
        <mac>
            <mac_min>C91A006111BD</mac_min>
            <mac_max>C91A006111BF</mac_max>
        </mac>
        <mac>
            <mac_min>C91A006111C3</mac_min>
            <mac_max>C91A006111C5</mac_max>
        </mac>
        <mac>
            <mac_min>C91A00712B5C</mac_min>
            <mac_max>C91A00712BF1</mac_max>
        </mac>
        <mac>
            <mac_min>C91A00712C24</mac_min>
            <mac_max>C91A00712C87</mac_max>
        </mac>
        <mac>
            <mac_min>C91A00712CBA</mac_min>
            <mac_max>C91A00712CC3</mac_max>
        </mac>
        <mac>
            <mac_min>C91A00712CCF</mac_min>
            <mac_max>C91A00712CD0</mac_max>
        </mac>
        <mac>
            <mac_min>C91A00712CD9</mac_min>
            <mac_max>C91A00712CDC</mac_max>
        </mac>
        <mac>
            <mac_min>C91A00712CE7</mac_min>
            <mac_max>C91A00712CE8</mac_max>
        </mac>
        <mac>
            <mac_min>C91A00713E80</mac_min>
            <mac_max>C91A00713E9A</mac_max>
        </mac>
        <mac>
            <mac_min>C91A00713E9C</mac_min>
            <mac_max>C91A00713EE3</mac_max>
        </mac>
        <mac>
            <mac_min>C91A00713F16</mac_min>
            <mac_max>C91A00713F18</mac_max>
        </mac>
        <mac>
            <mac_min>C91A00713F1A</mac_min>
            <mac_max>C91A00713F79</mac_max>
        </mac>
        <mac>
            <mac_min>C91A00713F7B</mac_min>
            <mac_max>C91A00713F7C</mac_max>
        </mac>
        <mac>
            <mac_min>C91A00713F7E</mac_min>
            <mac_max>C91A00713F80</mac_max>
        </mac>
        <mac>
            <mac_min>C91A00713F82</mac_min>
            <mac_max>C91A00713F84</mac_max>
        </mac>
        <mac>
            <mac_min>C91A00713F88</mac_min>
            <mac_max>C91A00713F8C</mac_max>
        </mac>
        <mac>
            <mac_min>C91A00713F94</mac_min>
            <mac_max>C91A00713F95</mac_max>
        </mac>
        <mac>
            <mac_min>C91A00713FA1</mac_min>
            <mac_max>C91A00713FA3</mac_max>
        </mac>
        <mac>
            <mac_min>C91A00713FDE</mac_min>
            <mac_max>C91A0071400F</mac_max>
        </mac>
        <mac>
            <mac_min>FDA527229F3C</mac_min>
            <mac_max>FDA527229F3E</mac_max>
        </mac>
        <mac>
            <mac_min>FDA527229F42</mac_min>
            <mac_max>FDA527229F44</mac_max>
        </mac>
        <mac>
            <mac_min>FDA527229F52</mac_min>
            <mac_max>FDA527229F53</mac_max>
        </mac>
        <mac>
            <mac_min>FDA527229F56</mac_min>
            <mac_max>FDA527229F57</mac_max>
        </mac>
        <mac>
            <mac_min>FDA527229F59</mac_min>
            <mac_max>FDA527229F5B</mac_max>
        </mac>
        <mac>
            <mac_min>FDA527229F60</mac_min>
            <mac_max>FDA527229F61</mac_max>
        </mac>
        <mac>
            <mac_min>FDA527229F63</mac_min>
            <mac_max>FDA527229F65</mac_max>
        </mac>
        <mac>
            <mac_min>FDA527229F6C</mac_min>
            <mac_max>FDA527229F6D</mac_max>
        </mac>
        <mac>
            <mac_min>FDA52722A54B</mac_min>
            <mac_max>FDA52722A563</mac_max>
        </mac>
        <mac>
            <mac_min>FDA52722A565</mac_min>
            <mac_max>FDA52722A57C</mac_max>
        </mac>
        <mac>
            <mac_min>FDA52722B03B</mac_min>
            <mac_max>FDA52722B06C</mac_max>
        </mac>
        <mac>
            <mac_min>FDA5272E157C</mac_min>
            <mac_max>FDA5272E1611</mac_max>
        </mac>
        <mac>
            <mac_min>FDA5272E1644</mac_min>
            <mac_max>FDA5272E16A7</mac_max>
        </mac>
        <mac>
            <mac_min>FDA5272E16DA</mac_min>
            <mac_max>FDA5272E16E3</mac_max>
        </mac>
        <mac>
            <mac_min>FDA5272E16EF</mac_min>
            <mac_max>FDA5272E16F0</mac_max>
        </mac>
        <mac>
            <mac_min>FDA5272E16F9</mac_min>
            <mac_max>FDA5272E16FC</mac_max>
        </mac>
        <mac>
            <mac_min>FDA5272E1707</mac_min>
            <mac_max>FDA5272E1708</mac_max>
        </mac>
        <mac>
            <mac_min>FDA5272E28A3</mac_min>
            <mac_max>FDA5272E28BD</mac_max>
        </mac>
        <mac>
            <mac_min>FDA5272E28BF</mac_min>
            <mac_max>FDA5272E2906</mac_max>
        </mac>
        <mac>
            <mac_min>FDA5272E2939</mac_min>
            <mac_max>FDA5272E293B</mac_max>
        </mac>
        <mac>
            <mac_min>FDA5272E293D</mac_min>
            <mac_max>FDA5272E299C</mac_max>
        </mac>
        <mac>
            <mac_min>FDA5272E299E</mac_min>
            <mac_max>FDA5272E299F</mac_max>
        </mac>
        <mac>
            <mac_min>FDA5272E29A1</mac_min>
            <mac_max>FDA5272E29A3</mac_max>
        </mac>
        <mac>
            <mac_min>FDA5272E29A5</mac_min>
            <mac_max>FDA5272E29A7</mac_max>
        </mac>
        <mac>
            <mac_min>FDA5272E29AB</mac_min>
            <mac_max>FDA5272E29AF</mac_max>
        </mac>
        <mac>
            <mac_min>FDA5272E29B7</mac_min>
            <mac_max>FDA5272E29B8</mac_max>
        </mac>
        <mac>
            <mac_min>FDA5272E29C4</mac_min>
            <mac_max>FDA5272E29C6</mac_max>
        </mac>
        <mac>
            <mac_min>FDA5272E2A01</mac_min>
            <mac_max>FDA5272E2A32</mac_max>
        </mac>
    </mac_range>
    <mac_single>
        <mac>C91A0061119A</mac>
        <mac>C91A006111A3</mac>
        <mac>C91A006111B1</mac>
        <mac>C91A006111B3</mac>
        <mac>C91A006111B5</mac>
        <mac>C91A006111B9</mac>
        <mac>C91A006111BB</mac>
        <mac>C91A006111C1</mac>
        <mac>C91A00712CC5</mac>
        <mac>C91A00712CCB</mac>
        <mac>C91A00712CCD</mac>
        <mac>C91A00712CD2</mac>
        <mac>C91A00712CD6</mac>
        <mac>C91A00712CDF</mac>
        <mac>C91A00712CE5</mac>
        <mac>C91A00712FBF</mac>
        <mac>C91A00713F86</mac>
        <mac>C91A00713F8F</mac>
        <mac>C91A00713F92</mac>
        <mac>C91A00713F97</mac>
        <mac>C91A00713F99</mac>
        <mac>C91A00713F9C</mac>
        <mac>C91A00713F9E</mac>
        <mac>C91A00713FA6</mac>
        <mac>FDA527229F40</mac>
        <mac>FDA527229F46</mac>
        <mac>FDA527229F48</mac>
        <mac>FDA527229F4C</mac>
        <mac>FDA527229F4E</mac>
        <mac>FDA527229F50</mac>
        <mac>FDA527229F5E</mac>
        <mac>FDA527229F67</mac>
        <mac>FDA5272E16E5</mac>
        <mac>FDA5272E16EB</mac>
        <mac>FDA5272E16ED</mac>
        <mac>FDA5272E16F2</mac>
        <mac>FDA5272E16F6</mac>
        <mac>FDA5272E16FF</mac>
        <mac>FDA5272E1705</mac>
        <mac>FDA5272E19DF</mac>
        <mac>FDA5272E29A9</mac>
        <mac>FDA5272E29B2</mac>
        <mac>FDA5272E29B5</mac>
        <mac>FDA5272E29BA</mac>
        <mac>FDA5272E29BC</mac>
        <mac>FDA5272E29BF</mac>
        <mac>FDA5272E29C1</mac>
        <mac>FDA5272E29C9</mac>
    </mac_single>
    <mac_warn />
</build_mac>
