<?xml version="1.0" encoding="utf-8" ?>
<build_mac>
    <build_id>861400010010300002</build_id>
    <mac_range>
        <mac>
            <mac_min>C91A00601E78</mac_min>
            <mac_max>C91A00601E7D</mac_max>
        </mac>
        <mac>
            <mac_min>C91A00601E7F</mac_min>
            <mac_max>C91A00601E83</mac_max>
        </mac>
        <mac>
            <mac_min>C91A00601E87</mac_min>
            <mac_max>C91A00601E88</mac_max>
        </mac>
        <mac>
            <mac_min>C91A00601E8A</mac_min>
            <mac_max>C91A00601E90</mac_max>
        </mac>
        <mac>
            <mac_min>C91A00601E94</mac_min>
            <mac_max>C91A00601E9F</mac_max>
        </mac>
        <mac>
            <mac_min>C91A00601EA2</mac_min>
            <mac_max>C91A00601EA5</mac_max>
        </mac>
        <mac>
            <mac_min>C91A00601EA7</mac_min>
            <mac_max>C91A00601EA8</mac_max>
        </mac>
        <mac>
            <mac_min>C91A006022D7</mac_min>
            <mac_max>C91A006022D8</mac_max>
        </mac>
        <mac>
            <mac_min>C91A006022DC</mac_min>
            <mac_max>C91A006022DD</mac_max>
        </mac>
        <mac>
            <mac_min>C91A006022E2</mac_min>
            <mac_max>C91A006022E3</mac_max>
        </mac>
        <mac>
            <mac_min>C91A006022EF</mac_min>
            <mac_max>C91A006022F1</mac_max>
        </mac>
        <mac>
            <mac_min>C91A006022F3</mac_min>
            <mac_max>C91A006022F4</mac_max>
        </mac>
        <mac>
            <mac_min>C91A006E72AF</mac_min>
            <mac_max>C91A006E72B0</mac_max>
        </mac>
        <mac>
            <mac_min>C91A006E72B3</mac_min>
            <mac_max>C91A006E72B5</mac_max>
        </mac>
        <mac>
            <mac_min>C91A006E72B7</mac_min>
            <mac_max>C91A006E72BE</mac_max>
        </mac>
        <mac>
            <mac_min>C91A006E72C0</mac_min>
            <mac_max>C91A006E72C1</mac_max>
        </mac>
        <mac>
            <mac_min>C91A006E72C5</mac_min>
            <mac_max>C91A006E72C9</mac_max>
        </mac>
        <mac>
            <mac_min>C91A006E72D1</mac_min>
            <mac_max>C91A006E72D7</mac_max>
        </mac>
        <mac>
            <mac_min>C91A006E72DD</mac_min>
            <mac_max>C91A006E72DE</mac_max>
        </mac>
        <mac>
            <mac_min>C91A006E72F5</mac_min>
            <mac_max>C91A006E72F6</mac_max>
        </mac>
        <mac>
            <mac_min>C91A006E72FE</mac_min>
            <mac_max>C91A006E72FF</mac_max>
        </mac>
        <mac>
            <mac_min>C91A006E7305</mac_min>
            <mac_max>C91A006E7307</mac_max>
        </mac>
        <mac>
            <mac_min>C91A00712FDA</mac_min>
            <mac_max>C91A00712FE3</mac_max>
        </mac>
        <mac>
            <mac_min>C91A00712FE5</mac_min>
            <mac_max>C91A00712FF1</mac_max>
        </mac>
        <mac>
            <mac_min>C91A00712FF3</mac_min>
            <mac_max>C91A0071300B</mac_max>
        </mac>
        <mac>
            <mac_min>C91A00713CBE</mac_min>
            <mac_max>C91A00713CEF</mac_max>
        </mac>
        <mac>
            <mac_min>C91A00713D86</mac_min>
            <mac_max>C91A00713DB7</mac_max>
        </mac>
        <mac>
            <mac_min>C91A00713E4E</mac_min>
            <mac_max>C91A00713E4F</mac_max>
        </mac>
        <mac>
            <mac_min>C91A00713E51</mac_min>
            <mac_max>C91A00713E52</mac_max>
        </mac>
        <mac>
            <mac_min>C91A00713E54</mac_min>
            <mac_max>C91A00713E5E</mac_max>
        </mac>
        <mac>
            <mac_min>C91A00713E61</mac_min>
            <mac_max>C91A00713E63</mac_max>
        </mac>
        <mac>
            <mac_min>C91A00713E69</mac_min>
            <mac_max>C91A00713E6A</mac_max>
        </mac>
        <mac>
            <mac_min>C91A00713E70</mac_min>
            <mac_max>C91A00713E71</mac_max>
        </mac>
        <mac>
            <mac_min>C91A00713E73</mac_min>
            <mac_max>C91A00713E74</mac_max>
        </mac>
        <mac>
            <mac_min>FDA5271BF052</mac_min>
            <mac_max>FDA5271BF057</mac_max>
        </mac>
        <mac>
            <mac_min>FDA5271BF059</mac_min>
            <mac_max>FDA5271BF05D</mac_max>
        </mac>
        <mac>
            <mac_min>FDA5271BF061</mac_min>
            <mac_max>FDA5271BF062</mac_max>
        </mac>
        <mac>
            <mac_min>FDA5271BF064</mac_min>
            <mac_max>FDA5271BF06A</mac_max>
        </mac>
        <mac>
            <mac_min>FDA5271BF06E</mac_min>
            <mac_max>FDA5271BF079</mac_max>
        </mac>
        <mac>
            <mac_min>FDA5271BF07C</mac_min>
            <mac_max>FDA5271BF07F</mac_max>
        </mac>
        <mac>
            <mac_min>FDA5271BF081</mac_min>
            <mac_max>FDA5271BF082</mac_max>
        </mac>
        <mac>
            <mac_min>FDA5271BFADD</mac_min>
            <mac_max>FDA5271BFADE</mac_max>
        </mac>
        <mac>
            <mac_min>FDA5271BFAE2</mac_min>
            <mac_max>FDA5271BFAE3</mac_max>
        </mac>
        <mac>
            <mac_min>FDA5271BFAE8</mac_min>
            <mac_max>FDA5271BFAE9</mac_max>
        </mac>
        <mac>
            <mac_min>FDA5271BFAF5</mac_min>
            <mac_max>FDA5271BFAF7</mac_max>
        </mac>
        <mac>
            <mac_min>FDA5271BFAF9</mac_min>
            <mac_max>FDA5271BFAFA</mac_max>
        </mac>
        <mac>
            <mac_min>FDA5272B9D2C</mac_min>
            <mac_max>FDA5272B9D2D</mac_max>
        </mac>
        <mac>
            <mac_min>FDA5272B9D30</mac_min>
            <mac_max>FDA5272B9D32</mac_max>
        </mac>
        <mac>
            <mac_min>FDA5272B9D34</mac_min>
            <mac_max>FDA5272B9D3B</mac_max>
        </mac>
        <mac>
            <mac_min>FDA5272B9D3D</mac_min>
            <mac_max>FDA5272B9D3E</mac_max>
        </mac>
        <mac>
            <mac_min>FDA5272B9D42</mac_min>
            <mac_max>FDA5272B9D46</mac_max>
        </mac>
        <mac>
            <mac_min>FDA5272B9D4E</mac_min>
            <mac_max>FDA5272B9D54</mac_max>
        </mac>
        <mac>
            <mac_min>FDA5272B9D5A</mac_min>
            <mac_max>FDA5272B9D5B</mac_max>
        </mac>
        <mac>
            <mac_min>FDA5272B9D72</mac_min>
            <mac_max>FDA5272B9D73</mac_max>
        </mac>
        <mac>
            <mac_min>FDA5272B9D7B</mac_min>
            <mac_max>FDA5272B9D7C</mac_max>
        </mac>
        <mac>
            <mac_min>FDA5272B9D82</mac_min>
            <mac_max>FDA5272B9D84</mac_max>
        </mac>
        <mac>
            <mac_min>FDA5272E19FA</mac_min>
            <mac_max>FDA5272E1A03</mac_max>
        </mac>
        <mac>
            <mac_min>FDA5272E1A05</mac_min>
            <mac_max>FDA5272E1A11</mac_max>
        </mac>
        <mac>
            <mac_min>FDA5272E1A13</mac_min>
            <mac_max>FDA5272E1A2B</mac_max>
        </mac>
        <mac>
            <mac_min>FDA5272E26E1</mac_min>
            <mac_max>FDA5272E2712</mac_max>
        </mac>
        <mac>
            <mac_min>FDA5272E27A9</mac_min>
            <mac_max>FDA5272E27DA</mac_max>
        </mac>
        <mac>
            <mac_min>FDA5272E2871</mac_min>
            <mac_max>FDA5272E2872</mac_max>
        </mac>
        <mac>
            <mac_min>FDA5272E2874</mac_min>
            <mac_max>FDA5272E2875</mac_max>
        </mac>
        <mac>
            <mac_min>FDA5272E2877</mac_min>
            <mac_max>FDA5272E2881</mac_max>
        </mac>
        <mac>
            <mac_min>FDA5272E2884</mac_min>
            <mac_max>FDA5272E2886</mac_max>
        </mac>
        <mac>
            <mac_min>FDA5272E288C</mac_min>
            <mac_max>FDA5272E288D</mac_max>
        </mac>
        <mac>
            <mac_min>FDA5272E2893</mac_min>
            <mac_max>FDA5272E2894</mac_max>
        </mac>
        <mac>
            <mac_min>FDA5272E2896</mac_min>
            <mac_max>FDA5272E2897</mac_max>
        </mac>
    </mac_range>
    <mac_single>
        <mac>C91A00601E4A</mac>
        <mac>C91A00601E5E</mac>
        <mac>C91A00601E85</mac>
        <mac>C91A00601E92</mac>
        <mac>C91A0060224F</mac>
        <mac>C91A006022C5</mac>
        <mac>C91A006022CA</mac>
        <mac>C91A006022CF</mac>
        <mac>C91A006022D1</mac>
        <mac>C91A006022D3</mac>
        <mac>C91A006022D5</mac>
        <mac>C91A006022E8</mac>
        <mac>C91A006022EB</mac>
        <mac>C91A006E72A6</mac>
        <mac>C91A006E72A8</mac>
        <mac>C91A006E72C3</mac>
        <mac>C91A006E72CB</mac>
        <mac>C91A006E72CD</mac>
        <mac>C91A006E72CF</mac>
        <mac>C91A006E72DB</mac>
        <mac>C91A006E72E3</mac>
        <mac>C91A006E72E5</mac>
        <mac>C91A006E72ED</mac>
        <mac>C91A006E72F2</mac>
        <mac>C91A006E72F8</mac>
        <mac>C91A006E7302</mac>
        <mac>C91A00712FB7</mac>
        <mac>C91A00712FC5</mac>
        <mac>C91A00713E65</mac>
        <mac>C91A00713E67</mac>
        <mac>C91A00713E6C</mac>
        <mac>C91A00713E76</mac>
        <mac>C91A00713E78</mac>
        <mac>C91A00713E7B</mac>
        <mac>C91A00713E7D</mac>
        <mac>FDA5271BEE30</mac>
        <mac>FDA5271BF038</mac>
        <mac>FDA5271BF05F</mac>
        <mac>FDA5271BF06C</mac>
        <mac>FDA5271BFA55</mac>
        <mac>FDA5271BFACB</mac>
        <mac>FDA5271BFAD0</mac>
        <mac>FDA5271BFAD5</mac>
        <mac>FDA5271BFAD7</mac>
        <mac>FDA5271BFAD9</mac>
        <mac>FDA5271BFADB</mac>
        <mac>FDA5271BFAEE</mac>
        <mac>FDA5271BFAF1</mac>
        <mac>FDA5272B9D23</mac>
        <mac>FDA5272B9D25</mac>
        <mac>FDA5272B9D40</mac>
        <mac>FDA5272B9D48</mac>
        <mac>FDA5272B9D4A</mac>
        <mac>FDA5272B9D4C</mac>
        <mac>FDA5272B9D58</mac>
        <mac>FDA5272B9D60</mac>
        <mac>FDA5272B9D62</mac>
        <mac>FDA5272B9D6A</mac>
        <mac>FDA5272B9D6F</mac>
        <mac>FDA5272B9D75</mac>
        <mac>FDA5272B9D7F</mac>
        <mac>FDA5272E19D7</mac>
        <mac>FDA5272E19E5</mac>
        <mac>FDA5272E2888</mac>
        <mac>FDA5272E288A</mac>
        <mac>FDA5272E288F</mac>
        <mac>FDA5272E2899</mac>
        <mac>FDA5272E289B</mac>
        <mac>FDA5272E289E</mac>
        <mac>FDA5272E28A0</mac>
    </mac_single>
    <mac_warn />
</build_mac>
