<?xml version="1.0" encoding="utf-8" ?>
<build_mac>
    <build_id>861500010010300009</build_id>
    <mac_range>
        <mac>
            <mac_min>C91A006A2582</mac_min>
            <mac_max>C91A006A2583</mac_max>
        </mac>
        <mac>
            <mac_min>C91A006A258A</mac_min>
            <mac_max>C91A006A258B</mac_max>
        </mac>
        <mac>
            <mac_min>C91A006A258D</mac_min>
            <mac_max>C91A006A2598</mac_max>
        </mac>
        <mac>
            <mac_min>C91A006A259A</mac_min>
            <mac_max>C91A006A259B</mac_max>
        </mac>
        <mac>
            <mac_min>C91A006A25A0</mac_min>
            <mac_max>C91A006A25A4</mac_max>
        </mac>
        <mac>
            <mac_min>C91A006A25A6</mac_min>
            <mac_max>C91A006A25A7</mac_max>
        </mac>
        <mac>
            <mac_min>C91A006A25AA</mac_min>
            <mac_max>C91A006A25B1</mac_max>
        </mac>
        <mac>
            <mac_min>C91A006A25E6</mac_min>
            <mac_max>C91A006A25E7</mac_max>
        </mac>
        <mac>
            <mac_min>C91A006A2600</mac_min>
            <mac_max>C91A006A2601</mac_max>
        </mac>
        <mac>
            <mac_min>C91A006A2607</mac_min>
            <mac_max>C91A006A2608</mac_max>
        </mac>
        <mac>
            <mac_min>C91A006A2634</mac_min>
            <mac_max>C91A006A2635</mac_max>
        </mac>
        <mac>
            <mac_min>C91A006A264C</mac_min>
            <mac_max>C91A006A264D</mac_max>
        </mac>
        <mac>
            <mac_min>C91A006A265E</mac_min>
            <mac_max>C91A006A265F</mac_max>
        </mac>
        <mac>
            <mac_min>C91A006A2662</mac_min>
            <mac_max>C91A006A2663</mac_max>
        </mac>
        <mac>
            <mac_min>C91A006A267A</mac_min>
            <mac_max>C91A006A2689</mac_max>
        </mac>
        <mac>
            <mac_min>C91A006A268B</mac_min>
            <mac_max>C91A006A2697</mac_max>
        </mac>
        <mac>
            <mac_min>C91A006A2699</mac_min>
            <mac_max>C91A006A269F</mac_max>
        </mac>
        <mac>
            <mac_min>C91A006A26A1</mac_min>
            <mac_max>C91A006A26AB</mac_max>
        </mac>
        <mac>
            <mac_min>FDA527288DA1</mac_min>
            <mac_max>FDA527288DAB</mac_max>
        </mac>
        <mac>
            <mac_min>FDA527288DAD</mac_min>
            <mac_max>FDA527288DB3</mac_max>
        </mac>
        <mac>
            <mac_min>FDA527288DB5</mac_min>
            <mac_max>FDA527288DC1</mac_max>
        </mac>
        <mac>
            <mac_min>FDA527288DC3</mac_min>
            <mac_max>FDA527288DD2</mac_max>
        </mac>
        <mac>
            <mac_min>FDA527288DE9</mac_min>
            <mac_max>FDA527288DEA</mac_max>
        </mac>
        <mac>
            <mac_min>FDA527288DED</mac_min>
            <mac_max>FDA527288DEE</mac_max>
        </mac>
        <mac>
            <mac_min>FDA527288DFF</mac_min>
            <mac_max>FDA527288E00</mac_max>
        </mac>
        <mac>
            <mac_min>FDA527288E17</mac_min>
            <mac_max>FDA527288E18</mac_max>
        </mac>
        <mac>
            <mac_min>FDA527288E44</mac_min>
            <mac_max>FDA527288E45</mac_max>
        </mac>
        <mac>
            <mac_min>FDA527288E4B</mac_min>
            <mac_max>FDA527288E4C</mac_max>
        </mac>
        <mac>
            <mac_min>FDA527288E65</mac_min>
            <mac_max>FDA527288E66</mac_max>
        </mac>
        <mac>
            <mac_min>FDA527288E9B</mac_min>
            <mac_max>FDA527288EA2</mac_max>
        </mac>
        <mac>
            <mac_min>FDA527288EA5</mac_min>
            <mac_max>FDA527288EA6</mac_max>
        </mac>
        <mac>
            <mac_min>FDA527288EA8</mac_min>
            <mac_max>FDA527288EAC</mac_max>
        </mac>
        <mac>
            <mac_min>FDA527288EB1</mac_min>
            <mac_max>FDA527288EB2</mac_max>
        </mac>
        <mac>
            <mac_min>FDA527288EB4</mac_min>
            <mac_max>FDA527288EBF</mac_max>
        </mac>
        <mac>
            <mac_min>FDA527288EC1</mac_min>
            <mac_max>FDA527288EC2</mac_max>
        </mac>
        <mac>
            <mac_min>FDA527288EC9</mac_min>
            <mac_max>FDA527288ECA</mac_max>
        </mac>
    </mac_range>
    <mac_single>
        <mac>C91A006A2522</mac>
        <mac>C91A006A2537</mac>
        <mac>C91A006A253A</mac>
        <mac>C91A006A2549</mac>
        <mac>C91A006A2586</mac>
        <mac>C91A006A259E</mac>
        <mac>C91A006A25EF</mac>
        <mac>C91A006A25F1</mac>
        <mac>C91A006A25F7</mac>
        <mac>C91A006A2604</mac>
        <mac>C91A006A260F</mac>
        <mac>C91A006A2615</mac>
        <mac>C91A006A261A</mac>
        <mac>C91A006A261C</mac>
        <mac>C91A006A2621</mac>
        <mac>C91A006A2627</mac>
        <mac>C91A006A2629</mac>
        <mac>C91A006A262C</mac>
        <mac>C91A006A2631</mac>
        <mac>C91A006A2637</mac>
        <mac>C91A006A2639</mac>
        <mac>C91A006A2655</mac>
        <mac>C91A006A2665</mac>
        <mac>C91A006A266A</mac>
        <mac>C91A006A266C</mac>
        <mac>C91A006A266E</mac>
        <mac>C91A006A2678</mac>
        <mac>FDA527288DD4</mac>
        <mac>FDA527288DDE</mac>
        <mac>FDA527288DE0</mac>
        <mac>FDA527288DE2</mac>
        <mac>FDA527288DE7</mac>
        <mac>FDA527288DF7</mac>
        <mac>FDA527288E13</mac>
        <mac>FDA527288E15</mac>
        <mac>FDA527288E1B</mac>
        <mac>FDA527288E20</mac>
        <mac>FDA527288E23</mac>
        <mac>FDA527288E25</mac>
        <mac>FDA527288E2B</mac>
        <mac>FDA527288E30</mac>
        <mac>FDA527288E32</mac>
        <mac>FDA527288E37</mac>
        <mac>FDA527288E3D</mac>
        <mac>FDA527288E48</mac>
        <mac>FDA527288E55</mac>
        <mac>FDA527288E5B</mac>
        <mac>FDA527288E5D</mac>
        <mac>FDA527288EAE</mac>
        <mac>FDA527288EC6</mac>
        <mac>FDA527288F03</mac>
        <mac>FDA527288F12</mac>
        <mac>FDA527288F15</mac>
        <mac>FDA527288F2A</mac>
    </mac_single>
    <mac_warn />
</build_mac>
