<?xml version="1.0" encoding="utf-8" ?>
<build_mac>
    <build_id>861500010040300003</build_id>
    <mac_range>
        <mac>
            <mac_min>C91A006E2DE6</mac_min>
            <mac_max>C91A006E2E49</mac_max>
        </mac>
        <mac>
            <mac_min>C91A0072128E</mac_min>
            <mac_max>C91A00721292</mac_max>
        </mac>
        <mac>
            <mac_min>C91A00721298</mac_min>
            <mac_max>C91A00721299</mac_max>
        </mac>
        <mac>
            <mac_min>C91A007212A0</mac_min>
            <mac_max>C91A007212A1</mac_max>
        </mac>
        <mac>
            <mac_min>C91A007212A5</mac_min>
            <mac_max>C91A007212B1</mac_max>
        </mac>
        <mac>
            <mac_min>C91A007212B3</mac_min>
            <mac_max>C91A007212B4</mac_max>
        </mac>
        <mac>
            <mac_min>C91A007273AC</mac_min>
            <mac_max>C91A007273AD</mac_max>
        </mac>
        <mac>
            <mac_min>C91A0072740B</mac_min>
            <mac_max>C91A0072740E</mac_max>
        </mac>
        <mac>
            <mac_min>C91A00727414</mac_min>
            <mac_max>C91A00727416</mac_max>
        </mac>
        <mac>
            <mac_min>C91A0072741B</mac_min>
            <mac_max>C91A0072741D</mac_max>
        </mac>
        <mac>
            <mac_min>C91A00727422</mac_min>
            <mac_max>C91A00727423</mac_max>
        </mac>
        <mac>
            <mac_min>C91A00727429</mac_min>
            <mac_max>C91A0072742A</mac_max>
        </mac>
        <mac>
            <mac_min>C91A0072742F</mac_min>
            <mac_max>C91A00727431</mac_max>
        </mac>
        <mac>
            <mac_min>C91A00727433</mac_min>
            <mac_max>C91A00727434</mac_max>
        </mac>
        <mac>
            <mac_min>FDA5272B55F5</mac_min>
            <mac_max>FDA5272B5658</mac_max>
        </mac>
        <mac>
            <mac_min>FDA5272F3097</mac_min>
            <mac_max>FDA5272F309B</mac_max>
        </mac>
        <mac>
            <mac_min>FDA5272F30A1</mac_min>
            <mac_max>FDA5272F30A2</mac_max>
        </mac>
        <mac>
            <mac_min>FDA5272F30A9</mac_min>
            <mac_max>FDA5272F30AA</mac_max>
        </mac>
        <mac>
            <mac_min>FDA5272F30AE</mac_min>
            <mac_max>FDA5272F30BA</mac_max>
        </mac>
        <mac>
            <mac_min>FDA5272F30BC</mac_min>
            <mac_max>FDA5272F30BD</mac_max>
        </mac>
        <mac>
            <mac_min>FDA52730C42A</mac_min>
            <mac_max>FDA52730C42B</mac_max>
        </mac>
        <mac>
            <mac_min>FDA52730C489</mac_min>
            <mac_max>FDA52730C48C</mac_max>
        </mac>
        <mac>
            <mac_min>FDA52730C492</mac_min>
            <mac_max>FDA52730C494</mac_max>
        </mac>
        <mac>
            <mac_min>FDA52730C499</mac_min>
            <mac_max>FDA52730C49B</mac_max>
        </mac>
        <mac>
            <mac_min>FDA52730C4A0</mac_min>
            <mac_max>FDA52730C4A1</mac_max>
        </mac>
        <mac>
            <mac_min>FDA52730C4A7</mac_min>
            <mac_max>FDA52730C4A8</mac_max>
        </mac>
        <mac>
            <mac_min>FDA52730C4AD</mac_min>
            <mac_max>FDA52730C4AF</mac_max>
        </mac>
        <mac>
            <mac_min>FDA52730C4B1</mac_min>
            <mac_max>FDA52730C4B2</mac_max>
        </mac>
    </mac_range>
    <mac_single>
        <mac>C91A00721294</mac>
        <mac>C91A00721296</mac>
        <mac>C91A0072129B</mac>
        <mac>C91A0072129E</mac>
        <mac>C91A007212B6</mac>
        <mac>C91A007212B8</mac>
        <mac>C91A007212BA</mac>
        <mac>C91A007212BD</mac>
        <mac>C91A007273B2</mac>
        <mac>C91A007273B9</mac>
        <mac>C91A007273C2</mac>
        <mac>C91A007273CB</mac>
        <mac>C91A007273D0</mac>
        <mac>C91A00727404</mac>
        <mac>C91A00727406</mac>
        <mac>C91A00727408</mac>
        <mac>C91A00727418</mac>
        <mac>C91A00727427</mac>
        <mac>C91A0072742C</mac>
        <mac>FDA5272F309D</mac>
        <mac>FDA5272F309F</mac>
        <mac>FDA5272F30A4</mac>
        <mac>FDA5272F30A7</mac>
        <mac>FDA5272F30BF</mac>
        <mac>FDA5272F30C1</mac>
        <mac>FDA5272F30C3</mac>
        <mac>FDA5272F30C6</mac>
        <mac>FDA52730C430</mac>
        <mac>FDA52730C437</mac>
        <mac>FDA52730C440</mac>
        <mac>FDA52730C449</mac>
        <mac>FDA52730C44E</mac>
        <mac>FDA52730C482</mac>
        <mac>FDA52730C484</mac>
        <mac>FDA52730C486</mac>
        <mac>FDA52730C496</mac>
        <mac>FDA52730C4A5</mac>
        <mac>FDA52730C4AA</mac>
    </mac_single>
    <mac_warn />
</build_mac>
