<?xml version="1.0" encoding="utf-8" ?>
<build_mac>
    <build_id>861500010010300003</build_id>
    <mac_range>
        <mac>
            <mac_min>C91A00601908</mac_min>
            <mac_max>C91A00601909</mac_max>
        </mac>
        <mac>
            <mac_min>C91A00601921</mac_min>
            <mac_max>C91A00601922</mac_max>
        </mac>
        <mac>
            <mac_min>C91A00601CBC</mac_min>
            <mac_max>C91A00601CC1</mac_max>
        </mac>
        <mac>
            <mac_min>C91A00601CE6</mac_min>
            <mac_max>C91A00601CE7</mac_max>
        </mac>
        <mac>
            <mac_min>FDA5271BDFDD</mac_min>
            <mac_max>FDA5271BDFDE</mac_max>
        </mac>
        <mac>
            <mac_min>FDA5271BDFF6</mac_min>
            <mac_max>FDA5271BDFF7</mac_max>
        </mac>
        <mac>
            <mac_min>FDA5271BE29C</mac_min>
            <mac_max>FDA5271BE2A1</mac_max>
        </mac>
        <mac>
            <mac_min>FDA5271BE2C6</mac_min>
            <mac_max>FDA5271BE2C7</mac_max>
        </mac>
    </mac_range>
    <mac_single>
        <mac>C91A00601900</mac>
        <mac>C91A00601905</mac>
        <mac>C91A0060191E</mac>
        <mac>C91A00601924</mac>
        <mac>C91A0060192F</mac>
        <mac>C91A00601931</mac>
        <mac>C91A00601CC9</mac>
        <mac>C91A00601CCD</mac>
        <mac>C91A00601CD5</mac>
        <mac>C91A00601CD8</mac>
        <mac>C91A00601CDC</mac>
        <mac>C91A00601CDE</mac>
        <mac>C91A00601CE0</mac>
        <mac>C91A00601CE3</mac>
        <mac>FDA5271BDFD5</mac>
        <mac>FDA5271BDFDA</mac>
        <mac>FDA5271BDFF3</mac>
        <mac>FDA5271BDFF9</mac>
        <mac>FDA5271BE004</mac>
        <mac>FDA5271BE006</mac>
        <mac>FDA5271BE2A9</mac>
        <mac>FDA5271BE2AD</mac>
        <mac>FDA5271BE2B5</mac>
        <mac>FDA5271BE2B8</mac>
        <mac>FDA5271BE2BC</mac>
        <mac>FDA5271BE2BE</mac>
        <mac>FDA5271BE2C0</mac>
        <mac>FDA5271BE2C3</mac>
    </mac_single>
    <mac_warn />
</build_mac>
