<?xml version="1.0" encoding="utf-8" ?>
<build_mac>
    <build_id>861500050010300001</build_id>
    <mac_range>
        <mac>
            <mac_min>C91A006D1F52</mac_min>
            <mac_max>C91A006D1F53</mac_max>
        </mac>
        <mac>
            <mac_min>C91A006D1F59</mac_min>
            <mac_max>C91A006D1F5B</mac_max>
        </mac>
        <mac>
            <mac_min>C91A006D1F60</mac_min>
            <mac_max>C91A006D1F61</mac_max>
        </mac>
        <mac>
            <mac_min>C91A006D1F72</mac_min>
            <mac_max>C91A006D1F80</mac_max>
        </mac>
        <mac>
            <mac_min>C91A006D1F82</mac_min>
            <mac_max>C91A006D1F9D</mac_max>
        </mac>
        <mac>
            <mac_min>C91A006D1F9F</mac_min>
            <mac_max>C91A006D1FA3</mac_max>
        </mac>
        <mac>
            <mac_min>C91A006D1FD6</mac_min>
            <mac_max>C91A006D1FDF</mac_max>
        </mac>
        <mac>
            <mac_min>C91A006D1FE1</mac_min>
            <mac_max>C91A006D1FE2</mac_max>
        </mac>
        <mac>
            <mac_min>C91A006D1FE5</mac_min>
            <mac_max>C91A006D2007</mac_max>
        </mac>
        <mac>
            <mac_min>C91A006D206C</mac_min>
            <mac_max>C91A006D2072</mac_max>
        </mac>
        <mac>
            <mac_min>C91A006D2074</mac_min>
            <mac_max>C91A006D208F</mac_max>
        </mac>
        <mac>
            <mac_min>C91A006D2091</mac_min>
            <mac_max>C91A006D2092</mac_max>
        </mac>
        <mac>
            <mac_min>C91A006D2094</mac_min>
            <mac_max>C91A006D2096</mac_max>
        </mac>
        <mac>
            <mac_min>C91A006D2098</mac_min>
            <mac_max>C91A006D209C</mac_max>
        </mac>
        <mac>
            <mac_min>FDA5272AE02B</mac_min>
            <mac_max>FDA5272AE02C</mac_max>
        </mac>
        <mac>
            <mac_min>FDA5272AE032</mac_min>
            <mac_max>FDA5272AE034</mac_max>
        </mac>
        <mac>
            <mac_min>FDA5272AE039</mac_min>
            <mac_max>FDA5272AE03A</mac_max>
        </mac>
        <mac>
            <mac_min>FDA5272AE04B</mac_min>
            <mac_max>FDA5272AE059</mac_max>
        </mac>
        <mac>
            <mac_min>FDA5272AE05B</mac_min>
            <mac_max>FDA5272AE076</mac_max>
        </mac>
        <mac>
            <mac_min>FDA5272AE078</mac_min>
            <mac_max>FDA5272AE07C</mac_max>
        </mac>
        <mac>
            <mac_min>FDA5272AE0AF</mac_min>
            <mac_max>FDA5272AE0B8</mac_max>
        </mac>
        <mac>
            <mac_min>FDA5272AE0BA</mac_min>
            <mac_max>FDA5272AE0BB</mac_max>
        </mac>
        <mac>
            <mac_min>FDA5272AE0BE</mac_min>
            <mac_max>FDA5272AE0E0</mac_max>
        </mac>
        <mac>
            <mac_min>FDA5272AE145</mac_min>
            <mac_max>FDA5272AE14B</mac_max>
        </mac>
        <mac>
            <mac_min>FDA5272AE14D</mac_min>
            <mac_max>FDA5272AE168</mac_max>
        </mac>
        <mac>
            <mac_min>FDA5272AE16A</mac_min>
            <mac_max>FDA5272AE16B</mac_max>
        </mac>
        <mac>
            <mac_min>FDA5272AE16D</mac_min>
            <mac_max>FDA5272AE16F</mac_max>
        </mac>
        <mac>
            <mac_min>FDA5272AE171</mac_min>
            <mac_max>FDA5272AE175</mac_max>
        </mac>
    </mac_range>
    <mac_single>
        <mac>C91A000A1F81</mac>
        <mac>C91A006D1F40</mac>
        <mac>C91A006D1F47</mac>
        <mac>C91A006D1F5E</mac>
        <mac>C91A006D1F65</mac>
        <mac>C91A006D1F69</mac>
        <mac>C91A006D20FB</mac>
        <mac>C91A006D21C9</mac>
        <mac>FDA5272AE019</mac>
        <mac>FDA5272AE020</mac>
        <mac>FDA5272AE037</mac>
        <mac>FDA5272AE03E</mac>
        <mac>FDA5272AE042</mac>
        <mac>FDA5272AE1D4</mac>
        <mac>FDA5272AE2A2</mac>
    </mac_single>
    <mac_warn />
</build_mac>
