<?xml version="1.0" encoding="utf-8" ?>
<build_mac>
    <build_id>861500010020300001</build_id>
    <mac_range>
        <mac>
            <mac_min>C91A00601162</mac_min>
            <mac_max>C91A00601193</mac_max>
        </mac>
        <mac>
            <mac_min>C91A006013EC</mac_min>
            <mac_max>C91A006013F4</mac_max>
        </mac>
        <mac>
            <mac_min>C91A006013F6</mac_min>
            <mac_max>C91A0060141D</mac_max>
        </mac>
        <mac>
            <mac_min>C91A00601518</mac_min>
            <mac_max>C91A00601521</mac_max>
        </mac>
        <mac>
            <mac_min>C91A00601523</mac_min>
            <mac_max>C91A00601526</mac_max>
        </mac>
        <mac>
            <mac_min>C91A00601528</mac_min>
            <mac_max>C91A0060152B</mac_max>
        </mac>
        <mac>
            <mac_min>C91A00601531</mac_min>
            <mac_max>C91A00601533</mac_max>
        </mac>
        <mac>
            <mac_min>C91A00601535</mac_min>
            <mac_max>C91A0060153D</mac_max>
        </mac>
        <mac>
            <mac_min>FDA5271BD788</mac_min>
            <mac_max>FDA5271BD7B9</mac_max>
        </mac>
        <mac>
            <mac_min>FDA5271BEA4B</mac_min>
            <mac_max>FDA5271BEA53</mac_max>
        </mac>
        <mac>
            <mac_min>FDA5271BEA55</mac_min>
            <mac_max>FDA5271BEA7C</mac_max>
        </mac>
        <mac>
            <mac_min>FDA5271BEB77</mac_min>
            <mac_max>FDA5271BEB80</mac_max>
        </mac>
        <mac>
            <mac_min>FDA5271BEB82</mac_min>
            <mac_max>FDA5271BEB85</mac_max>
        </mac>
        <mac>
            <mac_min>FDA5271BEB87</mac_min>
            <mac_max>FDA5271BEB8A</mac_max>
        </mac>
        <mac>
            <mac_min>FDA5271BEB90</mac_min>
            <mac_max>FDA5271BEB92</mac_max>
        </mac>
        <mac>
            <mac_min>FDA5271BEB94</mac_min>
            <mac_max>FDA5271BEB9C</mac_max>
        </mac>
    </mac_range>
    <mac_single>
        <mac>C91A0060152E</mac>
        <mac>C91A00601540</mac>
        <mac>C91A00601542</mac>
        <mac>FDA5271BEB8D</mac>
        <mac>FDA5271BEB9F</mac>
        <mac>FDA5271BEBA1</mac>
    </mac_single>
    <mac_warn />
</build_mac>
