<?xml version="1.0" encoding="utf-8" ?>
<build_mac>
    <build_id>861500010020300003</build_id>
    <mac_range>
        <mac>
            <mac_min>C91A006014E6</mac_min>
            <mac_max>C91A006014EB</mac_max>
        </mac>
        <mac>
            <mac_min>C91A006014F5</mac_min>
            <mac_max>C91A006014F8</mac_max>
        </mac>
        <mac>
            <mac_min>C91A006014FD</mac_min>
            <mac_max>C91A006014FE</mac_max>
        </mac>
        <mac>
            <mac_min>C91A00601515</mac_min>
            <mac_max>C91A00601516</mac_max>
        </mac>
        <mac>
            <mac_min>C91A0060152C</mac_min>
            <mac_max>C91A0060152D</mac_max>
        </mac>
        <mac>
            <mac_min>C91A0060152F</mac_min>
            <mac_max>C91A00601530</mac_max>
        </mac>
        <mac>
            <mac_min>C91A0060153E</mac_min>
            <mac_max>C91A0060153F</mac_max>
        </mac>
        <mac>
            <mac_min>C91A00601543</mac_min>
            <mac_max>C91A00601549</mac_max>
        </mac>
        <mac>
            <mac_min>C91A00601838</mac_min>
            <mac_max>C91A00601869</mac_max>
        </mac>
        <mac>
            <mac_min>C91A00601A2C</mac_min>
            <mac_max>C91A00601A3B</mac_max>
        </mac>
        <mac>
            <mac_min>C91A00601A3D</mac_min>
            <mac_max>C91A00601A5D</mac_max>
        </mac>
        <mac>
            <mac_min>C91A00601C22</mac_min>
            <mac_max>C91A00601C39</mac_max>
        </mac>
        <mac>
            <mac_min>C91A00601C3B</mac_min>
            <mac_max>C91A00601C51</mac_max>
        </mac>
        <mac>
            <mac_min>FDA5271BDF0D</mac_min>
            <mac_max>FDA5271BDF3E</mac_max>
        </mac>
        <mac>
            <mac_min>FDA5271BE08A</mac_min>
            <mac_max>FDA5271BE099</mac_max>
        </mac>
        <mac>
            <mac_min>FDA5271BE09B</mac_min>
            <mac_max>FDA5271BE0BB</mac_max>
        </mac>
        <mac>
            <mac_min>FDA5271BE202</mac_min>
            <mac_max>FDA5271BE219</mac_max>
        </mac>
        <mac>
            <mac_min>FDA5271BE21B</mac_min>
            <mac_max>FDA5271BE231</mac_max>
        </mac>
        <mac>
            <mac_min>FDA5271BEB45</mac_min>
            <mac_max>FDA5271BEB4A</mac_max>
        </mac>
        <mac>
            <mac_min>FDA5271BEB54</mac_min>
            <mac_max>FDA5271BEB57</mac_max>
        </mac>
        <mac>
            <mac_min>FDA5271BEB5C</mac_min>
            <mac_max>FDA5271BEB5D</mac_max>
        </mac>
        <mac>
            <mac_min>FDA5271BEB74</mac_min>
            <mac_max>FDA5271BEB75</mac_max>
        </mac>
        <mac>
            <mac_min>FDA5271BEB8B</mac_min>
            <mac_max>FDA5271BEB8C</mac_max>
        </mac>
        <mac>
            <mac_min>FDA5271BEB8E</mac_min>
            <mac_max>FDA5271BEB8F</mac_max>
        </mac>
        <mac>
            <mac_min>FDA5271BEB9D</mac_min>
            <mac_max>FDA5271BEB9E</mac_max>
        </mac>
        <mac>
            <mac_min>FDA5271BEBA2</mac_min>
            <mac_max>FDA5271BEBA8</mac_max>
        </mac>
    </mac_range>
    <mac_single>
        <mac>C91A006014EE</mac>
        <mac>C91A006014F1</mac>
        <mac>C91A006014FA</mac>
        <mac>C91A00601501</mac>
        <mac>C91A00601503</mac>
        <mac>C91A00601505</mac>
        <mac>C91A00601509</mac>
        <mac>C91A0060150B</mac>
        <mac>C91A0060150D</mac>
        <mac>C91A00601512</mac>
        <mac>C91A00601522</mac>
        <mac>C91A00601527</mac>
        <mac>C91A00601534</mac>
        <mac>C91A00601541</mac>
        <mac>C91A00601C20</mac>
        <mac>FDA5271BE200</mac>
        <mac>FDA5271BEB4D</mac>
        <mac>FDA5271BEB50</mac>
        <mac>FDA5271BEB59</mac>
        <mac>FDA5271BEB60</mac>
        <mac>FDA5271BEB62</mac>
        <mac>FDA5271BEB64</mac>
        <mac>FDA5271BEB68</mac>
        <mac>FDA5271BEB6A</mac>
        <mac>FDA5271BEB6C</mac>
        <mac>FDA5271BEB71</mac>
        <mac>FDA5271BEB81</mac>
        <mac>FDA5271BEB86</mac>
        <mac>FDA5271BEB93</mac>
        <mac>FDA5271BEBA0</mac>
    </mac_single>
    <mac_warn />
</build_mac>
