<?xml version="1.0" encoding="utf-8" ?>
<build_mac>
    <build_id>861500080010300003</build_id>
    <mac_range>
        <mac>
            <mac_min>C91A006E2DD0</mac_min>
            <mac_max>C91A006E2DD1</mac_max>
        </mac>
        <mac>
            <mac_min>C91A006E2DD8</mac_min>
            <mac_max>C91A006E2DD9</mac_max>
        </mac>
        <mac>
            <mac_min>C91A006F1996</mac_min>
            <mac_max>C91A006F1A2B</mac_max>
        </mac>
        <mac>
            <mac_min>C91A006F1AF4</mac_min>
            <mac_max>C91A006F1B25</mac_max>
        </mac>
        <mac>
            <mac_min>FDA5272B55DF</mac_min>
            <mac_max>FDA5272B55E0</mac_max>
        </mac>
        <mac>
            <mac_min>FDA5272B55E7</mac_min>
            <mac_max>FDA5272B55E8</mac_max>
        </mac>
        <mac>
            <mac_min>FDA5272BB94A</mac_min>
            <mac_max>FDA5272BB9DF</mac_max>
        </mac>
        <mac>
            <mac_min>FDA5272BBAA8</mac_min>
            <mac_max>FDA5272BBAD9</mac_max>
        </mac>
    </mac_range>
    <mac_single>
        <mac>C91A006E2D0A</mac>
        <mac>C91A006E2D11</mac>
        <mac>C91A006E2D17</mac>
        <mac>C91A006E2D1D</mac>
        <mac>C91A006E2D87</mac>
        <mac>C91A006E2D8F</mac>
        <mac>C91A006E2DC0</mac>
        <mac>C91A006E2DD4</mac>
        <mac>C91A006E2E52</mac>
        <mac>C91A006E2E6F</mac>
        <mac>C91A006E2E71</mac>
        <mac>C91A006E2E74</mac>
        <mac>FDA5272B5519</mac>
        <mac>FDA5272B5520</mac>
        <mac>FDA5272B5526</mac>
        <mac>FDA5272B552C</mac>
        <mac>FDA5272B5596</mac>
        <mac>FDA5272B559E</mac>
        <mac>FDA5272B55CF</mac>
        <mac>FDA5272B55E3</mac>
        <mac>FDA5272B5661</mac>
        <mac>FDA5272B567E</mac>
        <mac>FDA5272B5680</mac>
        <mac>FDA5272B5683</mac>
    </mac_single>
    <mac_warn />
</build_mac>
