<?xml version="1.0" encoding="utf-8" ?>
<build_mac>
    <build_id>861500010010300002</build_id>
    <mac_range>
        <mac>
            <mac_min>C91A006002D3</mac_min>
            <mac_max>C91A006002D4</mac_max>
        </mac>
        <mac>
            <mac_min>C91A006002D8</mac_min>
            <mac_max>C91A006002D9</mac_max>
        </mac>
        <mac>
            <mac_min>C91A006002E3</mac_min>
            <mac_max>C91A006002E4</mac_max>
        </mac>
        <mac>
            <mac_min>C91A00601324</mac_min>
            <mac_max>C91A00601355</mac_max>
        </mac>
        <mac>
            <mac_min>FDA5271A0D2C</mac_min>
            <mac_max>FDA5271A0D2D</mac_max>
        </mac>
        <mac>
            <mac_min>FDA5271A0D31</mac_min>
            <mac_max>FDA5271A0D32</mac_max>
        </mac>
        <mac>
            <mac_min>FDA5271A0D3C</mac_min>
            <mac_max>FDA5271A0D3D</mac_max>
        </mac>
        <mac>
            <mac_min>FDA5271BE9C2</mac_min>
            <mac_max>FDA5271BE9F3</mac_max>
        </mac>
    </mac_range>
    <mac_single>
        <mac>C91A006002BC</mac>
        <mac>C91A006002BF</mac>
        <mac>C91A006002C7</mac>
        <mac>C91A006002CB</mac>
        <mac>C91A006002D1</mac>
        <mac>C91A006002DF</mac>
        <mac>C91A006002E6</mac>
        <mac>C91A006002ED</mac>
        <mac>FDA5271A0D15</mac>
        <mac>FDA5271A0D18</mac>
        <mac>FDA5271A0D20</mac>
        <mac>FDA5271A0D24</mac>
        <mac>FDA5271A0D2A</mac>
        <mac>FDA5271A0D38</mac>
        <mac>FDA5271A0D3F</mac>
        <mac>FDA5271A0D46</mac>
    </mac_single>
    <mac_warn />
</build_mac>
