<?xml version="1.0" encoding="utf-8" ?>
<build_mac>
    <build_id>861500030010300001</build_id>
    <mac_range>
        <mac>
            <mac_min>C91A006002BD</mac_min>
            <mac_max>C91A006002BE</mac_max>
        </mac>
        <mac>
            <mac_min>C91A006002C0</mac_min>
            <mac_max>C91A006002C6</mac_max>
        </mac>
        <mac>
            <mac_min>C91A006002C8</mac_min>
            <mac_max>C91A006002CA</mac_max>
        </mac>
        <mac>
            <mac_min>C91A006002CC</mac_min>
            <mac_max>C91A006002D0</mac_max>
        </mac>
        <mac>
            <mac_min>C91A006002D5</mac_min>
            <mac_max>C91A006002D7</mac_max>
        </mac>
        <mac>
            <mac_min>C91A006002DA</mac_min>
            <mac_max>C91A006002DE</mac_max>
        </mac>
        <mac>
            <mac_min>C91A006002E0</mac_min>
            <mac_max>C91A006002E2</mac_max>
        </mac>
        <mac>
            <mac_min>C91A006002E7</mac_min>
            <mac_max>C91A006002EC</mac_max>
        </mac>
        <mac>
            <mac_min>C91A006008E5</mac_min>
            <mac_max>C91A006008E6</mac_max>
        </mac>
        <mac>
            <mac_min>C91A0060141E</mac_min>
            <mac_max>C91A00601423</mac_max>
        </mac>
        <mac>
            <mac_min>C91A00601425</mac_min>
            <mac_max>C91A00601426</mac_max>
        </mac>
        <mac>
            <mac_min>C91A00601428</mac_min>
            <mac_max>C91A0060142A</mac_max>
        </mac>
        <mac>
            <mac_min>C91A0060142C</mac_min>
            <mac_max>C91A0060142D</mac_max>
        </mac>
        <mac>
            <mac_min>C91A0060142F</mac_min>
            <mac_max>C91A00601433</mac_max>
        </mac>
        <mac>
            <mac_min>C91A00601435</mac_min>
            <mac_max>C91A00601438</mac_max>
        </mac>
        <mac>
            <mac_min>C91A0060143B</mac_min>
            <mac_max>C91A00601441</mac_max>
        </mac>
        <mac>
            <mac_min>C91A00601443</mac_min>
            <mac_max>C91A00601445</mac_max>
        </mac>
        <mac>
            <mac_min>C91A00601447</mac_min>
            <mac_max>C91A0060144F</mac_max>
        </mac>
        <mac>
            <mac_min>C91A006014EC</mac_min>
            <mac_max>C91A006014ED</mac_max>
        </mac>
        <mac>
            <mac_min>C91A006014EF</mac_min>
            <mac_max>C91A006014F0</mac_max>
        </mac>
        <mac>
            <mac_min>C91A006014F2</mac_min>
            <mac_max>C91A006014F4</mac_max>
        </mac>
        <mac>
            <mac_min>C91A006014FB</mac_min>
            <mac_max>C91A006014FC</mac_max>
        </mac>
        <mac>
            <mac_min>C91A006014FF</mac_min>
            <mac_max>C91A00601500</mac_max>
        </mac>
        <mac>
            <mac_min>C91A00601506</mac_min>
            <mac_max>C91A00601508</mac_max>
        </mac>
        <mac>
            <mac_min>C91A0060150E</mac_min>
            <mac_max>C91A00601511</mac_max>
        </mac>
        <mac>
            <mac_min>C91A00601513</mac_min>
            <mac_max>C91A00601514</mac_max>
        </mac>
        <mac>
            <mac_min>C91A00601B5B</mac_min>
            <mac_max>C91A00601B5C</mac_max>
        </mac>
        <mac>
            <mac_min>C91A00601CCA</mac_min>
            <mac_max>C91A00601CCC</mac_max>
        </mac>
        <mac>
            <mac_min>C91A00601CD9</mac_min>
            <mac_max>C91A00601CDA</mac_max>
        </mac>
        <mac>
            <mac_min>C91A00601CE1</mac_min>
            <mac_max>C91A00601CE2</mac_max>
        </mac>
        <mac>
            <mac_min>C91A00601CE4</mac_min>
            <mac_max>C91A00601CE5</mac_max>
        </mac>
        <mac>
            <mac_min>FDA5271A0D16</mac_min>
            <mac_max>FDA5271A0D17</mac_max>
        </mac>
        <mac>
            <mac_min>FDA5271A0D19</mac_min>
            <mac_max>FDA5271A0D1F</mac_max>
        </mac>
        <mac>
            <mac_min>FDA5271A0D21</mac_min>
            <mac_max>FDA5271A0D23</mac_max>
        </mac>
        <mac>
            <mac_min>FDA5271A0D25</mac_min>
            <mac_max>FDA5271A0D29</mac_max>
        </mac>
        <mac>
            <mac_min>FDA5271A0D2E</mac_min>
            <mac_max>FDA5271A0D30</mac_max>
        </mac>
        <mac>
            <mac_min>FDA5271A0D33</mac_min>
            <mac_max>FDA5271A0D37</mac_max>
        </mac>
        <mac>
            <mac_min>FDA5271A0D39</mac_min>
            <mac_max>FDA5271A0D3B</mac_max>
        </mac>
        <mac>
            <mac_min>FDA5271A0D40</mac_min>
            <mac_max>FDA5271A0D45</mac_max>
        </mac>
        <mac>
            <mac_min>FDA5271A2B82</mac_min>
            <mac_max>FDA5271A2B83</mac_max>
        </mac>
        <mac>
            <mac_min>FDA5271BD804</mac_min>
            <mac_max>FDA5271BD805</mac_max>
        </mac>
        <mac>
            <mac_min>FDA5271BE2AA</mac_min>
            <mac_max>FDA5271BE2AC</mac_max>
        </mac>
        <mac>
            <mac_min>FDA5271BE2B9</mac_min>
            <mac_max>FDA5271BE2BA</mac_max>
        </mac>
        <mac>
            <mac_min>FDA5271BE2C1</mac_min>
            <mac_max>FDA5271BE2C2</mac_max>
        </mac>
        <mac>
            <mac_min>FDA5271BE2C4</mac_min>
            <mac_max>FDA5271BE2C5</mac_max>
        </mac>
        <mac>
            <mac_min>FDA5271BEA7D</mac_min>
            <mac_max>FDA5271BEA82</mac_max>
        </mac>
        <mac>
            <mac_min>FDA5271BEA84</mac_min>
            <mac_max>FDA5271BEA85</mac_max>
        </mac>
        <mac>
            <mac_min>FDA5271BEA87</mac_min>
            <mac_max>FDA5271BEA89</mac_max>
        </mac>
        <mac>
            <mac_min>FDA5271BEA8B</mac_min>
            <mac_max>FDA5271BEA8C</mac_max>
        </mac>
        <mac>
            <mac_min>FDA5271BEA8E</mac_min>
            <mac_max>FDA5271BEA92</mac_max>
        </mac>
        <mac>
            <mac_min>FDA5271BEA94</mac_min>
            <mac_max>FDA5271BEA97</mac_max>
        </mac>
        <mac>
            <mac_min>FDA5271BEA9A</mac_min>
            <mac_max>FDA5271BEAA0</mac_max>
        </mac>
        <mac>
            <mac_min>FDA5271BEAA2</mac_min>
            <mac_max>FDA5271BEAA4</mac_max>
        </mac>
        <mac>
            <mac_min>FDA5271BEAA6</mac_min>
            <mac_max>FDA5271BEAAE</mac_max>
        </mac>
        <mac>
            <mac_min>FDA5271BEB4B</mac_min>
            <mac_max>FDA5271BEB4C</mac_max>
        </mac>
        <mac>
            <mac_min>FDA5271BEB4E</mac_min>
            <mac_max>FDA5271BEB4F</mac_max>
        </mac>
        <mac>
            <mac_min>FDA5271BEB51</mac_min>
            <mac_max>FDA5271BEB53</mac_max>
        </mac>
        <mac>
            <mac_min>FDA5271BEB5A</mac_min>
            <mac_max>FDA5271BEB5B</mac_max>
        </mac>
        <mac>
            <mac_min>FDA5271BEB5E</mac_min>
            <mac_max>FDA5271BEB5F</mac_max>
        </mac>
        <mac>
            <mac_min>FDA5271BEB65</mac_min>
            <mac_max>FDA5271BEB67</mac_max>
        </mac>
        <mac>
            <mac_min>FDA5271BEB6D</mac_min>
            <mac_max>FDA5271BEB70</mac_max>
        </mac>
        <mac>
            <mac_min>FDA5271BEB72</mac_min>
            <mac_max>FDA5271BEB73</mac_max>
        </mac>
    </mac_range>
    <mac_single>
        <mac>C91A006002D2</mac>
        <mac>C91A006002E5</mac>
        <mac>C91A006008CD</mac>
        <mac>C91A006008D4</mac>
        <mac>C91A006008DD</mac>
        <mac>C91A006008E0</mac>
        <mac>C91A006008E2</mac>
        <mac>C91A006008F0</mac>
        <mac>C91A006008F8</mac>
        <mac>C91A006008FB</mac>
        <mac>C91A006014F9</mac>
        <mac>C91A00601502</mac>
        <mac>C91A00601504</mac>
        <mac>C91A0060150A</mac>
        <mac>C91A0060150C</mac>
        <mac>C91A00601517</mac>
        <mac>C91A0060169E</mac>
        <mac>C91A00601B61</mac>
        <mac>C91A00601B65</mac>
        <mac>C91A00601B6B</mac>
        <mac>C91A00601B70</mac>
        <mac>C91A00601B75</mac>
        <mac>C91A00601B7A</mac>
        <mac>C91A00601B81</mac>
        <mac>C91A00601B85</mac>
        <mac>C91A00601CB7</mac>
        <mac>C91A00601CC6</mac>
        <mac>C91A00601CC8</mac>
        <mac>C91A00601CCE</mac>
        <mac>C91A00601CDF</mac>
        <mac>FDA5271A0D2B</mac>
        <mac>FDA5271A0D3E</mac>
        <mac>FDA5271A2B6A</mac>
        <mac>FDA5271A2B71</mac>
        <mac>FDA5271A2B7A</mac>
        <mac>FDA5271A2B7D</mac>
        <mac>FDA5271A2B7F</mac>
        <mac>FDA5271A2B8D</mac>
        <mac>FDA5271A2B95</mac>
        <mac>FDA5271A2B98</mac>
        <mac>FDA5271BD80A</mac>
        <mac>FDA5271BD80E</mac>
        <mac>FDA5271BD814</mac>
        <mac>FDA5271BD819</mac>
        <mac>FDA5271BD81E</mac>
        <mac>FDA5271BD823</mac>
        <mac>FDA5271BD82A</mac>
        <mac>FDA5271BD82E</mac>
        <mac>FDA5271BE297</mac>
        <mac>FDA5271BE2A6</mac>
        <mac>FDA5271BE2A8</mac>
        <mac>FDA5271BE2AE</mac>
        <mac>FDA5271BE2BF</mac>
        <mac>FDA5271BEB58</mac>
        <mac>FDA5271BEB61</mac>
        <mac>FDA5271BEB63</mac>
        <mac>FDA5271BEB69</mac>
        <mac>FDA5271BEB6B</mac>
        <mac>FDA5271BEB76</mac>
        <mac>FDA5271BEF64</mac>
    </mac_single>
    <mac_warn />
</build_mac>
