<?xml version="1.0" encoding="utf-8" ?>
<build_mac>
    <build_id>861500030010300002</build_id>
    <mac_range>
        <mac>
            <mac_min>C91A006B0BBB</mac_min>
            <mac_max>C91A006B0BBC</mac_max>
        </mac>
        <mac>
            <mac_min>C91A006B0BEA</mac_min>
            <mac_max>C91A006B0BEC</mac_max>
        </mac>
        <mac>
            <mac_min>C91A006B0BEE</mac_min>
            <mac_max>C91A006B0BF0</mac_max>
        </mac>
        <mac>
            <mac_min>C91A006B0BF2</mac_min>
            <mac_max>C91A006B0BF5</mac_max>
        </mac>
        <mac>
            <mac_min>C91A006B0BF7</mac_min>
            <mac_max>C91A006B0BF8</mac_max>
        </mac>
        <mac>
            <mac_min>C91A006B0BFA</mac_min>
            <mac_max>C91A006B0BFD</mac_max>
        </mac>
        <mac>
            <mac_min>C91A006B0C01</mac_min>
            <mac_max>C91A006B0C08</mac_max>
        </mac>
        <mac>
            <mac_min>C91A006B0C0A</mac_min>
            <mac_max>C91A006B0C0E</mac_max>
        </mac>
        <mac>
            <mac_min>C91A006B0C10</mac_min>
            <mac_max>C91A006B0C12</mac_max>
        </mac>
        <mac>
            <mac_min>C91A006B0C14</mac_min>
            <mac_max>C91A006B0C17</mac_max>
        </mac>
        <mac>
            <mac_min>C91A006B0C19</mac_min>
            <mac_max>C91A006B0C25</mac_max>
        </mac>
        <mac>
            <mac_min>C91A006B0C27</mac_min>
            <mac_max>C91A006B0C48</mac_max>
        </mac>
        <mac>
            <mac_min>C91A006B0C4A</mac_min>
            <mac_max>C91A006B0C57</mac_max>
        </mac>
        <mac>
            <mac_min>C91A006B0C5A</mac_min>
            <mac_max>C91A006B0C6B</mac_max>
        </mac>
        <mac>
            <mac_min>C91A006B0C6D</mac_min>
            <mac_max>C91A006B0C72</mac_max>
        </mac>
        <mac>
            <mac_min>C91A006B0C74</mac_min>
            <mac_max>C91A006B0C7D</mac_max>
        </mac>
        <mac>
            <mac_min>C91A006B0C7F</mac_min>
            <mac_max>C91A006B0C80</mac_max>
        </mac>
        <mac>
            <mac_min>C91A006B0C82</mac_min>
            <mac_max>C91A006B0CB5</mac_max>
        </mac>
        <mac>
            <mac_min>C91A006B0CB7</mac_min>
            <mac_max>C91A006B0CBC</mac_max>
        </mac>
        <mac>
            <mac_min>C91A006B0CCD</mac_min>
            <mac_max>C91A006B0CD0</mac_max>
        </mac>
        <mac>
            <mac_min>C91A006B0CD2</mac_min>
            <mac_max>C91A006B0CD9</mac_max>
        </mac>
        <mac>
            <mac_min>C91A006B0CDC</mac_min>
            <mac_max>C91A006B0CE3</mac_max>
        </mac>
        <mac>
            <mac_min>C91A006B0D01</mac_min>
            <mac_max>C91A006B0D02</mac_max>
        </mac>
        <mac>
            <mac_min>C91A006B0D48</mac_min>
            <mac_max>C91A006B0D4A</mac_max>
        </mac>
        <mac>
            <mac_min>C91A006B0D4D</mac_min>
            <mac_max>C91A006B0D4F</mac_max>
        </mac>
        <mac>
            <mac_min>C91A006B0D51</mac_min>
            <mac_max>C91A006B0D52</mac_max>
        </mac>
        <mac>
            <mac_min>C91A006B0D54</mac_min>
            <mac_max>C91A006B0D55</mac_max>
        </mac>
        <mac>
            <mac_min>C91A006B0D57</mac_min>
            <mac_max>C91A006B0D5A</mac_max>
        </mac>
        <mac>
            <mac_min>C91A006B0D5E</mac_min>
            <mac_max>C91A006B0D62</mac_max>
        </mac>
        <mac>
            <mac_min>C91A006B0D66</mac_min>
            <mac_max>C91A006B0D68</mac_max>
        </mac>
        <mac>
            <mac_min>C91A006B0D6A</mac_min>
            <mac_max>C91A006B0D74</mac_max>
        </mac>
        <mac>
            <mac_min>C91A006B0D76</mac_min>
            <mac_max>C91A006B0D7A</mac_max>
        </mac>
        <mac>
            <mac_min>C91A006B0DB4</mac_min>
            <mac_max>C91A006B0DB5</mac_max>
        </mac>
        <mac>
            <mac_min>C91A006B0DB7</mac_min>
            <mac_max>C91A006B0DBA</mac_max>
        </mac>
        <mac>
            <mac_min>C91A006B0DBC</mac_min>
            <mac_max>C91A006B0DBD</mac_max>
        </mac>
        <mac>
            <mac_min>C91A006B0DBF</mac_min>
            <mac_max>C91A006B0DC0</mac_max>
        </mac>
        <mac>
            <mac_min>C91A006B0DD3</mac_min>
            <mac_max>C91A006B0DD4</mac_max>
        </mac>
        <mac>
            <mac_min>C91A006B0DD6</mac_min>
            <mac_max>C91A006B0DD7</mac_max>
        </mac>
        <mac>
            <mac_min>C91A006B0EAC</mac_min>
            <mac_max>C91A006B0EAD</mac_max>
        </mac>
        <mac>
            <mac_min>C91A006B0ED2</mac_min>
            <mac_max>C91A006B0ED3</mac_max>
        </mac>
        <mac>
            <mac_min>C91A006B0F11</mac_min>
            <mac_max>C91A006B0F16</mac_max>
        </mac>
        <mac>
            <mac_min>C91A006B0F1C</mac_min>
            <mac_max>C91A006B0F20</mac_max>
        </mac>
        <mac>
            <mac_min>C91A006B0F23</mac_min>
            <mac_max>C91A006B0F25</mac_max>
        </mac>
        <mac>
            <mac_min>C91A006B0F27</mac_min>
            <mac_max>C91A006B0F2B</mac_max>
        </mac>
        <mac>
            <mac_min>C91A006B0F37</mac_min>
            <mac_max>C91A006B0F39</mac_max>
        </mac>
        <mac>
            <mac_min>FDA5272928F2</mac_min>
            <mac_max>FDA5272928F4</mac_max>
        </mac>
        <mac>
            <mac_min>FDA527292900</mac_min>
            <mac_max>FDA527292904</mac_max>
        </mac>
        <mac>
            <mac_min>FDA527292906</mac_min>
            <mac_max>FDA527292908</mac_max>
        </mac>
        <mac>
            <mac_min>FDA52729290B</mac_min>
            <mac_max>FDA52729290F</mac_max>
        </mac>
        <mac>
            <mac_min>FDA527292915</mac_min>
            <mac_max>FDA52729291A</mac_max>
        </mac>
        <mac>
            <mac_min>FDA527292958</mac_min>
            <mac_max>FDA527292959</mac_max>
        </mac>
        <mac>
            <mac_min>FDA52729297E</mac_min>
            <mac_max>FDA52729297F</mac_max>
        </mac>
        <mac>
            <mac_min>FDA527292A54</mac_min>
            <mac_max>FDA527292A55</mac_max>
        </mac>
        <mac>
            <mac_min>FDA527292A57</mac_min>
            <mac_max>FDA527292A58</mac_max>
        </mac>
        <mac>
            <mac_min>FDA527292A6B</mac_min>
            <mac_max>FDA527292A6C</mac_max>
        </mac>
        <mac>
            <mac_min>FDA527292A6E</mac_min>
            <mac_max>FDA527292A6F</mac_max>
        </mac>
        <mac>
            <mac_min>FDA527292A71</mac_min>
            <mac_max>FDA527292A74</mac_max>
        </mac>
        <mac>
            <mac_min>FDA527292A76</mac_min>
            <mac_max>FDA527292A77</mac_max>
        </mac>
        <mac>
            <mac_min>FDA527292AB1</mac_min>
            <mac_max>FDA527292AB5</mac_max>
        </mac>
        <mac>
            <mac_min>FDA527292AB7</mac_min>
            <mac_max>FDA527292AC1</mac_max>
        </mac>
        <mac>
            <mac_min>FDA527292AC3</mac_min>
            <mac_max>FDA527292AC5</mac_max>
        </mac>
        <mac>
            <mac_min>FDA527292AC9</mac_min>
            <mac_max>FDA527292ACD</mac_max>
        </mac>
        <mac>
            <mac_min>FDA527292AD1</mac_min>
            <mac_max>FDA527292AD4</mac_max>
        </mac>
        <mac>
            <mac_min>FDA527292AD6</mac_min>
            <mac_max>FDA527292AD7</mac_max>
        </mac>
        <mac>
            <mac_min>FDA527292AD9</mac_min>
            <mac_max>FDA527292ADA</mac_max>
        </mac>
        <mac>
            <mac_min>FDA527292ADC</mac_min>
            <mac_max>FDA527292ADE</mac_max>
        </mac>
        <mac>
            <mac_min>FDA527292AE1</mac_min>
            <mac_max>FDA527292AE3</mac_max>
        </mac>
        <mac>
            <mac_min>FDA527292B29</mac_min>
            <mac_max>FDA527292B2A</mac_max>
        </mac>
        <mac>
            <mac_min>FDA527292B48</mac_min>
            <mac_max>FDA527292B4F</mac_max>
        </mac>
        <mac>
            <mac_min>FDA527292B52</mac_min>
            <mac_max>FDA527292B59</mac_max>
        </mac>
        <mac>
            <mac_min>FDA527292B5B</mac_min>
            <mac_max>FDA527292B5E</mac_max>
        </mac>
        <mac>
            <mac_min>FDA527292B6F</mac_min>
            <mac_max>FDA527292B74</mac_max>
        </mac>
        <mac>
            <mac_min>FDA527292B76</mac_min>
            <mac_max>FDA527292BA9</mac_max>
        </mac>
        <mac>
            <mac_min>FDA527292BAB</mac_min>
            <mac_max>FDA527292BAC</mac_max>
        </mac>
        <mac>
            <mac_min>FDA527292BAE</mac_min>
            <mac_max>FDA527292BB7</mac_max>
        </mac>
        <mac>
            <mac_min>FDA527292BB9</mac_min>
            <mac_max>FDA527292BBE</mac_max>
        </mac>
        <mac>
            <mac_min>FDA527292BC0</mac_min>
            <mac_max>FDA527292BD1</mac_max>
        </mac>
        <mac>
            <mac_min>FDA527292BD4</mac_min>
            <mac_max>FDA527292BE1</mac_max>
        </mac>
        <mac>
            <mac_min>FDA527292BE3</mac_min>
            <mac_max>FDA527292C04</mac_max>
        </mac>
        <mac>
            <mac_min>FDA527292C06</mac_min>
            <mac_max>FDA527292C12</mac_max>
        </mac>
        <mac>
            <mac_min>FDA527292C14</mac_min>
            <mac_max>FDA527292C17</mac_max>
        </mac>
        <mac>
            <mac_min>FDA527292C19</mac_min>
            <mac_max>FDA527292C1B</mac_max>
        </mac>
        <mac>
            <mac_min>FDA527292C1D</mac_min>
            <mac_max>FDA527292C21</mac_max>
        </mac>
        <mac>
            <mac_min>FDA527292C23</mac_min>
            <mac_max>FDA527292C2A</mac_max>
        </mac>
        <mac>
            <mac_min>FDA527292C2E</mac_min>
            <mac_max>FDA527292C31</mac_max>
        </mac>
        <mac>
            <mac_min>FDA527292C33</mac_min>
            <mac_max>FDA527292C34</mac_max>
        </mac>
        <mac>
            <mac_min>FDA527292C36</mac_min>
            <mac_max>FDA527292C39</mac_max>
        </mac>
        <mac>
            <mac_min>FDA527292C3B</mac_min>
            <mac_max>FDA527292C3D</mac_max>
        </mac>
        <mac>
            <mac_min>FDA527292C3F</mac_min>
            <mac_max>FDA527292C41</mac_max>
        </mac>
        <mac>
            <mac_min>FDA527292C6F</mac_min>
            <mac_max>FDA527292C70</mac_max>
        </mac>
    </mac_range>
    <mac_single>
        <mac>C91A006B0BC4</mac>
        <mac>C91A006B0BCE</mac>
        <mac>C91A006B0BD3</mac>
        <mac>C91A006B0BFF</mac>
        <mac>C91A006B0CBE</mac>
        <mac>C91A006B0CC1</mac>
        <mac>C91A006B0CC3</mac>
        <mac>C91A006B0CC5</mac>
        <mac>C91A006B0CC7</mac>
        <mac>C91A006B0CC9</mac>
        <mac>C91A006B0CE7</mac>
        <mac>C91A006B0CF9</mac>
        <mac>C91A006B0CFF</mac>
        <mac>C91A006B0D0A</mac>
        <mac>C91A006B0D0E</mac>
        <mac>C91A006B0D12</mac>
        <mac>C91A006B0D14</mac>
        <mac>C91A006B0D81</mac>
        <mac>C91A006B0D87</mac>
        <mac>C91A006B0D8F</mac>
        <mac>C91A006B0D97</mac>
        <mac>C91A006B0DB2</mac>
        <mac>C91A006B0DC3</mac>
        <mac>C91A006B0DC6</mac>
        <mac>C91A006B0DC9</mac>
        <mac>C91A006B0DCE</mac>
        <mac>C91A006B0DD1</mac>
        <mac>C91A006B0DD9</mac>
        <mac>C91A006B0DDC</mac>
        <mac>C91A006B0EB4</mac>
        <mac>C91A006B0EBC</mac>
        <mac>C91A006B0EC9</mac>
        <mac>C91A006B0F0C</mac>
        <mac>C91A006B0F0F</mac>
        <mac>C91A006B0F18</mac>
        <mac>C91A006B0F30</mac>
        <mac>C91A006B0F32</mac>
        <mac>C91A006B0F3B</mac>
        <mac>C91A006B0F98</mac>
        <mac>FDA527292893</mac>
        <mac>FDA5272928F0</mac>
        <mac>FDA5272928F9</mac>
        <mac>FDA5272928FB</mac>
        <mac>FDA527292913</mac>
        <mac>FDA52729291C</mac>
        <mac>FDA52729291F</mac>
        <mac>FDA527292962</mac>
        <mac>FDA52729296F</mac>
        <mac>FDA527292977</mac>
        <mac>FDA527292A4F</mac>
        <mac>FDA527292A52</mac>
        <mac>FDA527292A5A</mac>
        <mac>FDA527292A5D</mac>
        <mac>FDA527292A62</mac>
        <mac>FDA527292A65</mac>
        <mac>FDA527292A68</mac>
        <mac>FDA527292A79</mac>
        <mac>FDA527292A94</mac>
        <mac>FDA527292A9C</mac>
        <mac>FDA527292AA4</mac>
        <mac>FDA527292AAA</mac>
        <mac>FDA527292B17</mac>
        <mac>FDA527292B19</mac>
        <mac>FDA527292B1D</mac>
        <mac>FDA527292B21</mac>
        <mac>FDA527292B2C</mac>
        <mac>FDA527292B32</mac>
        <mac>FDA527292B44</mac>
        <mac>FDA527292B62</mac>
        <mac>FDA527292B64</mac>
        <mac>FDA527292B66</mac>
        <mac>FDA527292B68</mac>
        <mac>FDA527292B6A</mac>
        <mac>FDA527292B6D</mac>
        <mac>FDA527292C2C</mac>
        <mac>FDA527292C58</mac>
        <mac>FDA527292C5D</mac>
        <mac>FDA527292C67</mac>
    </mac_single>
    <mac_warn />
</build_mac>
