<?xml version="1.0" encoding="utf-8" ?>
<build_mac>
    <build_id>861500010010300006</build_id>
    <mac_range>
        <mac>
            <mac_min>C91A006A251E</mac_min>
            <mac_max>C91A006A251F</mac_max>
        </mac>
        <mac>
            <mac_min>C91A006A2580</mac_min>
            <mac_max>C91A006A2581</mac_max>
        </mac>
        <mac>
            <mac_min>C91A006A2584</mac_min>
            <mac_max>C91A006A2585</mac_max>
        </mac>
        <mac>
            <mac_min>C91A006A259C</mac_min>
            <mac_max>C91A006A259D</mac_max>
        </mac>
        <mac>
            <mac_min>C91A006A25A8</mac_min>
            <mac_max>C91A006A25A9</mac_max>
        </mac>
        <mac>
            <mac_min>C91A006A25B2</mac_min>
            <mac_max>C91A006A25BE</mac_max>
        </mac>
        <mac>
            <mac_min>C91A006A25C1</mac_min>
            <mac_max>C91A006A25CF</mac_max>
        </mac>
        <mac>
            <mac_min>C91A006A25D1</mac_min>
            <mac_max>C91A006A25E5</mac_max>
        </mac>
        <mac>
            <mac_min>C91A006A25E8</mac_min>
            <mac_max>C91A006A25EE</mac_max>
        </mac>
        <mac>
            <mac_min>C91A006A25F2</mac_min>
            <mac_max>C91A006A25F6</mac_max>
        </mac>
        <mac>
            <mac_min>C91A006A25F8</mac_min>
            <mac_max>C91A006A25FF</mac_max>
        </mac>
        <mac>
            <mac_min>C91A006A2602</mac_min>
            <mac_max>C91A006A2603</mac_max>
        </mac>
        <mac>
            <mac_min>C91A006A2605</mac_min>
            <mac_max>C91A006A2606</mac_max>
        </mac>
        <mac>
            <mac_min>C91A006A2609</mac_min>
            <mac_max>C91A006A260E</mac_max>
        </mac>
        <mac>
            <mac_min>C91A006A2610</mac_min>
            <mac_max>C91A006A2614</mac_max>
        </mac>
        <mac>
            <mac_min>C91A006A2616</mac_min>
            <mac_max>C91A006A2619</mac_max>
        </mac>
        <mac>
            <mac_min>C91A006A261D</mac_min>
            <mac_max>C91A006A2620</mac_max>
        </mac>
        <mac>
            <mac_min>C91A006A2622</mac_min>
            <mac_max>C91A006A2626</mac_max>
        </mac>
        <mac>
            <mac_min>C91A006A262A</mac_min>
            <mac_max>C91A006A262B</mac_max>
        </mac>
        <mac>
            <mac_min>C91A006A262D</mac_min>
            <mac_max>C91A006A2630</mac_max>
        </mac>
        <mac>
            <mac_min>C91A006A2632</mac_min>
            <mac_max>C91A006A2633</mac_max>
        </mac>
        <mac>
            <mac_min>C91A006A263F</mac_min>
            <mac_max>C91A006A2647</mac_max>
        </mac>
        <mac>
            <mac_min>C91A006A26AF</mac_min>
            <mac_max>C91A006A26B1</mac_max>
        </mac>
        <mac>
            <mac_min>C91A006A26B3</mac_min>
            <mac_max>C91A006A26B4</mac_max>
        </mac>
        <mac>
            <mac_min>C91A006A26B8</mac_min>
            <mac_max>C91A006A26BB</mac_max>
        </mac>
        <mac>
            <mac_min>C91A006A26BF</mac_min>
            <mac_max>C91A006A26C2</mac_max>
        </mac>
        <mac>
            <mac_min>C91A006A26C4</mac_min>
            <mac_max>C91A006A26C5</mac_max>
        </mac>
        <mac>
            <mac_min>C91A006A26C8</mac_min>
            <mac_max>C91A006A26C9</mac_max>
        </mac>
        <mac>
            <mac_min>C91A006A26CB</mac_min>
            <mac_max>C91A006A26CC</mac_max>
        </mac>
        <mac>
            <mac_min>C91A006A26CF</mac_min>
            <mac_max>C91A006A26D1</mac_max>
        </mac>
        <mac>
            <mac_min>C91A006A26D3</mac_min>
            <mac_max>C91A006A26D9</mac_max>
        </mac>
        <mac>
            <mac_min>C91A006A26DC</mac_min>
            <mac_max>C91A006A26DD</mac_max>
        </mac>
        <mac>
            <mac_min>FDA527288D6F</mac_min>
            <mac_max>FDA527288D70</mac_max>
        </mac>
        <mac>
            <mac_min>FDA527288D73</mac_min>
            <mac_max>FDA527288D79</mac_max>
        </mac>
        <mac>
            <mac_min>FDA527288D7B</mac_min>
            <mac_max>FDA527288D7D</mac_max>
        </mac>
        <mac>
            <mac_min>FDA527288D80</mac_min>
            <mac_max>FDA527288D81</mac_max>
        </mac>
        <mac>
            <mac_min>FDA527288D83</mac_min>
            <mac_max>FDA527288D84</mac_max>
        </mac>
        <mac>
            <mac_min>FDA527288D87</mac_min>
            <mac_max>FDA527288D88</mac_max>
        </mac>
        <mac>
            <mac_min>FDA527288D8A</mac_min>
            <mac_max>FDA527288D8D</mac_max>
        </mac>
        <mac>
            <mac_min>FDA527288D91</mac_min>
            <mac_max>FDA527288D94</mac_max>
        </mac>
        <mac>
            <mac_min>FDA527288D98</mac_min>
            <mac_max>FDA527288D99</mac_max>
        </mac>
        <mac>
            <mac_min>FDA527288D9B</mac_min>
            <mac_max>FDA527288D9D</mac_max>
        </mac>
        <mac>
            <mac_min>FDA527288E05</mac_min>
            <mac_max>FDA527288E0D</mac_max>
        </mac>
        <mac>
            <mac_min>FDA527288E19</mac_min>
            <mac_max>FDA527288E1A</mac_max>
        </mac>
        <mac>
            <mac_min>FDA527288E1C</mac_min>
            <mac_max>FDA527288E1F</mac_max>
        </mac>
        <mac>
            <mac_min>FDA527288E21</mac_min>
            <mac_max>FDA527288E22</mac_max>
        </mac>
        <mac>
            <mac_min>FDA527288E26</mac_min>
            <mac_max>FDA527288E2A</mac_max>
        </mac>
        <mac>
            <mac_min>FDA527288E2C</mac_min>
            <mac_max>FDA527288E2F</mac_max>
        </mac>
        <mac>
            <mac_min>FDA527288E33</mac_min>
            <mac_max>FDA527288E36</mac_max>
        </mac>
        <mac>
            <mac_min>FDA527288E38</mac_min>
            <mac_max>FDA527288E3C</mac_max>
        </mac>
        <mac>
            <mac_min>FDA527288E3E</mac_min>
            <mac_max>FDA527288E43</mac_max>
        </mac>
        <mac>
            <mac_min>FDA527288E46</mac_min>
            <mac_max>FDA527288E47</mac_max>
        </mac>
        <mac>
            <mac_min>FDA527288E49</mac_min>
            <mac_max>FDA527288E4A</mac_max>
        </mac>
        <mac>
            <mac_min>FDA527288E4D</mac_min>
            <mac_max>FDA527288E54</mac_max>
        </mac>
        <mac>
            <mac_min>FDA527288E56</mac_min>
            <mac_max>FDA527288E5A</mac_max>
        </mac>
        <mac>
            <mac_min>FDA527288E5E</mac_min>
            <mac_max>FDA527288E64</mac_max>
        </mac>
        <mac>
            <mac_min>FDA527288E67</mac_min>
            <mac_max>FDA527288E7B</mac_max>
        </mac>
        <mac>
            <mac_min>FDA527288E7D</mac_min>
            <mac_max>FDA527288E8B</mac_max>
        </mac>
        <mac>
            <mac_min>FDA527288E8E</mac_min>
            <mac_max>FDA527288E9A</mac_max>
        </mac>
        <mac>
            <mac_min>FDA527288EA3</mac_min>
            <mac_max>FDA527288EA4</mac_max>
        </mac>
        <mac>
            <mac_min>FDA527288EAF</mac_min>
            <mac_max>FDA527288EB0</mac_max>
        </mac>
        <mac>
            <mac_min>FDA527288EC7</mac_min>
            <mac_max>FDA527288EC8</mac_max>
        </mac>
        <mac>
            <mac_min>FDA527288ECB</mac_min>
            <mac_max>FDA527288ECC</mac_max>
        </mac>
        <mac>
            <mac_min>FDA527288F2D</mac_min>
            <mac_max>FDA527288F2E</mac_max>
        </mac>
    </mac_range>
    <mac_single>
        <mac>C91A006A2521</mac>
        <mac>C91A006A2523</mac>
        <mac>C91A006A2525</mac>
        <mac>C91A006A2529</mac>
        <mac>C91A006A252D</mac>
        <mac>C91A006A2532</mac>
        <mac>C91A006A2534</mac>
        <mac>C91A006A2536</mac>
        <mac>C91A006A253D</mac>
        <mac>C91A006A2554</mac>
        <mac>C91A006A257B</mac>
        <mac>C91A006A2587</mac>
        <mac>C91A006A2589</mac>
        <mac>C91A006A258C</mac>
        <mac>C91A006A2599</mac>
        <mac>C91A006A259F</mac>
        <mac>C91A006A25A5</mac>
        <mac>C91A006A25F0</mac>
        <mac>C91A006A261B</mac>
        <mac>C91A006A2636</mac>
        <mac>C91A006A2638</mac>
        <mac>C91A006A263A</mac>
        <mac>C91A006A263D</mac>
        <mac>C91A006A268A</mac>
        <mac>C91A006A2698</mac>
        <mac>C91A006A26A0</mac>
        <mac>C91A006A26AC</mac>
        <mac>C91A006A26E9</mac>
        <mac>FDA527288D63</mac>
        <mac>FDA527288DA0</mac>
        <mac>FDA527288DAC</mac>
        <mac>FDA527288DB4</mac>
        <mac>FDA527288DC2</mac>
        <mac>FDA527288E0F</mac>
        <mac>FDA527288E12</mac>
        <mac>FDA527288E14</mac>
        <mac>FDA527288E16</mac>
        <mac>FDA527288E31</mac>
        <mac>FDA527288E5C</mac>
        <mac>FDA527288EA7</mac>
        <mac>FDA527288EAD</mac>
        <mac>FDA527288EB3</mac>
        <mac>FDA527288EC0</mac>
        <mac>FDA527288EC3</mac>
        <mac>FDA527288EC5</mac>
        <mac>FDA527288ED1</mac>
        <mac>FDA527288EF8</mac>
        <mac>FDA527288F0F</mac>
        <mac>FDA527288F16</mac>
        <mac>FDA527288F18</mac>
        <mac>FDA527288F1A</mac>
        <mac>FDA527288F1F</mac>
        <mac>FDA527288F23</mac>
        <mac>FDA527288F27</mac>
        <mac>FDA527288F29</mac>
        <mac>FDA527288F2B</mac>
    </mac_single>
    <mac_warn />
</build_mac>
