<?xml version="1.0" encoding="utf-8" ?>
<build_mac>
    <build_id>861500030010300003</build_id>
    <mac_range>
        <mac>
            <mac_min>C91A0072129C</mac_min>
            <mac_max>C91A0072129D</mac_max>
        </mac>
        <mac>
            <mac_min>C91A007212A2</mac_min>
            <mac_max>C91A007212A4</mac_max>
        </mac>
        <mac>
            <mac_min>C91A007212BB</mac_min>
            <mac_max>C91A007212BC</mac_max>
        </mac>
        <mac>
            <mac_min>C91A007212BE</mac_min>
            <mac_max>C91A007212BF</mac_max>
        </mac>
        <mac>
            <mac_min>C91A0072138F</mac_min>
            <mac_max>C91A00721390</mac_max>
        </mac>
        <mac>
            <mac_min>C91A00721392</mac_min>
            <mac_max>C91A00721393</mac_max>
        </mac>
        <mac>
            <mac_min>C91A007213A5</mac_min>
            <mac_max>C91A007213A7</mac_max>
        </mac>
        <mac>
            <mac_min>C91A007213BC</mac_min>
            <mac_max>C91A007213BD</mac_max>
        </mac>
        <mac>
            <mac_min>C91A007213BF</mac_min>
            <mac_max>C91A007213C1</mac_max>
        </mac>
        <mac>
            <mac_min>C91A007213E2</mac_min>
            <mac_max>C91A007213E7</mac_max>
        </mac>
        <mac>
            <mac_min>C91A007213EA</mac_min>
            <mac_max>C91A007213EB</mac_max>
        </mac>
        <mac>
            <mac_min>C91A007274CC</mac_min>
            <mac_max>C91A007274CE</mac_max>
        </mac>
        <mac>
            <mac_min>C91A007274D1</mac_min>
            <mac_max>C91A007274D2</mac_max>
        </mac>
        <mac>
            <mac_min>C91A007274D4</mac_min>
            <mac_max>C91A007274D7</mac_max>
        </mac>
        <mac>
            <mac_min>C91A007274DE</mac_min>
            <mac_max>C91A007274DF</mac_max>
        </mac>
        <mac>
            <mac_min>C91A007274E5</mac_min>
            <mac_max>C91A007274E7</mac_max>
        </mac>
        <mac>
            <mac_min>C91A007274EE</mac_min>
            <mac_max>C91A007274F0</mac_max>
        </mac>
        <mac>
            <mac_min>C91A007274FB</mac_min>
            <mac_max>C91A007274FC</mac_max>
        </mac>
        <mac>
            <mac_min>FDA5272F30A5</mac_min>
            <mac_max>FDA5272F30A6</mac_max>
        </mac>
        <mac>
            <mac_min>FDA5272F30AB</mac_min>
            <mac_max>FDA5272F30AD</mac_max>
        </mac>
        <mac>
            <mac_min>FDA5272F30C4</mac_min>
            <mac_max>FDA5272F30C5</mac_max>
        </mac>
        <mac>
            <mac_min>FDA5272F30C7</mac_min>
            <mac_max>FDA5272F30C8</mac_max>
        </mac>
        <mac>
            <mac_min>FDA5272FB1AA</mac_min>
            <mac_max>FDA5272FB1AB</mac_max>
        </mac>
        <mac>
            <mac_min>FDA5272FB1AD</mac_min>
            <mac_max>FDA5272FB1AE</mac_max>
        </mac>
        <mac>
            <mac_min>FDA5272FB1C0</mac_min>
            <mac_max>FDA5272FB1C2</mac_max>
        </mac>
        <mac>
            <mac_min>FDA5272FB1D7</mac_min>
            <mac_max>FDA5272FB1D8</mac_max>
        </mac>
        <mac>
            <mac_min>FDA5272FB1DA</mac_min>
            <mac_max>FDA5272FB1DC</mac_max>
        </mac>
        <mac>
            <mac_min>FDA5272FB1FD</mac_min>
            <mac_max>FDA5272FB202</mac_max>
        </mac>
        <mac>
            <mac_min>FDA5272FB205</mac_min>
            <mac_max>FDA5272FB206</mac_max>
        </mac>
        <mac>
            <mac_min>FDA52730C54A</mac_min>
            <mac_max>FDA52730C54C</mac_max>
        </mac>
        <mac>
            <mac_min>FDA52730C54F</mac_min>
            <mac_max>FDA52730C550</mac_max>
        </mac>
        <mac>
            <mac_min>FDA52730C552</mac_min>
            <mac_max>FDA52730C555</mac_max>
        </mac>
        <mac>
            <mac_min>FDA52730C55C</mac_min>
            <mac_max>FDA52730C55D</mac_max>
        </mac>
        <mac>
            <mac_min>FDA52730C563</mac_min>
            <mac_max>FDA52730C565</mac_max>
        </mac>
        <mac>
            <mac_min>FDA52730C56C</mac_min>
            <mac_max>FDA52730C56E</mac_max>
        </mac>
        <mac>
            <mac_min>FDA52730C579</mac_min>
            <mac_max>FDA52730C57A</mac_max>
        </mac>
    </mac_range>
    <mac_single>
        <mac>C91A00721293</mac>
        <mac>C91A00721295</mac>
        <mac>C91A00721297</mac>
        <mac>C91A0072129A</mac>
        <mac>C91A0072129F</mac>
        <mac>C91A007212B2</mac>
        <mac>C91A007212B5</mac>
        <mac>C91A007212B7</mac>
        <mac>C91A007212B9</mac>
        <mac>C91A00721388</mac>
        <mac>C91A0072138C</mac>
        <mac>C91A00721396</mac>
        <mac>C91A00721398</mac>
        <mac>C91A0072139A</mac>
        <mac>C91A007213A1</mac>
        <mac>C91A007213AF</mac>
        <mac>C91A007213B8</mac>
        <mac>C91A007213BA</mac>
        <mac>C91A007213C3</mac>
        <mac>C91A007213C5</mac>
        <mac>C91A007213CA</mac>
        <mac>C91A007213D0</mac>
        <mac>C91A007213D2</mac>
        <mac>C91A007213D5</mac>
        <mac>C91A007213D8</mac>
        <mac>C91A007213DA</mac>
        <mac>C91A007213DE</mac>
        <mac>C91A007213E0</mac>
        <mac>C91A007274DA</mac>
        <mac>C91A007274E3</mac>
        <mac>C91A007274EB</mac>
        <mac>C91A007274F2</mac>
        <mac>C91A007274F4</mac>
        <mac>C91A007274F6</mac>
        <mac>C91A007274F9</mac>
        <mac>FDA5272F309C</mac>
        <mac>FDA5272F309E</mac>
        <mac>FDA5272F30A0</mac>
        <mac>FDA5272F30A3</mac>
        <mac>FDA5272F30A8</mac>
        <mac>FDA5272F30BB</mac>
        <mac>FDA5272F30BE</mac>
        <mac>FDA5272F30C0</mac>
        <mac>FDA5272F30C2</mac>
        <mac>FDA5272FB1A3</mac>
        <mac>FDA5272FB1A7</mac>
        <mac>FDA5272FB1B1</mac>
        <mac>FDA5272FB1B3</mac>
        <mac>FDA5272FB1B5</mac>
        <mac>FDA5272FB1BC</mac>
        <mac>FDA5272FB1CA</mac>
        <mac>FDA5272FB1D3</mac>
        <mac>FDA5272FB1D5</mac>
        <mac>FDA5272FB1DE</mac>
        <mac>FDA5272FB1E0</mac>
        <mac>FDA5272FB1E5</mac>
        <mac>FDA5272FB1EB</mac>
        <mac>FDA5272FB1ED</mac>
        <mac>FDA5272FB1F0</mac>
        <mac>FDA5272FB1F3</mac>
        <mac>FDA5272FB1F5</mac>
        <mac>FDA5272FB1F9</mac>
        <mac>FDA5272FB1FB</mac>
        <mac>FDA52730C558</mac>
        <mac>FDA52730C561</mac>
        <mac>FDA52730C569</mac>
        <mac>FDA52730C570</mac>
        <mac>FDA52730C572</mac>
        <mac>FDA52730C574</mac>
        <mac>FDA52730C577</mac>
    </mac_single>
    <mac_warn />
</build_mac>
