<?xml version="1.0" encoding="utf-8" ?>
<build_mac>
    <build_id>861500030010300004</build_id>
    <mac_range>
        <mac>
            <mac_min>C91A006F1968</mac_min>
            <mac_max>C91A006F1969</mac_max>
        </mac>
        <mac>
            <mac_min>C91A006F1970</mac_min>
            <mac_max>C91A006F1974</mac_max>
        </mac>
        <mac>
            <mac_min>C91A006F1978</mac_min>
            <mac_max>C91A006F1979</mac_max>
        </mac>
        <mac>
            <mac_min>C91A006F197B</mac_min>
            <mac_max>C91A006F197D</mac_max>
        </mac>
        <mac>
            <mac_min>C91A006F1982</mac_min>
            <mac_max>C91A006F1986</mac_max>
        </mac>
        <mac>
            <mac_min>C91A006F198B</mac_min>
            <mac_max>C91A006F198D</mac_max>
        </mac>
        <mac>
            <mac_min>C91A006F198F</mac_min>
            <mac_max>C91A006F1991</mac_max>
        </mac>
        <mac>
            <mac_min>C91A00721389</mac_min>
            <mac_max>C91A0072138B</mac_max>
        </mac>
        <mac>
            <mac_min>C91A0072138D</mac_min>
            <mac_max>C91A0072138E</mac_max>
        </mac>
        <mac>
            <mac_min>C91A00721394</mac_min>
            <mac_max>C91A00721395</mac_max>
        </mac>
        <mac>
            <mac_min>C91A0072139B</mac_min>
            <mac_max>C91A007213A0</mac_max>
        </mac>
        <mac>
            <mac_min>C91A007213A2</mac_min>
            <mac_max>C91A007213A4</mac_max>
        </mac>
        <mac>
            <mac_min>C91A007213A8</mac_min>
            <mac_max>C91A007213AE</mac_max>
        </mac>
        <mac>
            <mac_min>C91A007213B0</mac_min>
            <mac_max>C91A007213B7</mac_max>
        </mac>
        <mac>
            <mac_min>C91A007213D6</mac_min>
            <mac_max>C91A007213D7</mac_max>
        </mac>
        <mac>
            <mac_min>C91A007213DB</mac_min>
            <mac_max>C91A007213DC</mac_max>
        </mac>
        <mac>
            <mac_min>FDA5272BB91C</mac_min>
            <mac_max>FDA5272BB91D</mac_max>
        </mac>
        <mac>
            <mac_min>FDA5272BB924</mac_min>
            <mac_max>FDA5272BB928</mac_max>
        </mac>
        <mac>
            <mac_min>FDA5272BB92C</mac_min>
            <mac_max>FDA5272BB92D</mac_max>
        </mac>
        <mac>
            <mac_min>FDA5272BB92F</mac_min>
            <mac_max>FDA5272BB931</mac_max>
        </mac>
        <mac>
            <mac_min>FDA5272BB936</mac_min>
            <mac_max>FDA5272BB93A</mac_max>
        </mac>
        <mac>
            <mac_min>FDA5272BB93F</mac_min>
            <mac_max>FDA5272BB941</mac_max>
        </mac>
        <mac>
            <mac_min>FDA5272BB943</mac_min>
            <mac_max>FDA5272BB945</mac_max>
        </mac>
        <mac>
            <mac_min>FDA5272FB1A4</mac_min>
            <mac_max>FDA5272FB1A6</mac_max>
        </mac>
        <mac>
            <mac_min>FDA5272FB1A8</mac_min>
            <mac_max>FDA5272FB1A9</mac_max>
        </mac>
        <mac>
            <mac_min>FDA5272FB1AF</mac_min>
            <mac_max>FDA5272FB1B0</mac_max>
        </mac>
        <mac>
            <mac_min>FDA5272FB1B6</mac_min>
            <mac_max>FDA5272FB1BB</mac_max>
        </mac>
        <mac>
            <mac_min>FDA5272FB1BD</mac_min>
            <mac_max>FDA5272FB1BF</mac_max>
        </mac>
        <mac>
            <mac_min>FDA5272FB1C3</mac_min>
            <mac_max>FDA5272FB1C9</mac_max>
        </mac>
        <mac>
            <mac_min>FDA5272FB1CB</mac_min>
            <mac_max>FDA5272FB1D2</mac_max>
        </mac>
        <mac>
            <mac_min>FDA5272FB1F1</mac_min>
            <mac_max>FDA5272FB1F2</mac_max>
        </mac>
        <mac>
            <mac_min>FDA5272FB1F6</mac_min>
            <mac_max>FDA5272FB1F7</mac_max>
        </mac>
    </mac_range>
    <mac_single>
        <mac>C91A006E2DA8</mac>
        <mac>C91A006E2DAE</mac>
        <mac>C91A006E2DB5</mac>
        <mac>C91A006E2DC6</mac>
        <mac>C91A006E2DDA</mac>
        <mac>C91A006E2DE0</mac>
        <mac>C91A006F1964</mac>
        <mac>C91A006F196E</mac>
        <mac>C91A006F1976</mac>
        <mac>C91A006F1988</mac>
        <mac>C91A006F1994</mac>
        <mac>C91A006F1A7D</mac>
        <mac>C91A006F57EF</mac>
        <mac>C91A006F580B</mac>
        <mac>C91A0072126D</mac>
        <mac>C91A00721279</mac>
        <mac>C91A00721391</mac>
        <mac>C91A00721397</mac>
        <mac>C91A00721399</mac>
        <mac>C91A007213B9</mac>
        <mac>C91A007213CB</mac>
        <mac>C91A007213D3</mac>
        <mac>C91A007213D9</mac>
        <mac>C91A007213E9</mac>
        <mac>ECB330720137</mac>
        <mac>ECB330720153</mac>
        <mac>FDA5272B55B7</mac>
        <mac>FDA5272B55BD</mac>
        <mac>FDA5272B55C4</mac>
        <mac>FDA5272B55D5</mac>
        <mac>FDA5272B55E9</mac>
        <mac>FDA5272B55EF</mac>
        <mac>FDA5272BB918</mac>
        <mac>FDA5272BB922</mac>
        <mac>FDA5272BB92A</mac>
        <mac>FDA5272BB93C</mac>
        <mac>FDA5272BB948</mac>
        <mac>FDA5272BBA31</mac>
        <mac>FDA5272C7D7A</mac>
        <mac>FDA5272C7D96</mac>
        <mac>FDA5272F3076</mac>
        <mac>FDA5272F3082</mac>
        <mac>FDA5272FB1AC</mac>
        <mac>FDA5272FB1B2</mac>
        <mac>FDA5272FB1B4</mac>
        <mac>FDA5272FB1D4</mac>
        <mac>FDA5272FB1E6</mac>
        <mac>FDA5272FB1EE</mac>
        <mac>FDA5272FB1F4</mac>
        <mac>FDA5272FB204</mac>
    </mac_single>
    <mac_warn />
</build_mac>
