<?xml version="1.0" encoding="utf-8" ?>
<build_mac>
    <build_id>861500010030300001</build_id>
    <mac_range>
        <mac>
            <mac_min>C91A006D200E</mac_min>
            <mac_max>C91A006D2010</mac_max>
        </mac>
        <mac>
            <mac_min>C91A006D2017</mac_min>
            <mac_max>C91A006D2018</mac_max>
        </mac>
        <mac>
            <mac_min>C91A006D201D</mac_min>
            <mac_max>C91A006D2028</mac_max>
        </mac>
        <mac>
            <mac_min>C91A006D202A</mac_min>
            <mac_max>C91A006D202E</mac_max>
        </mac>
        <mac>
            <mac_min>C91A006D2030</mac_min>
            <mac_max>C91A006D2032</mac_max>
        </mac>
        <mac>
            <mac_min>C91A006D2035</mac_min>
            <mac_max>C91A006D2039</mac_max>
        </mac>
        <mac>
            <mac_min>C91A006D203D</mac_min>
            <mac_max>C91A006D2041</mac_max>
        </mac>
        <mac>
            <mac_min>C91A006D2043</mac_min>
            <mac_max>C91A006D2052</mac_max>
        </mac>
        <mac>
            <mac_min>C91A006D2054</mac_min>
            <mac_max>C91A006D2059</mac_max>
        </mac>
        <mac>
            <mac_min>C91A006D205B</mac_min>
            <mac_max>C91A006D205C</mac_max>
        </mac>
        <mac>
            <mac_min>C91A006D205E</mac_min>
            <mac_max>C91A006D206B</mac_max>
        </mac>
        <mac>
            <mac_min>C91A006D20C8</mac_min>
            <mac_max>C91A006D20CA</mac_max>
        </mac>
        <mac>
            <mac_min>C91A006D2102</mac_min>
            <mac_max>C91A006D2112</mac_max>
        </mac>
        <mac>
            <mac_min>C91A006D2114</mac_min>
            <mac_max>C91A006D211B</mac_max>
        </mac>
        <mac>
            <mac_min>C91A006D211D</mac_min>
            <mac_max>C91A006D212F</mac_max>
        </mac>
        <mac>
            <mac_min>C91A006D2131</mac_min>
            <mac_max>C91A006D2133</mac_max>
        </mac>
        <mac>
            <mac_min>FDA5272AE0E7</mac_min>
            <mac_max>FDA5272AE0E9</mac_max>
        </mac>
        <mac>
            <mac_min>FDA5272AE0F0</mac_min>
            <mac_max>FDA5272AE0F1</mac_max>
        </mac>
        <mac>
            <mac_min>FDA5272AE0F6</mac_min>
            <mac_max>FDA5272AE101</mac_max>
        </mac>
        <mac>
            <mac_min>FDA5272AE103</mac_min>
            <mac_max>FDA5272AE107</mac_max>
        </mac>
        <mac>
            <mac_min>FDA5272AE109</mac_min>
            <mac_max>FDA5272AE10B</mac_max>
        </mac>
        <mac>
            <mac_min>FDA5272AE10E</mac_min>
            <mac_max>FDA5272AE112</mac_max>
        </mac>
        <mac>
            <mac_min>FDA5272AE116</mac_min>
            <mac_max>FDA5272AE11A</mac_max>
        </mac>
        <mac>
            <mac_min>FDA5272AE11C</mac_min>
            <mac_max>FDA5272AE12B</mac_max>
        </mac>
        <mac>
            <mac_min>FDA5272AE12D</mac_min>
            <mac_max>FDA5272AE132</mac_max>
        </mac>
        <mac>
            <mac_min>FDA5272AE134</mac_min>
            <mac_max>FDA5272AE135</mac_max>
        </mac>
        <mac>
            <mac_min>FDA5272AE137</mac_min>
            <mac_max>FDA5272AE144</mac_max>
        </mac>
        <mac>
            <mac_min>FDA5272AE1A1</mac_min>
            <mac_max>FDA5272AE1A3</mac_max>
        </mac>
        <mac>
            <mac_min>FDA5272AE1DB</mac_min>
            <mac_max>FDA5272AE1EB</mac_max>
        </mac>
        <mac>
            <mac_min>FDA5272AE1ED</mac_min>
            <mac_max>FDA5272AE1F4</mac_max>
        </mac>
        <mac>
            <mac_min>FDA5272AE1F6</mac_min>
            <mac_max>FDA5272AE208</mac_max>
        </mac>
        <mac>
            <mac_min>FDA5272AE20A</mac_min>
            <mac_max>FDA5272AE20C</mac_max>
        </mac>
    </mac_range>
    <mac_single>
        <mac>C91A000A201D</mac>
        <mac>C91A000A20A3</mac>
        <mac>C91A006D2008</mac>
        <mac>C91A006D200A</mac>
        <mac>C91A006D200C</mac>
        <mac>C91A006D2014</mac>
        <mac>C91A006D203B</mac>
        <mac>C91A006D209F</mac>
        <mac>C91A006D20AD</mac>
        <mac>C91A006D20AF</mac>
        <mac>C91A006D20C2</mac>
        <mac>C91A006D20CC</mac>
        <mac>C91A006D2150</mac>
        <mac>FDA5272AE0E1</mac>
        <mac>FDA5272AE0E3</mac>
        <mac>FDA5272AE0E5</mac>
        <mac>FDA5272AE0ED</mac>
        <mac>FDA5272AE114</mac>
        <mac>FDA5272AE178</mac>
        <mac>FDA5272AE186</mac>
        <mac>FDA5272AE19B</mac>
        <mac>FDA5272AE1A5</mac>
        <mac>FDA5272AE229</mac>
    </mac_single>
    <mac_warn />
</build_mac>
