<?xml version="1.0" encoding="utf-8" ?>
<build_mac>
    <build_id>861500010020300004</build_id>
    <mac_range>
        <mac>
            <mac_min>C91A006A254F</mac_min>
            <mac_max>C91A006A2550</mac_max>
        </mac>
        <mac>
            <mac_min>C91A006A2558</mac_min>
            <mac_max>C91A006A255F</mac_max>
        </mac>
        <mac>
            <mac_min>C91A006A2569</mac_min>
            <mac_max>C91A006A256C</mac_max>
        </mac>
        <mac>
            <mac_min>C91A006A2572</mac_min>
            <mac_max>C91A006A2573</mac_max>
        </mac>
        <mac>
            <mac_min>C91A006A26E0</mac_min>
            <mac_max>C91A006A26E1</mac_max>
        </mac>
        <mac>
            <mac_min>C91A006A26E4</mac_min>
            <mac_max>C91A006A26E6</mac_max>
        </mac>
        <mac>
            <mac_min>C91A006A26EB</mac_min>
            <mac_max>C91A006A26F1</mac_max>
        </mac>
        <mac>
            <mac_min>C91A006A26FC</mac_min>
            <mac_max>C91A006A2703</mac_max>
        </mac>
        <mac>
            <mac_min>C91A006A2708</mac_min>
            <mac_max>C91A006A2709</mac_max>
        </mac>
        <mac>
            <mac_min>FDA527288D43</mac_min>
            <mac_max>FDA527288D44</mac_max>
        </mac>
        <mac>
            <mac_min>FDA527288D49</mac_min>
            <mac_max>FDA527288D50</mac_max>
        </mac>
        <mac>
            <mac_min>FDA527288D5B</mac_min>
            <mac_max>FDA527288D61</mac_max>
        </mac>
        <mac>
            <mac_min>FDA527288D66</mac_min>
            <mac_max>FDA527288D68</mac_max>
        </mac>
        <mac>
            <mac_min>FDA527288D6B</mac_min>
            <mac_max>FDA527288D6C</mac_max>
        </mac>
        <mac>
            <mac_min>FDA527288ED9</mac_min>
            <mac_max>FDA527288EDA</mac_max>
        </mac>
        <mac>
            <mac_min>FDA527288EE0</mac_min>
            <mac_max>FDA527288EE3</mac_max>
        </mac>
        <mac>
            <mac_min>FDA527288EED</mac_min>
            <mac_max>FDA527288EF4</mac_max>
        </mac>
        <mac>
            <mac_min>FDA527288EFC</mac_min>
            <mac_max>FDA527288EFD</mac_max>
        </mac>
    </mac_range>
    <mac_single>
        <mac>C91A006A253C</mac>
        <mac>C91A006A2553</mac>
        <mac>C91A006A2555</mac>
        <mac>C91A006A2561</mac>
        <mac>C91A006A256E</mac>
        <mac>C91A006A2578</mac>
        <mac>C91A006A257C</mac>
        <mac>C91A006A25D0</mac>
        <mac>C91A006A263B</mac>
        <mac>C91A006A26F9</mac>
        <mac>C91A006A2706</mac>
        <mac>C91A006A270F</mac>
        <mac>FDA527288D3D</mac>
        <mac>FDA527288D46</mac>
        <mac>FDA527288D53</mac>
        <mac>FDA527288E11</mac>
        <mac>FDA527288E7C</mac>
        <mac>FDA527288ED0</mac>
        <mac>FDA527288ED4</mac>
        <mac>FDA527288EDE</mac>
        <mac>FDA527288EEB</mac>
        <mac>FDA527288EF7</mac>
        <mac>FDA527288EF9</mac>
        <mac>FDA527288F10</mac>
    </mac_single>
    <mac_warn />
</build_mac>
