<?xml version="1.0" encoding="utf-8" ?>
<build_mac>
    <build_id>861500030020300001</build_id>
    <mac_range>
        <mac>
            <mac_min>C91A006B0BB8</mac_min>
            <mac_max>C91A006B0BBA</mac_max>
        </mac>
        <mac>
            <mac_min>C91A006B0BBD</mac_min>
            <mac_max>C91A006B0BC3</mac_max>
        </mac>
        <mac>
            <mac_min>C91A006B0BC5</mac_min>
            <mac_max>C91A006B0BCD</mac_max>
        </mac>
        <mac>
            <mac_min>C91A006B0BCF</mac_min>
            <mac_max>C91A006B0BD2</mac_max>
        </mac>
        <mac>
            <mac_min>C91A006B0BD4</mac_min>
            <mac_max>C91A006B0BE0</mac_max>
        </mac>
        <mac>
            <mac_min>C91A006B0BE2</mac_min>
            <mac_max>C91A006B0BE9</mac_max>
        </mac>
        <mac>
            <mac_min>C91A006B0CBF</mac_min>
            <mac_max>C91A006B0CC0</mac_max>
        </mac>
        <mac>
            <mac_min>C91A006B0CCA</mac_min>
            <mac_max>C91A006B0CCB</mac_max>
        </mac>
        <mac>
            <mac_min>C91A006B0CE4</mac_min>
            <mac_max>C91A006B0CE6</mac_max>
        </mac>
        <mac>
            <mac_min>C91A006B0CE8</mac_min>
            <mac_max>C91A006B0CF8</mac_max>
        </mac>
        <mac>
            <mac_min>C91A006B0CFA</mac_min>
            <mac_max>C91A006B0CFE</mac_max>
        </mac>
        <mac>
            <mac_min>C91A006B0D05</mac_min>
            <mac_max>C91A006B0D09</mac_max>
        </mac>
        <mac>
            <mac_min>C91A006B0D0B</mac_min>
            <mac_max>C91A006B0D0D</mac_max>
        </mac>
        <mac>
            <mac_min>C91A006B0D0F</mac_min>
            <mac_max>C91A006B0D11</mac_max>
        </mac>
        <mac>
            <mac_min>C91A006B0D15</mac_min>
            <mac_max>C91A006B0D18</mac_max>
        </mac>
        <mac>
            <mac_min>C91A006B0D1C</mac_min>
            <mac_max>C91A006B0D47</mac_max>
        </mac>
        <mac>
            <mac_min>C91A006B0D5C</mac_min>
            <mac_max>C91A006B0D5D</mac_max>
        </mac>
        <mac>
            <mac_min>C91A006B0D63</mac_min>
            <mac_max>C91A006B0D65</mac_max>
        </mac>
        <mac>
            <mac_min>C91A006B0D7B</mac_min>
            <mac_max>C91A006B0D80</mac_max>
        </mac>
        <mac>
            <mac_min>C91A006B0D82</mac_min>
            <mac_max>C91A006B0D86</mac_max>
        </mac>
        <mac>
            <mac_min>C91A006B0D88</mac_min>
            <mac_max>C91A006B0D8E</mac_max>
        </mac>
        <mac>
            <mac_min>C91A006B0D92</mac_min>
            <mac_max>C91A006B0D96</mac_max>
        </mac>
        <mac>
            <mac_min>C91A006B0D98</mac_min>
            <mac_max>C91A006B0DAB</mac_max>
        </mac>
        <mac>
            <mac_min>C91A006B4ACE</mac_min>
            <mac_max>C91A006B4B00</mac_max>
        </mac>
        <mac>
            <mac_min>C91A006B4B03</mac_min>
            <mac_max>C91A006B4B06</mac_max>
        </mac>
        <mac>
            <mac_min>C91A006B4B0A</mac_min>
            <mac_max>C91A006B4B0B</mac_max>
        </mac>
        <mac>
            <mac_min>C91A006B4B0D</mac_min>
            <mac_max>C91A006B4B0F</mac_max>
        </mac>
        <mac>
            <mac_min>C91A006B4B11</mac_min>
            <mac_max>C91A006B4B13</mac_max>
        </mac>
        <mac>
            <mac_min>C91A006B4B15</mac_min>
            <mac_max>C91A006B4B18</mac_max>
        </mac>
        <mac>
            <mac_min>C91A006B4B1A</mac_min>
            <mac_max>C91A006B4B1B</mac_max>
        </mac>
        <mac>
            <mac_min>C91A006B4B1D</mac_min>
            <mac_max>C91A006B4B1E</mac_max>
        </mac>
        <mac>
            <mac_min>C91A006B4B20</mac_min>
            <mac_max>C91A006B4B22</mac_max>
        </mac>
        <mac>
            <mac_min>C91A006B4B24</mac_min>
            <mac_max>C91A006B4B26</mac_max>
        </mac>
        <mac>
            <mac_min>C91A006B4B28</mac_min>
            <mac_max>C91A006B4B2A</mac_max>
        </mac>
        <mac>
            <mac_min>C91A006B4B2C</mac_min>
            <mac_max>C91A006B4B2F</mac_max>
        </mac>
        <mac>
            <mac_min>C91A006B4B68</mac_min>
            <mac_max>C91A006B4B69</mac_max>
        </mac>
        <mac>
            <mac_min>C91A006B4B6C</mac_min>
            <mac_max>C91A006B4B77</mac_max>
        </mac>
        <mac>
            <mac_min>C91A006B4B79</mac_min>
            <mac_max>C91A006B4B7A</mac_max>
        </mac>
        <mac>
            <mac_min>C91A006B4B7C</mac_min>
            <mac_max>C91A006B4B80</mac_max>
        </mac>
        <mac>
            <mac_min>C91A006B4B82</mac_min>
            <mac_max>C91A006B4B8A</mac_max>
        </mac>
        <mac>
            <mac_min>C91A006B4B8C</mac_min>
            <mac_max>C91A006B4B8F</mac_max>
        </mac>
        <mac>
            <mac_min>C91A006B4B94</mac_min>
            <mac_max>C91A006B4B95</mac_max>
        </mac>
        <mac>
            <mac_min>C91A006B4BCB</mac_min>
            <mac_max>C91A006B4BCC</mac_max>
        </mac>
        <mac>
            <mac_min>C91A006B4BCF</mac_min>
            <mac_max>C91A006B4BD0</mac_max>
        </mac>
        <mac>
            <mac_min>C91A006B4BD8</mac_min>
            <mac_max>C91A006B4BD9</mac_max>
        </mac>
        <mac>
            <mac_min>C91A006B4BDC</mac_min>
            <mac_max>C91A006B4BDD</mac_max>
        </mac>
        <mac>
            <mac_min>C91A006B4BE5</mac_min>
            <mac_max>C91A006B4BE9</mac_max>
        </mac>
        <mac>
            <mac_min>C91A006B4BF3</mac_min>
            <mac_max>C91A006B4BF6</mac_max>
        </mac>
        <mac>
            <mac_min>FDA527292A80</mac_min>
            <mac_max>FDA527292A93</mac_max>
        </mac>
        <mac>
            <mac_min>FDA527292A95</mac_min>
            <mac_max>FDA527292A99</mac_max>
        </mac>
        <mac>
            <mac_min>FDA527292A9D</mac_min>
            <mac_max>FDA527292AA3</mac_max>
        </mac>
        <mac>
            <mac_min>FDA527292AA5</mac_min>
            <mac_max>FDA527292AA9</mac_max>
        </mac>
        <mac>
            <mac_min>FDA527292AAB</mac_min>
            <mac_max>FDA527292AB0</mac_max>
        </mac>
        <mac>
            <mac_min>FDA527292AC6</mac_min>
            <mac_max>FDA527292AC8</mac_max>
        </mac>
        <mac>
            <mac_min>FDA527292ACE</mac_min>
            <mac_max>FDA527292ACF</mac_max>
        </mac>
        <mac>
            <mac_min>FDA527292AE4</mac_min>
            <mac_max>FDA527292B0F</mac_max>
        </mac>
        <mac>
            <mac_min>FDA527292B13</mac_min>
            <mac_max>FDA527292B16</mac_max>
        </mac>
        <mac>
            <mac_min>FDA527292B1A</mac_min>
            <mac_max>FDA527292B1C</mac_max>
        </mac>
        <mac>
            <mac_min>FDA527292B1E</mac_min>
            <mac_max>FDA527292B20</mac_max>
        </mac>
        <mac>
            <mac_min>FDA527292B22</mac_min>
            <mac_max>FDA527292B26</mac_max>
        </mac>
        <mac>
            <mac_min>FDA527292B2D</mac_min>
            <mac_max>FDA527292B31</mac_max>
        </mac>
        <mac>
            <mac_min>FDA527292B33</mac_min>
            <mac_max>FDA527292B43</mac_max>
        </mac>
        <mac>
            <mac_min>FDA527292B45</mac_min>
            <mac_max>FDA527292B47</mac_max>
        </mac>
        <mac>
            <mac_min>FDA527292B60</mac_min>
            <mac_max>FDA527292B61</mac_max>
        </mac>
        <mac>
            <mac_min>FDA527292B6B</mac_min>
            <mac_max>FDA527292B6C</mac_max>
        </mac>
        <mac>
            <mac_min>FDA527292C42</mac_min>
            <mac_max>FDA527292C49</mac_max>
        </mac>
        <mac>
            <mac_min>FDA527292C4B</mac_min>
            <mac_max>FDA527292C57</mac_max>
        </mac>
        <mac>
            <mac_min>FDA527292C59</mac_min>
            <mac_max>FDA527292C5C</mac_max>
        </mac>
        <mac>
            <mac_min>FDA527292C5E</mac_min>
            <mac_max>FDA527292C66</mac_max>
        </mac>
        <mac>
            <mac_min>FDA527292C68</mac_min>
            <mac_max>FDA527292C6E</mac_max>
        </mac>
        <mac>
            <mac_min>FDA527292C71</mac_min>
            <mac_max>FDA527292C73</mac_max>
        </mac>
        <mac>
            <mac_min>FDA527297AF7</mac_min>
            <mac_max>FDA527297AFA</mac_max>
        </mac>
        <mac>
            <mac_min>FDA527297B04</mac_min>
            <mac_max>FDA527297B08</mac_max>
        </mac>
        <mac>
            <mac_min>FDA527297B10</mac_min>
            <mac_max>FDA527297B11</mac_max>
        </mac>
        <mac>
            <mac_min>FDA527297B14</mac_min>
            <mac_max>FDA527297B15</mac_max>
        </mac>
        <mac>
            <mac_min>FDA527297B1D</mac_min>
            <mac_max>FDA527297B1E</mac_max>
        </mac>
        <mac>
            <mac_min>FDA527297B21</mac_min>
            <mac_max>FDA527297B22</mac_max>
        </mac>
        <mac>
            <mac_min>FDA527297B58</mac_min>
            <mac_max>FDA527297B59</mac_max>
        </mac>
        <mac>
            <mac_min>FDA527297B5E</mac_min>
            <mac_max>FDA527297B61</mac_max>
        </mac>
        <mac>
            <mac_min>FDA527297B63</mac_min>
            <mac_max>FDA527297B6B</mac_max>
        </mac>
        <mac>
            <mac_min>FDA527297B6D</mac_min>
            <mac_max>FDA527297B71</mac_max>
        </mac>
        <mac>
            <mac_min>FDA527297B73</mac_min>
            <mac_max>FDA527297B74</mac_max>
        </mac>
        <mac>
            <mac_min>FDA527297B76</mac_min>
            <mac_max>FDA527297B81</mac_max>
        </mac>
        <mac>
            <mac_min>FDA527297B84</mac_min>
            <mac_max>FDA527297B85</mac_max>
        </mac>
        <mac>
            <mac_min>FDA527297BBE</mac_min>
            <mac_max>FDA527297BC1</mac_max>
        </mac>
        <mac>
            <mac_min>FDA527297BC3</mac_min>
            <mac_max>FDA527297BC5</mac_max>
        </mac>
        <mac>
            <mac_min>FDA527297BC7</mac_min>
            <mac_max>FDA527297BC9</mac_max>
        </mac>
        <mac>
            <mac_min>FDA527297BCB</mac_min>
            <mac_max>FDA527297BCD</mac_max>
        </mac>
        <mac>
            <mac_min>FDA527297BCF</mac_min>
            <mac_max>FDA527297BD0</mac_max>
        </mac>
        <mac>
            <mac_min>FDA527297BD2</mac_min>
            <mac_max>FDA527297BD3</mac_max>
        </mac>
        <mac>
            <mac_min>FDA527297BD5</mac_min>
            <mac_max>FDA527297BD8</mac_max>
        </mac>
        <mac>
            <mac_min>FDA527297BDA</mac_min>
            <mac_max>FDA527297BDC</mac_max>
        </mac>
        <mac>
            <mac_min>FDA527297BDE</mac_min>
            <mac_max>FDA527297BE0</mac_max>
        </mac>
        <mac>
            <mac_min>FDA527297BE2</mac_min>
            <mac_max>FDA527297BE3</mac_max>
        </mac>
        <mac>
            <mac_min>FDA527297BE7</mac_min>
            <mac_max>FDA527297BEA</mac_max>
        </mac>
        <mac>
            <mac_min>FDA527297BED</mac_min>
            <mac_max>FDA527297C1F</mac_max>
        </mac>
    </mac_range>
    <mac_single>
        <mac>C91A000A0D19</mac>
        <mac>C91A006B0BED</mac>
        <mac>C91A006B0BF6</mac>
        <mac>C91A006B0BFE</mac>
        <mac>C91A006B0C09</mac>
        <mac>C91A006B0C18</mac>
        <mac>C91A006B0C59</mac>
        <mac>C91A006B0C73</mac>
        <mac>C91A006B0C81</mac>
        <mac>C91A006B0CC2</mac>
        <mac>C91A006B0CC4</mac>
        <mac>C91A006B0CC6</mac>
        <mac>C91A006B0CC8</mac>
        <mac>C91A006B0CD1</mac>
        <mac>C91A006B0CDB</mac>
        <mac>C91A006B0D00</mac>
        <mac>C91A006B0D03</mac>
        <mac>C91A006B0D13</mac>
        <mac>C91A006B0D1A</mac>
        <mac>C91A006B0D4B</mac>
        <mac>C91A006B0D50</mac>
        <mac>C91A006B0D69</mac>
        <mac>C91A006B0D90</mac>
        <mac>C91A006B4B08</mac>
        <mac>C91A006B4B58</mac>
        <mac>C91A006B4B64</mac>
        <mac>C91A006B4B66</mac>
        <mac>C91A006B4B92</mac>
        <mac>C91A006B4BD2</mac>
        <mac>C91A006B4BD4</mac>
        <mac>C91A006B4BE0</mac>
        <mac>C91A006B4BE3</mac>
        <mac>C91A006B4BEB</mac>
        <mac>C91A006B4BED</mac>
        <mac>C91A006B4BEF</mac>
        <mac>C91A006B4BF9</mac>
        <mac>FDA527292A9B</mac>
        <mac>FDA527292AC2</mac>
        <mac>FDA527292ADB</mac>
        <mac>FDA527292AE0</mac>
        <mac>FDA527292B11</mac>
        <mac>FDA527292B18</mac>
        <mac>FDA527292B28</mac>
        <mac>FDA527292B2B</mac>
        <mac>FDA527292B50</mac>
        <mac>FDA527292B5A</mac>
        <mac>FDA527292B63</mac>
        <mac>FDA527292B65</mac>
        <mac>FDA527292B67</mac>
        <mac>FDA527292B69</mac>
        <mac>FDA527292BAA</mac>
        <mac>FDA527292BB8</mac>
        <mac>FDA527292BD2</mac>
        <mac>FDA527292C13</mac>
        <mac>FDA527292C22</mac>
        <mac>FDA527292C2D</mac>
        <mac>FDA527292C35</mac>
        <mac>FDA527292C3E</mac>
        <mac>FDA527297AF4</mac>
        <mac>FDA527297AFE</mac>
        <mac>FDA527297B00</mac>
        <mac>FDA527297B02</mac>
        <mac>FDA527297B0A</mac>
        <mac>FDA527297B0D</mac>
        <mac>FDA527297B19</mac>
        <mac>FDA527297B1B</mac>
        <mac>FDA527297B5B</mac>
        <mac>FDA527297B87</mac>
        <mac>FDA527297B89</mac>
        <mac>FDA527297B95</mac>
        <mac>FDA527297BE5</mac>
    </mac_single>
    <mac_warn />
</build_mac>
