<?xml version="1.0" encoding="utf-8" ?>
<build_mac>
    <build_id>861500010010300010</build_id>
    <mac_range>
        <mac>
            <mac_min>C91A006A2648</mac_min>
            <mac_max>C91A006A264B</mac_max>
        </mac>
        <mac>
            <mac_min>C91A006A264E</mac_min>
            <mac_max>C91A006A2654</mac_max>
        </mac>
        <mac>
            <mac_min>C91A006A2656</mac_min>
            <mac_max>C91A006A265D</mac_max>
        </mac>
        <mac>
            <mac_min>C91A006A2660</mac_min>
            <mac_max>C91A006A2661</mac_max>
        </mac>
        <mac>
            <mac_min>C91A006A266F</mac_min>
            <mac_max>C91A006A2672</mac_max>
        </mac>
        <mac>
            <mac_min>C91A006A2674</mac_min>
            <mac_max>C91A006A2677</mac_max>
        </mac>
        <mac>
            <mac_min>C91A006A26DE</mac_min>
            <mac_max>C91A006A26DF</mac_max>
        </mac>
        <mac>
            <mac_min>C91A006A26F2</mac_min>
            <mac_max>C91A006A26F4</mac_max>
        </mac>
        <mac>
            <mac_min>FDA527288D58</mac_min>
            <mac_max>FDA527288D5A</mac_max>
        </mac>
        <mac>
            <mac_min>FDA527288D6D</mac_min>
            <mac_max>FDA527288D6E</mac_max>
        </mac>
        <mac>
            <mac_min>FDA527288DD5</mac_min>
            <mac_max>FDA527288DD8</mac_max>
        </mac>
        <mac>
            <mac_min>FDA527288DDA</mac_min>
            <mac_max>FDA527288DDD</mac_max>
        </mac>
        <mac>
            <mac_min>FDA527288DEB</mac_min>
            <mac_max>FDA527288DEC</mac_max>
        </mac>
        <mac>
            <mac_min>FDA527288DEF</mac_min>
            <mac_max>FDA527288DF6</mac_max>
        </mac>
        <mac>
            <mac_min>FDA527288DF8</mac_min>
            <mac_max>FDA527288DFE</mac_max>
        </mac>
        <mac>
            <mac_min>FDA527288E01</mac_min>
            <mac_max>FDA527288E04</mac_max>
        </mac>
    </mac_range>
    <mac_single>
        <mac>C91A006A2545</mac>
        <mac>C91A006A2664</mac>
        <mac>C91A006A2666</mac>
        <mac>C91A006A2669</mac>
        <mac>C91A006A266D</mac>
        <mac>C91A006A2679</mac>
        <mac>C91A006A26E2</mac>
        <mac>C91A006A26E7</mac>
        <mac>C91A006A2705</mac>
        <mac>C91A006A2707</mac>
        <mac>C91A006A270B</mac>
        <mac>FDA527288D41</mac>
        <mac>FDA527288D45</mac>
        <mac>FDA527288D47</mac>
        <mac>FDA527288D65</mac>
        <mac>FDA527288D6A</mac>
        <mac>FDA527288DD3</mac>
        <mac>FDA527288DDF</mac>
        <mac>FDA527288DE3</mac>
        <mac>FDA527288DE6</mac>
        <mac>FDA527288DE8</mac>
        <mac>FDA527288F07</mac>
    </mac_single>
    <mac_warn />
</build_mac>
