<?xml version="1.0" encoding="utf-8" ?>
<build_mac>
    <build_id>861500010040300002</build_id>
    <mac_range>
        <mac>
            <mac_min>C91A006A251C</mac_min>
            <mac_max>C91A006A251D</mac_max>
        </mac>
        <mac>
            <mac_min>C91A006A2526</mac_min>
            <mac_max>C91A006A2528</mac_max>
        </mac>
        <mac>
            <mac_min>C91A006A252E</mac_min>
            <mac_max>C91A006A2531</mac_max>
        </mac>
        <mac>
            <mac_min>C91A006A2538</mac_min>
            <mac_max>C91A006A2539</mac_max>
        </mac>
        <mac>
            <mac_min>C91A006A253E</mac_min>
            <mac_max>C91A006A253F</mac_max>
        </mac>
        <mac>
            <mac_min>C91A006A2543</mac_min>
            <mac_max>C91A006A2544</mac_max>
        </mac>
        <mac>
            <mac_min>C91A006A2546</mac_min>
            <mac_max>C91A006A2548</mac_max>
        </mac>
        <mac>
            <mac_min>C91A006A254A</mac_min>
            <mac_max>C91A006A254C</mac_max>
        </mac>
        <mac>
            <mac_min>C91A006A26F5</mac_min>
            <mac_max>C91A006A26F6</mac_max>
        </mac>
        <mac>
            <mac_min>C91A006A270D</mac_min>
            <mac_max>C91A006A270E</mac_max>
        </mac>
        <mac>
            <mac_min>FDA527288D3E</mac_min>
            <mac_max>FDA527288D3F</mac_max>
        </mac>
        <mac>
            <mac_min>FDA527288D56</mac_min>
            <mac_max>FDA527288D57</mac_max>
        </mac>
        <mac>
            <mac_min>FDA527288F00</mac_min>
            <mac_max>FDA527288F02</mac_max>
        </mac>
        <mac>
            <mac_min>FDA527288F04</mac_min>
            <mac_max>FDA527288F06</mac_max>
        </mac>
        <mac>
            <mac_min>FDA527288F08</mac_min>
            <mac_max>FDA527288F09</mac_max>
        </mac>
        <mac>
            <mac_min>FDA527288F0D</mac_min>
            <mac_max>FDA527288F0E</mac_max>
        </mac>
        <mac>
            <mac_min>FDA527288F13</mac_min>
            <mac_max>FDA527288F14</mac_max>
        </mac>
        <mac>
            <mac_min>FDA527288F1B</mac_min>
            <mac_max>FDA527288F1E</mac_max>
        </mac>
        <mac>
            <mac_min>FDA527288F24</mac_min>
            <mac_max>FDA527288F26</mac_max>
        </mac>
        <mac>
            <mac_min>FDA527288F2F</mac_min>
            <mac_max>FDA527288F30</mac_max>
        </mac>
    </mac_range>
    <mac_single>
        <mac>C91A006A252A</mac>
        <mac>C91A006A252C</mac>
        <mac>C91A006A2533</mac>
        <mac>C91A006A2535</mac>
        <mac>C91A006A253B</mac>
        <mac>C91A006A26E8</mac>
        <mac>C91A006A26EA</mac>
        <mac>C91A006A26F8</mac>
        <mac>C91A006A26FA</mac>
        <mac>C91A006A2704</mac>
        <mac>C91A006A270A</mac>
        <mac>FDA527288D42</mac>
        <mac>FDA527288D48</mac>
        <mac>FDA527288D52</mac>
        <mac>FDA527288D54</mac>
        <mac>FDA527288D62</mac>
        <mac>FDA527288D64</mac>
        <mac>FDA527288F11</mac>
        <mac>FDA527288F17</mac>
        <mac>FDA527288F19</mac>
        <mac>FDA527288F20</mac>
        <mac>FDA527288F22</mac>
    </mac_single>
    <mac_warn />
</build_mac>
