<?xml version="1.0" encoding="utf-8" ?>
<build_mac>
    <build_id>861600120010300001</build_id>
    <mac_range>
        <mac>
            <mac_min>C91A006F56B8</mac_min>
            <mac_max>C91A006F57E7</mac_max>
        </mac>
        <mac>
            <mac_min>C91A006F57E9</mac_min>
            <mac_max>C91A006F57ED</mac_max>
        </mac>
        <mac>
            <mac_min>C91A006F57F2</mac_min>
            <mac_max>C91A006F57FA</mac_max>
        </mac>
        <mac>
            <mac_min>C91A006F57FC</mac_min>
            <mac_max>C91A006F5801</mac_max>
        </mac>
        <mac>
            <mac_min>C91A006F5803</mac_min>
            <mac_max>C91A006F5809</mac_max>
        </mac>
        <mac>
            <mac_min>C91A006F580C</mac_min>
            <mac_max>C91A006F580F</mac_max>
        </mac>
        <mac>
            <mac_min>C91A006F5811</mac_min>
            <mac_max>C91A006F590F</mac_max>
        </mac>
        <mac>
            <mac_min>ECB330720000</mac_min>
            <mac_max>ECB33072012F</mac_max>
        </mac>
        <mac>
            <mac_min>ECB330720131</mac_min>
            <mac_max>ECB330720135</mac_max>
        </mac>
        <mac>
            <mac_min>ECB33072013A</mac_min>
            <mac_max>ECB330720142</mac_max>
        </mac>
        <mac>
            <mac_min>ECB330720144</mac_min>
            <mac_max>ECB330720149</mac_max>
        </mac>
        <mac>
            <mac_min>ECB33072014B</mac_min>
            <mac_max>ECB330720151</mac_max>
        </mac>
        <mac>
            <mac_min>ECB330720154</mac_min>
            <mac_max>ECB330720157</mac_max>
        </mac>
        <mac>
            <mac_min>ECB330720159</mac_min>
            <mac_max>ECB330720257</mac_max>
        </mac>
        <mac>
            <mac_min>FDA5272C7C43</mac_min>
            <mac_max>FDA5272C7D72</mac_max>
        </mac>
        <mac>
            <mac_min>FDA5272C7D74</mac_min>
            <mac_max>FDA5272C7D78</mac_max>
        </mac>
        <mac>
            <mac_min>FDA5272C7D7D</mac_min>
            <mac_max>FDA5272C7D85</mac_max>
        </mac>
        <mac>
            <mac_min>FDA5272C7D87</mac_min>
            <mac_max>FDA5272C7D8C</mac_max>
        </mac>
        <mac>
            <mac_min>FDA5272C7D8E</mac_min>
            <mac_max>FDA5272C7D94</mac_max>
        </mac>
        <mac>
            <mac_min>FDA5272C7D97</mac_min>
            <mac_max>FDA5272C7D9A</mac_max>
        </mac>
        <mac>
            <mac_min>FDA5272C7D9C</mac_min>
            <mac_max>FDA5272C7E9A</mac_max>
        </mac>
    </mac_range>
    <mac_single>
        <mac>C91A006F57F0</mac>
        <mac>ECB330720138</mac>
        <mac>FDA5272C7D7B</mac>
    </mac_single>
    <mac_warn />
</build_mac>
