<?xml version="1.0" encoding="utf-8" ?>
<build_mac>
    <build_id>861600120010100001</build_id>
    <mac_range>
        <mac>
            <mac_min>C91A0072733C</mac_min>
            <mac_max>C91A007273A2</mac_max>
        </mac>
        <mac>
            <mac_min>C91A007273B5</mac_min>
            <mac_max>C91A007273B8</mac_max>
        </mac>
        <mac>
            <mac_min>C91A007273BC</mac_min>
            <mac_max>C91A007273BF</mac_max>
        </mac>
        <mac>
            <mac_min>C91A007273C6</mac_min>
            <mac_max>C91A007273C7</mac_max>
        </mac>
        <mac>
            <mac_min>C91A007273C9</mac_min>
            <mac_max>C91A007273CA</mac_max>
        </mac>
        <mac>
            <mac_min>C91A007273CE</mac_min>
            <mac_max>C91A007273CF</mac_max>
        </mac>
        <mac>
            <mac_min>FDA52730C3BA</mac_min>
            <mac_max>FDA52730C420</mac_max>
        </mac>
        <mac>
            <mac_min>FDA52730C433</mac_min>
            <mac_max>FDA52730C436</mac_max>
        </mac>
        <mac>
            <mac_min>FDA52730C43A</mac_min>
            <mac_max>FDA52730C43D</mac_max>
        </mac>
        <mac>
            <mac_min>FDA52730C444</mac_min>
            <mac_max>FDA52730C445</mac_max>
        </mac>
        <mac>
            <mac_min>FDA52730C447</mac_min>
            <mac_max>FDA52730C448</mac_max>
        </mac>
        <mac>
            <mac_min>FDA52730C44C</mac_min>
            <mac_max>FDA52730C44D</mac_max>
        </mac>
    </mac_range>
    <mac_single>
        <mac>C91A007267B9</mac>
        <mac>C91A007273A6</mac>
        <mac>C91A007273A8</mac>
        <mac>C91A007273AA</mac>
        <mac>C91A007273AF</mac>
        <mac>C91A007273B1</mac>
        <mac>C91A007273B3</mac>
        <mac>C91A007273C1</mac>
        <mac>C91A007273C3</mac>
        <mac>C91A007273D1</mac>
        <mac>C91A00727405</mac>
        <mac>C91A00727410</mac>
        <mac>C91A00727424</mac>
        <mac>C91A00727426</mac>
        <mac>C91A0072742B</mac>
        <mac>C91A0072742D</mac>
        <mac>C91A00727435</mac>
        <mac>FDA52730B78F</mac>
        <mac>FDA52730C424</mac>
        <mac>FDA52730C426</mac>
        <mac>FDA52730C428</mac>
        <mac>FDA52730C42D</mac>
        <mac>FDA52730C42F</mac>
        <mac>FDA52730C431</mac>
        <mac>FDA52730C43F</mac>
        <mac>FDA52730C441</mac>
        <mac>FDA52730C44F</mac>
        <mac>FDA52730C483</mac>
        <mac>FDA52730C48E</mac>
        <mac>FDA52730C4A2</mac>
        <mac>FDA52730C4A4</mac>
        <mac>FDA52730C4A9</mac>
        <mac>FDA52730C4AB</mac>
        <mac>FDA52730C4B3</mac>
    </mac_single>
    <mac_warn />
</build_mac>
