<?xml version="1.0" encoding="utf-8" ?>
<build_mac>
    <build_id>861600020010300001</build_id>
    <mac_range>
        <mac>
            <mac_min>C91A006F1B58</mac_min>
            <mac_max>C91A006F1B89</mac_max>
        </mac>
        <mac>
            <mac_min>C91A006F1C20</mac_min>
            <mac_max>C91A006F1C21</mac_max>
        </mac>
        <mac>
            <mac_min>C91A006F1C2C</mac_min>
            <mac_max>C91A006F1C2D</mac_max>
        </mac>
        <mac>
            <mac_min>C91A006F1C48</mac_min>
            <mac_max>C91A006F1C4A</mac_max>
        </mac>
        <mac>
            <mac_min>C91A006F1C52</mac_min>
            <mac_max>C91A006F1C57</mac_max>
        </mac>
        <mac>
            <mac_min>C91A006F1C5B</mac_min>
            <mac_max>C91A006F1C6E</mac_max>
        </mac>
        <mac>
            <mac_min>C91A006F1C70</mac_min>
            <mac_max>C91A006F1C77</mac_max>
        </mac>
        <mac>
            <mac_min>C91A006F1C79</mac_min>
            <mac_max>C91A006F1C83</mac_max>
        </mac>
        <mac>
            <mac_min>FDA5272BBB0C</mac_min>
            <mac_max>FDA5272BBB3D</mac_max>
        </mac>
        <mac>
            <mac_min>FDA5272BBBD4</mac_min>
            <mac_max>FDA5272BBBD5</mac_max>
        </mac>
        <mac>
            <mac_min>FDA5272BBBE0</mac_min>
            <mac_max>FDA5272BBBE1</mac_max>
        </mac>
        <mac>
            <mac_min>FDA5272BBBFC</mac_min>
            <mac_max>FDA5272BBBFE</mac_max>
        </mac>
        <mac>
            <mac_min>FDA5272BBC06</mac_min>
            <mac_max>FDA5272BBC0B</mac_max>
        </mac>
        <mac>
            <mac_min>FDA5272BBC0F</mac_min>
            <mac_max>FDA5272BBC22</mac_max>
        </mac>
        <mac>
            <mac_min>FDA5272BBC24</mac_min>
            <mac_max>FDA5272BBC2B</mac_max>
        </mac>
        <mac>
            <mac_min>FDA5272BBC2D</mac_min>
            <mac_max>FDA5272BBC37</mac_max>
        </mac>
    </mac_range>
    <mac_single>
        <mac>C91A006F1C25</mac>
        <mac>C91A006F1C2F</mac>
        <mac>C91A006F1C32</mac>
        <mac>C91A006F1C35</mac>
        <mac>C91A006F1C3A</mac>
        <mac>C91A006F1C3D</mac>
        <mac>C91A006F1C44</mac>
        <mac>C91A006F1C50</mac>
        <mac>C91A006F1C59</mac>
        <mac>FDA5272BBBD9</mac>
        <mac>FDA5272BBBE3</mac>
        <mac>FDA5272BBBE6</mac>
        <mac>FDA5272BBBE9</mac>
        <mac>FDA5272BBBEE</mac>
        <mac>FDA5272BBBF1</mac>
        <mac>FDA5272BBBF8</mac>
        <mac>FDA5272BBC04</mac>
        <mac>FDA5272BBC0D</mac>
    </mac_single>
    <mac_warn />
</build_mac>
