<?xml version="1.0" encoding="utf-8" ?>
<build_mac>
    <build_id>861600010030300002</build_id>
    <mac_range>
        <mac>
            <mac_min>C91A0072125C</mac_min>
            <mac_max>C91A0072126C</mac_max>
        </mac>
        <mac>
            <mac_min>C91A0072126E</mac_min>
            <mac_max>C91A00721278</mac_max>
        </mac>
        <mac>
            <mac_min>C91A0072127A</mac_min>
            <mac_max>C91A0072128D</mac_max>
        </mac>
        <mac>
            <mac_min>C91A007212C0</mac_min>
            <mac_max>C91A00721387</mac_max>
        </mac>
        <mac>
            <mac_min>C91A007213C6</mac_min>
            <mac_max>C91A007213C9</mac_max>
        </mac>
        <mac>
            <mac_min>C91A007213CC</mac_min>
            <mac_max>C91A007213CF</mac_max>
        </mac>
        <mac>
            <mac_min>C91A007213EC</mac_min>
            <mac_max>C91A0072144F</mac_max>
        </mac>
        <mac>
            <mac_min>FDA5272F3065</mac_min>
            <mac_max>FDA5272F3075</mac_max>
        </mac>
        <mac>
            <mac_min>FDA5272F3077</mac_min>
            <mac_max>FDA5272F3081</mac_max>
        </mac>
        <mac>
            <mac_min>FDA5272F3083</mac_min>
            <mac_max>FDA5272F3096</mac_max>
        </mac>
        <mac>
            <mac_min>FDA5272F30C9</mac_min>
            <mac_max>FDA5272F3190</mac_max>
        </mac>
        <mac>
            <mac_min>FDA5272FB1E1</mac_min>
            <mac_max>FDA5272FB1E4</mac_max>
        </mac>
        <mac>
            <mac_min>FDA5272FB1E7</mac_min>
            <mac_max>FDA5272FB1EA</mac_max>
        </mac>
        <mac>
            <mac_min>FDA5272FB207</mac_min>
            <mac_max>FDA5272FB26A</mac_max>
        </mac>
    </mac_range>
    <mac_single>
        <mac>C91A007213BB</mac>
        <mac>C91A007213BE</mac>
        <mac>C91A007213C2</mac>
        <mac>C91A007213C4</mac>
        <mac>C91A007213D1</mac>
        <mac>C91A007213D4</mac>
        <mac>C91A007213DD</mac>
        <mac>C91A007213DF</mac>
        <mac>C91A007213E1</mac>
        <mac>C91A007213E8</mac>
        <mac>FDA5272FB1D6</mac>
        <mac>FDA5272FB1D9</mac>
        <mac>FDA5272FB1DD</mac>
        <mac>FDA5272FB1DF</mac>
        <mac>FDA5272FB1EC</mac>
        <mac>FDA5272FB1EF</mac>
        <mac>FDA5272FB1F8</mac>
        <mac>FDA5272FB1FA</mac>
        <mac>FDA5272FB1FC</mac>
        <mac>FDA5272FB203</mac>
    </mac_single>
    <mac_warn />
</build_mac>
