<?xml version="1.0" encoding="utf-8" ?>
<build_mac>
    <build_id>861700010050400003</build_id>
    <mac_range>
        <mac>
            <mac_min>C91A006C25E6</mac_min>
            <mac_max>C91A006C25E8</mac_max>
        </mac>
        <mac>
            <mac_min>C91A006C25F0</mac_min>
            <mac_max>C91A006C25F1</mac_max>
        </mac>
        <mac>
            <mac_min>C91A006C260D</mac_min>
            <mac_max>C91A006C260E</mac_max>
        </mac>
        <mac>
            <mac_min>FDA5272A8EC9</mac_min>
            <mac_max>FDA5272A8ECB</mac_max>
        </mac>
        <mac>
            <mac_min>FDA5272A8ED3</mac_min>
            <mac_max>FDA5272A8ED4</mac_max>
        </mac>
        <mac>
            <mac_min>FDA5272A8EF0</mac_min>
            <mac_max>FDA5272A8EF1</mac_max>
        </mac>
    </mac_range>
    <mac_single>
        <mac>C91A006C25EA</mac>
        <mac>C91A006C25ED</mac>
        <mac>C91A006C25F6</mac>
        <mac>C91A006C2600</mac>
        <mac>C91A006C2607</mac>
        <mac>C91A006C260A</mac>
        <mac>C91A006C2611</mac>
        <mac>FDA5272A8ECD</mac>
        <mac>FDA5272A8ED0</mac>
        <mac>FDA5272A8ED9</mac>
        <mac>FDA5272A8EE3</mac>
        <mac>FDA5272A8EEA</mac>
        <mac>FDA5272A8EED</mac>
        <mac>FDA5272A8EF4</mac>
    </mac_single>
    <mac_warn />
</build_mac>
