<?xml version="1.0" encoding="utf-8" ?>
<build_mac>
    <build_id>861700010050400002</build_id>
    <mac_range>
        <mac>
            <mac_min>C91A00621D51</mac_min>
            <mac_max>C91A00621D52</mac_max>
        </mac>
        <mac>
            <mac_min>C91A00621D54</mac_min>
            <mac_max>C91A00621D56</mac_max>
        </mac>
        <mac>
            <mac_min>C91A00621D5B</mac_min>
            <mac_max>C91A00621D5E</mac_max>
        </mac>
        <mac>
            <mac_min>C91A00621D60</mac_min>
            <mac_max>C91A00621D62</mac_max>
        </mac>
        <mac>
            <mac_min>C91A00621D69</mac_min>
            <mac_max>C91A00621D6B</mac_max>
        </mac>
        <mac>
            <mac_min>FDA52723B123</mac_min>
            <mac_max>FDA52723B125</mac_max>
        </mac>
        <mac>
            <mac_min>FDA52723B12C</mac_min>
            <mac_max>FDA52723B12E</mac_max>
        </mac>
        <mac>
            <mac_min>FDA52723B130</mac_min>
            <mac_max>FDA52723B133</mac_max>
        </mac>
        <mac>
            <mac_min>FDA52723B138</mac_min>
            <mac_max>FDA52723B13A</mac_max>
        </mac>
        <mac>
            <mac_min>FDA52723B13C</mac_min>
            <mac_max>FDA52723B13D</mac_max>
        </mac>
    </mac_range>
    <mac_single>
        <mac>C91A00621D4D</mac>
        <mac>C91A00621D59</mac>
        <mac>C91A00621D64</mac>
        <mac>C91A00621D67</mac>
        <mac>C91A00621D6D</mac>
        <mac>C91A00621D6F</mac>
        <mac>C91A00621D73</mac>
        <mac>C91A00621D75</mac>
        <mac>C91A00621D77</mac>
        <mac>C91A00621D79</mac>
        <mac>C91A00621D7D</mac>
        <mac>FDA52723B111</mac>
        <mac>FDA52723B115</mac>
        <mac>FDA52723B117</mac>
        <mac>FDA52723B119</mac>
        <mac>FDA52723B11B</mac>
        <mac>FDA52723B11F</mac>
        <mac>FDA52723B121</mac>
        <mac>FDA52723B127</mac>
        <mac>FDA52723B12A</mac>
        <mac>FDA52723B135</mac>
        <mac>FDA52723B141</mac>
    </mac_single>
    <mac_warn />
</build_mac>
