<?xml version="1.0" encoding="utf-8" ?>
<build_mac>
    <build_id>861700010020300002</build_id>
    <mac_range>
        <mac>
            <mac_min>C91A00610E91</mac_min>
            <mac_max>C91A00610E92</mac_max>
        </mac>
        <mac>
            <mac_min>C91A00610FD5</mac_min>
            <mac_max>C91A00610FDE</mac_max>
        </mac>
        <mac>
            <mac_min>C91A00610FE0</mac_min>
            <mac_max>C91A00610FE2</mac_max>
        </mac>
        <mac>
            <mac_min>C91A00610FE4</mac_min>
            <mac_max>C91A00610FE5</mac_max>
        </mac>
        <mac>
            <mac_min>C91A00610FE9</mac_min>
            <mac_max>C91A00610FEA</mac_max>
        </mac>
        <mac>
            <mac_min>C91A00610FEE</mac_min>
            <mac_max>C91A00610FF1</mac_max>
        </mac>
        <mac>
            <mac_min>C91A00610FF3</mac_min>
            <mac_max>C91A00610FF5</mac_max>
        </mac>
        <mac>
            <mac_min>C91A00610FFA</mac_min>
            <mac_max>C91A00610FFB</mac_max>
        </mac>
        <mac>
            <mac_min>C91A00610FFE</mac_min>
            <mac_max>C91A00611000</mac_max>
        </mac>
        <mac>
            <mac_min>C91A006112C0</mac_min>
            <mac_max>C91A006112C2</mac_max>
        </mac>
        <mac>
            <mac_min>C91A006112C4</mac_min>
            <mac_max>C91A006112C5</mac_max>
        </mac>
        <mac>
            <mac_min>C91A006112CC</mac_min>
            <mac_max>C91A006112CF</mac_max>
        </mac>
        <mac>
            <mac_min>C91A006112D1</mac_min>
            <mac_max>C91A006112D2</mac_max>
        </mac>
        <mac>
            <mac_min>C91A006112D6</mac_min>
            <mac_max>C91A006112D7</mac_max>
        </mac>
        <mac>
            <mac_min>C91A006112D9</mac_min>
            <mac_max>C91A006112DB</mac_max>
        </mac>
        <mac>
            <mac_min>C91A006112DD</mac_min>
            <mac_max>C91A006112E3</mac_max>
        </mac>
        <mac>
            <mac_min>C91A006112E7</mac_min>
            <mac_max>C91A006112E8</mac_max>
        </mac>
        <mac>
            <mac_min>C91A006112EA</mac_min>
            <mac_max>C91A006112EC</mac_max>
        </mac>
        <mac>
            <mac_min>FDA527229E15</mac_min>
            <mac_max>FDA527229E17</mac_max>
        </mac>
        <mac>
            <mac_min>FDA527229E19</mac_min>
            <mac_max>FDA527229E1A</mac_max>
        </mac>
        <mac>
            <mac_min>FDA527229E1E</mac_min>
            <mac_max>FDA527229E24</mac_max>
        </mac>
        <mac>
            <mac_min>FDA527229E26</mac_min>
            <mac_max>FDA527229E28</mac_max>
        </mac>
        <mac>
            <mac_min>FDA527229E2A</mac_min>
            <mac_max>FDA527229E2B</mac_max>
        </mac>
        <mac>
            <mac_min>FDA527229E2F</mac_min>
            <mac_max>FDA527229E30</mac_max>
        </mac>
        <mac>
            <mac_min>FDA527229E32</mac_min>
            <mac_max>FDA527229E35</mac_max>
        </mac>
        <mac>
            <mac_min>FDA527229E3C</mac_min>
            <mac_max>FDA527229E3D</mac_max>
        </mac>
        <mac>
            <mac_min>FDA527229E3F</mac_min>
            <mac_max>FDA527229E41</mac_max>
        </mac>
        <mac>
            <mac_min>FDA52722A101</mac_min>
            <mac_max>FDA52722A103</mac_max>
        </mac>
        <mac>
            <mac_min>FDA52722A106</mac_min>
            <mac_max>FDA52722A107</mac_max>
        </mac>
        <mac>
            <mac_min>FDA52722A10C</mac_min>
            <mac_max>FDA52722A10E</mac_max>
        </mac>
        <mac>
            <mac_min>FDA52722A110</mac_min>
            <mac_max>FDA52722A113</mac_max>
        </mac>
        <mac>
            <mac_min>FDA52722A117</mac_min>
            <mac_max>FDA52722A118</mac_max>
        </mac>
        <mac>
            <mac_min>FDA52722A11C</mac_min>
            <mac_max>FDA52722A11D</mac_max>
        </mac>
        <mac>
            <mac_min>FDA52722A11F</mac_min>
            <mac_max>FDA52722A121</mac_max>
        </mac>
        <mac>
            <mac_min>FDA52722A123</mac_min>
            <mac_max>FDA52722A12C</mac_max>
        </mac>
        <mac>
            <mac_min>FDA52722A26F</mac_min>
            <mac_max>FDA52722A270</mac_max>
        </mac>
    </mac_range>
    <mac_single>
        <mac>C91A006012E4</mac>
        <mac>C91A00610E76</mac>
        <mac>C91A00610E7D</mac>
        <mac>C91A00610E8F</mac>
        <mac>C91A00610E9B</mac>
        <mac>C91A00610FD2</mac>
        <mac>C91A00610FEC</mac>
        <mac>C91A00610FF7</mac>
        <mac>C91A00611003</mac>
        <mac>C91A006112C8</mac>
        <mac>C91A006112CA</mac>
        <mac>C91A006112D4</mac>
        <mac>C91A006112E5</mac>
        <mac>C91A006112EF</mac>
        <mac>FDA5271BE982</mac>
        <mac>FDA527229E12</mac>
        <mac>FDA527229E1C</mac>
        <mac>FDA527229E2D</mac>
        <mac>FDA527229E37</mac>
        <mac>FDA527229E39</mac>
        <mac>FDA52722A0FE</mac>
        <mac>FDA52722A10A</mac>
        <mac>FDA52722A115</mac>
        <mac>FDA52722A12F</mac>
        <mac>FDA52722A266</mac>
        <mac>FDA52722A272</mac>
        <mac>FDA52722A284</mac>
        <mac>FDA52722A28B</mac>
    </mac_single>
    <mac_warn />
</build_mac>
