<?xml version="1.0" encoding="utf-8" ?>
<build_mac>
    <build_id>861700010020300006</build_id>
    <mac_range>
        <mac>
            <mac_min>C91A006000FA</mac_min>
            <mac_max>C91A006000FC</mac_max>
        </mac>
        <mac>
            <mac_min>C91A006000FE</mac_min>
            <mac_max>C91A006000FF</mac_max>
        </mac>
        <mac>
            <mac_min>C91A00600102</mac_min>
            <mac_max>C91A00600106</mac_max>
        </mac>
        <mac>
            <mac_min>C91A00600108</mac_min>
            <mac_max>C91A0060010E</mac_max>
        </mac>
        <mac>
            <mac_min>C91A00600111</mac_min>
            <mac_max>C91A00600117</mac_max>
        </mac>
        <mac>
            <mac_min>C91A00600119</mac_min>
            <mac_max>C91A0060011D</mac_max>
        </mac>
        <mac>
            <mac_min>C91A00600120</mac_min>
            <mac_max>C91A00600126</mac_max>
        </mac>
        <mac>
            <mac_min>C91A00600128</mac_min>
            <mac_max>C91A0060012B</mac_max>
        </mac>
        <mac>
            <mac_min>C91A0060016A</mac_min>
            <mac_max>C91A0060016B</mac_max>
        </mac>
        <mac>
            <mac_min>C91A0060017B</mac_min>
            <mac_max>C91A0060017C</mac_max>
        </mac>
        <mac>
            <mac_min>C91A00600181</mac_min>
            <mac_max>C91A00600182</mac_max>
        </mac>
        <mac>
            <mac_min>C91A0060018A</mac_min>
            <mac_max>C91A0060018B</mac_max>
        </mac>
        <mac>
            <mac_min>C91A006001FD</mac_min>
            <mac_max>C91A006001FE</mac_max>
        </mac>
        <mac>
            <mac_min>C91A00600200</mac_min>
            <mac_max>C91A00600201</mac_max>
        </mac>
        <mac>
            <mac_min>C91A006E200A</mac_min>
            <mac_max>C91A006E200B</mac_max>
        </mac>
        <mac>
            <mac_min>C91A006E2011</mac_min>
            <mac_max>C91A006E2013</mac_max>
        </mac>
        <mac>
            <mac_min>C91A006E2015</mac_min>
            <mac_max>C91A006E201C</mac_max>
        </mac>
        <mac>
            <mac_min>C91A006E2027</mac_min>
            <mac_max>C91A006E2028</mac_max>
        </mac>
        <mac>
            <mac_min>C91A006E202C</mac_min>
            <mac_max>C91A006E202E</mac_max>
        </mac>
        <mac>
            <mac_min>C91A006E2031</mac_min>
            <mac_max>C91A006E2034</mac_max>
        </mac>
        <mac>
            <mac_min>C91A006E2036</mac_min>
            <mac_max>C91A006E2037</mac_max>
        </mac>
        <mac>
            <mac_min>C91A006E206C</mac_min>
            <mac_max>C91A006E2081</mac_max>
        </mac>
        <mac>
            <mac_min>C91A006E2083</mac_min>
            <mac_max>C91A006E209D</mac_max>
        </mac>
        <mac>
            <mac_min>C91A006E6596</mac_min>
            <mac_max>C91A006E6597</mac_max>
        </mac>
        <mac>
            <mac_min>C91A006E659E</mac_min>
            <mac_max>C91A006E659F</mac_max>
        </mac>
        <mac>
            <mac_min>C91A006E65A2</mac_min>
            <mac_max>C91A006E65A3</mac_max>
        </mac>
        <mac>
            <mac_min>C91A006E65AB</mac_min>
            <mac_max>C91A006E65AC</mac_max>
        </mac>
        <mac>
            <mac_min>C91A006E65B4</mac_min>
            <mac_max>C91A006E65B7</mac_max>
        </mac>
        <mac>
            <mac_min>C91A006E65BD</mac_min>
            <mac_max>C91A006E65BF</mac_max>
        </mac>
        <mac>
            <mac_min>C91A006E677D</mac_min>
            <mac_max>C91A006E677E</mac_max>
        </mac>
        <mac>
            <mac_min>C91A00712904</mac_min>
            <mac_max>C91A00712935</mac_max>
        </mac>
        <mac>
            <mac_min>C91A0071296A</mac_min>
            <mac_max>C91A0071296C</mac_max>
        </mac>
        <mac>
            <mac_min>C91A0071296E</mac_min>
            <mac_max>C91A00712972</mac_max>
        </mac>
        <mac>
            <mac_min>C91A00712978</mac_min>
            <mac_max>C91A00712979</mac_max>
        </mac>
        <mac>
            <mac_min>C91A0071297F</mac_min>
            <mac_max>C91A00712985</mac_max>
        </mac>
        <mac>
            <mac_min>C91A0071298A</mac_min>
            <mac_max>C91A0071298C</mac_max>
        </mac>
        <mac>
            <mac_min>C91A0071298E</mac_min>
            <mac_max>C91A00712991</mac_max>
        </mac>
        <mac>
            <mac_min>C91A00712996</mac_min>
            <mac_max>C91A00712997</mac_max>
        </mac>
        <mac>
            <mac_min>C91A007129CC</mac_min>
            <mac_max>C91A007129D5</mac_max>
        </mac>
        <mac>
            <mac_min>C91A007129D7</mac_min>
            <mac_max>C91A007129FD</mac_max>
        </mac>
        <mac>
            <mac_min>C91A00712A94</mac_min>
            <mac_max>C91A00712AC5</mac_max>
        </mac>
        <mac>
            <mac_min>FDA527191643</mac_min>
            <mac_max>FDA527191644</mac_max>
        </mac>
        <mac>
            <mac_min>FDA527191646</mac_min>
            <mac_max>FDA527191647</mac_max>
        </mac>
        <mac>
            <mac_min>FDA5271A1692</mac_min>
            <mac_max>FDA5271A1694</mac_max>
        </mac>
        <mac>
            <mac_min>FDA5271A1696</mac_min>
            <mac_max>FDA5271A1697</mac_max>
        </mac>
        <mac>
            <mac_min>FDA5271A169A</mac_min>
            <mac_max>FDA5271A169E</mac_max>
        </mac>
        <mac>
            <mac_min>FDA5271A16A0</mac_min>
            <mac_max>FDA5271A16A6</mac_max>
        </mac>
        <mac>
            <mac_min>FDA5271A16A9</mac_min>
            <mac_max>FDA5271A16AF</mac_max>
        </mac>
        <mac>
            <mac_min>FDA5271A16B1</mac_min>
            <mac_max>FDA5271A16B5</mac_max>
        </mac>
        <mac>
            <mac_min>FDA5271A16B8</mac_min>
            <mac_max>FDA5271A16BE</mac_max>
        </mac>
        <mac>
            <mac_min>FDA5271A16C0</mac_min>
            <mac_max>FDA5271A16C3</mac_max>
        </mac>
        <mac>
            <mac_min>FDA5271A1702</mac_min>
            <mac_max>FDA5271A1703</mac_max>
        </mac>
        <mac>
            <mac_min>FDA5271A1713</mac_min>
            <mac_max>FDA5271A1714</mac_max>
        </mac>
        <mac>
            <mac_min>FDA5271A1719</mac_min>
            <mac_max>FDA5271A171A</mac_max>
        </mac>
        <mac>
            <mac_min>FDA5271A1722</mac_min>
            <mac_max>FDA5271A1723</mac_max>
        </mac>
        <mac>
            <mac_min>FDA5272B30F8</mac_min>
            <mac_max>FDA5272B30F9</mac_max>
        </mac>
        <mac>
            <mac_min>FDA5272B30FF</mac_min>
            <mac_max>FDA5272B3101</mac_max>
        </mac>
        <mac>
            <mac_min>FDA5272B3103</mac_min>
            <mac_max>FDA5272B310A</mac_max>
        </mac>
        <mac>
            <mac_min>FDA5272B3115</mac_min>
            <mac_max>FDA5272B3116</mac_max>
        </mac>
        <mac>
            <mac_min>FDA5272B311A</mac_min>
            <mac_max>FDA5272B311C</mac_max>
        </mac>
        <mac>
            <mac_min>FDA5272B311F</mac_min>
            <mac_max>FDA5272B3122</mac_max>
        </mac>
        <mac>
            <mac_min>FDA5272B3124</mac_min>
            <mac_max>FDA5272B3125</mac_max>
        </mac>
        <mac>
            <mac_min>FDA5272B315A</mac_min>
            <mac_max>FDA5272B316F</mac_max>
        </mac>
        <mac>
            <mac_min>FDA5272B3171</mac_min>
            <mac_max>FDA5272B318B</mac_max>
        </mac>
        <mac>
            <mac_min>FDA5272B8E1C</mac_min>
            <mac_max>FDA5272B8E1D</mac_max>
        </mac>
        <mac>
            <mac_min>FDA5272B8E24</mac_min>
            <mac_max>FDA5272B8E25</mac_max>
        </mac>
        <mac>
            <mac_min>FDA5272B8E28</mac_min>
            <mac_max>FDA5272B8E29</mac_max>
        </mac>
        <mac>
            <mac_min>FDA5272B8E31</mac_min>
            <mac_max>FDA5272B8E32</mac_max>
        </mac>
        <mac>
            <mac_min>FDA5272B8E3A</mac_min>
            <mac_max>FDA5272B8E3D</mac_max>
        </mac>
        <mac>
            <mac_min>FDA5272B8E43</mac_min>
            <mac_max>FDA5272B8E45</mac_max>
        </mac>
        <mac>
            <mac_min>FDA5272B9003</mac_min>
            <mac_max>FDA5272B9004</mac_max>
        </mac>
        <mac>
            <mac_min>FDA5272E1130</mac_min>
            <mac_max>FDA5272E1161</mac_max>
        </mac>
        <mac>
            <mac_min>FDA5272E1196</mac_min>
            <mac_max>FDA5272E1198</mac_max>
        </mac>
        <mac>
            <mac_min>FDA5272E119A</mac_min>
            <mac_max>FDA5272E119E</mac_max>
        </mac>
        <mac>
            <mac_min>FDA5272E11A4</mac_min>
            <mac_max>FDA5272E11A5</mac_max>
        </mac>
        <mac>
            <mac_min>FDA5272E11AB</mac_min>
            <mac_max>FDA5272E11B1</mac_max>
        </mac>
        <mac>
            <mac_min>FDA5272E11B6</mac_min>
            <mac_max>FDA5272E11B8</mac_max>
        </mac>
        <mac>
            <mac_min>FDA5272E11BA</mac_min>
            <mac_max>FDA5272E11BD</mac_max>
        </mac>
        <mac>
            <mac_min>FDA5272E11C2</mac_min>
            <mac_max>FDA5272E11C3</mac_max>
        </mac>
        <mac>
            <mac_min>FDA5272E11F8</mac_min>
            <mac_max>FDA5272E1201</mac_max>
        </mac>
        <mac>
            <mac_min>FDA5272E1203</mac_min>
            <mac_max>FDA5272E1229</mac_max>
        </mac>
        <mac>
            <mac_min>FDA5272E12C0</mac_min>
            <mac_max>FDA5272E12F1</mac_max>
        </mac>
    </mac_range>
    <mac_single>
        <mac>C91A00600053</mac>
        <mac>C91A0060015F</mac>
        <mac>C91A00600166</mac>
        <mac>C91A00600171</mac>
        <mac>C91A00600176</mac>
        <mac>C91A00600178</mac>
        <mac>C91A00600188</mac>
        <mac>C91A0060018E</mac>
        <mac>C91A006001C2</mac>
        <mac>C91A006001CE</mac>
        <mac>C91A006001D0</mac>
        <mac>C91A006001F3</mac>
        <mac>C91A006001F9</mac>
        <mac>C91A006001FB</mac>
        <mac>C91A0060020E</mac>
        <mac>C91A00600214</mac>
        <mac>C91A00600218</mac>
        <mac>C91A0060021A</mac>
        <mac>C91A006D0204</mac>
        <mac>C91A006D026B</mac>
        <mac>C91A006D0280</mac>
        <mac>C91A006D0286</mac>
        <mac>C91A006D029B</mac>
        <mac>C91A006E2008</mac>
        <mac>C91A006E200E</mac>
        <mac>C91A006E201F</mac>
        <mac>C91A006E2025</mac>
        <mac>C91A006E202A</mac>
        <mac>C91A006E6593</mac>
        <mac>C91A006E65A5</mac>
        <mac>C91A006E65AF</mac>
        <mac>C91A006E65B2</mac>
        <mac>C91A006E65B9</mac>
        <mac>C91A006E6655</mac>
        <mac>C91A006E675A</mac>
        <mac>C91A006E6760</mac>
        <mac>C91A006E6763</mac>
        <mac>C91A006E6773</mac>
        <mac>C91A006E6782</mac>
        <mac>C91A0071297B</mac>
        <mac>C91A0071297D</mac>
        <mac>C91A00712987</mac>
        <mac>C91A00712994</mac>
        <mac>FDA52719163F</mac>
        <mac>FDA527191641</mac>
        <mac>FDA527191654</mac>
        <mac>FDA52719165A</mac>
        <mac>FDA52719165E</mac>
        <mac>FDA527191660</mac>
        <mac>FDA5271A15EB</mac>
        <mac>FDA5271A16F7</mac>
        <mac>FDA5271A16FE</mac>
        <mac>FDA5271A1709</mac>
        <mac>FDA5271A170E</mac>
        <mac>FDA5271A1710</mac>
        <mac>FDA5271A1720</mac>
        <mac>FDA5271A1726</mac>
        <mac>FDA5271A175A</mac>
        <mac>FDA5271A1766</mac>
        <mac>FDA5271A1768</mac>
        <mac>FDA5271A197F</mac>
        <mac>FDA5272AC2C2</mac>
        <mac>FDA5272AC329</mac>
        <mac>FDA5272AC33E</mac>
        <mac>FDA5272AC344</mac>
        <mac>FDA5272AC359</mac>
        <mac>FDA5272B30F6</mac>
        <mac>FDA5272B30FC</mac>
        <mac>FDA5272B310D</mac>
        <mac>FDA5272B3113</mac>
        <mac>FDA5272B3118</mac>
        <mac>FDA5272B8E19</mac>
        <mac>FDA5272B8E2B</mac>
        <mac>FDA5272B8E35</mac>
        <mac>FDA5272B8E38</mac>
        <mac>FDA5272B8E3F</mac>
        <mac>FDA5272B8EDB</mac>
        <mac>FDA5272B8FE0</mac>
        <mac>FDA5272B8FE6</mac>
        <mac>FDA5272B8FE9</mac>
        <mac>FDA5272B8FF9</mac>
        <mac>FDA5272B9008</mac>
        <mac>FDA5272E11A7</mac>
        <mac>FDA5272E11A9</mac>
        <mac>FDA5272E11B3</mac>
        <mac>FDA5272E11C0</mac>
    </mac_single>
    <mac_warn />
</build_mac>
