<?xml version="1.0" encoding="utf-8" ?>
<build_mac>
    <build_id>861700020010300006</build_id>
    <mac_range>
        <mac>
            <mac_min>C91A0071235A</mac_min>
            <mac_max>C91A0071238B</mac_max>
        </mac>
        <mac>
            <mac_min>C91A00712454</mac_min>
            <mac_max>C91A00712485</mac_max>
        </mac>
        <mac>
            <mac_min>FDA5272E0991</mac_min>
            <mac_max>FDA5272E09C2</mac_max>
        </mac>
        <mac>
            <mac_min>FDA5272E0A8B</mac_min>
            <mac_max>FDA5272E0ABC</mac_max>
        </mac>
    </mac_range>
    <mac_single />
    <mac_warn />
</build_mac>
