<?xml version="1.0" encoding="utf-8" ?>
<build_mac>
    <build_id>861700010020300013</build_id>
    <mac_range>
        <mac>
            <mac_min>C91A0062168A</mac_min>
            <mac_max>C91A0062168B</mac_max>
        </mac>
        <mac>
            <mac_min>C91A0062168D</mac_min>
            <mac_max>C91A0062168F</mac_max>
        </mac>
        <mac>
            <mac_min>C91A006216A2</mac_min>
            <mac_max>C91A006216A3</mac_max>
        </mac>
        <mac>
            <mac_min>C91A00621CED</mac_min>
            <mac_max>C91A00621CEE</mac_max>
        </mac>
        <mac>
            <mac_min>C91A00621CF9</mac_min>
            <mac_max>C91A00621CFA</mac_max>
        </mac>
        <mac>
            <mac_min>C91A00621D04</mac_min>
            <mac_max>C91A00621D06</mac_max>
        </mac>
        <mac>
            <mac_min>C91A00621DE5</mac_min>
            <mac_max>C91A00621DE6</mac_max>
        </mac>
        <mac>
            <mac_min>C91A00621DE8</mac_min>
            <mac_max>C91A00621DEC</mac_max>
        </mac>
        <mac>
            <mac_min>C91A00621DF2</mac_min>
            <mac_max>C91A00621DF4</mac_max>
        </mac>
        <mac>
            <mac_min>C91A00621DF6</mac_min>
            <mac_max>C91A00621DF9</mac_max>
        </mac>
        <mac>
            <mac_min>C91A00621DFB</mac_min>
            <mac_max>C91A00621DFE</mac_max>
        </mac>
        <mac>
            <mac_min>C91A00621E00</mac_min>
            <mac_max>C91A00621E05</mac_max>
        </mac>
        <mac>
            <mac_min>C91A00621E0B</mac_min>
            <mac_max>C91A00621E0E</mac_max>
        </mac>
        <mac>
            <mac_min>C91A00621E10</mac_min>
            <mac_max>C91A00621E12</mac_max>
        </mac>
        <mac>
            <mac_min>C91A006D0261</mac_min>
            <mac_max>C91A006D0262</mac_max>
        </mac>
        <mac>
            <mac_min>C91A006D0268</mac_min>
            <mac_max>C91A006D026A</mac_max>
        </mac>
        <mac>
            <mac_min>C91A006D026C</mac_min>
            <mac_max>C91A006D026E</mac_max>
        </mac>
        <mac>
            <mac_min>C91A006D0273</mac_min>
            <mac_max>C91A006D0274</mac_max>
        </mac>
        <mac>
            <mac_min>C91A006D027D</mac_min>
            <mac_max>C91A006D027F</mac_max>
        </mac>
        <mac>
            <mac_min>C91A006D0281</mac_min>
            <mac_max>C91A006D0282</mac_max>
        </mac>
        <mac>
            <mac_min>C91A006D0284</mac_min>
            <mac_max>C91A006D0285</mac_max>
        </mac>
        <mac>
            <mac_min>C91A006D0287</mac_min>
            <mac_max>C91A006D0289</mac_max>
        </mac>
        <mac>
            <mac_min>C91A006D033C</mac_min>
            <mac_max>C91A006D033D</mac_max>
        </mac>
        <mac>
            <mac_min>C91A006E1EF8</mac_min>
            <mac_max>C91A006E1EF9</mac_max>
        </mac>
        <mac>
            <mac_min>C91A006E6590</mac_min>
            <mac_max>C91A006E6592</mac_max>
        </mac>
        <mac>
            <mac_min>C91A006E6598</mac_min>
            <mac_max>C91A006E659D</mac_max>
        </mac>
        <mac>
            <mac_min>C91A006E65A0</mac_min>
            <mac_max>C91A006E65A1</mac_max>
        </mac>
        <mac>
            <mac_min>C91A006E65A6</mac_min>
            <mac_max>C91A006E65AA</mac_max>
        </mac>
        <mac>
            <mac_min>C91A006E65AD</mac_min>
            <mac_max>C91A006E65AE</mac_max>
        </mac>
        <mac>
            <mac_min>C91A006E65B0</mac_min>
            <mac_max>C91A006E65B1</mac_max>
        </mac>
        <mac>
            <mac_min>C91A006E65C0</mac_min>
            <mac_max>C91A006E65C1</mac_max>
        </mac>
        <mac>
            <mac_min>C91A006E65D7</mac_min>
            <mac_max>C91A006E65D9</mac_max>
        </mac>
        <mac>
            <mac_min>C91A006E65E7</mac_min>
            <mac_max>C91A006E65EB</mac_max>
        </mac>
        <mac>
            <mac_min>C91A006E6627</mac_min>
            <mac_max>C91A006E6628</mac_max>
        </mac>
        <mac>
            <mac_min>C91A006E6634</mac_min>
            <mac_max>C91A006E6635</mac_max>
        </mac>
        <mac>
            <mac_min>C91A006E6640</mac_min>
            <mac_max>C91A006E6641</mac_max>
        </mac>
        <mac>
            <mac_min>C91A006E66BC</mac_min>
            <mac_max>C91A006E66BD</mac_max>
        </mac>
        <mac>
            <mac_min>C91A006E6752</mac_min>
            <mac_max>C91A006E6758</mac_max>
        </mac>
        <mac>
            <mac_min>C91A006E675B</mac_min>
            <mac_max>C91A006E675F</mac_max>
        </mac>
        <mac>
            <mac_min>C91A006E6761</mac_min>
            <mac_max>C91A006E6762</mac_max>
        </mac>
        <mac>
            <mac_min>C91A006E6764</mac_min>
            <mac_max>C91A006E6772</mac_max>
        </mac>
        <mac>
            <mac_min>C91A006E6774</mac_min>
            <mac_max>C91A006E677C</mac_max>
        </mac>
        <mac>
            <mac_min>C91A006E677F</mac_min>
            <mac_max>C91A006E6781</mac_max>
        </mac>
        <mac>
            <mac_min>FDA52723B07C</mac_min>
            <mac_max>FDA52723B07E</mac_max>
        </mac>
        <mac>
            <mac_min>FDA52723B080</mac_min>
            <mac_max>FDA52723B083</mac_max>
        </mac>
        <mac>
            <mac_min>FDA52723B089</mac_min>
            <mac_max>FDA52723B08E</mac_max>
        </mac>
        <mac>
            <mac_min>FDA52723B090</mac_min>
            <mac_max>FDA52723B093</mac_max>
        </mac>
        <mac>
            <mac_min>FDA52723B095</mac_min>
            <mac_max>FDA52723B098</mac_max>
        </mac>
        <mac>
            <mac_min>FDA52723B09A</mac_min>
            <mac_max>FDA52723B09C</mac_max>
        </mac>
        <mac>
            <mac_min>FDA52723B0A2</mac_min>
            <mac_max>FDA52723B0A6</mac_max>
        </mac>
        <mac>
            <mac_min>FDA52723B0A8</mac_min>
            <mac_max>FDA52723B0A9</mac_max>
        </mac>
        <mac>
            <mac_min>FDA52723B1EF</mac_min>
            <mac_max>FDA52723B1F1</mac_max>
        </mac>
        <mac>
            <mac_min>FDA52723B1FB</mac_min>
            <mac_max>FDA52723B1FC</mac_max>
        </mac>
        <mac>
            <mac_min>FDA52723B207</mac_min>
            <mac_max>FDA52723B208</mac_max>
        </mac>
        <mac>
            <mac_min>FDA52723B853</mac_min>
            <mac_max>FDA52723B854</mac_max>
        </mac>
        <mac>
            <mac_min>FDA52723B867</mac_min>
            <mac_max>FDA52723B869</mac_max>
        </mac>
        <mac>
            <mac_min>FDA52723B86B</mac_min>
            <mac_max>FDA52723B86C</mac_max>
        </mac>
        <mac>
            <mac_min>FDA5272AC31F</mac_min>
            <mac_max>FDA5272AC320</mac_max>
        </mac>
        <mac>
            <mac_min>FDA5272AC326</mac_min>
            <mac_max>FDA5272AC328</mac_max>
        </mac>
        <mac>
            <mac_min>FDA5272AC32A</mac_min>
            <mac_max>FDA5272AC32C</mac_max>
        </mac>
        <mac>
            <mac_min>FDA5272AC331</mac_min>
            <mac_max>FDA5272AC332</mac_max>
        </mac>
        <mac>
            <mac_min>FDA5272AC33B</mac_min>
            <mac_max>FDA5272AC33D</mac_max>
        </mac>
        <mac>
            <mac_min>FDA5272AC33F</mac_min>
            <mac_max>FDA5272AC340</mac_max>
        </mac>
        <mac>
            <mac_min>FDA5272AC342</mac_min>
            <mac_max>FDA5272AC343</mac_max>
        </mac>
        <mac>
            <mac_min>FDA5272AC345</mac_min>
            <mac_max>FDA5272AC347</mac_max>
        </mac>
        <mac>
            <mac_min>FDA5272AC3FA</mac_min>
            <mac_max>FDA5272AC3FB</mac_max>
        </mac>
        <mac>
            <mac_min>FDA5272B2FE6</mac_min>
            <mac_max>FDA5272B2FE7</mac_max>
        </mac>
        <mac>
            <mac_min>FDA5272B8E16</mac_min>
            <mac_max>FDA5272B8E18</mac_max>
        </mac>
        <mac>
            <mac_min>FDA5272B8E1E</mac_min>
            <mac_max>FDA5272B8E23</mac_max>
        </mac>
        <mac>
            <mac_min>FDA5272B8E26</mac_min>
            <mac_max>FDA5272B8E27</mac_max>
        </mac>
        <mac>
            <mac_min>FDA5272B8E2C</mac_min>
            <mac_max>FDA5272B8E30</mac_max>
        </mac>
        <mac>
            <mac_min>FDA5272B8E33</mac_min>
            <mac_max>FDA5272B8E34</mac_max>
        </mac>
        <mac>
            <mac_min>FDA5272B8E36</mac_min>
            <mac_max>FDA5272B8E37</mac_max>
        </mac>
        <mac>
            <mac_min>FDA5272B8E46</mac_min>
            <mac_max>FDA5272B8E47</mac_max>
        </mac>
        <mac>
            <mac_min>FDA5272B8E5D</mac_min>
            <mac_max>FDA5272B8E5F</mac_max>
        </mac>
        <mac>
            <mac_min>FDA5272B8E6D</mac_min>
            <mac_max>FDA5272B8E71</mac_max>
        </mac>
        <mac>
            <mac_min>FDA5272B8EAD</mac_min>
            <mac_max>FDA5272B8EAE</mac_max>
        </mac>
        <mac>
            <mac_min>FDA5272B8EBA</mac_min>
            <mac_max>FDA5272B8EBB</mac_max>
        </mac>
        <mac>
            <mac_min>FDA5272B8EC6</mac_min>
            <mac_max>FDA5272B8EC7</mac_max>
        </mac>
        <mac>
            <mac_min>FDA5272B8F42</mac_min>
            <mac_max>FDA5272B8F43</mac_max>
        </mac>
        <mac>
            <mac_min>FDA5272B8FD8</mac_min>
            <mac_max>FDA5272B8FDE</mac_max>
        </mac>
        <mac>
            <mac_min>FDA5272B8FE1</mac_min>
            <mac_max>FDA5272B8FE5</mac_max>
        </mac>
        <mac>
            <mac_min>FDA5272B8FE7</mac_min>
            <mac_max>FDA5272B8FE8</mac_max>
        </mac>
        <mac>
            <mac_min>FDA5272B8FEA</mac_min>
            <mac_max>FDA5272B8FF8</mac_max>
        </mac>
        <mac>
            <mac_min>FDA5272B8FFA</mac_min>
            <mac_max>FDA5272B9002</mac_max>
        </mac>
        <mac>
            <mac_min>FDA5272B9005</mac_min>
            <mac_max>FDA5272B9007</mac_max>
        </mac>
    </mac_range>
    <mac_single>
        <mac>C91A00621678</mac>
        <mac>C91A0062167C</mac>
        <mac>C91A00621681</mac>
        <mac>C91A00621683</mac>
        <mac>C91A0062169A</mac>
        <mac>C91A0062169C</mac>
        <mac>C91A006216A6</mac>
        <mac>C91A00621CEB</mac>
        <mac>C91A00621CF4</mac>
        <mac>C91A00621CF7</mac>
        <mac>C91A00621CFE</mac>
        <mac>C91A00621D0D</mac>
        <mac>C91A00621D19</mac>
        <mac>C91A00621DE3</mac>
        <mac>C91A00621DF0</mac>
        <mac>C91A00621E07</mac>
        <mac>C91A00621E09</mac>
        <mac>C91A006D0258</mac>
        <mac>C91A006D025E</mac>
        <mac>C91A006D0271</mac>
        <mac>C91A006D0276</mac>
        <mac>C91A006D0298</mac>
        <mac>C91A006D029F</mac>
        <mac>C91A006D02A2</mac>
        <mac>C91A006D02B6</mac>
        <mac>C91A006D0344</mac>
        <mac>C91A006D0348</mac>
        <mac>C91A006D034C</mac>
        <mac>C91A006E1E1A</mac>
        <mac>C91A006E1E23</mac>
        <mac>C91A006E1E2A</mac>
        <mac>C91A006E1E3E</mac>
        <mac>C91A006E1E44</mac>
        <mac>C91A006E1E9B</mac>
        <mac>C91A006E1EF4</mac>
        <mac>C91A006E1F00</mac>
        <mac>C91A006E1F0B</mac>
        <mac>C91A006E20E0</mac>
        <mac>C91A006E2123</mac>
        <mac>C91A006E212B</mac>
        <mac>C91A006E21ED</mac>
        <mac>C91A006E222F</mac>
        <mac>C91A006E2234</mac>
        <mac>C91A006E2237</mac>
        <mac>C91A006E223B</mac>
        <mac>C91A006E2241</mac>
        <mac>C91A006E2244</mac>
        <mac>C91A006E2248</mac>
        <mac>C91A006E2250</mac>
        <mac>C91A006E22A5</mac>
        <mac>C91A006E3CC0</mac>
        <mac>C91A006E6594</mac>
        <mac>C91A006E65A4</mac>
        <mac>C91A006E65B3</mac>
        <mac>C91A006E65B8</mac>
        <mac>C91A006E65BA</mac>
        <mac>C91A006E65BC</mac>
        <mac>C91A006E65C7</mac>
        <mac>C91A006E65CF</mac>
        <mac>C91A006E65D4</mac>
        <mac>C91A006E65E0</mac>
        <mac>C91A006E65F1</mac>
        <mac>C91A006E662A</mac>
        <mac>C91A006E6632</mac>
        <mac>C91A006E6645</mac>
        <mac>C91A006E6648</mac>
        <mac>C91A006E664C</mac>
        <mac>C91A006E6653</mac>
        <mac>C91A006E6657</mac>
        <mac>C91A006E66C7</mac>
        <mac>C91A006E66C9</mac>
        <mac>C91A006E66CB</mac>
        <mac>C91A006E66DD</mac>
        <mac>C91A006E66E1</mac>
        <mac>C91A006E66E4</mac>
        <mac>C91A006E66F1</mac>
        <mac>C91A006E66F4</mac>
        <mac>C91A006E66F6</mac>
        <mac>C91A006E670D</mac>
        <mac>C91A006E6783</mac>
        <mac>C91A006E6FE1</mac>
        <mac>C91A006E70F4</mac>
        <mac>C91A006E710C</mac>
        <mac>C91A006F3CAA</mac>
        <mac>FDA52723B085</mac>
        <mac>FDA52723B087</mac>
        <mac>FDA52723B09E</mac>
        <mac>FDA52723B0AB</mac>
        <mac>FDA52723B1DC</mac>
        <mac>FDA52723B1E8</mac>
        <mac>FDA52723B1F7</mac>
        <mac>FDA52723B1FE</mac>
        <mac>FDA52723B201</mac>
        <mac>FDA52723B20A</mac>
        <mac>FDA52723B850</mac>
        <mac>FDA52723B85A</mac>
        <mac>FDA52723B85C</mac>
        <mac>FDA52723B873</mac>
        <mac>FDA52723B875</mac>
        <mac>FDA52723B87A</mac>
        <mac>FDA52723B87E</mac>
        <mac>FDA5272AC316</mac>
        <mac>FDA5272AC31C</mac>
        <mac>FDA5272AC32F</mac>
        <mac>FDA5272AC334</mac>
        <mac>FDA5272AC356</mac>
        <mac>FDA5272AC35D</mac>
        <mac>FDA5272AC360</mac>
        <mac>FDA5272AC374</mac>
        <mac>FDA5272AC402</mac>
        <mac>FDA5272AC406</mac>
        <mac>FDA5272AC40A</mac>
        <mac>FDA5272B2F08</mac>
        <mac>FDA5272B2F11</mac>
        <mac>FDA5272B2F18</mac>
        <mac>FDA5272B2F2C</mac>
        <mac>FDA5272B2F32</mac>
        <mac>FDA5272B2F89</mac>
        <mac>FDA5272B2FE2</mac>
        <mac>FDA5272B2FEE</mac>
        <mac>FDA5272B2FF9</mac>
        <mac>FDA5272B31CE</mac>
        <mac>FDA5272B3211</mac>
        <mac>FDA5272B3219</mac>
        <mac>FDA5272B32DB</mac>
        <mac>FDA5272B331D</mac>
        <mac>FDA5272B3322</mac>
        <mac>FDA5272B3325</mac>
        <mac>FDA5272B3329</mac>
        <mac>FDA5272B332F</mac>
        <mac>FDA5272B3332</mac>
        <mac>FDA5272B3336</mac>
        <mac>FDA5272B333E</mac>
        <mac>FDA5272B3393</mac>
        <mac>FDA5272B64D3</mac>
        <mac>FDA5272B8E1A</mac>
        <mac>FDA5272B8E2A</mac>
        <mac>FDA5272B8E39</mac>
        <mac>FDA5272B8E3E</mac>
        <mac>FDA5272B8E40</mac>
        <mac>FDA5272B8E42</mac>
        <mac>FDA5272B8E4D</mac>
        <mac>FDA5272B8E55</mac>
        <mac>FDA5272B8E5A</mac>
        <mac>FDA5272B8E66</mac>
        <mac>FDA5272B8E77</mac>
        <mac>FDA5272B8EB0</mac>
        <mac>FDA5272B8EB8</mac>
        <mac>FDA5272B8ECB</mac>
        <mac>FDA5272B8ECE</mac>
        <mac>FDA5272B8ED2</mac>
        <mac>FDA5272B8ED9</mac>
        <mac>FDA5272B8EDD</mac>
        <mac>FDA5272B8F4D</mac>
        <mac>FDA5272B8F4F</mac>
        <mac>FDA5272B8F51</mac>
        <mac>FDA5272B8F63</mac>
        <mac>FDA5272B8F67</mac>
        <mac>FDA5272B8F6A</mac>
        <mac>FDA5272B8F77</mac>
        <mac>FDA5272B8F7A</mac>
        <mac>FDA5272B8F7C</mac>
        <mac>FDA5272B8F93</mac>
        <mac>FDA5272B9009</mac>
        <mac>FDA5272B9A5E</mac>
        <mac>FDA5272B9B71</mac>
        <mac>FDA5272B9B89</mac>
        <mac>FDA5272C6227</mac>
    </mac_single>
    <mac_warn />
</build_mac>
