<?xml version="1.0" encoding="utf-8" ?>
<build_mac>
    <build_id>861700010010400002</build_id>
    <mac_range>
        <mac>
            <mac_min>C91A00650B5A</mac_min>
            <mac_max>C91A00650B5B</mac_max>
        </mac>
        <mac>
            <mac_min>C91A00650B64</mac_min>
            <mac_max>C91A00650B65</mac_max>
        </mac>
        <mac>
            <mac_min>C91A00650B78</mac_min>
            <mac_max>C91A00650B79</mac_max>
        </mac>
        <mac>
            <mac_min>C91A00650B7E</mac_min>
            <mac_max>C91A00650B7F</mac_max>
        </mac>
        <mac>
            <mac_min>FDA52725EAE8</mac_min>
            <mac_max>FDA52725EAE9</mac_max>
        </mac>
        <mac>
            <mac_min>FDA52725EAEE</mac_min>
            <mac_max>FDA52725EAEF</mac_max>
        </mac>
        <mac>
            <mac_min>FDA52725EB02</mac_min>
            <mac_max>FDA52725EB03</mac_max>
        </mac>
        <mac>
            <mac_min>FDA52725EB0C</mac_min>
            <mac_max>FDA52725EB0D</mac_max>
        </mac>
    </mac_range>
    <mac_single>
        <mac>C91A00650B54</mac>
        <mac>C91A00650B58</mac>
        <mac>C91A00650B5D</mac>
        <mac>C91A00650B6C</mac>
        <mac>C91A00650B70</mac>
        <mac>C91A00650B72</mac>
        <mac>C91A00650B74</mac>
        <mac>C91A00650B76</mac>
        <mac>C91A00650B84</mac>
        <mac>FDA52725EAE3</mac>
        <mac>FDA52725EAF1</mac>
        <mac>FDA52725EAF3</mac>
        <mac>FDA52725EAF5</mac>
        <mac>FDA52725EAF7</mac>
        <mac>FDA52725EAFB</mac>
        <mac>FDA52725EB0A</mac>
        <mac>FDA52725EB0F</mac>
        <mac>FDA52725EB13</mac>
    </mac_single>
    <mac_warn />
</build_mac>
