<?xml version="1.0" encoding="utf-8" ?>
<build_mac>
    <build_id>861700010030300004</build_id>
    <mac_range>
        <mac>
            <mac_min>C91A00611388</mac_min>
            <mac_max>C91A0061138C</mac_max>
        </mac>
        <mac>
            <mac_min>C91A0061138E</mac_min>
            <mac_max>C91A0061139C</mac_max>
        </mac>
        <mac>
            <mac_min>C91A0061139E</mac_min>
            <mac_max>C91A006113A9</mac_max>
        </mac>
        <mac>
            <mac_min>C91A006113AB</mac_min>
            <mac_max>C91A006113B9</mac_max>
        </mac>
        <mac>
            <mac_min>C91A006C24EA</mac_min>
            <mac_max>C91A006C24EB</mac_max>
        </mac>
        <mac>
            <mac_min>C91A006C24ED</mac_min>
            <mac_max>C91A006C24FD</mac_max>
        </mac>
        <mac>
            <mac_min>C91A006C24FF</mac_min>
            <mac_max>C91A006C2509</mac_max>
        </mac>
        <mac>
            <mac_min>C91A006C250C</mac_min>
            <mac_max>C91A006C251B</mac_max>
        </mac>
        <mac>
            <mac_min>C91A006E63CE</mac_min>
            <mac_max>C91A006E6429</mac_max>
        </mac>
        <mac>
            <mac_min>C91A006E642B</mac_min>
            <mac_max>C91A006E6431</mac_max>
        </mac>
        <mac>
            <mac_min>C91A006E64FA</mac_min>
            <mac_max>C91A006E64FD</mac_max>
        </mac>
        <mac>
            <mac_min>C91A006E6500</mac_min>
            <mac_max>C91A006E6506</mac_max>
        </mac>
        <mac>
            <mac_min>C91A006E650D</mac_min>
            <mac_max>C91A006E650F</mac_max>
        </mac>
        <mac>
            <mac_min>C91A006E6513</mac_min>
            <mac_max>C91A006E6514</mac_max>
        </mac>
        <mac>
            <mac_min>C91A006E6516</mac_min>
            <mac_max>C91A006E6518</mac_max>
        </mac>
        <mac>
            <mac_min>C91A006E6521</mac_min>
            <mac_max>C91A006E6523</mac_max>
        </mac>
        <mac>
            <mac_min>C91A006E6526</mac_min>
            <mac_max>C91A006E6529</mac_max>
        </mac>
        <mac>
            <mac_min>C91A006E65F5</mac_min>
            <mac_max>C91A006E65F6</mac_max>
        </mac>
        <mac>
            <mac_min>C91A006E65FE</mac_min>
            <mac_max>C91A006E6600</mac_max>
        </mac>
        <mac>
            <mac_min>C91A006E6616</mac_min>
            <mac_max>C91A006E6617</mac_max>
        </mac>
        <mac>
            <mac_min>C91A006E6FB8</mac_min>
            <mac_max>C91A006E6FD7</mac_max>
        </mac>
        <mac>
            <mac_min>C91A006E6FD9</mac_min>
            <mac_max>C91A006E6FDD</mac_max>
        </mac>
        <mac>
            <mac_min>C91A006E6FDF</mac_min>
            <mac_max>C91A006E6FE0</mac_max>
        </mac>
        <mac>
            <mac_min>C91A006E6FE2</mac_min>
            <mac_max>C91A006E6FEF</mac_max>
        </mac>
        <mac>
            <mac_min>C91A006E6FF1</mac_min>
            <mac_max>C91A006E7012</mac_max>
        </mac>
        <mac>
            <mac_min>C91A006E7014</mac_min>
            <mac_max>C91A006E7017</mac_max>
        </mac>
        <mac>
            <mac_min>C91A006E7019</mac_min>
            <mac_max>C91A006E701B</mac_max>
        </mac>
        <mac>
            <mac_min>C91A006F36E2</mac_min>
            <mac_max>C91A006F36E4</mac_max>
        </mac>
        <mac>
            <mac_min>C91A006F36E6</mac_min>
            <mac_max>C91A006F3745</mac_max>
        </mac>
        <mac>
            <mac_min>C91A006F3840</mac_min>
            <mac_max>C91A006F386E</mac_max>
        </mac>
        <mac>
            <mac_min>C91A006F3870</mac_min>
            <mac_max>C91A006F3871</mac_max>
        </mac>
        <mac>
            <mac_min>FDA527229D48</mac_min>
            <mac_max>FDA527229D56</mac_max>
        </mac>
        <mac>
            <mac_min>FDA527229D58</mac_min>
            <mac_max>FDA527229D63</mac_max>
        </mac>
        <mac>
            <mac_min>FDA527229D65</mac_min>
            <mac_max>FDA527229D73</mac_max>
        </mac>
        <mac>
            <mac_min>FDA527229D75</mac_min>
            <mac_max>FDA527229D79</mac_max>
        </mac>
        <mac>
            <mac_min>FDA5272A8DCD</mac_min>
            <mac_max>FDA5272A8DCE</mac_max>
        </mac>
        <mac>
            <mac_min>FDA5272A8DD0</mac_min>
            <mac_max>FDA5272A8DE0</mac_max>
        </mac>
        <mac>
            <mac_min>FDA5272A8DE2</mac_min>
            <mac_max>FDA5272A8DEC</mac_max>
        </mac>
        <mac>
            <mac_min>FDA5272A8DEF</mac_min>
            <mac_max>FDA5272A8DFE</mac_max>
        </mac>
        <mac>
            <mac_min>FDA5272B8C54</mac_min>
            <mac_max>FDA5272B8CAF</mac_max>
        </mac>
        <mac>
            <mac_min>FDA5272B8CB1</mac_min>
            <mac_max>FDA5272B8CB7</mac_max>
        </mac>
        <mac>
            <mac_min>FDA5272B8D80</mac_min>
            <mac_max>FDA5272B8D83</mac_max>
        </mac>
        <mac>
            <mac_min>FDA5272B8D86</mac_min>
            <mac_max>FDA5272B8D8C</mac_max>
        </mac>
        <mac>
            <mac_min>FDA5272B8D93</mac_min>
            <mac_max>FDA5272B8D95</mac_max>
        </mac>
        <mac>
            <mac_min>FDA5272B8D99</mac_min>
            <mac_max>FDA5272B8D9A</mac_max>
        </mac>
        <mac>
            <mac_min>FDA5272B8D9C</mac_min>
            <mac_max>FDA5272B8D9E</mac_max>
        </mac>
        <mac>
            <mac_min>FDA5272B8DA7</mac_min>
            <mac_max>FDA5272B8DA9</mac_max>
        </mac>
        <mac>
            <mac_min>FDA5272B8DAC</mac_min>
            <mac_max>FDA5272B8DAF</mac_max>
        </mac>
        <mac>
            <mac_min>FDA5272B8E7B</mac_min>
            <mac_max>FDA5272B8E7C</mac_max>
        </mac>
        <mac>
            <mac_min>FDA5272B8E84</mac_min>
            <mac_max>FDA5272B8E86</mac_max>
        </mac>
        <mac>
            <mac_min>FDA5272B8E9C</mac_min>
            <mac_max>FDA5272B8E9D</mac_max>
        </mac>
        <mac>
            <mac_min>FDA5272B9A35</mac_min>
            <mac_max>FDA5272B9A54</mac_max>
        </mac>
        <mac>
            <mac_min>FDA5272B9A56</mac_min>
            <mac_max>FDA5272B9A5A</mac_max>
        </mac>
        <mac>
            <mac_min>FDA5272B9A5C</mac_min>
            <mac_max>FDA5272B9A5D</mac_max>
        </mac>
        <mac>
            <mac_min>FDA5272B9A5F</mac_min>
            <mac_max>FDA5272B9A6C</mac_max>
        </mac>
        <mac>
            <mac_min>FDA5272B9A6E</mac_min>
            <mac_max>FDA5272B9A8F</mac_max>
        </mac>
        <mac>
            <mac_min>FDA5272B9A91</mac_min>
            <mac_max>FDA5272B9A94</mac_max>
        </mac>
        <mac>
            <mac_min>FDA5272B9A96</mac_min>
            <mac_max>FDA5272B9A98</mac_max>
        </mac>
        <mac>
            <mac_min>FDA5272C5C5D</mac_min>
            <mac_max>FDA5272C5C5F</mac_max>
        </mac>
        <mac>
            <mac_min>FDA5272C5C61</mac_min>
            <mac_max>FDA5272C5CC0</mac_max>
        </mac>
        <mac>
            <mac_min>FDA5272C5DBB</mac_min>
            <mac_max>FDA5272C5DE9</mac_max>
        </mac>
        <mac>
            <mac_min>FDA5272C5DEB</mac_min>
            <mac_max>FDA5272C5DEC</mac_max>
        </mac>
    </mac_range>
    <mac_single>
        <mac>C91A00611007</mac>
        <mac>C91A00611009</mac>
        <mac>C91A0061100F</mac>
        <mac>C91A00611018</mac>
        <mac>C91A00611028</mac>
        <mac>C91A006E1EE9</mac>
        <mac>C91A006E1EFB</mac>
        <mac>C91A006E6509</mac>
        <mac>C91A006E650B</mac>
        <mac>C91A006E6511</mac>
        <mac>C91A006E651A</mac>
        <mac>C91A006E652B</mac>
        <mac>C91A006E6604</mac>
        <mac>C91A006E660A</mac>
        <mac>C91A006E661A</mac>
        <mac>C91A006E661C</mac>
        <mac>C91A006E6623</mac>
        <mac>C91A006E66D7</mac>
        <mac>C91A006E66E2</mac>
        <mac>C91A006E66EB</mac>
        <mac>FDA52722A0D9</mac>
        <mac>FDA52722A0E9</mac>
        <mac>FDA52722A0F2</mac>
        <mac>FDA52722A0F8</mac>
        <mac>FDA52722A0FA</mac>
        <mac>FDA5272B2FD7</mac>
        <mac>FDA5272B2FE9</mac>
        <mac>FDA5272B8D8F</mac>
        <mac>FDA5272B8D91</mac>
        <mac>FDA5272B8D97</mac>
        <mac>FDA5272B8DA0</mac>
        <mac>FDA5272B8DB1</mac>
        <mac>FDA5272B8E8A</mac>
        <mac>FDA5272B8E90</mac>
        <mac>FDA5272B8EA0</mac>
        <mac>FDA5272B8EA2</mac>
        <mac>FDA5272B8EA9</mac>
        <mac>FDA5272B8F5D</mac>
        <mac>FDA5272B8F68</mac>
        <mac>FDA5272B8F71</mac>
    </mac_single>
    <mac_warn />
</build_mac>
