<?xml version="1.0" encoding="utf-8" ?>
<build_mac>
    <build_id>861700020010300001</build_id>
    <mac_range>
        <mac>
            <mac_min>C91A006119D1</mac_min>
            <mac_max>C91A006119D2</mac_max>
        </mac>
        <mac>
            <mac_min>C91A006119DE</mac_min>
            <mac_max>C91A006119E0</mac_max>
        </mac>
        <mac>
            <mac_min>C91A006119E5</mac_min>
            <mac_max>C91A006119E8</mac_max>
        </mac>
        <mac>
            <mac_min>C91A006119EB</mac_min>
            <mac_max>C91A006119EF</mac_max>
        </mac>
        <mac>
            <mac_min>C91A006119F1</mac_min>
            <mac_max>C91A006119F2</mac_max>
        </mac>
        <mac>
            <mac_min>C91A006119F7</mac_min>
            <mac_max>C91A006119F8</mac_max>
        </mac>
        <mac>
            <mac_min>C91A006E639C</mac_min>
            <mac_max>C91A006E63CD</mac_max>
        </mac>
        <mac>
            <mac_min>C91A006E6469</mac_min>
            <mac_max>C91A006E646A</mac_max>
        </mac>
        <mac>
            <mac_min>C91A006E6472</mac_min>
            <mac_max>C91A006E6473</mac_max>
        </mac>
        <mac>
            <mac_min>C91A006E6481</mac_min>
            <mac_max>C91A006E6482</mac_max>
        </mac>
        <mac>
            <mac_min>C91A006E6486</mac_min>
            <mac_max>C91A006E6487</mac_max>
        </mac>
        <mac>
            <mac_min>C91A006E6495</mac_min>
            <mac_max>C91A006E64B3</mac_max>
        </mac>
        <mac>
            <mac_min>C91A006E64B5</mac_min>
            <mac_max>C91A006E64C7</mac_max>
        </mac>
        <mac>
            <mac_min>FDA527229707</mac_min>
            <mac_max>FDA527229708</mac_max>
        </mac>
        <mac>
            <mac_min>FDA52722970D</mac_min>
            <mac_max>FDA52722970E</mac_max>
        </mac>
        <mac>
            <mac_min>FDA527229710</mac_min>
            <mac_max>FDA527229714</mac_max>
        </mac>
        <mac>
            <mac_min>FDA527229717</mac_min>
            <mac_max>FDA52722971A</mac_max>
        </mac>
        <mac>
            <mac_min>FDA52722971F</mac_min>
            <mac_max>FDA527229721</mac_max>
        </mac>
        <mac>
            <mac_min>FDA52722972D</mac_min>
            <mac_max>FDA52722972E</mac_max>
        </mac>
        <mac>
            <mac_min>FDA5272B8C22</mac_min>
            <mac_max>FDA5272B8C53</mac_max>
        </mac>
        <mac>
            <mac_min>FDA5272B8CEF</mac_min>
            <mac_max>FDA5272B8CF0</mac_max>
        </mac>
        <mac>
            <mac_min>FDA5272B8CF8</mac_min>
            <mac_max>FDA5272B8CF9</mac_max>
        </mac>
        <mac>
            <mac_min>FDA5272B8D07</mac_min>
            <mac_max>FDA5272B8D08</mac_max>
        </mac>
        <mac>
            <mac_min>FDA5272B8D0C</mac_min>
            <mac_max>FDA5272B8D0D</mac_max>
        </mac>
        <mac>
            <mac_min>FDA5272B8D1B</mac_min>
            <mac_max>FDA5272B8D39</mac_max>
        </mac>
        <mac>
            <mac_min>FDA5272B8D3B</mac_min>
            <mac_max>FDA5272B8D4D</mac_max>
        </mac>
    </mac_range>
    <mac_single>
        <mac>C91A006112D3</mac>
        <mac>C91A006119CA</mac>
        <mac>C91A006119D6</mac>
        <mac>C91A006119D9</mac>
        <mac>C91A006119F5</mac>
        <mac>C91A006E6434</mac>
        <mac>C91A006E6466</mac>
        <mac>C91A006E647F</mac>
        <mac>C91A006E648E</mac>
        <mac>FDA52722970A</mac>
        <mac>FDA527229726</mac>
        <mac>FDA527229729</mac>
        <mac>FDA527229735</mac>
        <mac>FDA527229E2E</mac>
        <mac>FDA5272B8CBA</mac>
        <mac>FDA5272B8CEC</mac>
        <mac>FDA5272B8D05</mac>
        <mac>FDA5272B8D14</mac>
    </mac_single>
    <mac_warn />
</build_mac>
