<?xml version="1.0" encoding="utf-8" ?>
<build_mac>
    <build_id>861700010020300032</build_id>
    <mac_range>
        <mac>
            <mac_min>C91A006C2520</mac_min>
            <mac_max>C91A006C2522</mac_max>
        </mac>
        <mac>
            <mac_min>C91A006C252E</mac_min>
            <mac_max>C91A006C2530</mac_max>
        </mac>
        <mac>
            <mac_min>C91A006C2546</mac_min>
            <mac_max>C91A006C2547</mac_max>
        </mac>
        <mac>
            <mac_min>C91A006E201D</mac_min>
            <mac_max>C91A006E201E</mac_max>
        </mac>
        <mac>
            <mac_min>C91A006E2020</mac_min>
            <mac_max>C91A006E2023</mac_max>
        </mac>
        <mac>
            <mac_min>C91A006E2038</mac_min>
            <mac_max>C91A006E2039</mac_max>
        </mac>
        <mac>
            <mac_min>C91A00712968</mac_min>
            <mac_max>C91A00712969</mac_max>
        </mac>
        <mac>
            <mac_min>C91A00712973</mac_min>
            <mac_max>C91A00712976</mac_max>
        </mac>
        <mac>
            <mac_min>C91A00712988</mac_min>
            <mac_max>C91A00712989</mac_max>
        </mac>
        <mac>
            <mac_min>C91A00712992</mac_min>
            <mac_max>C91A00712993</mac_max>
        </mac>
        <mac>
            <mac_min>FDA5272A8E03</mac_min>
            <mac_max>FDA5272A8E05</mac_max>
        </mac>
        <mac>
            <mac_min>FDA5272A8E11</mac_min>
            <mac_max>FDA5272A8E13</mac_max>
        </mac>
        <mac>
            <mac_min>FDA5272A8E29</mac_min>
            <mac_max>FDA5272A8E2A</mac_max>
        </mac>
        <mac>
            <mac_min>FDA5272B310B</mac_min>
            <mac_max>FDA5272B310C</mac_max>
        </mac>
        <mac>
            <mac_min>FDA5272B310E</mac_min>
            <mac_max>FDA5272B3111</mac_max>
        </mac>
        <mac>
            <mac_min>FDA5272B3126</mac_min>
            <mac_max>FDA5272B3127</mac_max>
        </mac>
        <mac>
            <mac_min>FDA5272E1194</mac_min>
            <mac_max>FDA5272E1195</mac_max>
        </mac>
        <mac>
            <mac_min>FDA5272E119F</mac_min>
            <mac_max>FDA5272E11A2</mac_max>
        </mac>
        <mac>
            <mac_min>FDA5272E11B4</mac_min>
            <mac_max>FDA5272E11B5</mac_max>
        </mac>
        <mac>
            <mac_min>FDA5272E11BE</mac_min>
            <mac_max>FDA5272E11BF</mac_max>
        </mac>
    </mac_range>
    <mac_single>
        <mac>C91A006C251E</mac>
        <mac>C91A006C2526</mac>
        <mac>C91A006C252A</mac>
        <mac>C91A006C253C</mac>
        <mac>C91A006C2544</mac>
        <mac>C91A006C254A</mac>
        <mac>C91A006C254C</mac>
        <mac>C91A006E2009</mac>
        <mac>C91A006E200C</mac>
        <mac>C91A006E2026</mac>
        <mac>C91A006E2029</mac>
        <mac>C91A006E202B</mac>
        <mac>C91A006E202F</mac>
        <mac>C91A0071296D</mac>
        <mac>C91A0071297A</mac>
        <mac>C91A0071297C</mac>
        <mac>C91A0071297E</mac>
        <mac>C91A00712986</mac>
        <mac>C91A00712995</mac>
        <mac>FDA5272A8E01</mac>
        <mac>FDA5272A8E09</mac>
        <mac>FDA5272A8E0D</mac>
        <mac>FDA5272A8E1F</mac>
        <mac>FDA5272A8E27</mac>
        <mac>FDA5272A8E2D</mac>
        <mac>FDA5272A8E2F</mac>
        <mac>FDA5272B30F7</mac>
        <mac>FDA5272B30FA</mac>
        <mac>FDA5272B3114</mac>
        <mac>FDA5272B3117</mac>
        <mac>FDA5272B3119</mac>
        <mac>FDA5272B311D</mac>
        <mac>FDA5272E1199</mac>
        <mac>FDA5272E11A6</mac>
        <mac>FDA5272E11A8</mac>
        <mac>FDA5272E11AA</mac>
        <mac>FDA5272E11B2</mac>
        <mac>FDA5272E11C1</mac>
    </mac_single>
    <mac_warn />
</build_mac>
