<?xml version="1.0" encoding="utf-8" ?>
<build_mac>
    <build_id>861700020010300002</build_id>
    <mac_range>
        <mac>
            <mac_min>C91A00621EDC</mac_min>
            <mac_max>C91A00621EDD</mac_max>
        </mac>
        <mac>
            <mac_min>C91A00621EDF</mac_min>
            <mac_max>C91A00621EE0</mac_max>
        </mac>
        <mac>
            <mac_min>C91A00621EE4</mac_min>
            <mac_max>C91A00621EE9</mac_max>
        </mac>
        <mac>
            <mac_min>C91A00621EEB</mac_min>
            <mac_max>C91A00621EEC</mac_max>
        </mac>
        <mac>
            <mac_min>C91A00621EEE</mac_min>
            <mac_max>C91A00621EEF</mac_max>
        </mac>
        <mac>
            <mac_min>C91A00621F05</mac_min>
            <mac_max>C91A00621F07</mac_max>
        </mac>
        <mac>
            <mac_min>C91A006E64C8</mac_min>
            <mac_max>C91A006E64F9</mac_max>
        </mac>
        <mac>
            <mac_min>C91A006E652C</mac_min>
            <mac_max>C91A006E6542</mac_max>
        </mac>
        <mac>
            <mac_min>C91A006E6544</mac_min>
            <mac_max>C91A006E654E</mac_max>
        </mac>
        <mac>
            <mac_min>C91A006E6550</mac_min>
            <mac_max>C91A006E6560</mac_max>
        </mac>
        <mac>
            <mac_min>C91A006E6562</mac_min>
            <mac_max>C91A006E6564</mac_max>
        </mac>
        <mac>
            <mac_min>C91A006E6566</mac_min>
            <mac_max>C91A006E656A</mac_max>
        </mac>
        <mac>
            <mac_min>C91A006E656C</mac_min>
            <mac_max>C91A006E656E</mac_max>
        </mac>
        <mac>
            <mac_min>C91A006E6570</mac_min>
            <mac_max>C91A006E6572</mac_max>
        </mac>
        <mac>
            <mac_min>C91A006E6574</mac_min>
            <mac_max>C91A006E657A</mac_max>
        </mac>
        <mac>
            <mac_min>C91A006E657C</mac_min>
            <mac_max>C91A006E6580</mac_max>
        </mac>
        <mac>
            <mac_min>C91A006E6582</mac_min>
            <mac_max>C91A006E658E</mac_max>
        </mac>
        <mac>
            <mac_min>FDA52723AF87</mac_min>
            <mac_max>FDA52723AF89</mac_max>
        </mac>
        <mac>
            <mac_min>FDA52723AF9F</mac_min>
            <mac_max>FDA52723AFA0</mac_max>
        </mac>
        <mac>
            <mac_min>FDA52723AFA2</mac_min>
            <mac_max>FDA52723AFA3</mac_max>
        </mac>
        <mac>
            <mac_min>FDA52723AFA5</mac_min>
            <mac_max>FDA52723AFAA</mac_max>
        </mac>
        <mac>
            <mac_min>FDA52723AFAE</mac_min>
            <mac_max>FDA52723AFAF</mac_max>
        </mac>
        <mac>
            <mac_min>FDA52723AFB1</mac_min>
            <mac_max>FDA52723AFB2</mac_max>
        </mac>
        <mac>
            <mac_min>FDA527258FD1</mac_min>
            <mac_max>FDA527258FD2</mac_max>
        </mac>
        <mac>
            <mac_min>FDA527258FD9</mac_min>
            <mac_max>FDA527258FDA</mac_max>
        </mac>
        <mac>
            <mac_min>FDA527258FDF</mac_min>
            <mac_max>FDA527258FE0</mac_max>
        </mac>
        <mac>
            <mac_min>FDA527258FF2</mac_min>
            <mac_max>FDA527258FF4</mac_max>
        </mac>
        <mac>
            <mac_min>FDA52725919D</mac_min>
            <mac_max>FDA52725919E</mac_max>
        </mac>
        <mac>
            <mac_min>FDA5272B8D4E</mac_min>
            <mac_max>FDA5272B8D7F</mac_max>
        </mac>
        <mac>
            <mac_min>FDA5272B8DB2</mac_min>
            <mac_max>FDA5272B8DC8</mac_max>
        </mac>
        <mac>
            <mac_min>FDA5272B8DCA</mac_min>
            <mac_max>FDA5272B8DD4</mac_max>
        </mac>
        <mac>
            <mac_min>FDA5272B8DD6</mac_min>
            <mac_max>FDA5272B8DE6</mac_max>
        </mac>
        <mac>
            <mac_min>FDA5272B8DE8</mac_min>
            <mac_max>FDA5272B8DEA</mac_max>
        </mac>
        <mac>
            <mac_min>FDA5272B8DEC</mac_min>
            <mac_max>FDA5272B8DF0</mac_max>
        </mac>
        <mac>
            <mac_min>FDA5272B8DF2</mac_min>
            <mac_max>FDA5272B8DF4</mac_max>
        </mac>
        <mac>
            <mac_min>FDA5272B8DF6</mac_min>
            <mac_max>FDA5272B8DF8</mac_max>
        </mac>
        <mac>
            <mac_min>FDA5272B8DFA</mac_min>
            <mac_max>FDA5272B8E00</mac_max>
        </mac>
        <mac>
            <mac_min>FDA5272B8E02</mac_min>
            <mac_max>FDA5272B8E06</mac_max>
        </mac>
        <mac>
            <mac_min>FDA5272B8E08</mac_min>
            <mac_max>FDA5272B8E14</mac_max>
        </mac>
    </mac_range>
    <mac_single>
        <mac>C91A00621EF1</mac>
        <mac>C91A00621EF3</mac>
        <mac>C91A00621EF5</mac>
        <mac>C91A00621EF8</mac>
        <mac>C91A00621EFA</mac>
        <mac>C91A00621F03</mac>
        <mac>C91A00621F0A</mac>
        <mac>FDA52723AF84</mac>
        <mac>FDA52723AF8B</mac>
        <mac>FDA52723AF94</mac>
        <mac>FDA52723AF96</mac>
        <mac>FDA52723AF99</mac>
        <mac>FDA52723AF9B</mac>
        <mac>FDA52723AF9D</mac>
        <mac>FDA527258E7E</mac>
        <mac>FDA527258FDD</mac>
        <mac>FDA527258FE4</mac>
        <mac>FDA527258FEC</mac>
        <mac>FDA527259185</mac>
        <mac>FDA527259196</mac>
        <mac>FDA52725919B</mac>
        <mac>FDA5272591A2</mac>
        <mac>FDA5272591A4</mac>
        <mac>FDA5272591A9</mac>
        <mac>FDA5272591C5</mac>
        <mac>FDA5272591CA</mac>
    </mac_single>
    <mac_warn />
</build_mac>
