<?xml version="1.0" encoding="utf-8" ?>
<build_mac>
    <build_id>861700010030300003</build_id>
    <mac_range>
        <mac>
            <mac_min>C91A00600CC6</mac_min>
            <mac_max>C91A00600CC7</mac_max>
        </mac>
        <mac>
            <mac_min>C91A00600CC9</mac_min>
            <mac_max>C91A00600CCA</mac_max>
        </mac>
        <mac>
            <mac_min>C91A00600D1D</mac_min>
            <mac_max>C91A00600D23</mac_max>
        </mac>
        <mac>
            <mac_min>C91A00600D28</mac_min>
            <mac_max>C91A00600D2B</mac_max>
        </mac>
        <mac>
            <mac_min>C91A00600D2F</mac_min>
            <mac_max>C91A00600D30</mac_max>
        </mac>
        <mac>
            <mac_min>C91A00600D32</mac_min>
            <mac_max>C91A00600D35</mac_max>
        </mac>
        <mac>
            <mac_min>C91A00600D3A</mac_min>
            <mac_max>C91A00600D3C</mac_max>
        </mac>
        <mac>
            <mac_min>C91A00600D3E</mac_min>
            <mac_max>C91A00600D40</mac_max>
        </mac>
        <mac>
            <mac_min>C91A00600D45</mac_min>
            <mac_max>C91A00600D47</mac_max>
        </mac>
        <mac>
            <mac_min>C91A006E2AE6</mac_min>
            <mac_max>C91A006E2AE7</mac_max>
        </mac>
        <mac>
            <mac_min>C91A006E3D8E</mac_min>
            <mac_max>C91A006E3D90</mac_max>
        </mac>
        <mac>
            <mac_min>C91A006E3D99</mac_min>
            <mac_max>C91A006E3D9B</mac_max>
        </mac>
        <mac>
            <mac_min>C91A006E3D9F</mac_min>
            <mac_max>C91A006E3DA5</mac_max>
        </mac>
        <mac>
            <mac_min>C91A006E3DAB</mac_min>
            <mac_max>C91A006E3DAE</mac_max>
        </mac>
        <mac>
            <mac_min>C91A006E3DB0</mac_min>
            <mac_max>C91A006E3DB1</mac_max>
        </mac>
        <mac>
            <mac_min>C91A006E3DB4</mac_min>
            <mac_max>C91A006E3DB7</mac_max>
        </mac>
        <mac>
            <mac_min>FDA5271BE469</mac_min>
            <mac_max>FDA5271BE46A</mac_max>
        </mac>
        <mac>
            <mac_min>FDA5271BE46C</mac_min>
            <mac_max>FDA5271BE46D</mac_max>
        </mac>
        <mac>
            <mac_min>FDA5271BE4C0</mac_min>
            <mac_max>FDA5271BE4C6</mac_max>
        </mac>
        <mac>
            <mac_min>FDA5271BE4CB</mac_min>
            <mac_max>FDA5271BE4CE</mac_max>
        </mac>
        <mac>
            <mac_min>FDA5271BE4D2</mac_min>
            <mac_max>FDA5271BE4D3</mac_max>
        </mac>
        <mac>
            <mac_min>FDA5271BE4D5</mac_min>
            <mac_max>FDA5271BE4D8</mac_max>
        </mac>
        <mac>
            <mac_min>FDA5271BE4DD</mac_min>
            <mac_max>FDA5271BE4DF</mac_max>
        </mac>
        <mac>
            <mac_min>FDA5271BE4E1</mac_min>
            <mac_max>FDA5271BE4E3</mac_max>
        </mac>
        <mac>
            <mac_min>FDA5271BE4E8</mac_min>
            <mac_max>FDA5271BE4EA</mac_max>
        </mac>
        <mac>
            <mac_min>FDA5272B52F4</mac_min>
            <mac_max>FDA5272B52F5</mac_max>
        </mac>
        <mac>
            <mac_min>FDA5272B65A1</mac_min>
            <mac_max>FDA5272B65A3</mac_max>
        </mac>
        <mac>
            <mac_min>FDA5272B65AC</mac_min>
            <mac_max>FDA5272B65AE</mac_max>
        </mac>
        <mac>
            <mac_min>FDA5272B65B2</mac_min>
            <mac_max>FDA5272B65B8</mac_max>
        </mac>
        <mac>
            <mac_min>FDA5272B65BE</mac_min>
            <mac_max>FDA5272B65C1</mac_max>
        </mac>
        <mac>
            <mac_min>FDA5272B65C3</mac_min>
            <mac_max>FDA5272B65C4</mac_max>
        </mac>
        <mac>
            <mac_min>FDA5272B65C7</mac_min>
            <mac_max>FDA5272B65CA</mac_max>
        </mac>
    </mac_range>
    <mac_single>
        <mac>C91A00600CB2</mac>
        <mac>C91A00600CBA</mac>
        <mac>C91A00600CBF</mac>
        <mac>C91A00600CC1</mac>
        <mac>C91A00600CC4</mac>
        <mac>C91A00600CCC</mac>
        <mac>C91A00600CD2</mac>
        <mac>C91A00600CD8</mac>
        <mac>C91A00600CDB</mac>
        <mac>C91A00600CDF</mac>
        <mac>C91A00600D16</mac>
        <mac>C91A00600D19</mac>
        <mac>C91A00600D2D</mac>
        <mac>C91A00600D38</mac>
        <mac>C91A00600D42</mac>
        <mac>C91A006E2ACE</mac>
        <mac>C91A006E2AD1</mac>
        <mac>C91A006E2AED</mac>
        <mac>C91A006E3D89</mac>
        <mac>C91A006E3D92</mac>
        <mac>C91A006E3DA8</mac>
        <mac>FDA5271BE455</mac>
        <mac>FDA5271BE45D</mac>
        <mac>FDA5271BE462</mac>
        <mac>FDA5271BE464</mac>
        <mac>FDA5271BE467</mac>
        <mac>FDA5271BE46F</mac>
        <mac>FDA5271BE475</mac>
        <mac>FDA5271BE47B</mac>
        <mac>FDA5271BE47E</mac>
        <mac>FDA5271BE482</mac>
        <mac>FDA5271BE4B9</mac>
        <mac>FDA5271BE4BC</mac>
        <mac>FDA5271BE4D0</mac>
        <mac>FDA5271BE4DB</mac>
        <mac>FDA5271BE4E5</mac>
        <mac>FDA5272B52DC</mac>
        <mac>FDA5272B52DF</mac>
        <mac>FDA5272B52FB</mac>
        <mac>FDA5272B659C</mac>
        <mac>FDA5272B65A5</mac>
        <mac>FDA5272B65BB</mac>
    </mac_single>
    <mac_warn />
</build_mac>
