<?xml version="1.0" encoding="utf-8" ?>
<build_mac>
    <build_id>861700010020400001</build_id>
    <mac_range>
        <mac>
            <mac_min>C91A0062141E</mac_min>
            <mac_max>C91A0062141F</mac_max>
        </mac>
        <mac>
            <mac_min>C91A00621423</mac_min>
            <mac_max>C91A00621424</mac_max>
        </mac>
        <mac>
            <mac_min>C91A0062142C</mac_min>
            <mac_max>C91A0062142E</mac_max>
        </mac>
        <mac>
            <mac_min>C91A00621441</mac_min>
            <mac_max>C91A00621442</mac_max>
        </mac>
        <mac>
            <mac_min>C91A00621447</mac_min>
            <mac_max>C91A00621448</mac_max>
        </mac>
        <mac>
            <mac_min>FDA52723BAAF</mac_min>
            <mac_max>FDA52723BAB0</mac_max>
        </mac>
        <mac>
            <mac_min>FDA52723BAB5</mac_min>
            <mac_max>FDA52723BAB6</mac_max>
        </mac>
        <mac>
            <mac_min>FDA52723BAC9</mac_min>
            <mac_max>FDA52723BACB</mac_max>
        </mac>
        <mac>
            <mac_min>FDA52723BAD8</mac_min>
            <mac_max>FDA52723BAD9</mac_max>
        </mac>
    </mac_range>
    <mac_single>
        <mac>C91A00621421</mac>
        <mac>C91A00621426</mac>
        <mac>C91A00621429</mac>
        <mac>C91A00621431</mac>
        <mac>C91A00621434</mac>
        <mac>C91A00621436</mac>
        <mac>C91A0062143B</mac>
        <mac>C91A00621445</mac>
        <mac>C91A0062144B</mac>
        <mac>C91A0062144D</mac>
        <mac>C91A00621D76</mac>
        <mac>FDA52723B118</mac>
        <mac>FDA52723BAAA</mac>
        <mac>FDA52723BAAC</mac>
        <mac>FDA52723BAB2</mac>
        <mac>FDA52723BABC</mac>
        <mac>FDA52723BAC1</mac>
        <mac>FDA52723BAC3</mac>
        <mac>FDA52723BAC6</mac>
        <mac>FDA52723BACE</mac>
        <mac>FDA52723BAD1</mac>
        <mac>FDA52723BAD3</mac>
        <mac>FDA52723BAD6</mac>
    </mac_single>
    <mac_warn />
</build_mac>
