<?xml version="1.0" encoding="utf-8" ?>
<build_mac>
    <build_id>861700010030300002</build_id>
    <mac_range>
        <mac>
            <mac_min>C91A0060012C</mac_min>
            <mac_max>C91A0060015E</mac_max>
        </mac>
        <mac>
            <mac_min>C91A00600168</mac_min>
            <mac_max>C91A00600169</mac_max>
        </mac>
        <mac>
            <mac_min>C91A0060016E</mac_min>
            <mac_max>C91A0060016F</mac_max>
        </mac>
        <mac>
            <mac_min>C91A00600179</mac_min>
            <mac_max>C91A0060017A</mac_max>
        </mac>
        <mac>
            <mac_min>C91A00600183</mac_min>
            <mac_max>C91A00600185</mac_max>
        </mac>
        <mac>
            <mac_min>FDA5271A16C4</mac_min>
            <mac_max>FDA5271A16F6</mac_max>
        </mac>
        <mac>
            <mac_min>FDA5271A1700</mac_min>
            <mac_max>FDA5271A1701</mac_max>
        </mac>
        <mac>
            <mac_min>FDA5271A1706</mac_min>
            <mac_max>FDA5271A1707</mac_max>
        </mac>
        <mac>
            <mac_min>FDA5271A1711</mac_min>
            <mac_max>FDA5271A1712</mac_max>
        </mac>
        <mac>
            <mac_min>FDA5271A171B</mac_min>
            <mac_max>FDA5271A171D</mac_max>
        </mac>
    </mac_range>
    <mac_single>
        <mac>C91A00600161</mac>
        <mac>C91A0060016C</mac>
        <mac>C91A00600175</mac>
        <mac>C91A00600177</mac>
        <mac>C91A00600180</mac>
        <mac>C91A00600187</mac>
        <mac>C91A0060018C</mac>
        <mac>C91A0060018F</mac>
        <mac>FDA5271A16F9</mac>
        <mac>FDA5271A1704</mac>
        <mac>FDA5271A170D</mac>
        <mac>FDA5271A170F</mac>
        <mac>FDA5271A1718</mac>
        <mac>FDA5271A171F</mac>
        <mac>FDA5271A1724</mac>
        <mac>FDA5271A1727</mac>
    </mac_single>
    <mac_warn />
</build_mac>
