<?xml version="1.0" encoding="utf-8" ?>
<build_mac>
    <build_id>861700010020300012</build_id>
    <mac_range>
        <mac>
            <mac_min>C91A00621CE8</mac_min>
            <mac_max>C91A00621CEA</mac_max>
        </mac>
        <mac>
            <mac_min>C91A00621CF2</mac_min>
            <mac_max>C91A00621CF3</mac_max>
        </mac>
        <mac>
            <mac_min>C91A00621CF5</mac_min>
            <mac_max>C91A00621CF6</mac_max>
        </mac>
        <mac>
            <mac_min>C91A00621CFC</mac_min>
            <mac_max>C91A00621CFD</mac_max>
        </mac>
        <mac>
            <mac_min>C91A00621CFF</mac_min>
            <mac_max>C91A00621D03</mac_max>
        </mac>
        <mac>
            <mac_min>C91A00621D07</mac_min>
            <mac_max>C91A00621D08</mac_max>
        </mac>
        <mac>
            <mac_min>C91A00621D0A</mac_min>
            <mac_max>C91A00621D0C</mac_max>
        </mac>
        <mac>
            <mac_min>C91A00621D0E</mac_min>
            <mac_max>C91A00621D18</mac_max>
        </mac>
        <mac>
            <mac_min>C91A006D0264</mac_min>
            <mac_max>C91A006D0265</mac_max>
        </mac>
        <mac>
            <mac_min>C91A006E662B</mac_min>
            <mac_max>C91A006E6631</mac_max>
        </mac>
        <mac>
            <mac_min>C91A006E6636</mac_min>
            <mac_max>C91A006E663F</mac_max>
        </mac>
        <mac>
            <mac_min>C91A006E6642</mac_min>
            <mac_max>C91A006E6644</mac_max>
        </mac>
        <mac>
            <mac_min>C91A006E6646</mac_min>
            <mac_max>C91A006E6647</mac_max>
        </mac>
        <mac>
            <mac_min>C91A006E6649</mac_min>
            <mac_max>C91A006E664B</mac_max>
        </mac>
        <mac>
            <mac_min>C91A006E664D</mac_min>
            <mac_max>C91A006E6652</mac_max>
        </mac>
        <mac>
            <mac_min>FDA52723B1DD</mac_min>
            <mac_max>FDA52723B1E7</mac_max>
        </mac>
        <mac>
            <mac_min>FDA52723B1E9</mac_min>
            <mac_max>FDA52723B1EB</mac_max>
        </mac>
        <mac>
            <mac_min>FDA52723B1ED</mac_min>
            <mac_max>FDA52723B1EE</mac_max>
        </mac>
        <mac>
            <mac_min>FDA52723B1F2</mac_min>
            <mac_max>FDA52723B1F6</mac_max>
        </mac>
        <mac>
            <mac_min>FDA52723B1F8</mac_min>
            <mac_max>FDA52723B1F9</mac_max>
        </mac>
        <mac>
            <mac_min>FDA52723B1FF</mac_min>
            <mac_max>FDA52723B200</mac_max>
        </mac>
        <mac>
            <mac_min>FDA52723B202</mac_min>
            <mac_max>FDA52723B203</mac_max>
        </mac>
        <mac>
            <mac_min>FDA52723B20B</mac_min>
            <mac_max>FDA52723B20D</mac_max>
        </mac>
        <mac>
            <mac_min>FDA5272AC322</mac_min>
            <mac_max>FDA5272AC323</mac_max>
        </mac>
        <mac>
            <mac_min>FDA5272B8EB1</mac_min>
            <mac_max>FDA5272B8EB7</mac_max>
        </mac>
        <mac>
            <mac_min>FDA5272B8EBC</mac_min>
            <mac_max>FDA5272B8EC5</mac_max>
        </mac>
        <mac>
            <mac_min>FDA5272B8EC8</mac_min>
            <mac_max>FDA5272B8ECA</mac_max>
        </mac>
        <mac>
            <mac_min>FDA5272B8ECC</mac_min>
            <mac_max>FDA5272B8ECD</mac_max>
        </mac>
        <mac>
            <mac_min>FDA5272B8ECF</mac_min>
            <mac_max>FDA5272B8ED1</mac_max>
        </mac>
        <mac>
            <mac_min>FDA5272B8ED3</mac_min>
            <mac_max>FDA5272B8ED8</mac_max>
        </mac>
    </mac_range>
    <mac_single>
        <mac>C91A006D0259</mac>
        <mac>C91A006D025C</mac>
        <mac>C91A006D0270</mac>
        <mac>C91A006D0272</mac>
        <mac>C91A006D0277</mac>
        <mac>C91A006D027B</mac>
        <mac>C91A006D0283</mac>
        <mac>C91A006E6626</mac>
        <mac>C91A006E6629</mac>
        <mac>C91A006E6633</mac>
        <mac>C91A006E6654</mac>
        <mac>C91A006E6656</mac>
        <mac>C91A006E6759</mac>
        <mac>FDA5272AC317</mac>
        <mac>FDA5272AC31A</mac>
        <mac>FDA5272AC32E</mac>
        <mac>FDA5272AC330</mac>
        <mac>FDA5272AC335</mac>
        <mac>FDA5272AC339</mac>
        <mac>FDA5272AC341</mac>
        <mac>FDA5272B8EAC</mac>
        <mac>FDA5272B8EAF</mac>
        <mac>FDA5272B8EB9</mac>
        <mac>FDA5272B8EDA</mac>
        <mac>FDA5272B8EDC</mac>
        <mac>FDA5272B8FDF</mac>
    </mac_single>
    <mac_warn />
</build_mac>
