<?xml version="1.0" encoding="utf-8" ?>
<build_mac>
    <build_id>861700010050300002</build_id>
    <mac_range>
        <mac>
            <mac_min>FDA527258F94</mac_min>
            <mac_max>FDA527258F95</mac_max>
        </mac>
        <mac>
            <mac_min>FDA527258FCA</mac_min>
            <mac_max>FDA527258FCB</mac_max>
        </mac>
    </mac_range>
    <mac_single>
        <mac>FDA527258E8B</mac>
        <mac>FDA527258FA2</mac>
        <mac>FDA527258FB3</mac>
        <mac>FDA527258FC2</mac>
        <mac>FDA527258FC4</mac>
        <mac>FDA527258FC8</mac>
        <mac>FDA527258FCD</mac>
        <mac>FDA527259021</mac>
        <mac>FDA527259032</mac>
        <mac>FDA527259039</mac>
    </mac_single>
    <mac_warn />
</build_mac>
