<?xml version="1.0" encoding="utf-8" ?>
<build_mac>
    <build_id>861700010030400002</build_id>
    <mac_range />
    <mac_single>
        <mac>C91A00650B0E</mac>
        <mac>C91A00650B11</mac>
        <mac>C91A00650B14</mac>
        <mac>C91A00650B16</mac>
        <mac>C91A00650B19</mac>
        <mac>C91A00650B5C</mac>
        <mac>C91A00650B61</mac>
        <mac>C91A00650B68</mac>
        <mac>C91A00650B71</mac>
        <mac>C91A00650B73</mac>
        <mac>C91A00650B7A</mac>
        <mac>FDA52725EAED</mac>
        <mac>FDA52725EAF4</mac>
        <mac>FDA52725EAF6</mac>
        <mac>FDA52725EAFF</mac>
        <mac>FDA52725EB06</mac>
        <mac>FDA52725EB0B</mac>
        <mac>FDA52725EB4E</mac>
        <mac>FDA52725EB51</mac>
        <mac>FDA52725EB53</mac>
        <mac>FDA52725EB56</mac>
        <mac>FDA52725EB59</mac>
    </mac_single>
    <mac_warn />
</build_mac>
