<?xml version="1.0" encoding="utf-8" ?>
<build_mac>
    <build_id>861700010020300039</build_id>
    <mac_range>
        <mac>
            <mac_min>C91A006E3CF0</mac_min>
            <mac_max>C91A006E3D0C</mac_max>
        </mac>
        <mac>
            <mac_min>C91A006E3D0E</mac_min>
            <mac_max>C91A006E3D21</mac_max>
        </mac>
        <mac>
            <mac_min>C91A006E3E29</mac_min>
            <mac_max>C91A006E3E2A</mac_max>
        </mac>
        <mac>
            <mac_min>C91A006E3E32</mac_min>
            <mac_max>C91A006E3E33</mac_max>
        </mac>
        <mac>
            <mac_min>C91A006E3E36</mac_min>
            <mac_max>C91A006E3E39</mac_max>
        </mac>
        <mac>
            <mac_min>C91A006E3E49</mac_min>
            <mac_max>C91A006E3E4C</mac_max>
        </mac>
        <mac>
            <mac_min>FDA5272B6503</mac_min>
            <mac_max>FDA5272B651F</mac_max>
        </mac>
        <mac>
            <mac_min>FDA5272B6521</mac_min>
            <mac_max>FDA5272B6534</mac_max>
        </mac>
        <mac>
            <mac_min>FDA5272B663C</mac_min>
            <mac_max>FDA5272B663D</mac_max>
        </mac>
        <mac>
            <mac_min>FDA5272B6645</mac_min>
            <mac_max>FDA5272B6646</mac_max>
        </mac>
        <mac>
            <mac_min>FDA5272B6649</mac_min>
            <mac_max>FDA5272B664C</mac_max>
        </mac>
        <mac>
            <mac_min>FDA5272B665C</mac_min>
            <mac_max>FDA5272B665F</mac_max>
        </mac>
    </mac_range>
    <mac_single>
        <mac>C91A006E3E21</mac>
        <mac>C91A006E3E27</mac>
        <mac>C91A006E3E2D</mac>
        <mac>C91A006E3E2F</mac>
        <mac>C91A006E3E3B</mac>
        <mac>C91A006E3E3F</mac>
        <mac>C91A006E3E43</mac>
        <mac>C91A006E3E45</mac>
        <mac>FDA5272B6634</mac>
        <mac>FDA5272B663A</mac>
        <mac>FDA5272B6640</mac>
        <mac>FDA5272B6642</mac>
        <mac>FDA5272B664E</mac>
        <mac>FDA5272B6652</mac>
        <mac>FDA5272B6656</mac>
        <mac>FDA5272B6658</mac>
    </mac_single>
    <mac_warn />
</build_mac>
