<?xml version="1.0" encoding="utf-8" ?>
<build_mac>
    <build_id>861700010020300011</build_id>
    <mac_range>
        <mac>
            <mac_min>C91A00600258</mac_min>
            <mac_max>C91A0060025B</mac_max>
        </mac>
        <mac>
            <mac_min>C91A00600261</mac_min>
            <mac_max>C91A00600266</mac_max>
        </mac>
        <mac>
            <mac_min>C91A00600268</mac_min>
            <mac_max>C91A00600271</mac_max>
        </mac>
        <mac>
            <mac_min>C91A00600275</mac_min>
            <mac_max>C91A0060027D</mac_max>
        </mac>
        <mac>
            <mac_min>C91A00600283</mac_min>
            <mac_max>C91A00600284</mac_max>
        </mac>
        <mac>
            <mac_min>C91A00600287</mac_min>
            <mac_max>C91A00600289</mac_max>
        </mac>
        <mac>
            <mac_min>C91A006006D7</mac_min>
            <mac_max>C91A006006D8</mac_max>
        </mac>
        <mac>
            <mac_min>C91A006006EF</mac_min>
            <mac_max>C91A006006F0</mac_max>
        </mac>
        <mac>
            <mac_min>C91A006006FD</mac_min>
            <mac_max>C91A00600700</mac_max>
        </mac>
        <mac>
            <mac_min>C91A00600702</mac_min>
            <mac_max>C91A00600704</mac_max>
        </mac>
        <mac>
            <mac_min>C91A00600706</mac_min>
            <mac_max>C91A00600707</mac_max>
        </mac>
        <mac>
            <mac_min>FDA52719169E</mac_min>
            <mac_max>FDA5271916A1</mac_max>
        </mac>
        <mac>
            <mac_min>FDA5271916A7</mac_min>
            <mac_max>FDA5271916AC</mac_max>
        </mac>
        <mac>
            <mac_min>FDA5271916AE</mac_min>
            <mac_max>FDA5271916B7</mac_max>
        </mac>
        <mac>
            <mac_min>FDA5271916BB</mac_min>
            <mac_max>FDA5271916BE</mac_max>
        </mac>
        <mac>
            <mac_min>FDA5271916D6</mac_min>
            <mac_max>FDA5271916D8</mac_max>
        </mac>
        <mac>
            <mac_min>FDA5271A0CD8</mac_min>
            <mac_max>FDA5271A0CD9</mac_max>
        </mac>
        <mac>
            <mac_min>FDA5271A0CE1</mac_min>
            <mac_max>FDA5271A0CE2</mac_max>
        </mac>
        <mac>
            <mac_min>FDA5271A20C6</mac_min>
            <mac_max>FDA5271A20C7</mac_max>
        </mac>
        <mac>
            <mac_min>FDA5271A20DE</mac_min>
            <mac_max>FDA5271A20DF</mac_max>
        </mac>
        <mac>
            <mac_min>FDA5271A20EC</mac_min>
            <mac_max>FDA5271A20EF</mac_max>
        </mac>
        <mac>
            <mac_min>FDA5271A20F1</mac_min>
            <mac_max>FDA5271A20F3</mac_max>
        </mac>
        <mac>
            <mac_min>FDA5271A20F5</mac_min>
            <mac_max>FDA5271A20F6</mac_max>
        </mac>
    </mac_range>
    <mac_single>
        <mac>C91A0060025F</mac>
        <mac>C91A00600273</mac>
        <mac>C91A0060027F</mac>
        <mac>C91A00600281</mac>
        <mac>C91A006006DB</mac>
        <mac>C91A006006DE</mac>
        <mac>C91A006006E0</mac>
        <mac>C91A006006E4</mac>
        <mac>C91A006006E7</mac>
        <mac>C91A006006E9</mac>
        <mac>C91A006006F4</mac>
        <mac>C91A006006F7</mac>
        <mac>C91A006006F9</mac>
        <mac>FDA5271916A5</mac>
        <mac>FDA5271916B9</mac>
        <mac>FDA5271A0A15</mac>
        <mac>FDA5271A0CC8</mac>
        <mac>FDA5271A0CD2</mac>
        <mac>FDA5271A0CD6</mac>
        <mac>FDA5271A0CDC</mac>
        <mac>FDA5271A20CA</mac>
        <mac>FDA5271A20CD</mac>
        <mac>FDA5271A20CF</mac>
        <mac>FDA5271A20D3</mac>
        <mac>FDA5271A20D6</mac>
        <mac>FDA5271A20D8</mac>
        <mac>FDA5271A20E3</mac>
        <mac>FDA5271A20E6</mac>
        <mac>FDA5271A20E8</mac>
    </mac_single>
    <mac_warn />
</build_mac>
