<?xml version="1.0" encoding="utf-8" ?>
<build_mac>
    <build_id>861700010030400001</build_id>
    <mac_range>
        <mac>
            <mac_min>C91A00650B56</mac_min>
            <mac_max>C91A00650B57</mac_max>
        </mac>
        <mac>
            <mac_min>C91A00650B5E</mac_min>
            <mac_max>C91A00650B60</mac_max>
        </mac>
        <mac>
            <mac_min>C91A00650B62</mac_min>
            <mac_max>C91A00650B63</mac_max>
        </mac>
        <mac>
            <mac_min>C91A00650B66</mac_min>
            <mac_max>C91A00650B67</mac_max>
        </mac>
        <mac>
            <mac_min>C91A00650B69</mac_min>
            <mac_max>C91A00650B6B</mac_max>
        </mac>
        <mac>
            <mac_min>C91A00650B7C</mac_min>
            <mac_max>C91A00650B7D</mac_max>
        </mac>
        <mac>
            <mac_min>C91A00650B80</mac_min>
            <mac_max>C91A00650B83</mac_max>
        </mac>
        <mac>
            <mac_min>FDA52725EAE4</mac_min>
            <mac_max>FDA52725EAE7</mac_max>
        </mac>
        <mac>
            <mac_min>FDA52725EAEA</mac_min>
            <mac_max>FDA52725EAEB</mac_max>
        </mac>
        <mac>
            <mac_min>FDA52725EAFC</mac_min>
            <mac_max>FDA52725EAFE</mac_max>
        </mac>
        <mac>
            <mac_min>FDA52725EB00</mac_min>
            <mac_max>FDA52725EB01</mac_max>
        </mac>
        <mac>
            <mac_min>FDA52725EB04</mac_min>
            <mac_max>FDA52725EB05</mac_max>
        </mac>
        <mac>
            <mac_min>FDA52725EB07</mac_min>
            <mac_max>FDA52725EB09</mac_max>
        </mac>
        <mac>
            <mac_min>FDA52725EB10</mac_min>
            <mac_max>FDA52725EB11</mac_max>
        </mac>
    </mac_range>
    <mac_single>
        <mac>C91A00650B59</mac>
        <mac>C91A00650B6D</mac>
        <mac>C91A00650B6F</mac>
        <mac>C91A00650B75</mac>
        <mac>C91A00650B85</mac>
        <mac>FDA52725EAE2</mac>
        <mac>FDA52725EAF2</mac>
        <mac>FDA52725EAF8</mac>
        <mac>FDA52725EAFA</mac>
        <mac>FDA52725EB0E</mac>
    </mac_single>
    <mac_warn />
</build_mac>
