<?xml version="1.0" encoding="utf-8" ?>
<build_mac>
    <build_id>861700010020300022</build_id>
    <mac_range>
        <mac>
            <mac_min>C91A006E668A</mac_min>
            <mac_max>C91A006E6698</mac_max>
        </mac>
        <mac>
            <mac_min>C91A006E669A</mac_min>
            <mac_max>C91A006E669B</mac_max>
        </mac>
        <mac>
            <mac_min>C91A006E669D</mac_min>
            <mac_max>C91A006E66BB</mac_max>
        </mac>
        <mac>
            <mac_min>FDA5272B8F10</mac_min>
            <mac_max>FDA5272B8F1E</mac_max>
        </mac>
        <mac>
            <mac_min>FDA5272B8F20</mac_min>
            <mac_max>FDA5272B8F21</mac_max>
        </mac>
        <mac>
            <mac_min>FDA5272B8F23</mac_min>
            <mac_max>FDA5272B8F41</mac_max>
        </mac>
    </mac_range>
    <mac_single />
    <mac_warn />
</build_mac>
