<?xml version="1.0" encoding="utf-8" ?>
<build_mac>
    <build_id>861700010020300009</build_id>
    <mac_range>
        <mac>
            <mac_min>C91A00600096</mac_min>
            <mac_max>C91A006000C7</mac_max>
        </mac>
        <mac>
            <mac_min>C91A006000EA</mac_min>
            <mac_max>C91A006000EB</mac_max>
        </mac>
        <mac>
            <mac_min>C91A006000ED</mac_min>
            <mac_max>C91A006000EF</mac_max>
        </mac>
        <mac>
            <mac_min>FDA5271A162E</mac_min>
            <mac_max>FDA5271A165F</mac_max>
        </mac>
        <mac>
            <mac_min>FDA5271A1682</mac_min>
            <mac_max>FDA5271A1683</mac_max>
        </mac>
        <mac>
            <mac_min>FDA5271A1685</mac_min>
            <mac_max>FDA5271A1687</mac_max>
        </mac>
    </mac_range>
    <mac_single>
        <mac>C91A006000CA</mac>
        <mac>C91A006000D0</mac>
        <mac>C91A006000D4</mac>
        <mac>C91A006000D7</mac>
        <mac>C91A006000D9</mac>
        <mac>C91A006000DE</mac>
        <mac>C91A006000E5</mac>
        <mac>C91A006000E7</mac>
        <mac>FDA5271A1662</mac>
        <mac>FDA5271A1668</mac>
        <mac>FDA5271A166C</mac>
        <mac>FDA5271A166F</mac>
        <mac>FDA5271A1671</mac>
        <mac>FDA5271A1676</mac>
        <mac>FDA5271A167D</mac>
        <mac>FDA5271A167F</mac>
    </mac_single>
    <mac_warn />
</build_mac>
