<?xml version="1.0" encoding="utf-8" ?>
<build_mac>
    <build_id>861700010010400003</build_id>
    <mac_range>
        <mac>
            <mac_min>C91A00650B09</mac_min>
            <mac_max>C91A00650B0A</mac_max>
        </mac>
        <mac>
            <mac_min>C91A006510D3</mac_min>
            <mac_max>C91A006510D4</mac_max>
        </mac>
        <mac>
            <mac_min>C91A006510D8</mac_min>
            <mac_max>C91A006510D9</mac_max>
        </mac>
        <mac>
            <mac_min>C91A006510DC</mac_min>
            <mac_max>C91A006510DD</mac_max>
        </mac>
        <mac>
            <mac_min>C91A006510DF</mac_min>
            <mac_max>C91A006510E0</mac_max>
        </mac>
        <mac>
            <mac_min>C91A006510E6</mac_min>
            <mac_max>C91A006510E7</mac_max>
        </mac>
        <mac>
            <mac_min>FDA52725E580</mac_min>
            <mac_max>FDA52725E581</mac_max>
        </mac>
        <mac>
            <mac_min>FDA52725E587</mac_min>
            <mac_max>FDA52725E588</mac_max>
        </mac>
        <mac>
            <mac_min>FDA52725E58A</mac_min>
            <mac_max>FDA52725E58B</mac_max>
        </mac>
        <mac>
            <mac_min>FDA52725E58E</mac_min>
            <mac_max>FDA52725E58F</mac_max>
        </mac>
        <mac>
            <mac_min>FDA52725E593</mac_min>
            <mac_max>FDA52725E594</mac_max>
        </mac>
        <mac>
            <mac_min>FDA52725EB5D</mac_min>
            <mac_max>FDA52725EB5E</mac_max>
        </mac>
    </mac_range>
    <mac_single>
        <mac>C91A00650AF7</mac>
        <mac>C91A00650AFA</mac>
        <mac>C91A00650AFF</mac>
        <mac>C91A00650B04</mac>
        <mac>C91A00650B1C</mac>
        <mac>C91A006510CE</mac>
        <mac>C91A006510E9</mac>
        <mac>C91A006510EB</mac>
        <mac>C91A006510F2</mac>
        <mac>C91A006510F7</mac>
        <mac>C91A006510F9</mac>
        <mac>FDA52725E56E</mac>
        <mac>FDA52725E570</mac>
        <mac>FDA52725E575</mac>
        <mac>FDA52725E57C</mac>
        <mac>FDA52725E57E</mac>
        <mac>FDA52725E599</mac>
        <mac>FDA52725EB4B</mac>
        <mac>FDA52725EB63</mac>
        <mac>FDA52725EB68</mac>
        <mac>FDA52725EB6D</mac>
        <mac>FDA52725EB70</mac>
    </mac_single>
    <mac_warn />
</build_mac>
