<?xml version="1.0" encoding="utf-8" ?>
<build_mac>
    <build_id>861700010020300008</build_id>
    <mac_range>
        <mac>
            <mac_min>C91A00600190</mac_min>
            <mac_max>C91A006001C1</mac_max>
        </mac>
        <mac>
            <mac_min>C91A006001C9</mac_min>
            <mac_max>C91A006001CA</mac_max>
        </mac>
        <mac>
            <mac_min>FDA5271A1728</mac_min>
            <mac_max>FDA5271A1759</mac_max>
        </mac>
        <mac>
            <mac_min>FDA5271A1761</mac_min>
            <mac_max>FDA5271A1762</mac_max>
        </mac>
    </mac_range>
    <mac_single>
        <mac>C91A0060017E</mac>
        <mac>C91A0060018D</mac>
        <mac>C91A006001C5</mac>
        <mac>C91A006001E1</mac>
        <mac>C91A006001E6</mac>
        <mac>C91A006001E8</mac>
        <mac>C91A006001F8</mac>
        <mac>C91A006001FA</mac>
        <mac>C91A00600210</mac>
        <mac>C91A00600220</mac>
        <mac>FDA52719163E</mac>
        <mac>FDA527191640</mac>
        <mac>FDA527191656</mac>
        <mac>FDA527191666</mac>
        <mac>FDA5271A1716</mac>
        <mac>FDA5271A1725</mac>
        <mac>FDA5271A175D</mac>
        <mac>FDA5271A1779</mac>
        <mac>FDA5271A177E</mac>
        <mac>FDA5271A1780</mac>
    </mac_single>
    <mac_warn />
</build_mac>
