<?xml version="1.0" encoding="utf-8" ?>
<build_mac>
    <build_id>861700010050300001</build_id>
    <mac_range>
        <mac>
            <mac_min>C91A0060025C</mac_min>
            <mac_max>C91A0060025D</mac_max>
        </mac>
        <mac>
            <mac_min>C91A00600285</mac_min>
            <mac_max>C91A00600286</mac_max>
        </mac>
        <mac>
            <mac_min>C91A00600CB3</mac_min>
            <mac_max>C91A00600CB5</mac_max>
        </mac>
        <mac>
            <mac_min>C91A00600CB8</mac_min>
            <mac_max>C91A00600CB9</mac_max>
        </mac>
        <mac>
            <mac_min>C91A00600CD5</mac_min>
            <mac_max>C91A00600CD7</mac_max>
        </mac>
        <mac>
            <mac_min>C91A00600CE0</mac_min>
            <mac_max>C91A00600CE3</mac_max>
        </mac>
        <mac>
            <mac_min>FDA5271916A2</mac_min>
            <mac_max>FDA5271916A3</mac_max>
        </mac>
        <mac>
            <mac_min>FDA5271A0CDA</mac_min>
            <mac_max>FDA5271A0CDB</mac_max>
        </mac>
        <mac>
            <mac_min>FDA5271BE456</mac_min>
            <mac_max>FDA5271BE458</mac_max>
        </mac>
        <mac>
            <mac_min>FDA5271BE45B</mac_min>
            <mac_max>FDA5271BE45C</mac_max>
        </mac>
        <mac>
            <mac_min>FDA5271BE478</mac_min>
            <mac_max>FDA5271BE47A</mac_max>
        </mac>
        <mac>
            <mac_min>FDA5271BE483</mac_min>
            <mac_max>FDA5271BE486</mac_max>
        </mac>
    </mac_range>
    <mac_single>
        <mac>C91A00600164</mac>
        <mac>C91A0060017D</mac>
        <mac>C91A006001F7</mac>
        <mac>C91A00600223</mac>
        <mac>C91A00600260</mac>
        <mac>C91A00600267</mac>
        <mac>C91A00600274</mac>
        <mac>C91A0060027E</mac>
        <mac>C91A00600280</mac>
        <mac>C91A00600282</mac>
        <mac>C91A00600CBB</mac>
        <mac>C91A00600CC0</mac>
        <mac>C91A00600CC2</mac>
        <mac>C91A00600CC5</mac>
        <mac>C91A00600CCD</mac>
        <mac>C91A00600CD0</mac>
        <mac>C91A00600CD9</mac>
        <mac>C91A00600CDC</mac>
        <mac>C91A00600CDE</mac>
        <mac>FDA52719163D</mac>
        <mac>FDA527191669</mac>
        <mac>FDA5271916A6</mac>
        <mac>FDA5271916AD</mac>
        <mac>FDA5271916BA</mac>
        <mac>FDA5271A0CCF</mac>
        <mac>FDA5271A0CD5</mac>
        <mac>FDA5271A0CD7</mac>
        <mac>FDA5271A16FC</mac>
        <mac>FDA5271A1715</mac>
        <mac>FDA5271BE45E</mac>
        <mac>FDA5271BE463</mac>
        <mac>FDA5271BE465</mac>
        <mac>FDA5271BE468</mac>
        <mac>FDA5271BE470</mac>
        <mac>FDA5271BE473</mac>
        <mac>FDA5271BE47C</mac>
        <mac>FDA5271BE47F</mac>
        <mac>FDA5271BE481</mac>
    </mac_single>
    <mac_warn />
</build_mac>
