<?xml version="1.0" encoding="utf-8" ?>
<build_mac>
    <build_id>861700010040300001</build_id>
    <mac_range>
        <mac>
            <mac_min>C91A00600064</mac_min>
            <mac_max>C91A00600074</mac_max>
        </mac>
        <mac>
            <mac_min>C91A00600076</mac_min>
            <mac_max>C91A00600077</mac_max>
        </mac>
        <mac>
            <mac_min>C91A00600079</mac_min>
            <mac_max>C91A00600085</mac_max>
        </mac>
        <mac>
            <mac_min>C91A00600089</mac_min>
            <mac_max>C91A0060008C</mac_max>
        </mac>
        <mac>
            <mac_min>C91A0060008E</mac_min>
            <mac_max>C91A00600092</mac_max>
        </mac>
        <mac>
            <mac_min>C91A00600094</mac_min>
            <mac_max>C91A00600095</mac_max>
        </mac>
        <mac>
            <mac_min>FDA5271A15FC</mac_min>
            <mac_max>FDA5271A160C</mac_max>
        </mac>
        <mac>
            <mac_min>FDA5271A160E</mac_min>
            <mac_max>FDA5271A160F</mac_max>
        </mac>
        <mac>
            <mac_min>FDA5271A1611</mac_min>
            <mac_max>FDA5271A161D</mac_max>
        </mac>
        <mac>
            <mac_min>FDA5271A1621</mac_min>
            <mac_max>FDA5271A1624</mac_max>
        </mac>
        <mac>
            <mac_min>FDA5271A1626</mac_min>
            <mac_max>FDA5271A162A</mac_max>
        </mac>
        <mac>
            <mac_min>FDA5271A162C</mac_min>
            <mac_max>FDA5271A162D</mac_max>
        </mac>
    </mac_range>
    <mac_single />
    <mac_warn />
</build_mac>
