<?xml version="1.0" encoding="utf-8" ?>
<build_mac>
    <build_id>861700020030300001</build_id>
    <mac_range>
        <mac>
            <mac_min>C91A006E6432</mac_min>
            <mac_max>C91A006E6433</mac_max>
        </mac>
        <mac>
            <mac_min>C91A006E6435</mac_min>
            <mac_max>C91A006E6456</mac_max>
        </mac>
        <mac>
            <mac_min>C91A006E6458</mac_min>
            <mac_max>C91A006E6463</mac_max>
        </mac>
        <mac>
            <mac_min>FDA5272B8CB8</mac_min>
            <mac_max>FDA5272B8CB9</mac_max>
        </mac>
        <mac>
            <mac_min>FDA5272B8CBB</mac_min>
            <mac_max>FDA5272B8CDC</mac_max>
        </mac>
        <mac>
            <mac_min>FDA5272B8CDE</mac_min>
            <mac_max>FDA5272B8CE9</mac_max>
        </mac>
    </mac_range>
    <mac_single>
        <mac>C91A006E6561</mac>
        <mac>C91A006E6565</mac>
        <mac>C91A006E656B</mac>
        <mac>C91A006E656F</mac>
        <mac>C91A006E6573</mac>
        <mac>C91A006E657B</mac>
        <mac>C91A006E6581</mac>
        <mac>C91A006E658F</mac>
        <mac>FDA5272B8DE7</mac>
        <mac>FDA5272B8DEB</mac>
        <mac>FDA5272B8DF1</mac>
        <mac>FDA5272B8DF5</mac>
        <mac>FDA5272B8DF9</mac>
        <mac>FDA5272B8E01</mac>
        <mac>FDA5272B8E07</mac>
        <mac>FDA5272B8E15</mac>
    </mac_single>
    <mac_warn />
</build_mac>
