<?xml version="1.0" encoding="utf-8" ?>
<build_mac>
    <build_id>861700010010300001</build_id>
    <mac_range>
        <mac>
            <mac_min>C91A005F0655</mac_min>
            <mac_max>C91A005F0657</mac_max>
        </mac>
        <mac>
            <mac_min>C91A005F0663</mac_min>
            <mac_max>C91A005F0664</mac_max>
        </mac>
        <mac>
            <mac_min>C91A0060073C</mac_min>
            <mac_max>C91A00600743</mac_max>
        </mac>
        <mac>
            <mac_min>C91A00600747</mac_min>
            <mac_max>C91A0060074A</mac_max>
        </mac>
        <mac>
            <mac_min>C91A0060074C</mac_min>
            <mac_max>C91A0060074D</mac_max>
        </mac>
        <mac>
            <mac_min>C91A0060074F</mac_min>
            <mac_max>C91A00600751</mac_max>
        </mac>
        <mac>
            <mac_min>C91A00600753</mac_min>
            <mac_max>C91A00600758</mac_max>
        </mac>
        <mac>
            <mac_min>C91A0060075A</mac_min>
            <mac_max>C91A0060075E</mac_max>
        </mac>
        <mac>
            <mac_min>C91A00600762</mac_min>
            <mac_max>C91A00600767</mac_max>
        </mac>
        <mac>
            <mac_min>C91A00600769</mac_min>
            <mac_max>C91A0060076B</mac_max>
        </mac>
        <mac>
            <mac_min>FDA5271A1CE4</mac_min>
            <mac_max>FDA5271A1CE6</mac_max>
        </mac>
        <mac>
            <mac_min>FDA5271A1CF2</mac_min>
            <mac_max>FDA5271A1CF3</mac_max>
        </mac>
        <mac>
            <mac_min>FDA5271A212B</mac_min>
            <mac_max>FDA5271A2132</mac_max>
        </mac>
        <mac>
            <mac_min>FDA5271A2136</mac_min>
            <mac_max>FDA5271A2139</mac_max>
        </mac>
        <mac>
            <mac_min>FDA5271A213B</mac_min>
            <mac_max>FDA5271A213C</mac_max>
        </mac>
        <mac>
            <mac_min>FDA5271A213E</mac_min>
            <mac_max>FDA5271A2140</mac_max>
        </mac>
        <mac>
            <mac_min>FDA5271A2142</mac_min>
            <mac_max>FDA5271A2147</mac_max>
        </mac>
        <mac>
            <mac_min>FDA5271A2149</mac_min>
            <mac_max>FDA5271A214D</mac_max>
        </mac>
        <mac>
            <mac_min>FDA5271A2151</mac_min>
            <mac_max>FDA5271A2156</mac_max>
        </mac>
        <mac>
            <mac_min>FDA5271A2158</mac_min>
            <mac_max>FDA5271A215A</mac_max>
        </mac>
    </mac_range>
    <mac_single>
        <mac>C91A005F0648</mac>
        <mac>C91A005F064D</mac>
        <mac>C91A005F065B</mac>
        <mac>C91A005F065E</mac>
        <mac>C91A005F0669</mac>
        <mac>C91A005F066C</mac>
        <mac>C91A005F066E</mac>
        <mac>C91A00600075</mac>
        <mac>C91A00600078</mac>
        <mac>C91A00600086</mac>
        <mac>C91A00600088</mac>
        <mac>C91A0060008D</mac>
        <mac>C91A00600093</mac>
        <mac>C91A00600760</mac>
        <mac>FDA5271A160D</mac>
        <mac>FDA5271A1610</mac>
        <mac>FDA5271A161E</mac>
        <mac>FDA5271A1620</mac>
        <mac>FDA5271A1625</mac>
        <mac>FDA5271A162B</mac>
        <mac>FDA5271A1AE3</mac>
        <mac>FDA5271A1AE8</mac>
        <mac>FDA5271A1CEA</mac>
        <mac>FDA5271A1CED</mac>
        <mac>FDA5271A1CF8</mac>
        <mac>FDA5271A1CFB</mac>
        <mac>FDA5271A1CFD</mac>
        <mac>FDA5271A214F</mac>
    </mac_single>
    <mac_warn />
</build_mac>
