<?xml version="1.0" encoding="utf-8" ?>
<build_mac>
    <build_id>861700010020300021</build_id>
    <mac_range>
        <mac>
            <mac_min>C91A006E3E1C</mac_min>
            <mac_max>C91A006E3E1D</mac_max>
        </mac>
        <mac>
            <mac_min>C91A006E3E1F</mac_min>
            <mac_max>C91A006E3E20</mac_max>
        </mac>
        <mac>
            <mac_min>C91A006E3E22</mac_min>
            <mac_max>C91A006E3E26</mac_max>
        </mac>
        <mac>
            <mac_min>C91A006E3E2B</mac_min>
            <mac_max>C91A006E3E2C</mac_max>
        </mac>
        <mac>
            <mac_min>C91A006E3E30</mac_min>
            <mac_max>C91A006E3E31</mac_max>
        </mac>
        <mac>
            <mac_min>C91A006E3E34</mac_min>
            <mac_max>C91A006E3E35</mac_max>
        </mac>
        <mac>
            <mac_min>C91A006E3E3C</mac_min>
            <mac_max>C91A006E3E3E</mac_max>
        </mac>
        <mac>
            <mac_min>C91A006E3E40</mac_min>
            <mac_max>C91A006E3E42</mac_max>
        </mac>
        <mac>
            <mac_min>C91A006E3E46</mac_min>
            <mac_max>C91A006E3E48</mac_max>
        </mac>
        <mac>
            <mac_min>C91A006E3E4D</mac_min>
            <mac_max>C91A006E3E7F</mac_max>
        </mac>
        <mac>
            <mac_min>FDA5272B662F</mac_min>
            <mac_max>FDA5272B6630</mac_max>
        </mac>
        <mac>
            <mac_min>FDA5272B6632</mac_min>
            <mac_max>FDA5272B6633</mac_max>
        </mac>
        <mac>
            <mac_min>FDA5272B6635</mac_min>
            <mac_max>FDA5272B6639</mac_max>
        </mac>
        <mac>
            <mac_min>FDA5272B663E</mac_min>
            <mac_max>FDA5272B663F</mac_max>
        </mac>
        <mac>
            <mac_min>FDA5272B6643</mac_min>
            <mac_max>FDA5272B6644</mac_max>
        </mac>
        <mac>
            <mac_min>FDA5272B6647</mac_min>
            <mac_max>FDA5272B6648</mac_max>
        </mac>
        <mac>
            <mac_min>FDA5272B664F</mac_min>
            <mac_max>FDA5272B6651</mac_max>
        </mac>
        <mac>
            <mac_min>FDA5272B6653</mac_min>
            <mac_max>FDA5272B6655</mac_max>
        </mac>
        <mac>
            <mac_min>FDA5272B6659</mac_min>
            <mac_max>FDA5272B665B</mac_max>
        </mac>
        <mac>
            <mac_min>FDA5272B6660</mac_min>
            <mac_max>FDA5272B6692</mac_max>
        </mac>
    </mac_range>
    <mac_single>
        <mac>C91A00600CC8</mac>
        <mac>C91A00600CDD</mac>
        <mac>C91A006E3E28</mac>
        <mac>C91A006E3E2E</mac>
        <mac>C91A006E3E3A</mac>
        <mac>C91A006E3E44</mac>
        <mac>FDA5271BE46B</mac>
        <mac>FDA5271BE480</mac>
        <mac>FDA5272B663B</mac>
        <mac>FDA5272B6641</mac>
        <mac>FDA5272B664D</mac>
        <mac>FDA5272B6657</mac>
    </mac_single>
    <mac_warn />
</build_mac>
