<?xml version="1.0" encoding="utf-8" ?>
<build_mac>
    <build_id>861700010030300005</build_id>
    <mac_range>
        <mac>
            <mac_min>C91A006E1DE2</mac_min>
            <mac_max>C91A006E1DE4</mac_max>
        </mac>
        <mac>
            <mac_min>C91A006E1DE6</mac_min>
            <mac_max>C91A006E1DF6</mac_max>
        </mac>
        <mac>
            <mac_min>C91A006E1DF8</mac_min>
            <mac_max>C91A006E1E13</mac_max>
        </mac>
        <mac>
            <mac_min>C91A006E1EAA</mac_min>
            <mac_max>C91A006E1EDB</mac_max>
        </mac>
        <mac>
            <mac_min>C91A006E1F0E</mac_min>
            <mac_max>C91A006E1F3F</mac_max>
        </mac>
        <mac>
            <mac_min>C91A006E6720</mac_min>
            <mac_max>C91A006E672E</mac_max>
        </mac>
        <mac>
            <mac_min>C91A006E6730</mac_min>
            <mac_max>C91A006E6751</mac_max>
        </mac>
        <mac>
            <mac_min>C91A006E704C</mac_min>
            <mac_max>C91A006E704D</mac_max>
        </mac>
        <mac>
            <mac_min>C91A006E70B2</mac_min>
            <mac_max>C91A006E70B5</mac_max>
        </mac>
        <mac>
            <mac_min>C91A006E70B7</mac_min>
            <mac_max>C91A006E70E3</mac_max>
        </mac>
        <mac>
            <mac_min>FDA5272B2ED0</mac_min>
            <mac_max>FDA5272B2ED2</mac_max>
        </mac>
        <mac>
            <mac_min>FDA5272B2ED4</mac_min>
            <mac_max>FDA5272B2EE4</mac_max>
        </mac>
        <mac>
            <mac_min>FDA5272B2EE6</mac_min>
            <mac_max>FDA5272B2F01</mac_max>
        </mac>
        <mac>
            <mac_min>FDA5272B2F98</mac_min>
            <mac_max>FDA5272B2FC9</mac_max>
        </mac>
        <mac>
            <mac_min>FDA5272B2FFC</mac_min>
            <mac_max>FDA5272B302D</mac_max>
        </mac>
        <mac>
            <mac_min>FDA5272B8FA6</mac_min>
            <mac_max>FDA5272B8FB4</mac_max>
        </mac>
        <mac>
            <mac_min>FDA5272B8FB6</mac_min>
            <mac_max>FDA5272B8FD7</mac_max>
        </mac>
        <mac>
            <mac_min>FDA5272B9AC9</mac_min>
            <mac_max>FDA5272B9ACA</mac_max>
        </mac>
        <mac>
            <mac_min>FDA5272B9B2F</mac_min>
            <mac_max>FDA5272B9B32</mac_max>
        </mac>
        <mac>
            <mac_min>FDA5272B9B34</mac_min>
            <mac_max>FDA5272B9B60</mac_max>
        </mac>
    </mac_range>
    <mac_single>
        <mac>C91A006C2567</mac>
        <mac>C91A006C256D</mac>
        <mac>C91A006C2571</mac>
        <mac>C91A006E6F5C</mac>
        <mac>C91A006E6F66</mac>
        <mac>C91A006E6F69</mac>
        <mac>C91A006E6F6B</mac>
        <mac>C91A006E6F6E</mac>
        <mac>C91A006E6F74</mac>
        <mac>C91A006E6F76</mac>
        <mac>C91A006E6F84</mac>
        <mac>C91A006E701C</mac>
        <mac>C91A006E7024</mac>
        <mac>C91A006E7033</mac>
        <mac>C91A006E703B</mac>
        <mac>C91A006E703E</mac>
        <mac>C91A006E7048</mac>
        <mac>C91A006E7118</mac>
        <mac>C91A006E712C</mac>
        <mac>C91A0071234A</mac>
        <mac>C91A0071234E</mac>
        <mac>C91A00712355</mac>
        <mac>FDA5272B99D9</mac>
        <mac>FDA5272B99E3</mac>
        <mac>FDA5272B99E6</mac>
        <mac>FDA5272B99E8</mac>
        <mac>FDA5272B99EB</mac>
        <mac>FDA5272B99F1</mac>
        <mac>FDA5272B99F3</mac>
        <mac>FDA5272B9A01</mac>
        <mac>FDA5272B9A99</mac>
        <mac>FDA5272B9AA1</mac>
        <mac>FDA5272B9AB0</mac>
        <mac>FDA5272B9AB8</mac>
        <mac>FDA5272B9ABB</mac>
        <mac>FDA5272B9AC5</mac>
        <mac>FDA5272B9B95</mac>
        <mac>FDA5272B9BA9</mac>
        <mac>FDA5272E0981</mac>
        <mac>FDA5272E0985</mac>
        <mac>FDA5272E098C</mac>
    </mac_single>
    <mac_warn />
</build_mac>
