<?xml version="1.0" encoding="utf-8" ?>
<build_mac>
    <build_id>861700010020400002</build_id>
    <mac_range>
        <mac>
            <mac_min>C91A006C25F2</mac_min>
            <mac_max>C91A006C25F4</mac_max>
        </mac>
        <mac>
            <mac_min>C91A006C25F7</mac_min>
            <mac_max>C91A006C25FA</mac_max>
        </mac>
        <mac>
            <mac_min>C91A006C25FD</mac_min>
            <mac_max>C91A006C25FE</mac_max>
        </mac>
        <mac>
            <mac_min>C91A006C2603</mac_min>
            <mac_max>C91A006C2606</mac_max>
        </mac>
        <mac>
            <mac_min>C91A006C260B</mac_min>
            <mac_max>C91A006C260C</mac_max>
        </mac>
        <mac>
            <mac_min>FDA5272A8ED5</mac_min>
            <mac_max>FDA5272A8ED7</mac_max>
        </mac>
        <mac>
            <mac_min>FDA5272A8EDA</mac_min>
            <mac_max>FDA5272A8EDD</mac_max>
        </mac>
        <mac>
            <mac_min>FDA5272A8EE0</mac_min>
            <mac_max>FDA5272A8EE1</mac_max>
        </mac>
        <mac>
            <mac_min>FDA5272A8EE6</mac_min>
            <mac_max>FDA5272A8EE9</mac_max>
        </mac>
        <mac>
            <mac_min>FDA5272A8EEE</mac_min>
            <mac_max>FDA5272A8EEF</mac_max>
        </mac>
    </mac_range>
    <mac_single>
        <mac>C91A00650DFD</mac>
        <mac>C91A00650E27</mac>
        <mac>C91A006C25EB</mac>
        <mac>C91A006C25EE</mac>
        <mac>C91A006C2601</mac>
        <mac>C91A006C2613</mac>
        <mac>C91A006C2615</mac>
        <mac>FDA52725E840</mac>
        <mac>FDA52725E86A</mac>
        <mac>FDA5272A8ECE</mac>
        <mac>FDA5272A8ED1</mac>
        <mac>FDA5272A8EE4</mac>
        <mac>FDA5272A8EF6</mac>
        <mac>FDA5272A8EF8</mac>
    </mac_single>
    <mac_warn />
</build_mac>
